corp_code,fyear,ni,ocf,at,rev,cogs,at_prev,stock_code_x,corp_name_x,stock_code_y,corp_name_y
00890333,2015,-11524510969.0,21486070198.0,16710131330.0,23069504214.0,31087031404.0,36564002554.0,149130.0,케이비부국제1호개발전문위탁관리부동산투자회사,,
00580603,2015,865477274.0,876045525.0,13603500588.0,926826840.0,,12762761750.0,90970.0,코리아퍼시픽01호선박투자회사,,
00580612,2015,865476847.0,863774289.0,13453738393.0,926826838.0,,12620530625.0,90980.0,코리아퍼시픽02호선박투자회사,,
00317830,2015,-15903726325.0,2719175616.0,54529485111.0,147105328721.0,150525150112.0,87518886685.0,86830.0,신양오라컴디스플레이,,
00580621,2015,865476869.0,871401105.0,13446608928.0,926826839.0,,12620504085.0,90990.0,코리아퍼시픽03호선박투자회사,,
00580630,2015,865476801.0,866325405.0,13494047813.0,926826838.0,,12663198036.0,91000.0,코리아퍼시픽04호선박투자회사,,
00533696,2015,574127085.0,578085911.0,9818334155.0,656325429.0,,9814168766.0,83610.0,아시아퍼시픽14호선박투자회사,,
00533696,2016,575700066.0,580569008.0,9813808694.0,663760314.0,,9818334155.0,83610.0,아시아퍼시픽14호선박투자회사,,
00533757,2015,782371360.0,783782242.0,13196482355.0,856867992.0,,13194942887.0,83600.0,아시아퍼시픽13호선박투자회사,,
00533757,2016,784514915.0,794880292.0,13189792552.0,864748113.0,,13196482355.0,83600.0,아시아퍼시픽13호선박투자회사,,
00533580,2015,782371461.0,784362455.0,13162145993.0,856716791.0,,13159994867.0,83570.0,아시아퍼시픽10호선박투자회사,,
00533580,2016,784515126.0,788303731.0,13161741363.0,864946080.0,,13162145993.0,83570.0,아시아퍼시픽10호선박투자회사,,
00533793,2015,782371446.0,783358292.0,13147120496.0,857391058.0,,13146082658.0,83580.0,아시아퍼시픽11호선박투자회사,,
00533793,2016,784515086.0,789102187.0,13147593264.0,866341679.0,,13147120496.0,83580.0,아시아퍼시픽11호선박투자회사,,
00533836,2015,782371769.0,799426424.0,13137951349.0,857057335.0,,13120842713.0,83590.0,아시아퍼시픽12호선박투자회사,,
00533836,2016,784515074.0,778751717.0,13119506011.0,866284036.0,,13137951349.0,83590.0,아시아퍼시픽12호선박투자회사,,
00144766,2015,-38861910359.0,-6287088827.0,158022555395.0,126123094320.0,128078637194.0,230979281502.0,4320.0,호반산업,,
00372989,2015,-12542065718.0,-4898757113.0,31133574122.0,17063736190.0,14389461355.0,20007153960.0,58370.0,비엔씨컴퍼니,,
00529523,2015,475697585.0,475601432.0,8068223759.0,524685171.0,,8065687039.0,83360.0,동북아11호선박투자회사,,
00529523,2016,477000830.0,478656025.0,8072572813.0,528360091.0,,8068223759.0,83360.0,동북아11호선박투자회사,,
00526474,2015,475697641.0,476896405.0,8093600307.0,524685171.0,,8093677218.0,83390.0,동북아14호선박투자회사,,
00526474,2016,477000861.0,478654058.0,8100553154.0,528360091.0,,8093600307.0,83390.0,동북아14호선박투자회사,,
00124018,2015,-2231659553.0,6981868424.0,58942999731.0,36576617184.0,36637190462.0,66332069785.0,25270.0,부산방직공업,,
00364926,2015,-82954933187.0,14524476611.0,257497601452.0,318576393950.0,354244452341.0,304080478337.0,65270.0,플렉스컴,,
00164955,2015,-2674410054.0,-8223471556.0,40175837805.0,29201952282.0,23531631119.0,43118468489.0,11720.0,현대페인트,,
00790501,2015,3041110983.0,,7423502246684.0,7735467142783.0,7398874804999.0,8515298669644.0,117930.0,한진해운,,
00394778,2015,-11478381572.0,-4895770881.0,45125501601.0,16141855024.0,9520788930.0,43022768772.0,68150.0,케이엔씨글로벌,,
00137702,2015,-1409439496.0,36755915745.0,435256833368.0,365553653975.0,324811828307.0,455348222812.0,7190.0,한솔아트원제지,,
00418476,2015,-5501643334.0,-15052535986.0,73152887817.0,4444328376.0,3594821165.0,71550155095.0,74150.0,엠제이비,,
00587101,2015,-2368083720.0,10826542.0,603211570.0,32931000.0,,2971175594.0,92630.0,바다로3호선박투자회사,,
00351047,2015,-5198138375.0,-16535673954.0,44721431955.0,10912750816.0,7367212399.0,83353165770.0,53810.0,아이팩토리,,
00496003,2015,-15585609146.0,-3225963363.0,14793713399.0,1603991091.0,4932981364.0,23735921104.0,82390.0,피엘에이,,
00149664,2015,-57073350531.0,-16911473797.0,57717973423.0,,,102573542977.0,15110.0,중앙건설,,
00599230,2015,-827606000.0,,4713091000.0,822524000.0,614480000.0,4967255000.0,950010.0,평산차업집단유한공사,,
00599230,2016,-973604000.0,,3944011000.0,302250000.0,167065000.0,4713091000.0,950010.0,평산차업집단유한공사,,
00788807,2015,-9325152122.0,-1213216803.0,126499742257.0,176045453.0,,117513680649.0,121550.0,코크렙제15호기업구조조정부동산투자회사,,
00125628,2015,1693242600.0,6782682930.0,79918260168.0,64784546443.0,58651503065.0,81682198087.0,158380.0,삼목강업,,
00810531,2015,2136503176.0,-1245011433.0,47251816682.0,20853634726.0,10074560309.0,17980048985.0,181980.0,자원메디칼,,
00138127,2015,4357654639.0,33996113434.0,69369154701.0,53824700704.0,47446375123.0,62534051652.0,8900.0,티이씨앤코,,
00120377,2015,-17040647095.0,-664869376.0,19574558060.0,20525305034.0,22824618947.0,71968276563.0,420.0,로케트전기,,
00846396,2015,-1613810982.0,-2548989381.0,7139323363.0,5507751476.0,7314868902.0,7789463963.0,138440.0,이코리아자기관리부동산투자회사,,
01043871,2015,119778175.0,142368918.0,11970010778.0,0.0,,11811308108.0,204650.0,케이티비기업인수목적1호,,
01065536,2015,33901440.0,-42441132.0,12862344786.0,,-55117370.0,,215750.0,미래에셋제3호기업인수목적,,
01065536,2016,56604043.0,136948346.0,12940884411.0,0.0,,12862344786.0,215750.0,미래에셋제3호기업인수목적,,
00636045,2015,265058527890.0,-14416453596.0,492666167053.0,154258685791.0,195229659783.0,564058345109.0,110570.0,넥솔론,,
00632331,2015,-969472146.0,-2381542881.0,17343097806.0,13093092837.0,6614145887.0,9950424303.0,189700.0,디피앤케이,,
01111057,2015,343171649.0,-2303794032.0,10107693363.0,10461845110.0,6930423575.0,4630296961.0,232290.0,에스지에이시스템즈,,
00823687,2015,-11652000.0,,1394168000.0,1148712000.0,944543000.0,1306091000.0,900130.0,웨이포트유한공사,,
00823687,2016,-10125000.0,,1347689000.0,1040153000.0,822528000.0,1394168000.0,900130.0,웨이포트유한공사,,
00855145,2015,-6860277733.0,5932854527.0,36861967800.0,6462527764.0,,47329499725.0,139200.0,하이골드오션2호선박투자회사,,
00110495,2015,-112854032931.0,-36254467915.0,1235997451412.0,1010077054566.0,870477386702.0,2106649715909.0,5620.0,대성합동지주,,
00110495,2016,-130023577844.0,19716442548.0,1123048451802.0,852584992828.0,739938947745.0,1235997451412.0,5620.0,대성합동지주,,
00722500,2015,-572315798.0,-187848247.0,3697872516.0,787326949.0,694290388.0,3536667887.0,900050.0,중국원양자원유한공사,,
00722500,2016,-1512742436.0,335711608.0,3173177921.0,753029798.0,1587126219.0,3697872516.0,900050.0,중국원양자원유한공사,,
00533678,2015,574242053.0,573592808.0,9825727622.0,654765900.0,,9821849365.0,83620.0,아시아퍼시픽15호선박투자회사,,
00533678,2016,575815280.0,577346641.0,9826007512.0,662705356.0,,9825727622.0,83620.0,아시아퍼시픽15호선박투자회사,,
01047716,2015,10482726.0,17025916.0,5424882079.0,0.0,,5390561572.0,208870.0,하나머스트3호기업인수목적,,
01047716,2016,1738885.0,24226638.0,5444233322.0,,,5424882079.0,208870.0,하나머스트3호기업인수목적,,
00686147,2015,12303950046.0,-11878878756.0,155886022558.0,187120216881.0,158057685266.0,108655702012.0,104120.0,신성에프에이,,
00686068,2015,3227196154.0,6375992708.0,151717812866.0,209377830746.0,180458219828.0,131201371149.0,104110.0,신성이엔지,,
00163619,2015,1579875103.0,11439754323.0,122079823072.0,79727795480.0,68731901316.0,120596288123.0,61460.0,한진피앤씨,,
00163619,2016,9732164750.0,2224273597.0,123260927887.0,91204419988.0,78470096751.0,122079823072.0,61460.0,한진피앤씨,,
00267960,2015,-68938577938.0,-7553914902.0,129881897484.0,18145849048.0,17285853057.0,219654789392.0,36500.0,에스에스컴텍,,
00267960,2016,-53209819504.0,-31157187832.0,33933353470.0,52526429695.0,49950895670.0,129881897484.0,36500.0,에스에스컴텍,,
00529310,2015,475697556.0,475597438.0,8076640269.0,524685171.0,,8074104412.0,83350.0,동북아10호선박투자회사,,
00529310,2016,477000799.0,477352330.0,8082292208.0,528360092.0,,8076640269.0,83350.0,동북아10호선박투자회사,,
00413824,2015,-16893205000.0,-17932044132.0,94097710100.0,41747398607.0,30492040407.0,81164751546.0,86200.0,제이앤유글로벌,,
01089828,2015,26769849.0,-10077886.0,13852422165.0,0.0,0.0,,221200.0,유진기업인수목적3호,,
01089828,2016,127483548.0,154808782.0,14017106599.0,0.0,0.0,13852422165.0,221200.0,유진기업인수목적3호,,
00130949,2015,50278855042.0,78535051807.0,362792050192.0,357640656211.0,,303885364081.0,16170.0,카카오엠,,
00130949,2016,62142777182.0,96982474400.0,453850490854.0,450645544059.0,,362792050192.0,16170.0,카카오엠,,
00130949,2017,67688435069.0,115624098136.0,543107137694.0,580332777304.0,,453850490854.0,16170.0,카카오엠,,
00202778,2015,-15290634707.0,1028934418.0,117371607036.0,46764328956.0,45056061817.0,64682431309.0,51170.0,썬코어,,
00202778,2016,-37069403356.0,-3893657993.0,77473687002.0,43487814441.0,43461981466.0,117371607036.0,51170.0,썬코어,,
00148717,2015,-4315628598.0,20453481021.0,727951594676.0,207890217005.0,183133836282.0,760171647669.0,8000.0,도레이케미칼,,
00148717,2016,21854084841.0,64616249520.0,713772955053.0,856457055850.0,724464182238.0,727951594676.0,8000.0,도레이케미칼,,
00148717,2018,25196924826.0,48695679979.0,780240497539.0,946151714215.0,835939638952.0,768686278228.0,8000.0,도레이케미칼,,
00447478,2015,-11597605402.0,820732720.0,38369792268.0,27979903867.0,31219625431.0,52303962575.0,95300.0,엔에스브이,,
00447478,2016,-11080892721.0,-2338200943.0,26547518783.0,16904406470.0,18987412021.0,38369792268.0,95300.0,엔에스브이,,
00163789,2015,-2736009372.0,26305334713.0,254216750159.0,138512463105.0,131955241913.0,270215369677.0,90730.0,심팩메탈,,
00163789,2016,6771303496.0,13313102019.0,253349177763.0,137543470935.0,124965863867.0,254216750159.0,90730.0,심팩메탈,,
00163789,2017,16550261144.0,8219047011.0,262850991188.0,229245382265.0,200257199302.0,253349177763.0,90730.0,심팩메탈,,
00838421,2015,52920339642.0,295450649275.0,2364855621498.0,1347313885448.0,1019400511204.0,2357385524199.0,130960.0,씨제이이앤엠,,
00838421,2016,60857852801.0,258777878860.0,2792954983825.0,1538423390983.0,1189547944765.0,2364855621498.0,130960.0,씨제이이앤엠,,
00838421,2017,421948665596.0,239177535259.0,3758919984666.0,1750120615318.0,1310027171498.0,2792954983825.0,130960.0,씨제이이앤엠,,
00842327,2015,197474764.0,379127582.0,2742824616.0,1498624843.0,1071035509.0,2309571156.0,900180.0,완리인터내셔널홀딩스,,
00842327,2016,125998031.0,360027022.0,2810015578.0,1257298833.0,891467029.0,2742824616.0,900180.0,완리인터내셔널홀딩스,,
00842327,2017,113219916.0,227214113.0,2901121408.0,1030974102.0,765524404.0,2810015579.0,900180.0,완리인터내셔널홀딩스,,
00156044,2015,90135600421.0,78581774632.0,879785693027.0,896318922279.0,414744119132.0,943767486711.0,24660.0,하림홀딩스,,
00156044,2016,61944338749.0,91215298050.0,1254720806893.0,998196046407.0,503217187925.0,879785693027.0,24660.0,하림홀딩스,,
00156044,2017,65623887861.0,77736993448.0,1213219363439.0,960087338237.0,464272291874.0,1254720806893.0,24660.0,하림홀딩스,,
00109170,2015,20965520675.0,,526338562903.0,523114222779.0,,536562500753.0,4130.0,대덕GDS,,
00109170,2016,9598473772.0,,513147462689.0,463195441524.0,,526338562903.0,4130.0,대덕GDS,,
00109170,2017,33656441786.0,48286920337.0,568656321682.0,482363638726.0,428196906569.0,513147462689.0,4130.0,대덕GDS,,
00207223,2015,-21298754498.0,-13812582286.0,41967789254.0,24005558860.0,13901967092.0,21951479572.0,26260.0,위너지스,,
00207223,2016,-49494135961.0,-16052865213.0,39155632202.0,30625155964.0,11460546525.0,41967789254.0,26260.0,위너지스,,
00207223,2017,-12831457650.0,-12793190284.0,51711410524.0,11986798926.0,5221618942.0,39155632202.0,26260.0,위너지스,,
00454265,2015,-35255572744.0,25128109606.0,263858110221.0,137747009068.0,132798980132.0,312674485421.0,87220.0,스틸플라워,,
00454265,2016,-48417802986.0,-9048436903.0,227944156605.0,92878393087.0,88714294713.0,263858110221.0,87220.0,스틸플라워,,
00454265,2017,-46566645911.0,-665776167.0,168091465966.0,52306837536.0,63036640531.0,227944156605.0,87220.0,스틸플라워,,
01170962,2017,286917249.0,,2192229763.0,1424957577.0,979999635.0,1516664130.0,900290.0,GRT,,
01170962,2018,313183312.0,,2438945147.0,1810341713.0,1333847614.0,2192229763.0,900290.0,GRT,,
01170962,2019,390665700.0,,3449742519.0,2213778488.0,1630913279.0,2438945147.0,900290.0,GRT,,
01170962,2020,303297551.0,,3674265906.0,2020824529.0,1503226230.0,3449742519.0,900290.0,GRT,,
00348177,2015,-13664040131.0,-7500825941.0,67028149755.0,35269577148.0,38265972222.0,77045349417.0,52290.0,트레이스,,
00348177,2016,-6572418731.0,-11148976820.0,65276268509.0,14681169950.0,10975705264.0,67028149755.0,52290.0,트레이스,,
00348177,2017,-36415420882.0,-4242083304.0,36186408804.0,3482751204.0,6893030075.0,65276268509.0,52290.0,트레이스,,
00790121,2015,107240044.0,39620212.0,2161819516.0,2264360289.0,2009146621.0,2325154225.0,900090.0,차이나하오란리사이클링유한공사,,
00790121,2016,135514252.0,218182502.0,2326122210.0,2365026280.0,2083884947.0,2161819516.0,900090.0,차이나하오란리사이클링유한공사,,
00790121,2017,-645813167.0,51337545.0,1479003364.0,2342867346.0,2123262364.0,2326122210.0,900090.0,차이나하오란리사이클링유한공사,,
00569992,2015,2465077676.0,2914044789.0,113789515046.0,106692815222.0,84115582923.0,109900933840.0,123100.0,원익테라세미콘,,
00569992,2016,19487659134.0,38295668987.0,190971750619.0,172388602791.0,128601220011.0,113789515046.0,123100.0,원익테라세미콘,,
00569992,2017,43188671139.0,8580611716.0,206158796360.0,361142430106.0,273158841915.0,190971750619.0,123100.0,원익테라세미콘,,
00232496,2015,-24346725445.0,-11153020504.0,81902827419.0,25161179914.0,27552189676.0,69781374399.0,99830.0,씨그널엔터테인먼트그룹,,
00232496,2016,-33838321912.0,-1231087723.0,50871848509.0,23996316239.0,19664634263.0,78988132227.0,99830.0,씨그널엔터테인먼트그룹,,
00232496,2017,-9822886231.0,-6156236492.0,48941775910.0,31328168339.0,28406216622.0,50871848509.0,99830.0,씨그널엔터테인먼트그룹,,
00232496,2018,-8231460501.0,-8504254656.0,39296991158.0,16828150323.0,14606597018.0,48941775910.0,99830.0,씨그널엔터테인먼트그룹,,
00609254,2015,-11765442579.0,-4415301484.0,34055049766.0,3062969150.0,2858562133.0,19547137264.0,111610.0,세왕,,
00865382,2015,329455400.0,282479099.0,103263702056.0,3376895477.0,,103174549761.0,140890.0,트러스와이제7호위탁관리부동산투자회사,,
00865382,2016,-126609801.0,1034252453.0,101688406059.0,3038689248.0,,102858137509.0,140890.0,트러스와이제7호위탁관리부동산투자회사,,
00865382,2017,253523619.0,1114326839.0,102630381386.0,3237779631.0,,102275399259.0,140890.0,트러스와이제7호위탁관리부동산투자회사,,
00865382,2018,,1060381005.0,,,,102522569560.0,140890.0,트러스와이제7호위탁관리부동산투자회사,,
01139266,2016,178964582.0,-105234384.0,1322593072.0,924581251.0,610213458.0,589578126.0,900260.0,로스웰,,
01139266,2017,179578520.0,-204398079.0,1709668501.0,1154352383.0,816828463.0,1322593072.0,900260.0,로스웰,,
01139266,2018,76356256.0,291728406.0,1691952670.0,814683873.0,616016067.0,1709668501.0,900260.0,로스웰,,
01139266,2019,16457592.0,421404014.0,1999323535.0,579679971.0,466263688.0,1691952670.0,900260.0,로스웰,,
01139266,2020,-443219771.0,28703575.0,1825992492.0,338851160.0,251344833.0,1999323535.0,900260.0,로스웰,,
00580180,2018,10888702564.0,16108934803.0,75152268364.0,60939330961.0,38376227296.0,64938182237.0,176560.0,포인트엔지니어링,,
00473400,2015,-2995653863.0,11136131841.0,82026411114.0,19009612799.0,14575457859.0,85951431567.0,77280.0,한컴지엠디,,
00473400,2016,-1196006457.0,1695150548.0,74355466261.0,15025709296.0,9530462643.0,82026411114.0,77280.0,한컴지엠디,,
00473400,2017,865220992.0,4965784343.0,68389118278.0,9540699521.0,3531558458.0,74355466261.0,77280.0,한컴지엠디,,
00473400,2018,1563263819.0,1890321991.0,68119242318.0,10978997926.0,4024899820.0,68389118278.0,77280.0,한컴지엠디,,
00100717,2015,-12371237076.0,1034112603.0,64018783988.0,31967266944.0,27142424818.0,78499052038.0,23430.0,아이이,,
00100717,2016,-142116069548.0,4906587697.0,34489155276.0,12116007725.0,9866803454.0,64018783988.0,23430.0,아이이,,
00200956,2015,-1857333559.0,5793839160.0,165367740890.0,148416531151.0,143358479260.0,148439073419.0,26180.0,현대정보기술,,
00200956,2016,669340892.0,3669048056.0,173615285002.0,167791515778.0,162163105883.0,165367740890.0,26180.0,현대정보기술,,
00200956,2017,995014213.0,22900035501.0,178481654034.0,157432210269.0,150194314801.0,173615285002.0,26180.0,현대정보기술,,
00200956,2018,-6188688101.0,20944566010.0,177208549820.0,149687265159.0,145232256204.0,178481654034.0,26180.0,현대정보기술,,
00527880,2015,1675349396.0,2157781973.0,42163047331.0,24830038487.0,17975238893.0,34676327945.0,122800.0,썬테크놀로지스,,
00527880,2016,-7826059671.0,1533276707.0,46622172817.0,25054557366.0,17734448652.0,42163047331.0,122800.0,썬테크놀로지스,,
00527880,2017,-12920233408.0,-1019142007.0,32929431723.0,15229792843.0,14586135517.0,46622172817.0,122800.0,썬테크놀로지스,,
00527880,2018,-7042194260.0,-3651846677.0,32944351278.0,13147974855.0,14031772520.0,33447160498.0,122800.0,썬테크놀로지스,,
00222806,2015,-1281902571.0,-1166772770.0,20850516545.0,13561617122.0,12482192032.0,20736458527.0,43580.0,에임하이글로벌,,
00222806,2016,-11994310477.0,-3395289663.0,34209217343.0,4439598645.0,5581954293.0,20850516545.0,43580.0,에임하이글로벌,,
00222806,2017,-21077959489.0,-11609872693.0,151395167775.0,23255545154.0,13442713802.0,34209217343.0,43580.0,에임하이글로벌,,
00526465,2015,475697534.0,476900618.0,8054468751.0,524685171.0,,8053237815.0,83380.0,동북아13호선박투자회사,,
00526465,2016,477000761.0,482466904.0,8056212275.0,528360092.0,,8054468751.0,83380.0,동북아13호선박투자회사,,
00526465,2017,475697482.0,474154312.0,8057265079.0,528997919.0,,8056212275.0,83380.0,동북아13호선박투자회사,,
00526465,2018,475697525.0,473072161.0,8054558511.0,527476088.0,,8057265079.0,83380.0,동북아13호선박투자회사,,
00526465,2019,475697503.0,479497272.0,8058479018.0,527653637.0,,8054558511.0,83380.0,동북아13호선박투자회사,,
00324104,2015,-2310324351.0,5015542573.0,127575716398.0,133725127145.0,121472206483.0,139243034624.0,47440.0,디케이씨,,
00324104,2016,-17704854246.0,-4466302977.0,85083365208.0,99824345815.0,95540294602.0,127575716398.0,47440.0,디케이씨,,
00324104,2017,-27689142267.0,-6930978223.0,66814631296.0,80277520336.0,82589794789.0,85083365208.0,47440.0,디케이씨,,
00930321,2015,5622476721.0,7303099139.0,70534569043.0,11316031490.0,7018748075.0,70505245769.0,159650.0,하이골드오션8호국제선박투자회사,,
00930321,2016,-9937884826.0,6286780495.0,54493481161.0,9430340323.0,7120085185.0,70534569043.0,159650.0,하이골드오션8호국제선박투자회사,,
00930321,2017,-18522366775.0,166926349.0,39494641776.0,3913975202.0,5961061009.0,54493481161.0,159650.0,하이골드오션8호국제선박투자회사,,
00930321,2018,3024024595.0,1059764815.0,39420295122.0,3545812476.0,3957783035.0,39494641776.0,159650.0,하이골드오션8호국제선박투자회사,,
00930321,2019,-2177706766.0,1930834191.0,34764935429.0,3968113890.0,3965307886.0,39420295122.0,159650.0,하이골드오션8호국제선박투자회사,,
00695464,2015,415846498.0,400890485.0,3284281992.0,3438148507.0,2633201685.0,3017081906.0,900040.0,차이나그레이트스타인터내셔널리미티드,,
00695464,2016,314949439.0,393858460.0,3552511942.0,3315669222.0,2522667641.0,3284281992.0,900040.0,차이나그레이트스타인터내셔널리미티드,,
00695464,2017,-96850515.0,-615968945.0,3253995053.0,3041149664.0,2324085089.0,3552511942.0,900040.0,차이나그레이트스타인터내셔널리미티드,,
00695464,2018,190210517.0,478935432.0,3340548226.0,2728525906.0,2088903936.0,3253995053.0,900040.0,차이나그레이트스타인터내셔널리미티드,,
00123152,2015,-13627506584.0,-2958427250.0,43249235081.0,43789214869.0,35175350010.0,47350193240.0,4740.0,보루네오가구,,
00123152,2016,-14338968806.0,-10925917151.0,30438506354.0,32433889315.0,25186891880.0,43249235081.0,4740.0,보루네오가구,,
00123152,2018,-2693847431.0,-2735086225.0,16674653055.0,1568727202.0,1383476319.0,25444299737.0,4740.0,보루네오가구,,
00671437,2015,-30607651058.0,-3713924513.0,119796559959.0,31906123551.0,33401364770.0,146986405662.0,123260.0,파인넥스,,
00671437,2016,-48663564935.0,-368438348.0,61788963330.0,14033558765.0,40802246485.0,119796559959.0,123260.0,파인넥스,,
00671437,2017,-14115721755.0,-3512159250.0,60595888810.0,19302857462.0,24660638959.0,61788963330.0,123260.0,파인넥스,,
00671437,2018,-28900722901.0,-2966863497.0,46632785900.0,11706789951.0,11890332516.0,60595888810.0,123260.0,파인넥스,,
00102681,2015,-119797142354.0,22017073575.0,639092219253.0,607061245847.0,643755248092.0,765489602877.0,4200.0,고려개발,,
00102681,2016,-30536187744.0,17490269835.0,606489017255.0,623864862606.0,567959813832.0,639092219253.0,4200.0,고려개발,,
00102681,2017,5722590645.0,35535002763.0,662677938094.0,663099105607.0,579833203230.0,606489017255.0,4200.0,고려개발,,
00102681,2018,621453659.0,16352056463.0,592950573168.0,554056737260.0,479281556118.0,662677938094.0,4200.0,고려개발,,
00102681,2019,34327669895.0,39442580835.0,613423165001.0,684940210963.0,588418063762.0,592950573168.0,4200.0,고려개발,,
01066030,2018,-6393963115.0,,3374677337.0,16008309436.0,-12964124288.0,22958550390.0,220110.0,드림티엔터테인먼트,,
00526447,2015,475697429.0,475513598.0,7986650179.0,524685171.0,,8102801544.0,83370.0,동북아12호선박투자회사,,
00526447,2016,477000774.0,478706155.0,7991051676.0,528360091.0,,7986650179.0,83370.0,동북아12호선박투자회사,,
00526447,2017,475697484.0,475547776.0,8109500571.0,528997919.0,,7991051676.0,83370.0,동북아12호선박투자회사,,
00526447,2018,475697510.0,473018043.0,8106737053.0,527476088.0,,8109500571.0,83370.0,동북아12호선박투자회사,,
00526447,2019,475697506.0,479506184.0,8110666481.0,527653637.0,,8106737053.0,83370.0,동북아12호선박투자회사,,
00598587,2015,16570981120.0,25863771928.0,464870661016.0,402026843198.0,218688581707.0,427654866023.0,108790.0,인터파크,,
00598587,2016,2505473745.0,6426348446.0,467347381961.0,466490324659.0,244579415403.0,464870661016.0,108790.0,인터파크,,
00598587,2017,8827856316.0,14468487119.0,526801429362.0,482554414927.0,263286539389.0,467347381961.0,108790.0,인터파크,,
00598587,2018,-7639120763.0,75444826476.0,564425326149.0,528539732239.0,308440290869.0,526801429362.0,108790.0,인터파크,,
00598587,2019,1448118672.0,34512230619.0,535714808909.0,509307980609.0,271840220771.0,564425326149.0,108790.0,인터파크,,
01107665,2015,146366365.0,,995996820.0,357855798.0,157571905.0,816108758.0,900250.0,크리스탈신소재,,
01107665,2016,150546832.0,,1292107312.0,372960261.0,150197464.0,997560120.0,900250.0,크리스탈신소재,,
01107665,2017,169466474.0,207131475.0,1465619644.0,426778293.0,179192899.0,1292107312.0,900250.0,크리스탈신소재,,
01107665,2018,151157112.0,193843522.0,1715255866.0,456949398.0,230376430.0,1465619644.0,900250.0,크리스탈신소재,,
01107665,2019,133842341.0,114177302.0,1802595136.0,501794240.0,271557225.0,1715255866.0,900250.0,크리스탈신소재,,
01107665,2020,130125954.0,82748994.0,1934437617.0,531593530.0,292776876.0,1802595136.0,900250.0,크리스탈신소재,,
00351418,2015,33372072122.0,61285845565.0,391792522148.0,437146857004.0,356620885082.0,374016961359.0,152330.0,코리아오토글라스,,
00351418,2016,42199499411.0,45251316112.0,483881132829.0,440225324303.0,346800518832.0,391792522148.0,152330.0,코리아오토글라스,,
00351418,2017,44750740411.0,102730020404.0,523828527210.0,472149217959.0,367825958200.0,483881132829.0,152330.0,코리아오토글라스,,
00351418,2018,43333656389.0,58498518433.0,564320128734.0,438709234808.0,341117643913.0,523828527210.0,152330.0,코리아오토글라스,,
00351418,2019,33026005339.0,71169071955.0,497890873630.0,456033611825.0,351599746499.0,564320128734.0,152330.0,코리아오토글라스,,
00100258,2015,-16423564448.0,60938742.0,61316855643.0,46692392468.0,56930271585.0,73650815306.0,30270.0,에스마크,,
00100258,2016,-20911963294.0,-10113477564.0,104614742396.0,28428152259.0,35482548418.0,61316855643.0,30270.0,에스마크,,
00100258,2017,-84466668676.0,-21185907856.0,65810066203.0,17074815387.0,18801045841.0,104614742396.0,30270.0,에스마크,,
00100258,2018,-34495693094.0,-7132370209.0,61659781352.0,14217841705.0,11554955772.0,65810066203.0,30270.0,에스마크,,
00100258,2019,-14525290519.0,-5053787231.0,45867391649.0,2550809665.0,2384785137.0,61659781352.0,30270.0,에스마크,,
00255141,2015,-3154268019.0,-10435410198.0,53298611117.0,35543984832.0,20811254357.0,54290416747.0,35480.0,글로앤웰,,
00255141,2016,-22276200305.0,-7141013724.0,80103740705.0,24444179565.0,26977007075.0,53298611117.0,35480.0,글로앤웰,,
00255141,2017,-20075622151.0,-14835752066.0,66091545321.0,8116103146.0,12537104321.0,78959185545.0,35480.0,글로앤웰,,
00255141,2018,-4991813892.0,-3948366631.0,39076390951.0,15779993316.0,10948944315.0,66091545321.0,35480.0,글로앤웰,,
00599887,2015,911600971.0,-23096709732.0,225142367113.0,130689892273.0,104292760984.0,172791896274.0,99660.0,신텍,,
00599887,2016,1956131401.0,5337543846.0,232507597846.0,160716710927.0,135045186704.0,225142367113.0,99660.0,신텍,,
00599887,2017,-45836218551.0,3107984526.0,205762446788.0,127612387333.0,142440739616.0,232507597846.0,99660.0,신텍,,
00599887,2018,-92952517062.0,4057530624.0,104714484549.0,72297240679.0,76958925585.0,205762446788.0,99660.0,신텍,,
00599887,2019,-30263215546.0,-43785140841.0,51473344357.0,11128952869.0,12672480757.0,104714484549.0,99660.0,신텍,,
00599887,2020,-2802849970.0,-30036659994.0,7594912768.0,1088876235.0,2041410600.0,51473344357.0,99660.0,신텍,,
00601641,2015,1526145000.0,5451859000.0,27191609000.0,42616506000.0,37131022000.0,29278570000.0,197210.0,리드,,
00601641,2016,362666568.0,-1238926794.0,51608772680.0,35384906145.0,30387408421.0,27191609241.0,197210.0,리드,,
00601641,2017,-22499931862.0,2349933519.0,42703334137.0,37357617882.0,38084179758.0,51608772680.0,197210.0,리드,,
00601641,2018,-14489733315.0,-16880097348.0,107402922771.0,32781295335.0,23200733229.0,42703334137.0,197210.0,리드,,
00601641,2019,-49236981809.0,-6044183904.0,31046018787.0,18396310567.0,18477119441.0,55728920039.0,197210.0,리드,,
00601641,2020,-9735178243.0,-483596876.0,13482912129.0,7659194721.0,7861445736.0,31046018787.0,197210.0,리드,,
00261735,2015,1193256735.0,-864157745.0,55469984668.0,18045358936.0,11940610866.0,37998447612.0,39790.0,위노바,,
00261735,2016,-26487173992.0,-4685526245.0,31958640426.0,20362859980.0,17450815518.0,55469984668.0,39790.0,위노바,,
00261735,2018,-4596192781.0,-463803986.0,14731269742.0,7870038479.0,7665506408.0,19238132279.0,39790.0,위노바,,
00261735,2019,-2141158729.0,-839626918.0,13316651469.0,7098605383.0,7599753020.0,13874341132.0,39790.0,위노바,,
00261735,2020,-413267275.0,-1304114864.0,15340816302.0,7642144486.0,7344209656.0,13316651469.0,39790.0,위노바,,
00122339,2015,-3021722219.0,1026766886.0,50748552099.0,45842816368.0,40620122702.0,34548781570.0,36260.0,이매진아시아,,
00122339,2016,-2622304284.0,-1756068595.0,41250449031.0,32103083828.0,29662212933.0,50748552099.0,36260.0,이매진아시아,,
00122339,2017,-15088717271.0,-6515452187.0,54668990947.0,30211237499.0,27796968340.0,41250449031.0,36260.0,이매진아시아,,
00122339,2018,-11600802176.0,-1843697436.0,31930277751.0,26187470807.0,24916951370.0,54668990947.0,36260.0,이매진아시아,,
00122339,2019,-19846313537.0,-6256061272.0,17924929157.0,12690903987.0,12607067912.0,31930277751.0,36260.0,이매진아시아,,
00122339,2020,-12886538297.0,-1447039441.0,5460536823.0,5518993313.0,5442235771.0,17924929157.0,36260.0,이매진아시아,,
00159290,2015,54648766542.0,66624477778.0,542875810305.0,542420352745.0,437173534741.0,482154893165.0,23890.0,한국아트라스비엑스,,
00159290,2016,50708704919.0,58910418393.0,334086296577.0,554834783466.0,449472283358.0,542875810305.0,23890.0,한국아트라스비엑스,,
00159290,2017,42525879032.0,73783718521.0,403536720507.0,629926098315.0,524434345357.0,334086296577.0,23890.0,한국아트라스비엑스,,
00159290,2018,49973480249.0,19045393160.0,486622302637.0,652359916650.0,546700734717.0,403536720507.0,23890.0,한국아트라스비엑스,,
00159290,2019,53123963552.0,50259270209.0,480320191005.0,648039574730.0,535530897900.0,486622302637.0,23890.0,한국아트라스비엑스,,
00159290,2020,42765614244.0,90986958653.0,605087507436.0,651005193161.0,538491016706.0,480320191005.0,23890.0,한국아트라스비엑스,,
00116356,2015,11831646476.0,16344073507.0,158795642204.0,180771371961.0,138299279475.0,141605831688.0,5190.0,동성화학,,
00116356,2016,15254076834.0,26216625490.0,197245264233.0,176794752934.0,134055856279.0,158795642204.0,5190.0,동성화학,,
00116356,2017,5067093126.0,7817453732.0,190153062438.0,204250728862.0,172162709398.0,197245264233.0,5190.0,동성화학,,
00116356,2018,5365932286.0,10249331435.0,184070835453.0,191393105140.0,161775691447.0,190153062438.0,5190.0,동성화학,,
00116356,2019,13560880760.0,30585467844.0,188579387175.0,201014289582.0,148672094360.0,184070835453.0,5190.0,동성화학,,
00116356,2020,28166852006.0,34531166410.0,188129008446.0,182449911775.0,130176569400.0,188579387175.0,5190.0,동성화학,,
00609485,2015,-24052325615.0,15588662774.0,323140448209.0,164324042724.0,152943890263.0,339739078707.0,103130.0,웅진에너지,,
00609485,2016,-84291028417.0,-3052927825.0,308015231809.0,173918792324.0,203258317909.0,323140448209.0,103130.0,웅진에너지,,
00609485,2017,1361853013.0,20646996681.0,337442085044.0,243057422867.0,218209623838.0,308015231809.0,103130.0,웅진에너지,,
00609485,2018,-111761171830.0,1387943716.0,236744346711.0,165837900559.0,216319210713.0,337442085044.0,103130.0,웅진에너지,,
00609485,2019,-155749067726.0,5635127832.0,139667308469.0,41751332453.0,86868408103.0,236744346711.0,103130.0,웅진에너지,,
00609485,2020,110243431859.0,32393029.0,123511838947.0,34079554513.0,42152735663.0,135160503302.0,103130.0,웅진에너지,,
00173944,2015,13796390863.0,-1548297199.0,195233365820.0,105956173872.0,83348155475.0,176954856030.0,105840.0,우진,,
00173944,2016,-251254811.0,-14527009435.0,181294689932.0,108414002885.0,84615803763.0,194742732890.0,105840.0,우진,,
00173944,2017,-15455652231.0,13080590248.0,189515105974.0,98260858943.0,79460117123.0,181294689932.0,105840.0,우진,,
00173944,2018,-7205033366.0,5387713289.0,211028961226.0,93881392588.0,73808940854.0,189940871092.0,105840.0,우진,,
00173944,2019,-13993500958.0,-923020501.0,199870388998.0,88925734184.0,71062165879.0,211028961226.0,105840.0,우진,,
00173944,2020,33898169203.0,-5873507815.0,240174509124.0,89787946831.0,69944847176.0,199870388998.0,105840.0,우진,,
00786331,2015,163724703.0,156695467.0,2307747443.0,1096152420.0,776475919.0,2005384173.0,900080.0,에스앤씨엔진그룹리미티드,,
00786331,2016,160201022.0,111143445.0,2410957383.0,961166590.0,693373619.0,2307747443.0,900080.0,에스앤씨엔진그룹리미티드,,
00786331,2017,119391734.0,184603398.0,2560311528.0,939104571.0,683301555.0,2410957383.0,900080.0,에스앤씨엔진그룹리미티드,,
00786331,2018,106910865.0,274776590.0,2761949792.0,781336726.0,566345619.0,2560311528.0,900080.0,에스앤씨엔진그룹리미티드,,
00786331,2019,32741169.0,195715716.0,2752604861.0,638352836.0,460813266.0,2761949792.0,900080.0,에스앤씨엔진그룹리미티드,,
00129350,2015,2857534153.0,13753663626.0,112945263420.0,158813272985.0,134945754138.0,108844263959.0,1820.0,삼화콘덴서공업,,
00129350,2016,5674290890.0,12708573403.0,121688274188.0,172452362104.0,144562066205.0,112945263420.0,1820.0,삼화콘덴서공업,,
00129350,2017,15549216924.0,20710309716.0,137715527275.0,199316582434.0,158678713950.0,121688274188.0,1820.0,삼화콘덴서공업,,
00129350,2018,61927531110.0,60908393966.0,220047088145.0,274444670774.0,172651177682.0,137715527275.0,1820.0,삼화콘덴서공업,,
00129350,2019,29819448971.0,26061922292.0,214833603174.0,254537566886.0,193540771277.0,220047088145.0,1820.0,삼화콘덴서공업,,
00129350,2020,23461780561.0,32120191346.0,234968255221.0,242514202405.0,191147180227.0,214833603174.0,1820.0,삼화콘덴서공업,,
00303217,2015,-17252240261.0,-6332156555.0,294346210191.0,183188498342.0,148242541618.0,357473069057.0,49800.0,우진플라임,,
00303217,2016,14800871816.0,28476852533.0,304003723811.0,228313547320.0,166058964845.0,294346210191.0,49800.0,우진플라임,,
00303217,2017,743658991.0,-13431576951.0,313148634732.0,229589677096.0,171913593671.0,304003723811.0,49800.0,우진플라임,,
00303217,2018,-13596003980.0,12292414431.0,287714583896.0,171898284909.0,137932043216.0,313148634732.0,49800.0,우진플라임,,
00303217,2019,-13605914722.0,14256743123.0,267791145501.0,181802338349.0,143151196527.0,287714583896.0,49800.0,우진플라임,,
00303217,2020,7769632709.0,28955504566.0,267621933339.0,204996134086.0,151831417139.0,267791145501.0,49800.0,우진플라임,,
00389387,2015,-22297559886.0,-9748841851.0,80212415023.0,48187257744.0,40451705632.0,99706479009.0,65160.0,라임,,
00389387,2016,-977496027.0,-7039916724.0,103243089140.0,44902713785.0,34525887114.0,80212415023.0,65160.0,라임,,
00389387,2017,-8481120767.0,6692581327.0,116684579088.0,68502012386.0,49790748001.0,103243089140.0,65160.0,라임,,
00389387,2018,-7364623445.0,-17095252259.0,63065738920.0,39286163425.0,34809168586.0,75133191515.0,65160.0,라임,,
00125938,2015,-32474523728.0,25677504234.0,531607625136.0,302484857147.0,250948274301.0,544017684026.0,23600.0,삼보판지,,
00125938,2016,40288485800.0,8942312513.0,574874609080.0,326686709919.0,268254755710.0,531607625136.0,23600.0,삼보판지,,
00125938,2017,9155277813.0,-317654754.0,511843397711.0,323858909078.0,280209018160.0,574874609080.0,23600.0,삼보판지,,
00125938,2018,64650483779.0,71513960747.0,542666494570.0,374788746699.0,280392757602.0,511843397711.0,23600.0,삼보판지,,
00125938,2019,32097264338.0,51502480366.0,530767248625.0,367007847029.0,279280093999.0,542666494570.0,23600.0,삼보판지,,
00125938,2020,41516245498.0,58087525740.0,586615749043.0,403445533856.0,312173943710.0,530767248625.0,23600.0,삼보판지,,
00954242,2015,1703640143.0,4286640726.0,59687381082.0,9397248485.0,8457471328.0,59575831778.0,172580.0,하이골드오션12호국제선박투자회사,,
00954242,2016,5053620546.0,2201675739.0,56777928585.0,9751093127.0,8090650344.0,59687381082.0,172580.0,하이골드오션12호국제선박투자회사,,
00954242,2017,-17126165564.0,3018216147.0,38577574403.0,8181561811.0,,56777928585.0,172580.0,하이골드오션12호국제선박투자회사,,
00954242,2018,2374352813.0,1791080491.0,36944352483.0,8094850985.0,,38577574403.0,172580.0,하이골드오션12호국제선박투자회사,,
00954242,2019,5296070723.0,4959504133.0,36378544799.0,10532611742.0,,36944352483.0,172580.0,하이골드오션12호국제선박투자회사,,
00954242,2020,-1306352797.0,1812685446.0,34277253869.0,7435857326.0,,36378544799.0,172580.0,하이골드오션12호국제선박투자회사,,
01036446,2015,81331743001.0,136046119559.0,1703969083907.0,2289404878012.0,2038899797335.0,1465384489087.0,200880.0,서연이화,,
01036446,2016,93906381371.0,116462879496.0,1801799812995.0,2402877999500.0,2159304290129.0,1703969083907.0,200880.0,서연이화,,
01036446,2017,30402901749.0,140868729200.0,1764809872994.0,2007468862859.0,1874081121533.0,1801799812995.0,200880.0,서연이화,,
01036446,2018,-8091976114.0,-30245336041.0,1696230428029.0,1906853644175.0,1733970607253.0,1764809872994.0,200880.0,서연이화,,
01036446,2019,-48334159059.0,191598810084.0,1820541997328.0,1976766424325.0,1767959186884.0,1696230428029.0,200880.0,서연이화,,
01036446,2020,-40833000718.0,115296351214.0,1803837512500.0,1962384593266.0,1722876231662.0,1820541997328.0,200880.0,서연이화,,
00455112,2015,3065875713.0,202529646.0,110881088524.0,84791839929.0,59830253529.0,109182691875.0,45890.0,금빛,,
00455112,2016,2645046866.0,6597789102.0,110712919135.0,75657999701.0,52281115482.0,110881088524.0,45890.0,금빛,,
00455112,2017,-5395885296.0,-2852952592.0,109637026575.0,72904350044.0,54058554319.0,110712919135.0,45890.0,금빛,,
00455112,2018,-6644650885.0,-1697350075.0,102612701493.0,53162303027.0,50374801232.0,109637026575.0,45890.0,금빛,,
00455112,2019,-36823867573.0,-14090980174.0,102849215262.0,58651416985.0,49814798267.0,102612701493.0,45890.0,금빛,,
00455112,2020,-17792075706.0,-12982353142.0,122854758893.0,40929592252.0,38244716482.0,102849215262.0,45890.0,금빛,,
00129554,2015,1863773357.0,2451665928.0,68686991832.0,62472754167.0,56009656429.0,45274078148.0,11420.0,갤럭시아에스엠,,
00129554,2016,-1562620216.0,-1195544174.0,58444606288.0,52626330770.0,51678856413.0,68686991832.0,11420.0,갤럭시아에스엠,,
00129554,2017,-5899737794.0,-7389242178.0,49831108904.0,37281280105.0,37435336235.0,58444606288.0,11420.0,갤럭시아에스엠,,
00129554,2018,-16003254996.0,-2809869215.0,33253330606.0,22060412648.0,27428110468.0,49831108904.0,11420.0,갤럭시아에스엠,,
00129554,2019,-1375316170.0,903568687.0,28241597853.0,28732679356.0,26937800152.0,33253330606.0,11420.0,갤럭시아에스엠,,
00129554,2020,983908622.0,2869296750.0,28554685149.0,19539593869.0,16665897316.0,28241597853.0,11420.0,갤럭시아에스엠,,
01068348,2018,41421789.0,1987539998.0,42193435014.0,31261481532.0,21784098686.0,28473205118.0,217500.0,러셀,,
01068348,2019,4208125484.0,-570096408.0,45280732869.0,41027041493.0,32566519984.0,42193435014.0,217500.0,러셀,,
01068348,2020,1671080605.0,5649315898.0,53515611893.0,34464114015.0,27539702725.0,45280732869.0,217500.0,러셀,,
01326260,2018,-9883547.0,-21809870.0,8933159201.0,0.0,,,307160.0,하나머스트제6호기업인수목적,,
01326260,2019,92190813.0,97705543.0,9038196998.0,0.0,,8933159201.0,307160.0,하나머스트제6호기업인수목적,,
01326260,2020,55828560.0,77389056.0,9104839369.0,,,9038196998.0,307160.0,하나머스트제6호기업인수목적,,
01236286,2017,141467182.0,162516904.0,733999941.0,285004121.0,83575633.0,296564423.0,900310.0,컬러레이,,
01236286,2018,158975731.0,158152202.0,863414615.0,289928056.0,84251466.0,733999941.0,900310.0,컬러레이,,
01236286,2019,143554977.0,161738181.0,1010893621.0,301701166.0,99790062.0,863414615.0,900310.0,컬러레이,,
01236286,2020,129068894.0,177695355.0,1183385495.0,431516478.0,211765634.0,1010893621.0,900310.0,컬러레이,,
00364111,2020,-12334164887.0,-7760242400.0,94961004172.0,1690254042.0,889273909.0,25872032696.0,86080.0,다이노나,,
01015726,2015,4335980127.0,4085917516.0,44970803619.0,22033664989.0,14178028477.0,17008028981.0,213090.0,미래테크놀로지,,
01015726,2016,4053349952.0,4149096344.0,47605921849.0,21953234733.0,14659640135.0,44970803619.0,213090.0,미래테크놀로지,,
01015726,2017,4896253526.0,3447064684.0,100335957186.0,22362965216.0,14571617177.0,47605921849.0,213090.0,미래테크놀로지,,
01015726,2018,-695361108.0,6860411120.0,93323884531.0,32416628107.0,14104051494.0,100335957186.0,213090.0,미래테크놀로지,,
01015726,2019,3675144179.0,8987937302.0,108768508412.0,35864619416.0,18304637303.0,93323884531.0,213090.0,미래테크놀로지,,
01015726,2020,-931812395.0,3918205628.0,126719932924.0,30577512174.0,11356046190.0,108768508412.0,213090.0,미래테크놀로지,,
00650629,2015,25227364840.0,14516129713.0,881606449180.0,473523143447.0,,858636898668.0,101060.0,SBS미디어홀딩스,,
00650629,2016,13277830644.0,46000733838.0,905761578356.0,504509651073.0,,881606449180.0,101060.0,SBS미디어홀딩스,,
00650629,2017,503073571.0,5267366598.0,868384802883.0,421854711175.0,,905761578356.0,101060.0,SBS미디어홀딩스,,
00650629,2018,14966458872.0,35090912284.0,880197601578.0,391082446476.0,,868384802883.0,101060.0,SBS미디어홀딩스,,
00650629,2019,-104810596114.0,-2706459561.0,674077459663.0,239801419301.0,,880197601578.0,101060.0,SBS미디어홀딩스,,
00650629,2020,-66600856945.0,934391591.0,716297001896.0,165358679387.0,,674077459663.0,101060.0,SBS미디어홀딩스,,
01169434,2016,,217111266.0,1192695367.0,920741551.0,476636322.0,663270977.0,900300.0,오가닉티코스메틱,,
01169434,2017,,313000090.0,1445873238.0,1180658714.0,588349605.0,1192695367.0,900300.0,오가닉티코스메틱,,
01169434,2018,264760115.0,342435232.0,1673581021.0,1442325933.0,728123635.0,1445873238.0,900300.0,오가닉티코스메틱,,
01169434,2019,188634515.0,405901473.0,1822622970.0,1777226955.0,916462779.0,1673581021.0,900300.0,오가닉티코스메틱,,
01169434,2020,46082441.0,240045830.0,2079955549.0,1768511438.0,916861390.0,1822622970.0,900300.0,오가닉티코스메틱,,
00194275,2015,-9095210412.0,-207692822.0,32740694960.0,8984607248.0,7442471883.0,37270443148.0,33110.0,코너스톤네트웍스,,
00194275,2016,-10660720337.0,-9000211040.0,105488930107.0,34893230345.0,25690542485.0,32740694960.0,33110.0,코너스톤네트웍스,,
00194275,2017,-53538772757.0,-3677894337.0,41577329487.0,3953755988.0,3365514364.0,105488930107.0,33110.0,코너스톤네트웍스,,
00194275,2018,-6901341505.0,-9686931774.0,54124651982.0,8888955475.0,7498078559.0,41577329487.0,33110.0,코너스톤네트웍스,,
00194275,2019,-52040316838.0,-6347140240.0,79716590931.0,13584546501.0,13804573928.0,54124651982.0,33110.0,코너스톤네트웍스,,
00194275,2020,-37441140641.0,-3649183354.0,39402699418.0,5254466489.0,1782751865.0,79716590931.0,33110.0,코너스톤네트웍스,,
00207755,2015,78358171244.0,46873985261.0,1237223412648.0,1122448403117.0,164789168105.0,1295571826610.0,28150.0,지에스홈쇼핑,,
00207755,2016,105806097603.0,192200548427.0,1359434067778.0,1097764890482.0,141527649976.0,1237223412648.0,28150.0,지에스홈쇼핑,,
00207755,2017,102719290989.0,70981359035.0,1425154432309.0,1086288129781.0,115636385935.0,1359434067778.0,28150.0,지에스홈쇼핑,,
00207755,2018,133936936794.0,45766968161.0,1393130850282.0,1104393651409.0,302916625776.0,1425154432309.0,28150.0,지에스홈쇼핑,,
00207755,2019,109755435292.0,93625551731.0,1446961556445.0,1230358734740.0,422492433238.0,1393130850282.0,28150.0,지에스홈쇼핑,,
00207755,2020,125063546080.0,173792004907.0,1577909027323.0,1245664243521.0,373744849141.0,1446961556445.0,28150.0,지에스홈쇼핑,,
00133663,2015,-4198929901.0,4657554409.0,126126165577.0,131633717838.0,124347180400.0,125643592198.0,53060.0,세동,,
00133663,2016,-2579119629.0,4983765870.0,127367858160.0,125538673869.0,118594743774.0,126126165577.0,53060.0,세동,,
00133663,2017,-7778987019.0,5844660338.0,114492515835.0,119281845278.0,114885706164.0,127367858160.0,53060.0,세동,,
00133663,2018,-4182180677.0,3295877858.0,124461800406.0,140775464519.0,132055305716.0,114492515835.0,53060.0,세동,,
00133663,2019,-6196755763.0,2883848023.0,116302468032.0,147345824679.0,134476536015.0,124461800406.0,53060.0,세동,,
00133663,2020,-8825347971.0,4403517973.0,100816425159.0,119370790027.0,113778801785.0,116302468032.0,53060.0,세동,,
01137897,2018,-4313559542.0,993808526.0,19142529124.0,25550259751.0,23307326245.0,22644436949.0,224880.0,에스지에이클라우드서비스,,
01137897,2019,-12475628040.0,-437152997.0,6360875421.0,19472374459.0,17962635001.0,19142529124.0,224880.0,에스지에이클라우드서비스,,
01137897,2020,-1023178311.0,146379172.0,3793462509.0,13707519941.0,12253339041.0,6360875421.0,224880.0,에스지에이클라우드서비스,,
00132318,2015,19455271139.0,32026171659.0,545752283429.0,249880885494.0,194057585266.0,553410147065.0,14620.0,성광벤드,,
00132318,2016,4561634010.0,38802393913.0,532224305753.0,203052899539.0,171123397469.0,545752283429.0,14620.0,성광벤드,,
00132318,2017,-16318802921.0,10654012007.0,502479497264.0,145746475836.0,140203400266.0,532224305753.0,14620.0,성광벤드,,
00132318,2018,-8333726397.0,-22657459899.0,499748397225.0,169913733687.0,155402366110.0,502479497264.0,14620.0,성광벤드,,
00132318,2019,6167400155.0,15946514077.0,502049444265.0,202365162366.0,165855632312.0,499748397225.0,14620.0,성광벤드,,
00132318,2020,-1390080859.0,558869148.0,493582004997.0,180755082194.0,153502478078.0,502049444265.0,14620.0,성광벤드,,
00379016,2015,-34790487308.0,24950314841.0,230133595363.0,221884101836.0,221012242260.0,290942660889.0,94190.0,이엘케이,,
00379016,2016,-71721824714.0,-13717866281.0,183475254986.0,174550541762.0,206689259504.0,230133595363.0,94190.0,이엘케이,,
00379016,2017,-7576466591.0,-13659604830.0,160513686751.0,250977625598.0,237442226923.0,183475254986.0,94190.0,이엘케이,,
00379016,2018,-30464108152.0,8935412489.0,126761952233.0,196033457798.0,197479598507.0,160513686751.0,94190.0,이엘케이,,
00379016,2019,-64589117081.0,2258905926.0,55547184215.0,50005367996.0,90800529122.0,126761952233.0,94190.0,이엘케이,,
00379016,2020,-5829811875.0,411032837.0,33200026430.0,17942859243.0,21779353594.0,55547184215.0,94190.0,이엘케이,,
00267881,2015,671703776.0,2407835409.0,93504569211.0,76540735130.0,69319886444.0,84509243414.0,6910.0,보성파워텍,,
00267881,2016,469251679.0,-4873951248.0,128713105241.0,72009826354.0,69478696271.0,93504569211.0,6910.0,보성파워텍,,
00267881,2017,-9405286742.0,-14410447383.0,123621807960.0,75923273868.0,75967571694.0,128713105241.0,6910.0,보성파워텍,,
00267881,2018,-6118775786.0,-11809517719.0,124282591172.0,105740258534.0,98777528900.0,123621807960.0,6910.0,보성파워텍,,
00267881,2019,841701257.0,7288294808.0,125593380240.0,111682204433.0,103935357256.0,124282591172.0,6910.0,보성파워텍,,
00267881,2020,1612437284.0,16670327360.0,122752830210.0,82079528683.0,74561558995.0,125593380240.0,6910.0,보성파워텍,,
00105156,2015,14487630181.0,17524455407.0,187471505874.0,262018390756.0,221072641979.0,188576260360.0,14530.0,극동유화,,
00105156,2016,13985965152.0,29597280525.0,191718876568.0,239781642260.0,200305446712.0,187471505874.0,14530.0,극동유화,,
00105156,2017,15103873717.0,4141149931.0,268503820517.0,490067710866.0,453840153519.0,191718876568.0,14530.0,극동유화,,
00105156,2018,16292224722.0,12418597093.0,280142460192.0,830880010059.0,785383662614.0,268503820517.0,14530.0,극동유화,,
00105156,2019,14202848272.0,2977964244.0,289929212225.0,795562280829.0,750024149120.0,280142460192.0,14530.0,극동유화,,
00105156,2020,7172430393.0,24362203858.0,292655447721.0,622861174912.0,580919345388.0,289929212225.0,14530.0,극동유화,,
00366793,2015,-1095775065.0,-5166106322.0,69546729361.0,44218628997.0,38791620537.0,82140779499.0,80440.0,에스제이케이,,
00366793,2016,-8480524785.0,-5820598541.0,48084505580.0,12908475241.0,11806045389.0,65286421259.0,80440.0,에스제이케이,,
00366793,2017,,-5153578231.0,45523072416.0,8771196227.0,7117716828.0,48084505580.0,80440.0,에스제이케이,,
00366793,2018,-10873336386.0,-6337655701.0,59621123387.0,6278310012.0,6088557574.0,45523072416.0,80440.0,에스제이케이,,
00366793,2019,-10923131398.0,-6558334658.0,55342769953.0,4124848200.0,4150859704.0,59621123387.0,80440.0,에스제이케이,,
00366793,2020,-10923131398.0,-6558334658.0,55342769953.0,4124848200.0,4150859704.0,59621123387.0,80440.0,에스제이케이,,
00351630,2015,9006914750.0,24118538649.0,241551275182.0,244865300197.0,193942242997.0,216184636693.0,53450.0,세코닉스,,
00351630,2016,9021573884.0,30566585706.0,296772466146.0,312527836452.0,254560948833.0,241551275182.0,53450.0,세코닉스,,
00351630,2017,-2356372497.0,15826887150.0,343632177829.0,331101709086.0,286374188122.0,296772466146.0,53450.0,세코닉스,,
00351630,2018,-1935804463.0,6736326404.0,398343417455.0,418168889783.0,364789319240.0,343632177829.0,53450.0,세코닉스,,
00351630,2019,-17493670211.0,23033943704.0,357537427599.0,462244785056.0,414154559254.0,398343417455.0,53450.0,세코닉스,,
00351630,2020,-32179643550.0,12774078833.0,340722820365.0,370307309438.0,346778445816.0,354509562793.0,53450.0,세코닉스,,
00867098,2018,5193142477.0,4859709953.0,62008511357.0,66524525225.0,50570320751.0,43378342172.0,117730.0,티로보틱스,,
00867098,2019,-3373264323.0,-1145614210.0,78214298481.0,51553280721.0,42333097847.0,62008511357.0,117730.0,티로보틱스,,
00867098,2020,-1188895651.0,4985320380.0,75860112560.0,66356725354.0,47914454228.0,78214298481.0,117730.0,티로보틱스,,
00146649,2015,25000940133.0,34048944639.0,1075919203224.0,890895408691.0,743175171143.0,1118410670461.0,15860.0,일진홀딩스,,
00146649,2016,-11429999353.0,-674280678.0,1065835127322.0,849333622063.0,716445558812.0,1056465813967.0,15860.0,일진홀딩스,,
00146649,2017,-19792336264.0,25200703881.0,1079321232339.0,944723276956.0,811483202067.0,1065835127322.0,15860.0,일진홀딩스,,
00146649,2018,892747213.0,6760757389.0,1116605852397.0,929394615134.0,791200744559.0,1079321232339.0,15860.0,일진홀딩스,,
00146649,2019,22415546505.0,83987920430.0,1188576506058.0,896159161492.0,749491058152.0,1116605852397.0,15860.0,일진홀딩스,,
00146649,2020,16834021875.0,74075269614.0,1158500911684.0,934000099880.0,781777770487.0,1188576506058.0,15860.0,일진홀딩스,,
00601191,2020,-30481270713.0,-12048117539.0,119465047411.0,88041749947.0,84584762767.0,101598990544.0,299030.0,하나기술,,
00148443,2015,9761370923.0,2743173857.0,445166106018.0,594715654750.0,454500266511.0,409567196617.0,2620.0,제일파마홀딩스,,
00148443,2016,7890255024.0,11355091055.0,491984997480.0,617279879535.0,482154814364.0,445166106018.0,2620.0,제일파마홀딩스,,
00148443,2017,519341462602.0,5923126294.0,197587507902.0,44440576949.0,23133367857.0,491984997480.0,2620.0,제일파마홀딩스,,
00148443,2018,7301628910.0,-3432762666.0,920085824906.0,142736342504.0,86278850451.0,244107934135.0,2620.0,제일파마홀딩스,,
00148443,2019,-95854011087.0,25215757600.0,846474533629.0,731140379688.0,549162617466.0,920085824906.0,2620.0,제일파마홀딩스,,
00148443,2020,14941061708.0,-23671463378.0,887395067308.0,761996752116.0,570757448060.0,845285253498.0,2620.0,제일파마홀딩스,,
00148939,2015,7480077353.0,23303025590.0,196853700140.0,181883465486.0,163740447438.0,203736391094.0,4700.0,조광피혁,,
00148939,2016,21638349984.0,20343244193.0,226636414657.0,198566057740.0,159424660444.0,196853700140.0,4700.0,조광피혁,,
00148939,2017,22019013619.0,32497173307.0,244713604081.0,174294405005.0,139986887227.0,226636414657.0,4700.0,조광피혁,,
00148939,2019,14499686533.0,29146527728.0,295821868674.0,108240350455.0,82380534002.0,250578186641.0,4700.0,조광피혁,,
00148939,2020,19653625604.0,21279984019.0,343161525386.0,97316423369.0,71352116116.0,295821868674.0,4700.0,조광피혁,,
00438036,2015,919853111.0,22741262219.0,198964701475.0,151259006749.0,103298403439.0,197685268029.0,84730.0,팅크웨어,,
00438036,2016,2107563775.0,26241615853.0,207081893830.0,185038714062.0,125410439637.0,198964701475.0,84730.0,팅크웨어,,
00438036,2017,2220486520.0,12244668399.0,205687950939.0,197920593676.0,136081152826.0,207081893830.0,84730.0,팅크웨어,,
00438036,2018,1918366857.0,9053492484.0,198626630539.0,194443885001.0,135104476060.0,205687950939.0,84730.0,팅크웨어,,
00438036,2019,4050708250.0,20441890458.0,208700707962.0,182220909753.0,123532985635.0,198626630539.0,84730.0,팅크웨어,,
00438036,2020,8599095389.0,15673414777.0,225380212109.0,197566474255.0,133293150788.0,208700707962.0,84730.0,팅크웨어,,
01255652,2019,48820801.0,59755941.0,9604061044.0,,,9542681574.0,281740.0,레이크머티리얼즈,,
01255652,2020,1981148564.0,4640984626.0,90351868928.0,46487351933.0,36122777479.0,75582621207.0,281740.0,레이크머티리얼즈,,
00664181,2016,6176312782.0,798239759.0,98174987749.0,77790620465.0,39257035384.0,56220795451.0,189300.0,인텔리안테크,,
00664181,2017,3415921636.0,-2693642345.0,108632479495.0,83722394571.0,46297856524.0,98174987749.0,189300.0,인텔리안테크,,
00664181,2018,9254308486.0,13234742468.0,129430896093.0,109807238360.0,62084536578.0,108632479495.0,189300.0,인텔리안테크,,
00664181,2019,7167342555.0,19113612968.0,137340954489.0,117971769760.0,62184008474.0,123641994008.0,189300.0,인텔리안테크,,
00664181,2020,576879355.0,11694897084.0,152810967587.0,110104515277.0,57843907258.0,137340954489.0,189300.0,인텔리안테크,,
01058101,2019,184358565.0,-2771344996.0,62884817456.0,18168039552.0,9918102719.0,34513553756.0,214260.0,라파스,,
01058101,2020,-4628442110.0,903850333.0,59827446257.0,17861721568.0,11564129235.0,62884817456.0,214260.0,라파스,,
01213586,2020,1618792456.0,2440707686.0,39624183720.0,18733864371.0,11048645998.0,26877626882.0,332370.0,아이디피,,
00552992,2015,-2383691486.0,-591963353.0,20781912088.0,5315268033.0,2957794314.0,17050444865.0,109820.0,진매트릭스,,
00552992,2016,-4084844144.0,-373250549.0,19333902158.0,5079867986.0,3149303014.0,20781912088.0,109820.0,진매트릭스,,
00552992,2017,-1734513087.0,-1773700841.0,17743476736.0,5189162538.0,3332187038.0,19333902158.0,109820.0,진매트릭스,,
00552992,2018,-3286742091.0,-2738141455.0,31518642626.0,4734901485.0,2978997139.0,17743476736.0,109820.0,진매트릭스,,
00552992,2019,-1173032151.0,-2278090285.0,28455835934.0,5050418272.0,3263279221.0,31518642626.0,109820.0,진매트릭스,,
00552992,2020,8029903043.0,4506085508.0,38167715759.0,15901382099.0,4638488428.0,28455835934.0,109820.0,진매트릭스,,
00173731,2015,-10350335118.0,13443427086.0,309277962893.0,212134645025.0,194280245720.0,298751332154.0,32040.0,씨앤에스자산관리,,
00173731,2016,-25650200937.0,8140458652.0,327226009992.0,217286531130.0,203655983422.0,309277962893.0,32040.0,씨앤에스자산관리,,
00173731,2017,-31764324005.0,-429657132.0,222128130562.0,202215416725.0,191391402454.0,327226009992.0,32040.0,씨앤에스자산관리,,
00173731,2018,4677975427.0,1935958294.0,71229620843.0,143097651137.0,138126900201.0,175676262940.0,32040.0,씨앤에스자산관리,,
00173731,2019,4239352210.0,-5745655974.0,59506823362.0,103895464034.0,99149682343.0,71229620843.0,32040.0,씨앤에스자산관리,,
00173731,2020,-4042127052.0,-13896147487.0,57840155347.0,84156135250.0,83916330610.0,59506823362.0,32040.0,씨앤에스자산관리,,
01141942,2018,13690270000.0,17828126757.0,89041422424.0,105631915853.0,82551537241.0,53621790594.0,290740.0,액트로,,
01141942,2019,14595298856.0,22921014897.0,99003423404.0,107845424495.0,88550567412.0,89041422424.0,290740.0,액트로,,
01141942,2020,2061916541.0,1466111382.0,101393106200.0,132273162167.0,121390319005.0,99003423404.0,290740.0,액트로,,
00491336,2015,-3392446165.0,6061778460.0,58452510742.0,44011156189.0,33552353254.0,73727306942.0,90120.0,잘만테크,,
00491336,2018,-1313322510.0,700621920.0,17742063121.0,24678446628.0,19850985995.0,16472168012.0,90120.0,잘만테크,,
00491336,2019,-905349720.0,-1946339628.0,15055039301.0,23027597266.0,19613000684.0,17742063121.0,90120.0,잘만테크,,
00491336,2020,717115860.0,-2313169095.0,17985428840.0,38527914480.0,28804715340.0,15055039301.0,90120.0,잘만테크,,
00447760,2015,3316369000.0,-2619108000.0,89398997000.0,62403918000.0,44064846000.0,83230684000.0,49950.0,미래컴퍼니,,
00447760,2016,7319794000.0,-1178659000.0,99550771000.0,80414537000.0,58214301000.0,89398997000.0,49950.0,미래컴퍼니,,
00447760,2017,28167917529.0,39041529294.0,164648624518.0,181450622283.0,118005349233.0,99550771095.0,49950.0,미래컴퍼니,,
00447760,2018,19750202760.0,6622562279.0,141860587930.0,213396156201.0,159506937473.0,164648624518.0,49950.0,미래컴퍼니,,
00447760,2019,11959900232.0,15465625732.0,133767809599.0,97432266882.0,69944355092.0,141860587930.0,49950.0,미래컴퍼니,,
00447760,2020,-14478670566.0,-14852051328.0,122205677436.0,58944868613.0,53430647082.0,133767809599.0,49950.0,미래컴퍼니,,
00118284,2015,8007452170.0,7420451715.0,118918350735.0,75674178111.0,65051516424.0,116147261499.0,109860.0,동일금속,,
00118284,2016,3684521796.0,4955976925.0,120366975224.0,59020844251.0,53687075749.0,118918350735.0,109860.0,동일금속,,
00118284,2017,3805355820.0,4611271097.0,121999033025.0,71246970703.0,64014101602.0,120366975224.0,109860.0,동일금속,,
00118284,2018,9465678541.0,10030084148.0,130903409234.0,96045617710.0,81736784347.0,121999033025.0,109860.0,동일금속,,
00118284,2019,15692769754.0,15044243225.0,142639452970.0,86599662295.0,69168309257.0,130903409234.0,109860.0,동일금속,,
00118284,2020,6637854934.0,7987157577.0,141285635856.0,58612069355.0,50968837396.0,142639452970.0,109860.0,동일금속,,
00442145,2015,9873632380.0,1496006788.0,144384110745.0,137697413907.0,114179389707.0,124074786953.0,83930.0,아바코,,
00442145,2016,13723083677.0,-7042568609.0,173786346396.0,199678325103.0,171852172831.0,144384110745.0,83930.0,아바코,,
00442145,2017,-1816576765.0,31149111718.0,186316024594.0,186078756671.0,163527305369.0,173786346396.0,83930.0,아바코,,
00442145,2018,25522771496.0,-25447135585.0,212793719592.0,243484967232.0,206220367234.0,186316024594.0,83930.0,아바코,,
00442145,2019,19587872900.0,31845138733.0,198606305595.0,226084847107.0,176712317277.0,212793719592.0,83930.0,아바코,,
00442145,2020,14527274094.0,57436310222.0,210178004600.0,200347982519.0,153840539588.0,198606305595.0,83930.0,아바코,,
00411446,2015,1385003108.0,3623098085.0,55734971858.0,25495218657.0,18979980419.0,56888042901.0,66310.0,큐에스아이,,
00411446,2016,1418695300.0,2471193455.0,55524031667.0,22020600059.0,16339505118.0,55734971858.0,66310.0,큐에스아이,,
00411446,2017,751450249.0,3123895047.0,55024425154.0,22628424401.0,16971164523.0,55524031667.0,66310.0,큐에스아이,,
00411446,2018,-353385474.0,3775907136.0,54017004029.0,18823761259.0,15285438801.0,55024425154.0,66310.0,큐에스아이,,
00411446,2019,1104174238.0,2625115360.0,58462416960.0,22679508894.0,17165522075.0,54555649733.0,66310.0,큐에스아이,,
00411446,2020,135835672.0,1205803142.0,74496941782.0,23003429960.0,16645039233.0,58462416960.0,66310.0,큐에스아이,,
01137295,2020,-4952971426.0,-4840101572.0,42279162949.0,8684947296.0,3918138087.0,21249446938.0,335810.0,프리시젼바이오,,
00532129,2020,4863848761.0,2802045245.0,52478665554.0,43872409646.0,23706322138.0,30402877351.0,60850.0,영림원소프트랩,,
00763473,2016,11504552770.0,4401326298.0,143045906037.0,165176124584.0,130054558337.0,69889549996.0,241710.0,코스메카코리아,,
00763473,2017,9934088745.0,10441456746.0,151059278323.0,182327849828.0,143400142184.0,143045906037.0,241710.0,코스메카코리아,,
00763473,2018,9163942516.0,10836558425.0,315034709322.0,303292617599.0,251295450112.0,151059278323.0,241710.0,코스메카코리아,,
00763473,2019,4034207867.0,19352656327.0,350909520422.0,347017988294.0,283335084038.0,315034709322.0,241710.0,코스메카코리아,,
00763473,2020,3416483561.0,11909538986.0,358963343116.0,339055733911.0,278273581924.0,350909520422.0,241710.0,코스메카코리아,,
00442048,2015,7906068259.0,19017693998.0,129537753127.0,76001361092.0,60615463243.0,132094310431.0,149950.0,아바텍,,
00442048,2016,8145186266.0,22067115208.0,130366381147.0,78863763500.0,61475719730.0,129537753127.0,149950.0,아바텍,,
00442048,2017,14435536204.0,31885740071.0,150213583441.0,95628779572.0,73868072476.0,130366381147.0,149950.0,아바텍,,
00442048,2018,7726745001.0,10191687561.0,145995227453.0,74333389948.0,63133295554.0,150213583441.0,149950.0,아바텍,,
00442048,2019,7237344283.0,16207194550.0,144778503376.0,75410526037.0,62899127930.0,145995227453.0,149950.0,아바텍,,
00442048,2020,5231652970.0,9368783754.0,150000528282.0,75726669324.0,65527367181.0,144778503376.0,149950.0,아바텍,,
00267979,2015,1591272279.0,5080669301.0,110998366829.0,107202889920.0,99280055373.0,103609882502.0,7770.0,한일화학,,
00267979,2016,3179167375.0,-3200223530.0,118706968693.0,146757125616.0,136741782530.0,110998366829.0,7770.0,한일화학,,
00267979,2017,3340387861.0,-4549490830.0,123462660136.0,151880210026.0,140363308883.0,118706968693.0,7770.0,한일화학,,
00267979,2018,2843593232.0,13442677489.0,118036456335.0,152860689572.0,142890368034.0,123462660136.0,7770.0,한일화학,,
00267979,2019,1668535626.0,10561556438.0,120889634121.0,108719610494.0,100813815388.0,118036456335.0,7770.0,한일화학,,
00267979,2020,-1311618999.0,4332307680.0,143037701479.0,86793095411.0,80376378780.0,120889634121.0,7770.0,한일화학,,
00530121,2015,9401952429.0,1045365125.0,55047428711.0,56461731276.0,43264212113.0,46018792581.0,109740.0,디에스케이,,
00530121,2016,2725574376.0,2226823921.0,179389784501.0,59535939508.0,42066632050.0,55047428711.0,109740.0,디에스케이,,
00530121,2017,-42306056049.0,11021683365.0,163321778911.0,103291566885.0,82749813735.0,179389784501.0,109740.0,디에스케이,,
00530121,2018,17026726835.0,10929668656.0,164451241231.0,117907273290.0,87455736493.0,163321778911.0,109740.0,디에스케이,,
00530121,2019,3891897242.0,-5218522404.0,171897831670.0,76480134018.0,57170219618.0,164451241231.0,109740.0,디에스케이,,
00530121,2020,-18764460323.0,6025326251.0,162156577382.0,32587321041.0,30107542179.0,171897831670.0,109740.0,디에스케이,,
00166272,2015,76993134387.0,145335169419.0,1299508336261.0,1679513457548.0,1353924048773.0,1159261044126.0,13520.0,화승코퍼레이션,,
00166272,2016,58798995957.0,77259713361.0,1339825677436.0,1616064420894.0,1285594580005.0,1299508336261.0,13520.0,화승코퍼레이션,,
00166272,2017,-41805900360.0,59376004658.0,1274195718377.0,1443395992202.0,1185668181377.0,1339825677436.0,13520.0,화승코퍼레이션,,
00166272,2018,-33202199387.0,19198663114.0,1211764734253.0,1528089419102.0,1262767610193.0,1274195718377.0,13520.0,화승코퍼레이션,,
00166272,2019,23531096155.0,101149510566.0,1211566446637.0,1551954754921.0,1269950123427.0,1211764734253.0,13520.0,화승코퍼레이션,,
00166272,2020,-40760464421.0,61101657289.0,1183882906339.0,1313327399620.0,1097726915644.0,1211566446637.0,13520.0,화승코퍼레이션,,
00350738,2015,-1563536569.0,1095246742.0,32482374782.0,8827879165.0,8483904583.0,33845869469.0,53320.0,제네시스디벨롭먼트홀딩스,,
00350738,2020,-1756520039.0,-741901354.0,32304683511.0,1036348911.0,1184795243.0,30999178563.0,53320.0,제네시스디벨롭먼트홀딩스,,
00946030,2018,2363345975.0,534933101.0,68826000028.0,24266777518.0,13417414762.0,45906507832.0,108490.0,로보티즈,,
00946030,2019,2481000995.0,4181398406.0,64669053513.0,25231156876.0,12070162796.0,68826000028.0,108490.0,로보티즈,,
00946030,2020,-137893762.0,-568299332.0,73197414777.0,19231375419.0,9402738003.0,64669053513.0,108490.0,로보티즈,,
00123967,2015,41555904042.0,116648395904.0,804159911362.0,1054182318634.0,925700544371.0,752702856145.0,15350.0,부산도시가스,,
00123967,2016,49691196057.0,46158621228.0,840641030554.0,886881771030.0,755045834890.0,804159911362.0,15350.0,부산도시가스,,
00123967,2017,45014306359.0,55659686085.0,908539079569.0,935235002143.0,798041217051.0,840641030554.0,15350.0,부산도시가스,,
00123967,2018,49231738533.0,93634087960.0,978310721897.0,951807946578.0,807035071537.0,908539079569.0,15350.0,부산도시가스,,
00123967,2019,48927829713.0,85789879955.0,1036740528629.0,972789089284.0,818677752681.0,978310721897.0,15350.0,부산도시가스,,
00123967,2020,179372562318.0,62523574422.0,1267540763710.0,922072628246.0,776309868422.0,1036740528629.0,15350.0,부산도시가스,,
00609324,2015,15776699496.0,17568385862.0,96987146790.0,93438698936.0,51068549932.0,84339360289.0,100120.0,뷰웍스,,
00609324,2016,26871454509.0,19898741227.0,129948072505.0,117303133403.0,57081309740.0,96987146790.0,100120.0,뷰웍스,,
00609324,2017,19616140729.0,18854444102.0,137641189361.0,123460627030.0,61377970973.0,129948072505.0,100120.0,뷰웍스,,
00609324,2018,20801653045.0,27834391921.0,156377977343.0,131403852422.0,65890205206.0,137641189361.0,100120.0,뷰웍스,,
00609324,2019,24320046625.0,18682418245.0,181014312253.0,136009901268.0,64082745047.0,156377977343.0,100120.0,뷰웍스,,
00609324,2020,22958638030.0,6286746282.0,196869313274.0,160263843148.0,77607264026.0,181014312253.0,100120.0,뷰웍스,,
00143794,2015,5142854897.0,-284487902.0,133313043952.0,79995474132.0,60937808041.0,128988267682.0,5820.0,원림,,
00143794,2016,10436744893.0,4342151607.0,141503999267.0,85356168634.0,59012903304.0,133313043952.0,5820.0,원림,,
00143794,2017,5513583400.0,1169612082.0,147494203784.0,74081963647.0,57012921289.0,141503999267.0,5820.0,원림,,
00143794,2018,460317784.0,-2438138323.0,150036325662.0,78944698037.0,65282324738.0,147494203784.0,5820.0,원림,,
00143794,2019,4348588885.0,4660967568.0,163100686590.0,79052711178.0,62853200092.0,150036325662.0,5820.0,원림,,
00143794,2020,18304753591.0,12570224114.0,177323381954.0,68366893076.0,51722330321.0,163100686590.0,5820.0,원림,,
00118965,2015,-4264830240.0,4560653113.0,197688214136.0,276197806385.0,242087315146.0,208631661055.0,19180.0,티에이치엔,,
00118965,2016,15233185874.0,-1918422622.0,200560898170.0,293815683725.0,253022306162.0,197688214136.0,19180.0,티에이치엔,,
00118965,2017,3140978678.0,14087154642.0,207069591550.0,312716519579.0,268359924196.0,200560898170.0,19180.0,티에이치엔,,
00118965,2018,4772684052.0,15196812185.0,212394546408.0,372768605054.0,321795594361.0,207069591550.0,19180.0,티에이치엔,,
00118965,2019,17138535127.0,15364574593.0,265425461465.0,402190763744.0,342428139155.0,212394546408.0,19180.0,티에이치엔,,
00118965,2020,-17201926816.0,8084523409.0,279629755572.0,346399447525.0,307444614107.0,265425461465.0,19180.0,티에이치엔,,
00260879,2017,5091125020.0,12267562235.0,71917923059.0,142577728431.0,18991764038.0,45853620301.0,42000.0,카페24,,
00260879,2018,-28248530016.0,5895770324.0,148595796803.0,165386968963.0,,71917923059.0,42000.0,카페24,,
00260879,2019,7782007668.0,20286682414.0,231433762781.0,217244740399.0,,148595796803.0,42000.0,카페24,,
00260879,2020,8561300675.0,30403654585.0,254032738665.0,247336104449.0,,231433762781.0,42000.0,카페24,,
00362159,2015,-1408977877.0,22638060344.0,263708165208.0,235451900530.0,181493281693.0,241573108503.0,65950.0,웰크론,,
00362159,2016,-2609062650.0,-15186874567.0,291591257503.0,251495030182.0,191592742902.0,263708165208.0,65950.0,웰크론,,
00362159,2017,-6412944394.0,9305715383.0,321583458656.0,378624679115.0,315063218460.0,291591257503.0,65950.0,웰크론,,
00362159,2018,6473840465.0,-7071534104.0,345678864454.0,394766547313.0,327367789778.0,321583458656.0,65950.0,웰크론,,
00362159,2019,-23906880563.0,31118451780.0,273714944614.0,391915113574.0,328122229549.0,345678864454.0,65950.0,웰크론,,
00362159,2020,9890565242.0,39315731329.0,264883540430.0,330243506155.0,265083555944.0,273714944614.0,65950.0,웰크론,,
01394377,2020,37065284620.0,-336383293.0,154560898047.0,37416791297.0,-357277118.0,1501808677.0,334890.0,이지스밸류플러스리츠,,
00132354,2015,74553484789.0,21094514615.0,620980562890.0,667533186658.0,376376246088.0,553346403144.0,192400.0,쿠쿠홀딩스,,
00132354,2016,80091564310.0,18745001066.0,714794406754.0,716742930032.0,387820224678.0,620980562890.0,192400.0,쿠쿠홀딩스,,
00132354,2017,451975424862.0,-30069587596.0,489648519705.0,450167573107.0,272588953421.0,714794406754.0,192400.0,쿠쿠홀딩스,,
00132354,2018,84572622876.0,73107339217.0,747036858604.0,493296253457.0,294626512274.0,489648519705.0,192400.0,쿠쿠홀딩스,,
00132354,2019,79433102065.0,39181017358.0,812577596793.0,528311146326.0,309387207661.0,747036858604.0,192400.0,쿠쿠홀딩스,,
00132354,2020,106710573169.0,91815942763.0,925062697688.0,587794622663.0,335179648109.0,812577596793.0,192400.0,쿠쿠홀딩스,,
00218052,2015,15957686072.0,10140368338.0,162619115136.0,152291981619.0,106376076187.0,149668796644.0,53740.0,국제엘렉트릭코리아,,
00595243,2019,-433813427.0,-661246541.0,292174091.0,,,40270632.0,98400.0,엔스퍼트,,
00133238,2015,-8035331488.0,13796755314.0,100202248029.0,135998981293.0,140535048099.0,129316647329.0,5980.0,성지건설,,
00133238,2016,-11538720592.0,-5300148298.0,93624404666.0,108525691463.0,107109911294.0,97914642222.0,5980.0,성지건설,,
00133238,2017,-9243043828.0,-2750314651.0,109450265646.0,112427346432.0,109224210840.0,93624404666.0,5980.0,성지건설,,
00133238,2018,-25123621694.0,-23500010356.0,92335261242.0,57933842859.0,62952125038.0,111836486223.0,5980.0,성지건설,,
00133238,2019,1192504886.0,941477356.0,88191144898.0,53301636657.0,46598265077.0,92335261242.0,5980.0,성지건설,,
00133238,2020,-21127695962.0,-6417155779.0,58787912941.0,57639904259.0,53741426432.0,88191144898.0,5980.0,성지건설,,
00631837,2015,-58309085.0,844493923.0,18487653142.0,3532247768.0,1180260814.0,14466075800.0,65660.0,안트로젠,,
00631837,2016,371659585.0,-130648829.0,35427915199.0,4896068262.0,1393651868.0,18487653142.0,65660.0,안트로젠,,
00631837,2017,738763772.0,671232196.0,60298400809.0,5357319238.0,2106094198.0,35427915199.0,65660.0,안트로젠,,
00631837,2018,-961759727.0,-1504760527.0,101441140661.0,3607167169.0,1920180924.0,58136238240.0,65660.0,안트로젠,,
00631837,2019,-4049844876.0,-1648844500.0,84593764521.0,4147568021.0,2486840889.0,101441140661.0,65660.0,안트로젠,,
00631837,2020,-4375063259.0,-4414918174.0,94204109431.0,4151233470.0,2409088321.0,84593764521.0,65660.0,안트로젠,,
00914040,2016,4110460484.0,9201629348.0,64252486335.0,56033587369.0,,28690952489.0,225330.0,씨엠에스에듀,,
00914040,2017,5975816932.0,9205613457.0,70652691244.0,63999759883.0,,64252486335.0,225330.0,씨엠에스에듀,,
00914040,2018,5220773441.0,11433475730.0,91565794826.0,70145702990.0,,70652691244.0,225330.0,씨엠에스에듀,,
00914040,2019,6141970713.0,23653758718.0,102295816365.0,82117661916.0,,91565794826.0,225330.0,씨엠에스에듀,,
00914040,2020,6203320200.0,16237992342.0,100835706959.0,84329419084.0,,102295816365.0,225330.0,씨엠에스에듀,,
00159254,2015,-8349768589.0,1754474343.0,217226131509.0,149195542804.0,133124420790.0,198274046109.0,6200.0,한국전자홀딩스,,
00159254,2016,-13016523558.0,-18289980943.0,179367293317.0,139431518708.0,123748429150.0,217226131509.0,6200.0,한국전자홀딩스,,
00159254,2017,4990580214.0,15815399883.0,404799624118.0,257369642771.0,209918089284.0,424621270424.0,6200.0,한국전자홀딩스,,
00159254,2018,1060290510.0,24714964274.0,390848475721.0,234220978813.0,190123415159.0,404799624118.0,6200.0,한국전자홀딩스,,
00159254,2019,-23794401213.0,21998463158.0,389933341083.0,217023309727.0,187575044970.0,390848475721.0,6200.0,한국전자홀딩스,,
00159254,2020,-34799537719.0,18284001041.0,412243672684.0,221480449265.0,181284213801.0,389933341083.0,6200.0,한국전자홀딩스,,
01395279,2019,-43125389.0,-62789181.0,9392528844.0,0.0,,,332710.0,하나금융14호기업인수목적,,
01395279,2020,31096742.0,47133195.0,9441943916.0,0.0,,9392528844.0,332710.0,하나금융14호기업인수목적,,
00367385,2015,6925337513.0,4911772001.0,70569534501.0,40849624740.0,23477546040.0,57618931188.0,97870.0,효성오앤비,,
00367385,2016,5070045659.0,8064450293.0,71160661430.0,40404037225.0,24919998215.0,70569534501.0,97870.0,효성오앤비,,
00367385,2017,5282657576.0,12286558823.0,65148225955.0,34419358689.0,20125862749.0,71160661430.0,97870.0,효성오앤비,,
00367385,2018,3881411169.0,-4652526803.0,65258189903.0,30206585855.0,17844739900.0,65148225955.0,97870.0,효성오앤비,,
00367385,2019,1810984765.0,5933821950.0,70203764769.0,28376910970.0,17222966295.0,65258189903.0,97870.0,효성오앤비,,
00367385,2020,1483233651.0,10808562075.0,72306762961.0,29294118133.0,18228883405.0,70203764769.0,97870.0,효성오앤비,,
00632793,2018,-3398753591.0,-2161233222.0,7119942565.0,1384404495.0,1251337365.0,4057418650.0,110020.0,전진바이오팜,,
00632793,2019,-1462466334.0,-1299045975.0,6411002060.0,3948944150.0,1862309644.0,7119942565.0,110020.0,전진바이오팜,,
00632793,2020,-3418160183.0,-2309949328.0,18694960748.0,3866595917.0,1650239856.0,6411002060.0,110020.0,전진바이오팜,,
00168401,2015,7665205452.0,22566967667.0,231838030953.0,189495055962.0,145599763957.0,220865298884.0,8870.0,금비,,
00168401,2016,13187314649.0,20642753915.0,250604972013.0,200543666584.0,154437740504.0,231838030953.0,8870.0,금비,,
00168401,2017,6646301144.0,18531192638.0,247008400603.0,185531451959.0,142510119975.0,250604972013.0,8870.0,금비,,
00168401,2018,10167339041.0,17119182086.0,252892158482.0,196995588750.0,153041065132.0,247008400603.0,8870.0,금비,,
00168401,2019,10620898553.0,25156424171.0,260180107120.0,201404467525.0,157515543413.0,252892158482.0,8870.0,금비,,
00168401,2020,-3617827352.0,19474082355.0,333972461086.0,219258395356.0,176401174451.0,260180107120.0,8870.0,금비,,
00266943,2015,17877682933.0,19796018374.0,149909989569.0,60124915882.0,18712207734.0,132601146733.0,41140.0,넥슨지티,,
00266943,2016,15845423361.0,21732573701.0,151706821083.0,61176392435.0,17796544520.0,149909989569.0,41140.0,넥슨지티,,
00266943,2017,-13241396085.0,-386460160.0,173836826758.0,49273127053.0,23573223672.0,151706821083.0,41140.0,넥슨지티,,
00266943,2018,-25134889531.0,-15690587337.0,169824530239.0,32459785242.0,25385260916.0,173836826758.0,41140.0,넥슨지티,,
00266943,2019,2927726687.0,-20773379855.0,144613461510.0,30214784531.0,21255766804.0,169824530239.0,41140.0,넥슨지티,,
00266943,2020,3952622282.0,2971268706.0,146636910881.0,27837747470.0,10608260804.0,144613461510.0,41140.0,넥슨지티,,
00493431,2015,2993306595.0,7659308590.0,46371508758.0,58378242986.0,44468719646.0,44391639696.0,221610.0,자안바이오,,
00493431,2016,5381176650.0,7910046696.0,57331380181.0,55380057035.0,38127986549.0,46371508758.0,221610.0,자안바이오,,
00493431,2017,-351311305.0,2472286596.0,50588205909.0,45797045802.0,31329524316.0,57331380181.0,221610.0,자안바이오,,
00493431,2018,-10982140432.0,-5289707837.0,36854979728.0,35169316133.0,29738324183.0,50588205909.0,221610.0,자안바이오,,
00493431,2019,674177171.0,2628976518.0,34679009006.0,43888122675.0,32107084976.0,36854979728.0,221610.0,자안바이오,,
00493431,2020,-13334077895.0,-11771467670.0,118776553482.0,16309613271.0,14302061697.0,34679009006.0,221610.0,자안바이오,,
01208849,2020,-1230558177.0,-6113845482.0,73527140055.0,65865810344.0,57232639902.0,46844865391.0,267320.0,나인테크,,
01338724,2019,3029076940.0,3016643655.0,29502621024.0,9919282001.0,2053837075.0,10432511719.0,950180.0,에스앤케이,,
01338724,2020,2042668159.0,2862576107.0,31286706201.0,7754793753.0,1192133175.0,29502621024.0,950180.0,에스앤케이,,
01046708,2015,-1986262691.0,9632299676.0,71705073053.0,39821415298.0,13134293079.0,48485125835.0,206640.0,바디텍메드,,
01046708,2016,12311023355.0,11790575204.0,90791628088.0,54974499120.0,20469591550.0,71705073053.0,206640.0,바디텍메드,,
01046708,2017,-3138893965.0,886736147.0,108166357246.0,52593956500.0,23125856647.0,90791628088.0,206640.0,바디텍메드,,
01046708,2018,-2471288275.0,5314864019.0,103442303950.0,66204377380.0,33068226606.0,108166357246.0,206640.0,바디텍메드,,
01046708,2019,11897022024.0,17242231865.0,101262190222.0,72798657278.0,31793398319.0,103442303950.0,206640.0,바디텍메드,,
01046708,2020,48311779241.0,44642882669.0,163474824803.0,144131041846.0,46480010486.0,101262190222.0,206640.0,바디텍메드,,
00298687,2015,-10561982491.0,-6577980878.0,14000318299.0,,12700583450.0,17337510275.0,39670.0,스포츠서울,,
00298687,2016,-4624590571.0,-1130603721.0,24072752119.0,15484372158.0,12953131478.0,14000318299.0,39670.0,스포츠서울,,
00298687,2017,-507279367.0,-2323909385.0,28479809490.0,16108488915.0,10816853893.0,24072752119.0,39670.0,스포츠서울,,
00298687,2018,-19591088042.0,-17184095946.0,87319292564.0,23666540898.0,20135423215.0,28479809490.0,39670.0,스포츠서울,,
00298687,2019,-47829422147.0,-1077668855.0,71760639039.0,27395378943.0,22927258599.0,96948891207.0,39670.0,스포츠서울,,
00298687,2020,-23546618921.0,-469121195.0,15543122131.0,12365532664.0,11564447444.0,55182363162.0,39670.0,스포츠서울,,
00688358,2015,3434991436.0,4945516102.0,124460893945.0,30765904514.0,23403866095.0,50090860761.0,221840.0,하이즈항공,,
00688358,2016,-3260259241.0,-2827076091.0,127456362905.0,32862640162.0,30828439200.0,124460893945.0,221840.0,하이즈항공,,
00688358,2017,712295936.0,1884345351.0,130846671734.0,44684830225.0,39125536868.0,127456362905.0,221840.0,하이즈항공,,
00688358,2018,639868544.0,838073422.0,130513800804.0,51699965760.0,45248700450.0,130846671734.0,221840.0,하이즈항공,,
00688358,2019,3705356943.0,6764055078.0,137289914922.0,73686264857.0,63139347210.0,130513800804.0,221840.0,하이즈항공,,
00688358,2020,-3685928239.0,-7543061621.0,146472376580.0,52940999961.0,49327501894.0,137289914922.0,221840.0,하이즈항공,,
00226228,2015,8059610274.0,-2717851830.0,47168604867.0,23221304416.0,19234170949.0,56944151048.0,66110.0,한프,,
00226228,2016,-3474116006.0,1953327503.0,85819067302.0,18374828234.0,16127158635.0,47168604867.0,66110.0,한프,,
00226228,2017,-12958769804.0,-4824105254.0,89529530705.0,14154362189.0,13572351887.0,85819067302.0,66110.0,한프,,
00226228,2018,-29489627192.0,-12356223192.0,67226120584.0,9816956194.0,11912275013.0,89529530705.0,66110.0,한프,,
00226228,2019,-18822584518.0,19125835565.0,94647026910.0,4503605699.0,3997369549.0,67226120584.0,66110.0,한프,,
00226228,2020,-9444162205.0,11101572196.0,48606176950.0,2952788167.0,3841960435.0,86006253517.0,66110.0,한프,,
00347877,2015,-17710051338.0,-6498066160.0,20107489507.0,3181551826.0,2807104921.0,24805043734.0,52190.0,세영디앤씨,,
00347877,2016,-7189282879.0,-4896861597.0,36908240894.0,3016993670.0,8135978907.0,20107489507.0,52190.0,세영디앤씨,,
00347877,2017,-23260279158.0,-2925754288.0,31112426112.0,11649228667.0,7859825618.0,36536268715.0,52190.0,세영디앤씨,,
00347877,2018,-15805015567.0,-8555384042.0,79158930152.0,19367172485.0,17306032177.0,31112426112.0,52190.0,세영디앤씨,,
00347877,2019,-25340928598.0,-4563088720.0,37402436300.0,2662330571.0,4871336447.0,79158930152.0,52190.0,세영디앤씨,,
00347877,2020,-8775557188.0,-4827952001.0,30549637953.0,888078398.0,1825808123.0,37402436300.0,52190.0,세영디앤씨,,
01183407,2019,1094430531.0,1357954128.0,22079590518.0,19546407769.0,13334995493.0,19514521744.0,270020.0,이십일스토어,,
01415892,2020,15149976623.0,11371821847.0,1814910420874.0,42374581321.0,,337632324129.0,348950.0,제이알글로벌리츠,,
00111458,2015,-7023126795.0,13041442614.0,210805562854.0,244205122113.0,210133125241.0,201109312316.0,14160.0,대영포장,,
00111458,2016,10718164348.0,7163829530.0,209726030079.0,267108952440.0,231644024256.0,210805562854.0,14160.0,대영포장,,
00111458,2017,-2965667988.0,1741607935.0,207669261491.0,312071269123.0,285405173556.0,209726030079.0,14160.0,대영포장,,
00111458,2018,10623082218.0,16293972983.0,218730444250.0,300056835941.0,262379025129.0,207669261491.0,14160.0,대영포장,,
00111458,2019,10790536027.0,28725960390.0,212247462712.0,270087084081.0,229326482746.0,218730444250.0,14160.0,대영포장,,
00111458,2020,3313635809.0,17017997085.0,207957143530.0,260706386483.0,227283630661.0,212247462712.0,14160.0,대영포장,,
00218575,2015,5381219921.0,5329588094.0,294144484787.0,172920941158.0,155495195767.0,250683121255.0,32560.0,황금에스티,,
00218575,2016,24896293976.0,42571366635.0,371879221362.0,225310783192.0,184335918052.0,294144484787.0,32560.0,황금에스티,,
00218575,2017,22654142417.0,30952573252.0,363642735086.0,224729736215.0,175763970448.0,371879221362.0,32560.0,황금에스티,,
00218575,2018,17287404215.0,10055664364.0,406187488852.0,244773430030.0,199076984926.0,363642735086.0,32560.0,황금에스티,,
00218575,2019,23664534488.0,31723106428.0,390222792037.0,243584029426.0,201112817468.0,406187488852.0,32560.0,황금에스티,,
00218575,2020,19972692133.0,-14107650261.0,452295227735.0,239454495245.0,192961440168.0,390222792037.0,32560.0,황금에스티,,
00991191,2017,-1482532525.0,-1114753448.0,20865042430.0,3532425269.0,1522790598.0,16009898719.0,174900.0,앱클론,,
00991191,2018,-842699616.0,3714896761.0,28703899554.0,3920789776.0,1654550285.0,20865042430.0,174900.0,앱클론,,
00991191,2019,2566576547.0,-449877213.0,46968450549.0,14375025279.0,1376001007.0,28703899554.0,174900.0,앱클론,,
00991191,2020,-6444953023.0,-5648350337.0,40129505612.0,2771179187.0,1557922086.0,46968450549.0,174900.0,앱클론,,
00134316,2015,64116921217.0,83820076561.0,603983799879.0,366602546395.0,288020857063.0,540744179586.0,21820.0,세원정공,,
00134316,2016,56809840064.0,86191009195.0,662998502066.0,348621720048.0,276140212500.0,603983799879.0,21820.0,세원정공,,
00134316,2017,-2193958982.0,37559904284.0,634556333537.0,233014346488.0,223309389886.0,662998502066.0,21820.0,세원정공,,
00134316,2018,-14416530786.0,-5361194951.0,663953667628.0,229481812424.0,235500560781.0,634556333537.0,21820.0,세원정공,,
00134316,2019,-18361641054.0,46097763349.0,619489296452.0,190705650371.0,203378903302.0,663953667628.0,21820.0,세원정공,,
00134316,2020,4597043480.0,20520019261.0,612803378056.0,156860127660.0,154241270662.0,619489296452.0,21820.0,세원정공,,
00872452,2016,7090656028.0,8734895172.0,97290755821.0,201365777241.0,179144717039.0,90835728478.0,176440.0,미래오토스,,
00872452,2017,-2032267545.0,-6017826392.0,103459052665.0,204322025638.0,187311308130.0,97290755821.0,176440.0,미래오토스,,
00872452,2018,234189380.0,11322100546.0,104259772351.0,226914096341.0,202682097392.0,103459052665.0,176440.0,미래오토스,,
00872452,2019,-2069551690.0,5087047434.0,119154896775.0,241988639664.0,223093055257.0,104259772351.0,176440.0,미래오토스,,
00872452,2020,-19862953451.0,5090637951.0,45011603141.0,5124440690.0,1108902777.0,106456816192.0,176440.0,미래오토스,,
00139685,2015,-1401804338.0,1797279305.0,82959399402.0,47685102805.0,42376773869.0,87815704808.0,30960.0,양지사,,
00139685,2016,2839936071.0,6393826664.0,81433868034.0,49567225554.0,40035546694.0,82959399402.0,30960.0,양지사,,
00139685,2017,3579596437.0,4067312008.0,82381240394.0,50876075402.0,40446399122.0,81433868034.0,30960.0,양지사,,
00139685,2018,2603221458.0,2971634172.0,81954147871.0,48272264447.0,38550004203.0,82381240394.0,30960.0,양지사,,
00139685,2019,2316668912.0,-1601744165.0,89182443817.0,52678732616.0,42227796775.0,81954147871.0,30960.0,양지사,,
00139685,2020,120696907705.0,-1377876326.0,238348275459.0,48850783128.0,38861318969.0,89182443817.0,30960.0,양지사,,
00103042,2015,9071982622.0,14044650064.0,363554473900.0,357046890073.0,302275612076.0,333591385593.0,9070.0,케이씨티시,,
00103042,2016,8228580660.0,15772736366.0,342137466698.0,349784212740.0,294378074731.0,363554473900.0,9070.0,케이씨티시,,
00103042,2017,8994739627.0,14980300024.0,370846592266.0,364550702040.0,312889547566.0,342137466698.0,9070.0,케이씨티시,,
00103042,2018,7271930762.0,7934591885.0,376041365813.0,400441294140.0,344972362555.0,370846592266.0,9070.0,케이씨티시,,
00103042,2019,8204305326.0,31020897487.0,424339573527.0,446166405761.0,381568530565.0,376041365813.0,9070.0,케이씨티시,,
00103042,2020,13798003744.0,17905911613.0,441446350623.0,488733779599.0,420119258480.0,424339573527.0,9070.0,케이씨티시,,
00264787,2015,-3057858341.0,-19366727.0,60596519512.0,48233069907.0,49381758958.0,73373304287.0,33600.0,럭슬,,
00264787,2016,-12166357242.0,-3346358252.0,54897482786.0,38756333697.0,41438352953.0,60596519512.0,33600.0,럭슬,,
00264787,2017,-10189698715.0,-2814551192.0,54619376061.0,25472189213.0,28646863641.0,54897482786.0,33600.0,럭슬,,
00264787,2018,-9740559286.0,-27789208475.0,66144513937.0,19919733678.0,21777239569.0,54619376061.0,33600.0,럭슬,,
01267684,2017,2426389384.0,5215330426.0,429497820117.0,30302120514.0,12104493845.0,,284740.0,쿠쿠홈시스,,
01267684,2018,38179506612.0,-33250913271.0,512572790856.0,418791761279.0,159133286716.0,429497820117.0,284740.0,쿠쿠홈시스,,
01267684,2019,79879069611.0,8079393112.0,626581362085.0,663713920904.0,246479068268.0,512572790856.0,284740.0,쿠쿠홈시스,,
01267684,2020,86583493267.0,66235483074.0,708121272872.0,786635466440.0,289528251033.0,626581362085.0,284740.0,쿠쿠홈시스,,
00975290,2019,-1184914795.0,-7917386965.0,40251453614.0,28238091273.0,25702312557.0,19456504587.0,241840.0,에이스토리,,
00975290,2020,-7381011696.0,6400243676.0,55174265228.0,22095888380.0,18757078723.0,40251453614.0,241840.0,에이스토리,,
00411905,2015,2003689085.0,1532058290.0,27642084936.0,,,23631876510.0,182690.0,테라셈,,
00411905,2016,-4390609136.0,879656438.0,18049540023.0,,,27642084936.0,182690.0,테라셈,,
00411905,2017,-6283882211.0,-4457644332.0,15262961905.0,8057152737.0,9814830559.0,18049540023.0,182690.0,테라셈,,
00411905,2018,-6473284803.0,-4233718944.0,19873056140.0,8763791565.0,12254662999.0,15262961905.0,182690.0,테라셈,,
00411905,2019,-5021197508.0,1181322972.0,26327324940.0,12349999390.0,14251794637.0,19873056140.0,182690.0,테라셈,,
00411905,2020,-3163314700.0,-351803708.0,55902575882.0,17514016436.0,14322546921.0,26327324940.0,182690.0,테라셈,,
00905316,2015,3836344193.0,5496613064.0,69431873501.0,10914740641.0,7887574387.0,68694516967.0,153360.0,하이골드오션3호선박투자회사,,
00905316,2016,-13791024608.0,5852390394.0,48396061126.0,11261431742.0,,69431873501.0,153360.0,하이골드오션3호선박투자회사,,
00905316,2017,-9499633081.0,977023156.0,37501414247.0,8774722448.0,8775956025.0,48396061126.0,153360.0,하이골드오션3호선박투자회사,,
00905316,2018,3965042772.0,2064233789.0,37374688116.0,6870390932.0,6367000791.0,37501414247.0,153360.0,하이골드오션3호선박투자회사,,
00905316,2019,907963171.0,3592942973.0,33304406656.0,8902206597.0,6849016729.0,37374688116.0,153360.0,하이골드오션3호선박투자회사,,
00905316,2020,-7040168336.0,2636254840.0,27997820183.0,7451266418.0,6207382725.0,33304406656.0,153360.0,하이골드오션3호선박투자회사,,
00867973,2019,-4220253904.0,,10526327712.0,1413311359.0,2955857971.0,10672729153.0,294630.0,서남,,
00867973,2020,-4541590482.0,,16037612998.0,1404477743.0,2426825950.0,10526327712.0,294630.0,서남,,
00828761,2019,11555269259.0,6039622487.0,76656973882.0,73108725932.0,38538195107.0,41273905182.0,228670.0,레이,,
00828761,2020,7903630315.0,2903332294.0,89199835855.0,55204787493.0,28603179042.0,76656973882.0,228670.0,레이,,
00122348,2015,6671419865.0,17768774190.0,259201088335.0,161549573391.0,142201767488.0,261029484769.0,3610.0,방림,,
00122348,2016,5027049153.0,23684253708.0,249500753067.0,150722737675.0,130692655703.0,259201088335.0,3610.0,방림,,
00122348,2017,7004564131.0,11582282901.0,252621317585.0,148107533565.0,128345032683.0,249500753067.0,3610.0,방림,,
00122348,2018,3009428319.0,7433973141.0,247664771149.0,141818424157.0,123903289437.0,252621317585.0,3610.0,방림,,
00122348,2019,5744852582.0,10672436886.0,236858930844.0,131906970825.0,112122830914.0,247664771149.0,3610.0,방림,,
00122348,2020,5114514328.0,13519882641.0,236854131226.0,116546956585.0,99649962169.0,236858930844.0,3610.0,방림,,
00170877,2015,17576394906.0,25271647044.0,91852168562.0,88652273567.0,64865159722.0,78141555096.0,18120.0,진로발효,,
00170877,2016,18054563612.0,16175003818.0,101067728061.0,86807974449.0,62771914684.0,91852168562.0,18120.0,진로발효,,
00170877,2017,15498942041.0,18323913524.0,107030438156.0,88458680151.0,65546364049.0,101067728061.0,18120.0,진로발효,,
00170877,2018,14259869550.0,18022748751.0,115861698781.0,86941311747.0,67053814734.0,107030438156.0,18120.0,진로발효,,
00170877,2019,14256665665.0,14805607163.0,91083609800.0,88418165158.0,68878271758.0,115861698781.0,18120.0,진로발효,,
00170877,2020,11403029918.0,18147264069.0,92958148398.0,101853716283.0,82934547358.0,91083609800.0,18120.0,진로발효,,
00877819,2017,885539614.0,-3203264318.0,62046031172.0,90041947209.0,76408422714.0,39622634629.0,263800.0,데이타솔루션,,
00877819,2018,-3997957837.0,-2565703593.0,52873081599.0,98116699497.0,89036101401.0,62046031172.0,263800.0,데이타솔루션,,
00877819,2019,-670175396.0,7951731024.0,62996006973.0,101169468709.0,87430219802.0,52873081599.0,263800.0,데이타솔루션,,
00877819,2020,501461529.0,7048916814.0,71343405624.0,92734563302.0,79656218160.0,62996006973.0,263800.0,데이타솔루션,,
00147222,2015,-23465486641.0,1963371469.0,519484802933.0,237295666929.0,235436742456.0,506372939079.0,950.0,전방,,
00147222,2016,-17530459043.0,4416491279.0,484109387940.0,200800661263.0,202926494706.0,519484802933.0,950.0,전방,,
00147222,2017,-13039711485.0,-11457643473.0,413514842730.0,182485145533.0,190959766446.0,484109387940.0,950.0,전방,,
00147222,2018,-23251940013.0,-12231955794.0,364005281820.0,149325045655.0,151775233066.0,413514842730.0,950.0,전방,,
00147222,2019,-40256251159.0,-8927705144.0,386595114678.0,137483747889.0,159149890522.0,364005281820.0,950.0,전방,,
00147222,2020,5903172533.0,-15752659769.0,373432831320.0,105152228441.0,117749882057.0,386595114678.0,950.0,전방,,
00145464,2015,-10984730274.0,12698519274.0,249720598432.0,210562137030.0,214020666734.0,274955330601.0,25820.0,이구산업,,
00145464,2016,4499789772.0,8341952577.0,261856779866.0,197534880311.0,182513143186.0,249720598432.0,25820.0,이구산업,,
00145464,2017,11247918748.0,-2247782710.0,269797349457.0,229269978510.0,208907154053.0,261856779866.0,25820.0,이구산업,,
00145464,2018,-2631186570.0,-639169417.0,260653064443.0,227211411407.0,221896530648.0,269797349457.0,25820.0,이구산업,,
00145464,2019,-3359895356.0,5735134875.0,263335449030.0,210304345587.0,204977334868.0,260653064443.0,25820.0,이구산업,,
00145464,2020,1896399130.0,-7250160692.0,271665261199.0,202936444956.0,192251963170.0,263335449030.0,25820.0,이구산업,,
00109161,2015,5365379592.0,4362723016.0,117932057998.0,50912035650.0,36132556936.0,113103974437.0,6890.0,태경케미컬,,
00109161,2016,3820249307.0,4768519046.0,113086853326.0,51339557113.0,36373677064.0,117932057998.0,6890.0,태경케미컬,,
00109161,2017,1639019276.0,6340579223.0,110660845444.0,48889792893.0,36405198313.0,113086853326.0,6890.0,태경케미컬,,
00109161,2018,2906256132.0,4865880525.0,123194401707.0,47441990797.0,34379548236.0,110660845444.0,6890.0,태경케미컬,,
00109161,2019,9823097442.0,33178255365.0,135621494696.0,41832103994.0,30506608885.0,123194401707.0,6890.0,태경케미컬,,
00109161,2020,7734494041.0,8776365310.0,140679345211.0,47060538797.0,29168031591.0,135621494696.0,6890.0,태경케미컬,,
00529815,2015,9156503629.0,16157428759.0,114049977725.0,58771678526.0,46502637561.0,106958511878.0,80520.0,오디텍,,
00529815,2016,10089205106.0,13484463264.0,126090417681.0,55721751231.0,42988554057.0,114049977725.0,80520.0,오디텍,,
00529815,2017,3964081259.0,6830092419.0,121968176088.0,48983308491.0,41688576892.0,126090417681.0,80520.0,오디텍,,
00529815,2018,3459387602.0,4383574069.0,125186733617.0,45225863327.0,41484702334.0,121968176088.0,80520.0,오디텍,,
00529815,2019,2138793593.0,2762783318.0,124506785526.0,41649156614.0,37921207169.0,125312695427.0,80520.0,오디텍,,
00529815,2020,5502164082.0,6723590071.0,130680335233.0,42236591872.0,38183628204.0,124506785526.0,80520.0,오디텍,,
00101628,2015,16692163219.0,39920579766.0,1318643312104.0,357628146446.0,255868653113.0,1301841378870.0,50.0,경방,,
00101628,2016,29474988386.0,67981078511.0,1301910959501.0,377445013363.0,268352680374.0,1318643312104.0,50.0,경방,,
00101628,2017,25315360534.0,57866500889.0,1274042237155.0,360788750428.0,253442168287.0,1301910959501.0,50.0,경방,,
00101628,2018,20189241082.0,12093896253.0,1301792841122.0,351438925710.0,244043107525.0,1274042237155.0,50.0,경방,,
00101628,2019,43621630599.0,66875285401.0,1370742491338.0,343892084610.0,244396020356.0,1301792841122.0,50.0,경방,,
00101628,2020,13025702736.0,33635651452.0,1264902051181.0,329224740782.0,232398638194.0,1370742491338.0,50.0,경방,,
00363486,2015,1727157668.0,1117122134.0,56558733687.0,74901958686.0,62801181761.0,51443708778.0,71280.0,로체시스템즈,,
00363486,2016,4056271682.0,-388226880.0,88640737485.0,98858095942.0,84324116958.0,56558733687.0,71280.0,로체시스템즈,,
00363486,2017,3317235243.0,5812827788.0,85124180405.0,337000209272.0,313836718552.0,88640737485.0,71280.0,로체시스템즈,,
00363486,2018,-1358814351.0,-1188208295.0,94517974128.0,73998396133.0,66171920260.0,85124180405.0,71280.0,로체시스템즈,,
00363486,2019,1196798916.0,-2749528456.0,120035002237.0,79780176235.0,65124599487.0,94517974128.0,71280.0,로체시스템즈,,
00363486,2020,8379650590.0,19142249333.0,118508629876.0,180209804534.0,157463017328.0,120035002237.0,71280.0,로체시스템즈,,
00111865,2015,-4298496229.0,-3769080763.0,43847254585.0,14515728761.0,12415553420.0,39597874339.0,28040.0,미래SCI,,
00111865,2016,-7291589901.0,-2026338579.0,45422611618.0,16509286958.0,12046683783.0,43847254585.0,28040.0,미래SCI,,
00111865,2017,-6664954817.0,-1807775169.0,52360547171.0,19108915539.0,18679855912.0,45422611618.0,28040.0,미래SCI,,
00111865,2018,-21343818857.0,-13543001576.0,66163230509.0,57593486451.0,56252013519.0,52360547171.0,28040.0,미래SCI,,
00111865,2019,-20618702142.0,8366172428.0,54405330633.0,14797966262.0,13912877238.0,66163230509.0,28040.0,미래SCI,,
00823429,2015,-9060582270.0,-17052655649.0,72898698969.0,98446610256.0,40624697461.0,91230282767.0,123690.0,한국화장품,,
00823429,2016,14617693967.0,18157489574.0,99299898273.0,160754823703.0,71650401119.0,72898698969.0,123690.0,한국화장품,,
00823429,2017,4028515866.0,-8159751153.0,99397360290.0,151256003803.0,67280686115.0,99299898273.0,123690.0,한국화장품,,
00823429,2018,-7746017399.0,-1293286297.0,95021031123.0,153882570609.0,70180408843.0,99397360290.0,123690.0,한국화장품,,
00823429,2019,-17224383050.0,5351702410.0,81307960199.0,131196339327.0,58467690830.0,95021031123.0,123690.0,한국화장품,,
00823429,2020,-7653392096.0,-805862274.0,75378061752.0,72498592505.0,33993225374.0,81307960199.0,123690.0,한국화장품,,
00303396,2015,8064168935.0,13387042376.0,106564425913.0,295914164892.0,282775068861.0,109083767604.0,54040.0,한국컴퓨터,,
00303396,2016,6885929184.0,6941198613.0,116752527709.0,235604156409.0,224402744008.0,106564425913.0,54040.0,한국컴퓨터,,
00303396,2017,-31620104.0,3715796651.0,146066344941.0,221319648091.0,211358795455.0,116752527709.0,54040.0,한국컴퓨터,,
00303396,2018,-6041246694.0,-5521651154.0,135316307362.0,114184161896.0,113230926561.0,146066344941.0,54040.0,한국컴퓨터,,
00303396,2019,7581510261.0,19317552720.0,128593746433.0,110390879020.0,98691682130.0,135316307362.0,54040.0,한국컴퓨터,,
00303396,2020,8745272163.0,4145348910.0,143139626682.0,133686853230.0,118267030012.0,128593746433.0,54040.0,한국컴퓨터,,
00174004,2015,16576424900.0,45007084466.0,373789816117.0,267926687921.0,250720796054.0,377733035430.0,2920.0,유성기업,,
00174004,2016,10800808637.0,31522675112.0,377300324668.0,257795673981.0,239894679777.0,373789816117.0,2920.0,유성기업,,
00174004,2017,6729153203.0,20897859126.0,382743466353.0,251728704203.0,238157709928.0,377300324668.0,2920.0,유성기업,,
00174004,2018,6760001483.0,10403873850.0,375587754004.0,246613791268.0,233745695144.0,382743466353.0,2920.0,유성기업,,
00174004,2019,19032126379.0,30886229640.0,396398403433.0,259585534408.0,238443033666.0,375587754004.0,2920.0,유성기업,,
00174004,2020,-2972498187.0,23540996261.0,411316942346.0,241545669236.0,231840380803.0,396398403433.0,2920.0,유성기업,,
00974927,2015,917303560.0,-19363636382.0,200430115717.0,82586149640.0,73838927592.0,179333542782.0,160550.0,NEW,,
00974927,2016,3565696914.0,3908954037.0,230523944772.0,125723993057.0,99920679948.0,200430115717.0,160550.0,NEW,,
00974927,2017,-7461325176.0,-21472814181.0,256463072069.0,94538543693.0,73587274141.0,230523944772.0,160550.0,NEW,,
00974927,2018,-14763932813.0,17697350733.0,256522672351.0,161222834105.0,133948816189.0,256463072069.0,160550.0,NEW,,
00974927,2019,-11086370881.0,-24223313739.0,313341345715.0,149180097149.0,120874917421.0,256522672351.0,160550.0,NEW,,
00974927,2020,-9780602158.0,1315089786.0,275767772365.0,140432232547.0,104454271280.0,313341345715.0,160550.0,NEW,,
00123107,2015,-172455635.0,3184487138.0,49528866331.0,31066713874.0,25983458731.0,51497215017.0,2760.0,보락,,
00123107,2016,3032427188.0,5452115145.0,53139579539.0,35708601318.0,29841099039.0,49528866331.0,2760.0,보락,,
00123107,2017,1238718533.0,705777313.0,51828011512.0,33456068708.0,27998595006.0,53139579539.0,2760.0,보락,,
00123107,2018,1105109206.0,3377011746.0,53313420319.0,33763266618.0,28283325890.0,51828011512.0,2760.0,보락,,
00123107,2019,648533674.0,1463212928.0,55616508700.0,36123805067.0,31223307086.0,53313420319.0,2760.0,보락,,
00123107,2020,394508500.0,2029892976.0,54109128575.0,38292697000.0,33551994864.0,55616508700.0,2760.0,보락,,
00220561,2015,45901413270.0,52123039338.0,659495158109.0,205331892373.0,67952822641.0,652758687511.0,37710.0,광주신세계,,
00220561,2016,45554028396.0,50122658110.0,655502726254.0,210423593830.0,69014283845.0,659495158109.0,37710.0,광주신세계,,
00220561,2017,47846191424.0,51294765713.0,655018970874.0,209647360453.0,68619341483.0,655502726254.0,37710.0,광주신세계,,
00220561,2018,45093180371.0,53868560327.0,696204981678.0,135213362301.0,17733154119.0,655018970874.0,37710.0,광주신세계,,
00220561,2019,47668959130.0,74340570134.0,752423111011.0,154879495810.0,18569710687.0,696204981678.0,37710.0,광주신세계,,
00220561,2020,43159504446.0,50700002112.0,784428251334.0,147508454276.0,15955627326.0,752423111011.0,37710.0,광주신세계,,
00165343,2015,-4494081163.0,30590306775.0,236639584749.0,266800605700.0,227316807756.0,257110072239.0,3010.0,혜인,,
00165343,2016,301155349.0,2182501347.0,234552457988.0,210994514654.0,178253456498.0,236639584749.0,3010.0,혜인,,
00165343,2017,1274929734.0,-21017296897.0,227953371620.0,237529859971.0,203880531217.0,234552457988.0,3010.0,혜인,,
00165343,2018,-749056453.0,3000832038.0,228402132858.0,216727129293.0,181764652087.0,227953371620.0,3010.0,혜인,,
00165343,2019,4247862776.0,26473772579.0,218339706970.0,260857962366.0,220858644222.0,228402132858.0,3010.0,혜인,,
00165343,2020,4815521110.0,19184940995.0,207882894058.0,217540949889.0,183364805650.0,218339706970.0,3010.0,혜인,,
00148595,2015,4651854051.0,7597212547.0,144671637011.0,143614275386.0,121385731860.0,138967211848.0,38010.0,제일테크노스,,
00148595,2016,2230389078.0,1291245551.0,148643896063.0,144645726501.0,124425949661.0,144671637011.0,38010.0,제일테크노스,,
00148595,2017,3559490013.0,-2475283083.0,157904817691.0,153078017469.0,132518385639.0,148643896063.0,38010.0,제일테크노스,,
00148595,2018,5310948661.0,20163806686.0,160194090601.0,160764315234.0,137100063431.0,157904817691.0,38010.0,제일테크노스,,
00148595,2019,4299303712.0,17905443122.0,159138351866.0,167024919440.0,147612829421.0,160194090601.0,38010.0,제일테크노스,,
00148595,2020,-4334665683.0,4292842183.0,153965042290.0,136052456715.0,125105233650.0,159138351866.0,38010.0,제일테크노스,,
00258689,2015,3223272695.0,4862451442.0,74088718972.0,50557050960.0,34912510966.0,73883530158.0,35900.0,JYP Ent.,,
00258689,2016,8524635842.0,15424673317.0,86571517594.0,73645282523.0,46319455231.0,74088718972.0,35900.0,JYP Ent.,,
00258689,2017,16369258073.0,27110664256.0,124428024149.0,102241863796.0,62968269737.0,86571517594.0,35900.0,JYP Ent.,,
00258689,2018,24275342132.0,22396588778.0,159341919774.0,124821138131.0,68659611563.0,124428024149.0,35900.0,JYP Ent.,,
00258689,2019,31220337653.0,50943042578.0,207839679239.0,155435844908.0,79358997387.0,159341919774.0,35900.0,JYP Ent.,,
00258689,2020,29636398233.0,22060358410.0,223949702666.0,144399021991.0,67501513665.0,207839679239.0,35900.0,JYP Ent.,,
00101220,2015,41854915971.0,-52792777983.0,1142452650982.0,1014474707121.0,810952424427.0,928917993550.0,1390.0,KG케미칼,,
00101220,2016,28347116846.0,75892026840.0,1263528833800.0,1031449560124.0,821226256230.0,1142452650982.0,1390.0,KG케미칼,,
00101220,2017,10207707315.0,189468540566.0,1480673142139.0,1099484824717.0,777400067034.0,1263528833800.0,1390.0,KG케미칼,,
00101220,2018,27765617794.0,58934038927.0,1508599076377.0,1282776686622.0,884059061732.0,1480673142139.0,1390.0,KG케미칼,,
00101220,2019,219341422536.0,146745850908.0,4151542217468.0,2068395230839.0,1587493819608.0,1508599076377.0,1390.0,KG케미칼,,
00101220,2020,154664333468.0,310297841334.0,4323538345059.0,3686350351629.0,3018826627423.0,4151542217468.0,1390.0,KG케미칼,,
00152686,2015,7408040736.0,61607416404.0,526992025592.0,564337230088.0,500885885314.0,542551001126.0,7810.0,코리아써키트,,
00152686,2016,-4194050255.0,14797334323.0,520500737082.0,545300470697.0,513630464835.0,526992025592.0,7810.0,코리아써키트,,
00152686,2017,29629689851.0,34764902033.0,556503135113.0,591598881619.0,563710635514.0,520500737082.0,7810.0,코리아써키트,,
00152686,2018,-27865837303.0,10030345062.0,500488797322.0,535824715216.0,538451914179.0,556503135113.0,7810.0,코리아써키트,,
00152686,2019,2124891038.0,47211164274.0,478120049110.0,543423598661.0,512121813511.0,500488797322.0,7810.0,코리아써키트,,
00152686,2020,-11775816310.0,18845438888.0,921746308017.0,902121287287.0,859797912992.0,479713960645.0,7810.0,코리아써키트,,
00162993,2015,64884025338.0,128776317502.0,2150692025832.0,1377333889726.0,1116983599506.0,2122357916929.0,3300.0,한일홀딩스,,
00162993,2016,83766908637.0,40526061276.0,2158467188807.0,1441199875268.0,1199198096813.0,2150692025832.0,3300.0,한일홀딩스,,
00162993,2017,65639949293.0,70349647948.0,3336312354858.0,1574266494841.0,1255678729242.0,2158467188807.0,3300.0,한일홀딩스,,
00162993,2018,520425828792.0,126727442961.0,3254244173248.0,1186663442416.0,1005507126540.0,3336312354858.0,3300.0,한일홀딩스,,
00162993,2019,49230379214.0,125186695922.0,3300043274787.0,1651806631552.0,1378565327427.0,3254244173248.0,3300.0,한일홀딩스,,
00162993,2020,108496278913.0,250723614636.0,3320136775690.0,1533374307264.0,1219773467825.0,3300043274787.0,3300.0,한일홀딩스,,
00800145,2015,5971413604.0,65250147973.0,813428496506.0,1337192497583.0,1265568220215.0,729070780155.0,122690.0,서진오토모티브,,
00800145,2016,4073853309.0,48180016085.0,820592255120.0,1292470377926.0,1222738875209.0,813428496506.0,122690.0,서진오토모티브,,
00800145,2017,-17749881366.0,67141218609.0,828627923993.0,1238336208953.0,1188946106712.0,820592255120.0,122690.0,서진오토모티브,,
00800145,2018,-25261802408.0,38099295294.0,866725862051.0,1286481785871.0,1239505004124.0,828627923993.0,122690.0,서진오토모티브,,
00800145,2019,-16826423810.0,46606265457.0,871205378902.0,1429752268051.0,1364454576341.0,866725862051.0,122690.0,서진오토모티브,,
00800145,2020,-18114668423.0,112141627828.0,855318070497.0,1505981784239.0,1446428661012.0,871205378902.0,122690.0,서진오토모티브,,
00411385,2015,29510236150.0,49333090922.0,260011880839.0,162330626109.0,98196210013.0,225601065576.0,78070.0,유비쿼스홀딩스,,
00411385,2016,23925421750.0,14794670172.0,250106176894.0,120672461350.0,65778029957.0,260011880839.0,78070.0,유비쿼스홀딩스,,
00411385,2017,96694231555.0,-493878812.0,161062413963.0,7773041810.0,1144845916.0,250106176894.0,78070.0,유비쿼스홀딩스,,
00411385,2018,16668486257.0,20424424512.0,278956100449.0,86222033770.0,49080164909.0,161062413963.0,78070.0,유비쿼스홀딩스,,
00411385,2019,13911860744.0,18169881658.0,295097245791.0,112451242995.0,74526436120.0,278956100449.0,78070.0,유비쿼스홀딩스,,
00411385,2020,18971251565.0,18465855956.0,317956637876.0,121381633504.0,73836997492.0,295097245791.0,78070.0,유비쿼스홀딩스,,
00660291,2015,2158514690.0,3732884952.0,36027022158.0,15867092882.0,9380522416.0,34022951241.0,109080.0,옵티시스,,
00660291,2016,2330830051.0,3871391297.0,37632590612.0,17126538954.0,10060225431.0,36027022158.0,109080.0,옵티시스,,
00660291,2017,1703707917.0,2636300308.0,36946311649.0,17931057992.0,10891146488.0,37632590612.0,109080.0,옵티시스,,
00660291,2018,2771171815.0,3125514206.0,38812552624.0,21275098899.0,12774372293.0,36946311649.0,109080.0,옵티시스,,
00660291,2019,2834539269.0,2148996261.0,42143791104.0,19692118408.0,12303859571.0,38812552624.0,109080.0,옵티시스,,
00660291,2020,1528133547.0,3713665830.0,42735117808.0,20410901564.0,13566609777.0,42143791104.0,109080.0,옵티시스,,
01124653,2015,0.0,0.0,81099980906.0,0.0,0.0,,236200.0,슈프리마,,
01124653,2016,11122748204.0,13305428359.0,94667364704.0,42182326225.0,21449215568.0,81099980906.0,236200.0,슈프리마,,
01124653,2017,9089244750.0,12969286405.0,103278676236.0,47062107218.0,22035813918.0,94667364704.0,236200.0,슈프리마,,
01124653,2018,11398636493.0,14922517013.0,115891116041.0,52757142316.0,24154536243.0,103278676236.0,236200.0,슈프리마,,
01124653,2019,25942270673.0,26785432383.0,148553813724.0,72130976908.0,25633481855.0,115891116041.0,236200.0,슈프리마,,
01124653,2020,9422930176.0,14997049074.0,153834347663.0,57769865908.0,23780986734.0,148553813724.0,236200.0,슈프리마,,
00332927,2015,19594387448.0,17981577091.0,158996596754.0,240294264724.0,180551354357.0,124471100081.0,194370.0,제이에스코퍼레이션,,
00332927,2016,10511357631.0,-6421926070.0,198836134949.0,188518471813.0,141034582569.0,158996596754.0,194370.0,제이에스코퍼레이션,,
00332927,2017,5760615306.0,-408621857.0,190454997518.0,236280601676.0,184987436686.0,198836134949.0,194370.0,제이에스코퍼레이션,,
00332927,2018,5862115946.0,6596817129.0,189468046110.0,205633846179.0,164628808683.0,190454997518.0,194370.0,제이에스코퍼레이션,,
00332927,2019,8222160651.0,20674833504.0,201631124249.0,253067075474.0,204876582387.0,189468046110.0,194370.0,제이에스코퍼레이션,,
00332927,2020,2319864840.0,-5647876244.0,504395888494.0,402818974793.0,346115401399.0,201631124249.0,194370.0,제이에스코퍼레이션,,
00266952,2015,49969691835.0,16375215638.0,570887893484.0,199471967847.0,94870705357.0,573964611372.0,42420.0,네오위즈홀딩스,,
00266952,2016,-8386451866.0,14797577897.0,533357640105.0,201698094929.0,96783407483.0,570887893484.0,42420.0,네오위즈홀딩스,,
00266952,2017,-6798711205.0,10655405951.0,524777875970.0,184864190218.0,98457744565.0,533357640105.0,42420.0,네오위즈홀딩스,,
00266952,2018,43566138753.0,40610065559.0,590591987373.0,228327080509.0,112175791838.0,524777875970.0,42420.0,네오위즈홀딩스,,
00266952,2019,40857864043.0,32631101252.0,622123553745.0,253948129771.0,114229214192.0,590591987373.0,42420.0,네오위즈홀딩스,,
00266952,2020,94962424119.0,71169438309.0,734765967808.0,289246162719.0,231495861627.0,622123553745.0,42420.0,네오위즈홀딩스,,
00398792,2015,97385182987.0,70454718943.0,1172763189575.0,1210524500386.0,991236592787.0,1115027090402.0,64960.0,SNT모티브,,
00398792,2016,34344245534.0,106102872725.0,1248155630296.0,1153810828300.0,978364573805.0,1172763189575.0,64960.0,SNT모티브,,
00398792,2017,59056156732.0,70323443370.0,1226311096332.0,1137470938437.0,962199991914.0,1248155630296.0,64960.0,SNT모티브,,
00398792,2018,57225144596.0,90371134259.0,1196519724467.0,1058426413776.0,926062524052.0,1226311096332.0,64960.0,SNT모티브,,
00398792,2019,3698578329.0,99309970616.0,1038905998088.0,976273915234.0,823009026108.0,1196519724467.0,64960.0,SNT모티브,,
00398792,2020,54441083294.0,139336357460.0,1092927846387.0,940745523369.0,804080467524.0,1038905998088.0,64960.0,SNT모티브,,
00148920,2015,19297939489.0,21198381378.0,240788271189.0,189482108957.0,147844959011.0,241620450614.0,4910.0,조광페인트,,
00148920,2016,18202786115.0,18190223151.0,252381851170.0,188696551438.0,146328629655.0,240788271189.0,4910.0,조광페인트,,
00148920,2017,4300154451.0,13425598722.0,265062344203.0,201245023880.0,166824645753.0,252381851170.0,4910.0,조광페인트,,
00148920,2018,-3901676308.0,-4987296000.0,303627547925.0,209481334844.0,178263184701.0,265062344203.0,4910.0,조광페인트,,
00148920,2019,-2312930822.0,12308766057.0,312545228445.0,203361939983.0,173035908820.0,303627547925.0,4910.0,조광페인트,,
00148920,2020,4464384459.0,14326795775.0,349970175149.0,201303245096.0,172049354629.0,312545228445.0,4910.0,조광페인트,,
01170865,2018,51649368.0,-57483997.0,11200669614.0,0.0,,1279142979.0,253590.0,네오셈,,
01170865,2019,-1569501327.0,-4882275628.0,64170221517.0,27225588076.0,13957524086.0,51067489849.0,253590.0,네오셈,,
01170865,2020,8075578254.0,13844628740.0,64005716243.0,48638483798.0,20589319492.0,64170221517.0,253590.0,네오셈,,
00484682,2015,8629095080.0,9563951171.0,92515184417.0,123883585043.0,88999830933.0,85520312972.0,83310.0,엘오티베큠,,
00484682,2016,8487280465.0,3704813123.0,116456264878.0,124058523770.0,85789370323.0,92515184417.0,83310.0,엘오티베큠,,
00484682,2017,24341204027.0,39083009600.0,153092789874.0,200745089917.0,138481976552.0,116456264878.0,83310.0,엘오티베큠,,
00484682,2018,16841766717.0,17053038272.0,175452869284.0,169314396804.0,109835450737.0,153092789874.0,83310.0,엘오티베큠,,
00484682,2019,1876410972.0,-4459260953.0,210032401668.0,150245826353.0,106711802338.0,175452869284.0,83310.0,엘오티베큠,,
00484682,2020,4008121377.0,25451251014.0,227580620186.0,171239283650.0,117704089479.0,210032401668.0,83310.0,엘오티베큠,,
01437292,2020,-775358536.0,3134991803.0,296808413266.0,7868321503.0,,,357250.0,미래에셋맵스리츠,,
00136864,2015,6645135722.0,29503637730.0,431379115547.0,639432773763.0,430001961961.0,428090183611.0,9270.0,신원,,
00136864,2016,-5784601751.0,21776136971.0,432327923183.0,640056399801.0,435915842210.0,431379115547.0,9270.0,신원,,
00136864,2017,-9821119564.0,1288466608.0,421611580474.0,639930979978.0,448399927660.0,432327923183.0,9270.0,신원,,
00136864,2018,-6340749633.0,5003820468.0,412251485080.0,621490809812.0,449617709254.0,421611580474.0,9270.0,신원,,
00136864,2019,531288030.0,30063553482.0,403441080339.0,674868343977.0,498757092607.0,412251485080.0,9270.0,신원,,
00136864,2020,-9235264915.0,2105345849.0,405804841335.0,694296869487.0,545367955524.0,403441080339.0,9270.0,신원,,
00155373,2015,2935103756.0,7752271964.0,86907260315.0,89382644314.0,78455962683.0,85064194011.0,93380.0,풍강,,
00155373,2016,1854635299.0,125342677.0,91291862357.0,86337847410.0,75031771808.0,86907260315.0,93380.0,풍강,,
00155373,2017,2648131751.0,9916649037.0,92357231634.0,83342389653.0,72369698552.0,91291862357.0,93380.0,풍강,,
00155373,2018,849031899.0,5543995221.0,92732481640.0,79043459883.0,70548254168.0,92357231634.0,93380.0,풍강,,
00155373,2019,1158576301.0,6507473901.0,88353178908.0,81455151992.0,71960662687.0,92732481640.0,93380.0,풍강,,
00155373,2020,156843367.0,9507373160.0,83181501095.0,63912779991.0,56134577445.0,88353178908.0,93380.0,풍강,,
00137809,2015,1932155257.0,6147583613.0,69573297914.0,57212357384.0,50094230460.0,74352137545.0,1770.0,SHD,,
00137809,2016,576364728.0,4393234808.0,70143577891.0,70158672615.0,64824714272.0,69573297914.0,1770.0,SHD,,
00137809,2017,-2078375442.0,1929165243.0,70239952728.0,61275312858.0,54590996097.0,70143577891.0,1770.0,SHD,,
00137809,2018,2226278637.0,6130482331.0,64576395972.0,71644133274.0,64783959035.0,66379979870.0,1770.0,SHD,,
00137809,2019,963220658.0,2501942605.0,65306966810.0,74112165251.0,68891805421.0,64576395972.0,1770.0,SHD,,
00137809,2020,489045220.0,2635738274.0,64200496109.0,77326954913.0,72286769651.0,65306966810.0,1770.0,SHD,,
00111193,2015,17119154501.0,3906337703.0,205060569950.0,154238949636.0,126009746805.0,190704227972.0,108380.0,대양전기공업,,
00111193,2016,16378076818.0,30384010439.0,227620039970.0,174947503686.0,143253030017.0,205060569950.0,108380.0,대양전기공업,,
00111193,2017,11832661045.0,33605358765.0,245551125235.0,143063987487.0,115054452483.0,227620039970.0,108380.0,대양전기공업,,
00111193,2018,12687781491.0,-2001996017.0,254097102262.0,122939671202.0,104094290488.0,245551125235.0,108380.0,대양전기공업,,
00111193,2019,12498664871.0,5320071943.0,260438587895.0,176919530633.0,151333249720.0,254097102262.0,108380.0,대양전기공업,,
00111193,2020,13832346033.0,-385047932.0,253990161403.0,189162527096.0,162438598201.0,260438587895.0,108380.0,대양전기공업,,
00490179,2015,3811297278.0,6098131070.0,83719639829.0,24831199039.0,,79186656798.0,75130.0,플랜티넷,,
00490179,2016,3110147352.0,3019465872.0,82951197449.0,27804608697.0,,83719639829.0,75130.0,플랜티넷,,
00490179,2017,-746195371.0,3783964176.0,81969474296.0,22098488378.0,,82951197449.0,75130.0,플랜티넷,,
00490179,2018,1491299283.0,4366951861.0,81244539598.0,23236496720.0,,81969474296.0,75130.0,플랜티넷,,
00490179,2019,2669253040.0,3338042227.0,83298765711.0,23557318307.0,,81244539598.0,75130.0,플랜티넷,,
00490179,2020,1387999940.0,3221659500.0,82121003734.0,24015715781.0,,83298765711.0,75130.0,플랜티넷,,
01258710,2018,5247720086.0,1692528010.0,59657395069.0,30576216125.0,19563381695.0,11373384917.0,302430.0,이노메트리,,
01258710,2019,4628076362.0,-5030495004.0,61620374352.0,31891285547.0,21769260723.0,59657395069.0,302430.0,이노메트리,,
01258710,2020,-3696864911.0,4449515448.0,55477531017.0,20723392923.0,16985796659.0,61620374352.0,302430.0,이노메트리,,
00678096,2015,-5915962593.0,-1817736207.0,86486997505.0,35416680843.0,36212494436.0,74051355590.0,141070.0,맥스로텍,,
00678096,2016,-8764017463.0,3779947606.0,79364972225.0,40091369171.0,39239773802.0,86486997505.0,141070.0,맥스로텍,,
00678096,2017,-2268821435.0,-869063358.0,83603254091.0,38651323174.0,33653287722.0,79364972225.0,141070.0,맥스로텍,,
00678096,2018,1950041896.0,11813411573.0,90063345032.0,59576149613.0,52938795336.0,83603254091.0,141070.0,맥스로텍,,
00678096,2019,-10090120443.0,-8716663632.0,75565720293.0,37317298363.0,42901365038.0,90063345032.0,141070.0,맥스로텍,,
00678096,2020,-25132068929.0,-3416526240.0,52152068112.0,19611902682.0,32388596779.0,75565720293.0,141070.0,맥스로텍,,
00220686,2015,4933465081.0,6061761512.0,157240106875.0,138807894016.0,112022810415.0,147799140392.0,58610.0,에스피지,,
00220686,2016,15536047433.0,18748914005.0,246130814201.0,152272421512.0,122924044594.0,157240106875.0,58610.0,에스피지,,
00220686,2017,-4125610855.0,-15885890065.0,246662317765.0,295751093253.0,239431475293.0,246130814201.0,58610.0,에스피지,,
00220686,2018,8025965681.0,9184026404.0,275225378822.0,305413293865.0,246405866352.0,246662317765.0,58610.0,에스피지,,
00220686,2019,6802471400.0,8248699148.0,275739191231.0,315161067249.0,255745604708.0,275225378822.0,58610.0,에스피지,,
00220686,2020,14080552105.0,14763425788.0,288389865293.0,354832505759.0,292289951977.0,275739191231.0,58610.0,에스피지,,
00429694,2015,-5339749140.0,-404140217.0,85076971014.0,51726108865.0,50650725602.0,76363604520.0,177830.0,파버나인,,
00429694,2016,3501667581.0,8148687986.0,102674835702.0,76984703564.0,67345021666.0,85076971014.0,177830.0,파버나인,,
00429694,2017,720336294.0,8060627348.0,113945581733.0,106136237888.0,94340990837.0,102674835702.0,177830.0,파버나인,,
00429694,2018,4729713412.0,-2697354954.0,123062728066.0,112395078921.0,97502955827.0,113945581733.0,177830.0,파버나인,,
00429694,2019,-12583773214.0,2710731284.0,127289836457.0,103613096413.0,97132465234.0,123062728066.0,177830.0,파버나인,,
00429694,2020,4339028212.0,21871881924.0,132805125959.0,141689828875.0,120261545986.0,127289836457.0,177830.0,파버나인,,
00673976,2015,10208485451.0,-1682784446.0,88205162840.0,47132850325.0,30376445366.0,34266000929.0,114570.0,지스마트글로벌,,
00673976,2016,13301567328.0,-9936570920.0,115037900135.0,90159753469.0,58643909426.0,88205162840.0,114570.0,지스마트글로벌,,
00673976,2017,13965908925.0,-24433216244.0,169743689307.0,96155430882.0,58076484222.0,115037900135.0,114570.0,지스마트글로벌,,
00673976,2018,-13697658078.0,496867539.0,153543790046.0,31560874017.0,20259689724.0,169743689307.0,114570.0,지스마트글로벌,,
00673976,2019,-81037533687.0,3247272944.0,95560283427.0,12350188395.0,16990483132.0,153543790046.0,114570.0,지스마트글로벌,,
00673976,2020,-81037533687.0,3247272944.0,95560283427.0,12350188395.0,16990483132.0,153543790046.0,114570.0,지스마트글로벌,,
00857727,2015,-3174858185.0,8731271851.0,583170131529.0,795196859584.0,662902354802.0,538934679973.0,136480.0,하림,,
00857727,2016,19134376535.0,85472612062.0,461068251280.0,826023184680.0,668752365699.0,583170131529.0,136480.0,하림,,
00857727,2017,22233819071.0,9459739912.0,622289475212.0,867327537768.0,707059401124.0,461068251280.0,136480.0,하림,,
00857727,2018,-12074784768.0,-13450475866.0,824136722618.0,828599248190.0,695968795123.0,622289475212.0,136480.0,하림,,
00857727,2019,-39850731728.0,-8270022775.0,768027563706.0,805855041435.0,714170716757.0,824136722618.0,136480.0,하림,,
00857727,2020,8127518203.0,63084484138.0,806508850011.0,895465451202.0,749927625692.0,768027563706.0,136480.0,하림,,
00476036,2016,8274238486.0,15665801226.0,52300930784.0,64579752489.0,51721151753.0,35945795305.0,83500.0,에프엔에스테크,,
00476036,2017,-10199194111.0,-5448024084.0,58060531253.0,69420189190.0,66948946090.0,52300930784.0,83500.0,에프엔에스테크,,
00476036,2018,3207393356.0,2939137863.0,68708846430.0,46350227854.0,39778613537.0,58060531253.0,83500.0,에프엔에스테크,,
00476036,2019,1442503499.0,3942092301.0,78080139427.0,34096407724.0,27320010017.0,68708846430.0,83500.0,에프엔에스테크,,
00476036,2020,8214449219.0,21419473829.0,112602336531.0,91909698686.0,71252038973.0,78080139427.0,83500.0,에프엔에스테크,,
00146269,2015,20225274992.0,18028600821.0,889516557378.0,454669022501.0,351831933167.0,818332224599.0,3200.0,일신방직,,
00146269,2016,20690638930.0,39156242298.0,904835178920.0,478266927775.0,373921536780.0,889516557378.0,3200.0,일신방직,,
00146269,2017,17042406475.0,37025927823.0,895872906997.0,492465891542.0,396245031636.0,904835178920.0,3200.0,일신방직,,
00146269,2018,22339169369.0,7499682120.0,937343600355.0,492301163930.0,397045182732.0,895872906997.0,3200.0,일신방직,,
00146269,2019,7979804216.0,29497606018.0,953608709325.0,496199335849.0,403461311288.0,937343600355.0,3200.0,일신방직,,
00146269,2020,10432532205.0,56693948432.0,964200062868.0,464871493380.0,374997993041.0,953608709325.0,3200.0,일신방직,,
00155382,2015,4271290267.0,-128788554.0,91018696764.0,30346166923.0,18925134367.0,72485729637.0,65940.0,바이오빌,,
00155382,2016,-10532035864.0,-7805819023.0,107762124934.0,32673082979.0,18559879712.0,91018696764.0,65940.0,바이오빌,,
00155382,2017,-25182714164.0,-5829176205.0,203160572655.0,50351617068.0,30263249097.0,107762124934.0,65940.0,바이오빌,,
00155382,2018,-97538999768.0,-19506407751.0,253320781329.0,105564889714.0,93578366418.0,203160572655.0,65940.0,바이오빌,,
00155382,2020,-30351373080.0,-2513365988.0,106508873355.0,13481366986.0,11645806449.0,130442162933.0,65940.0,바이오빌,,
00671978,2018,4810591746.0,5431994838.0,95755029603.0,119259701618.0,49005066006.0,73262907887.0,204020.0,그리티,,
00671978,2019,1563323258.0,-1686900989.0,92151595775.0,123079831239.0,56407950339.0,95755029603.0,204020.0,그리티,,
00671978,2020,836635861.0,3256328825.0,87285204776.0,123462306393.0,58268767887.0,92151595775.0,204020.0,그리티,,
00130091,2015,13969562460.0,-2853783862.0,257318443827.0,261353625845.0,143197974440.0,235219021523.0,7540.0,샘표,,
00130091,2016,1629907151.0,5062332779.0,118579705443.0,20311153615.0,7456852329.0,257318443827.0,7540.0,샘표,,
00130091,2017,12814245565.0,32830735505.0,311564694300.0,274446518458.0,146070155446.0,118579705443.0,7540.0,샘표,,
00130091,2018,21241291598.0,27624187357.0,320918954893.0,275861155978.0,147084137950.0,311564694300.0,7540.0,샘표,,
00130091,2019,24721680726.0,41024120185.0,338575304482.0,281023046262.0,148873973862.0,320918954893.0,7540.0,샘표,,
00130091,2020,35272383470.0,48166247812.0,381155550117.0,319076436534.0,174356418903.0,338575304482.0,7540.0,샘표,,
00138729,2015,-38672436993.0,13654334979.0,654562230479.0,597675578206.0,534534200901.0,715736923126.0,2310.0,아세아제지,,
00138729,2016,20732838768.0,30848642297.0,720959585385.0,633031517316.0,547582911312.0,654562230479.0,2310.0,아세아제지,,
00138729,2017,5007146150.0,-184093326.0,766895048057.0,728592248661.0,653751298606.0,720959585385.0,2310.0,아세아제지,,
00138729,2018,78682472379.0,146184634541.0,812379764128.0,775844757501.0,600181020728.0,766895048057.0,2310.0,아세아제지,,
00138729,2019,61440520886.0,110361395302.0,848228967713.0,697656463462.0,549457751987.0,812379764128.0,2310.0,아세아제지,,
00138729,2020,54245095687.0,105972261300.0,882326924993.0,731631749310.0,583653758935.0,848228967713.0,2310.0,아세아제지,,
00369170,2015,-82684169814.0,3472176626.0,479319435106.0,529454377693.0,586593708037.0,580655841853.0,51370.0,인터플렉스,,
00369170,2016,-55726777738.0,6428473303.0,431135558792.0,575646205207.0,600070308072.0,479319435106.0,51370.0,인터플렉스,,
00369170,2017,41649245034.0,67042414276.0,554319083376.0,805539294769.0,720517608728.0,431135558792.0,51370.0,인터플렉스,,
00369170,2018,-79426986917.0,-36892526392.0,368234205898.0,313944604126.0,356558055006.0,554319083376.0,51370.0,인터플렉스,,
00369170,2019,-28269349781.0,14501864011.0,351362963161.0,439165312922.0,440379599875.0,368234205898.0,51370.0,인터플렉스,,
00369170,2020,-43612837314.0,2258318612.0,327916556709.0,323691278747.0,335130294187.0,351362963161.0,51370.0,인터플렉스,,
00530556,2015,7375899060.0,9206391482.0,62383533776.0,70583995359.0,54917799147.0,46990050901.0,122640.0,예스티,,
00530556,2016,2540723829.0,-4884656389.0,82255293357.0,52705412045.0,41741933899.0,62383533776.0,122640.0,예스티,,
00530556,2017,14704559812.0,-5986848220.0,116922617175.0,150431279969.0,122413052373.0,82255293357.0,122640.0,예스티,,
00530556,2018,-4972561234.0,5144983306.0,126427655052.0,92091501086.0,78316317434.0,116922617175.0,122640.0,예스티,,
00530556,2019,-30764652372.0,-5021806732.0,172007119266.0,53365357987.0,59218652442.0,134904940514.0,122640.0,예스티,,
00530556,2020,405260497.0,11534312171.0,165737974515.0,66089641038.0,54280941761.0,172007119266.0,122640.0,예스티,,
00153126,2015,43214538977.0,112594406409.0,1121569713892.0,1204012617990.0,718278496250.0,1089820120199.0,5740.0,크라운해태홀딩스,,
00153126,2016,44592982983.0,82091916217.0,1177800258435.0,1188834513181.0,725748575969.0,1121569713892.0,5740.0,크라운해태홀딩스,,
00153126,2017,175348448570.0,43171044138.0,1311341477303.0,1002111627849.0,633198099788.0,1177800258435.0,5740.0,크라운해태홀딩스,,
00153126,2018,10819579466.0,81092622124.0,1286504595536.0,1092084363826.0,723003243006.0,1311341477303.0,5740.0,크라운해태홀딩스,,
00153126,2019,-22509197937.0,98713175135.0,1238166154288.0,1055213955309.0,704250348907.0,1286504595536.0,5740.0,크라운해태홀딩스,,
00153126,2020,40339623173.0,76121802823.0,1093370177549.0,923222519676.0,600613400626.0,1238166154288.0,5740.0,크라운해태홀딩스,,
00128661,2015,33785563395.0,22321358323.0,243387664768.0,1059342878080.0,1007301742326.0,248047485734.0,31330.0,에스에이엠티,,
00128661,2016,38647294680.0,13485304112.0,282323481924.0,1063479332525.0,1009681587603.0,243387664768.0,31330.0,에스에이엠티,,
00128661,2017,29462675122.0,18510592002.0,285611567711.0,1212024347621.0,1159126322948.0,282323481924.0,31330.0,에스에이엠티,,
00128661,2018,31851156939.0,-8663490240.0,321534151023.0,1176014834623.0,1122548854038.0,285611567711.0,31330.0,에스에이엠티,,
00128661,2019,37593122442.0,45835620528.0,285718634745.0,1213833609973.0,1162766946895.0,321534151023.0,31330.0,에스에이엠티,,
00128661,2020,43362341184.0,13029620352.0,346216778519.0,1240458342248.0,1187763523333.0,285718634745.0,31330.0,에스에이엠티,,
00641171,2015,70290952.0,-308363670.0,34097529890.0,14304760367.0,10541805828.0,34794237879.0,100030.0,인지소프트,,
00641171,2016,144127744.0,2861672383.0,34015403672.0,13419241867.0,8788060016.0,34097529890.0,100030.0,인지소프트,,
00641171,2017,976912142.0,1579772071.0,32019617002.0,13343523461.0,8183371750.0,34015403672.0,100030.0,인지소프트,,
00641171,2018,4405463766.0,3246431948.0,36279508111.0,15345179748.0,7529572368.0,32019617002.0,100030.0,인지소프트,,
00641171,2019,-1522744354.0,8067999313.0,37969975258.0,23558937238.0,14647995005.0,36279508111.0,100030.0,인지소프트,,
00641171,2020,5216268490.0,3342764109.0,56013559922.0,20169959727.0,10976119075.0,37969975258.0,100030.0,인지소프트,,
00223434,2015,6477014287.0,,109373767704.0,84636616665.0,52825730073.0,93282952148.0,36810.0,에프에스티,,
00223434,2016,5016292773.0,,128227088050.0,112326475129.0,76680495215.0,109373767704.0,36810.0,에프에스티,,
00223434,2017,9755088749.0,,134204942515.0,191695210047.0,149371228923.0,128227088050.0,36810.0,에프에스티,,
00223434,2018,16947266064.0,29982413792.0,141867686288.0,165054024165.0,115999846675.0,134204942515.0,36810.0,에프에스티,,
00223434,2019,18278889592.0,17071943199.0,181134486476.0,125729653931.0,75583411023.0,141867686288.0,36810.0,에프에스티,,
00223434,2020,18687189166.0,27353889955.0,224226234384.0,166157842718.0,105736275800.0,181134486476.0,36810.0,에프에스티,,
00864338,2015,2677713755.0,4430182975.0,61867008284.0,27765283924.0,18658368220.0,36514579534.0,196700.0,웹스,,
00864338,2016,1944605676.0,3606545597.0,66254205567.0,27252213624.0,18380551507.0,61867008284.0,196700.0,웹스,,
00864338,2017,-776436745.0,-621658133.0,66026014843.0,30683428618.0,22868604798.0,66254205567.0,196700.0,웹스,,
00864338,2018,-25099242.0,309409024.0,67050124891.0,28446123874.0,21811062543.0,66026014843.0,196700.0,웹스,,
00864338,2019,-225862988.0,1647478824.0,68602446610.0,28492652061.0,21899276873.0,67050124891.0,196700.0,웹스,,
00864338,2020,-834112000.0,1313775138.0,66882411226.0,32564421283.0,25925471169.0,68602446610.0,196700.0,웹스,,
01169267,2017,-2703989898.0,912808190.0,28319078816.0,32928605094.0,16739012182.0,25837540419.0,252500.0,세화피앤씨,,
01169267,2018,1105275290.0,-2846544106.0,30961519178.0,27712196565.0,16013611339.0,28189012366.0,252500.0,세화피앤씨,,
01169267,2019,595313461.0,2546777140.0,29486061897.0,29231952461.0,17634633038.0,30961519178.0,252500.0,세화피앤씨,,
01169267,2020,4281388540.0,8121803448.0,33753674754.0,36598989829.0,18799481980.0,29486061897.0,252500.0,세화피앤씨,,
00325112,2015,10722791576.0,5030160260.0,136149269504.0,75099920202.0,50449429341.0,123861992975.0,53610.0,프로텍,,
00325112,2016,12307310485.0,18993921041.0,149101243030.0,94840057507.0,65944396324.0,136149269504.0,53610.0,프로텍,,
00325112,2017,25389937494.0,3702751567.0,175974865929.0,149802231169.0,104455324317.0,149101243030.0,53610.0,프로텍,,
00325112,2018,25418954887.0,8955336121.0,198746311150.0,153993869645.0,104365309278.0,175974865929.0,53610.0,프로텍,,
00325112,2019,37400833784.0,76216560543.0,232522656200.0,179775053145.0,114012820821.0,198746311150.0,53610.0,프로텍,,
00325112,2020,11127633694.0,11029272345.0,227452169198.0,86503551330.0,57416616062.0,232522656200.0,53610.0,프로텍,,
00925295,2015,2249453280.0,-642653948.0,110111615369.0,72671244336.0,55035159275.0,76379789317.0,173940.0,에프엔씨엔터,,
00925295,2016,-6340255562.0,-248546952.0,134050053997.0,91417168969.0,76346987065.0,110111615369.0,173940.0,에프엔씨엔터,,
00925295,2017,-6498024201.0,6993938826.0,123872016547.0,116687389018.0,94641037426.0,134050053997.0,173940.0,에프엔씨엔터,,
00925295,2018,-1436902847.0,-10442273666.0,84364232208.0,74014341736.0,67847562945.0,123872016547.0,173940.0,에프엔씨엔터,,
00925295,2019,-7567799456.0,865602742.0,115339954397.0,84190079127.0,74341385433.0,84364232208.0,173940.0,에프엔씨엔터,,
00925295,2020,-7853151729.0,22383428984.0,131962461511.0,72424739151.0,67839408489.0,115339954397.0,173940.0,에프엔씨엔터,,
00496225,2015,2452290658.0,1908893326.0,23654780036.0,22700030673.0,14556703207.0,20687703030.0,87730.0,이엠네트웍스,,
00496225,2016,-673944903.0,-732372151.0,22382136838.0,18302905342.0,14501725347.0,23654780036.0,87730.0,이엠네트웍스,,
00496225,2017,-2110772416.0,-992866120.0,19650393684.0,16336622013.0,12936729292.0,22382136838.0,87730.0,이엠네트웍스,,
00496225,2018,-7747997267.0,-1774472154.0,76180498623.0,13316220697.0,12163472088.0,19650393684.0,87730.0,이엠네트웍스,,
00496225,2019,-94047193282.0,-19804096004.0,58841583849.0,12991454620.0,13094739619.0,76180498623.0,87730.0,이엠네트웍스,,
00496225,2020,-17754065613.0,-4582050481.0,36952832717.0,17787241993.0,19299881314.0,58841583849.0,87730.0,이엠네트웍스,,
00250997,2015,7653198785.0,11683489344.0,100213684640.0,57889099168.0,43094413475.0,98651065868.0,120240.0,대정화금,,
00250997,2016,7523771317.0,7432678776.0,112213890885.0,60942764632.0,45400822487.0,100213684640.0,120240.0,대정화금,,
00250997,2017,7329285991.0,8881110837.0,112265502028.0,66494215793.0,49799668193.0,112213890885.0,120240.0,대정화금,,
00250997,2018,10037350332.0,8923089099.0,128672394549.0,73830487028.0,55986519206.0,112265502028.0,120240.0,대정화금,,
00250997,2019,6068095530.0,10766523383.0,151327493506.0,79606763561.0,60592129678.0,128672394549.0,120240.0,대정화금,,
00250997,2020,8913116804.0,8986317366.0,161004379364.0,80191667650.0,61626174813.0,151327493506.0,120240.0,대정화금,,
00599957,2015,12800619791.0,19672599605.0,86559203066.0,27483989114.0,17427342250.0,152806275998.0,94840.0,슈프리마에이치큐,,
00599957,2016,3857835229.0,5192994352.0,125210896083.0,32115989972.0,20052839090.0,86559203066.0,94840.0,슈프리마에이치큐,,
00599957,2017,4652792368.0,4467365511.0,129283488679.0,28628445248.0,18638240902.0,125210896083.0,94840.0,슈프리마에이치큐,,
00599957,2018,7337600810.0,9566710936.0,143580725983.0,32101829984.0,19292069913.0,129283488679.0,94840.0,슈프리마에이치큐,,
00599957,2019,8238775290.0,4216570503.0,174441141184.0,26159584711.0,15941312226.0,143580725983.0,94840.0,슈프리마에이치큐,,
00599957,2020,6856071106.0,7282435494.0,181596082736.0,26252208011.0,15422976060.0,174441141184.0,94840.0,슈프리마에이치큐,,
00138297,2015,0.0,-15950000000.0,1267224000000.0,1630827000000.0,-1586081000000.0,1255002000000.0,11810.0,STX,,
00138297,2016,0.0,57833000000.0,707709000000.0,1720153000000.0,-1635394000000.0,1267224000000.0,11810.0,STX,,
00138297,2017,334386000000.0,100295000000.0,627542000000.0,1803878000000.0,1718572000000.0,707709000000.0,11810.0,STX,,
00138297,2018,9107000000.0,-48114000000.0,554061000000.0,1502985000000.0,1483048000000.0,627542000000.0,11810.0,STX,,
00138297,2019,-33218000000.0,528000000.0,560107000000.0,1471164000000.0,1424697000000.0,554061000000.0,11810.0,STX,,
00138297,2020,-20448000000.0,57915000000.0,617563000000.0,975567000000.0,-935191000000.0,560107000000.0,11810.0,STX,,
00807379,2017,5750242843.0,9551488783.0,150908771915.0,133136215062.0,111706885476.0,99623580841.0,243840.0,신흥에스이씨,,
00807379,2018,9620249683.0,5117014982.0,272610410672.0,215388514399.0,184748580089.0,150908771915.0,243840.0,신흥에스이씨,,
00807379,2019,16029009537.0,20266208580.0,335398061170.0,239492755305.0,200098587804.0,272610410672.0,243840.0,신흥에스이씨,,
00807379,2020,18309063346.0,31720694844.0,357499545587.0,280068290307.0,229409987163.0,335398061170.0,243840.0,신흥에스이씨,,
01264234,2017,148190490000000.0,8722000000.0,2799428123000000.0,6892393543000000.0,5941865420000000.0,1872013378000000.0,311060.0,엘에이티,,
01264234,2018,463876670.0,-249386225.0,9974119760.0,10145070428.0,8340263951.0,2799428123.0,311060.0,엘에이티,,
01264234,2019,-135278469.0,138335908.0,10422836603.0,10793101554.0,8836840426.0,9974119760.0,311060.0,엘에이티,,
01264234,2020,436520449.0,-103079354.0,11988329704.0,11062380188.0,7982808423.0,10422836603.0,311060.0,엘에이티,,
00105952,2015,-73454000000.0,464096000000.0,9881465000000.0,9999749000000.0,8651928000000.0,10335736000000.0,6260.0,LS,,
00105952,2016,215138000000.0,807927000000.0,9713037000000.0,9621313000000.0,8321291000000.0,9881465000000.0,6260.0,LS,,
00105952,2017,364831000000.0,237436000000.0,9978904000000.0,9515114000000.0,8250825000000.0,9713037000000.0,6260.0,LS,,
00105952,2018,487659000000.0,49863000000.0,10490289000000.0,10110159000000.0,8855027000000.0,9978904000000.0,6260.0,LS,,
00105952,2019,92824000000.0,303727000000.0,10763512000000.0,10176243000000.0,8926277000000.0,10490289000000.0,6260.0,LS,,
00105952,2020,194725000000.0,701304000000.0,11660540000000.0,10444316000000.0,9152917000000.0,10763512000000.0,6260.0,LS,,
00378628,2015,19944588595.0,25547465807.0,455395701081.0,737937555444.0,669580077438.0,576287266289.0,60720.0,KH바텍,,
00378628,2016,-18503491421.0,32672362464.0,414589388528.0,378235180906.0,364340324296.0,455395701081.0,60720.0,KH바텍,,
00378628,2017,-37703593710.0,-6697900841.0,320081205958.0,351126826921.0,357958506625.0,414589388528.0,60720.0,KH바텍,,
00378628,2018,-39098140325.0,-12914979326.0,298635095837.0,203983923271.0,197164031449.0,320081205958.0,60720.0,KH바텍,,
00378628,2019,-11583401436.0,10838027772.0,283444245278.0,203636996005.0,175309619148.0,298635095837.0,60720.0,KH바텍,,
00378628,2020,-13806672570.0,10051075824.0,294887205322.0,185001559995.0,161629995289.0,283444245278.0,60720.0,KH바텍,,
00897752,2018,22636847686.0,22194227329.0,134748067388.0,120088707578.0,90899070186.0,101723130774.0,278280.0,천보,,
00897752,2019,23052430719.0,22697488743.0,235236915602.0,135310691327.0,106195745944.0,134748067388.0,278280.0,천보,,
00897752,2020,27371376929.0,19058734341.0,260701295701.0,155491357442.0,123209172331.0,235236915602.0,278280.0,천보,,
00160621,2015,1985114260.0,7197389943.0,50200632541.0,45478447358.0,36104362644.0,46884011263.0,3350.0,한국화장품제조,,
00160621,2016,9615809474.0,11038909889.0,66626328110.0,64948682924.0,51627386073.0,50200632541.0,3350.0,한국화장품제조,,
00160621,2017,4430067325.0,-644736023.0,69855871575.0,67175472733.0,55350810677.0,66626328110.0,3350.0,한국화장품제조,,
00160621,2018,3318265290.0,1741263203.0,71774143933.0,88233206888.0,73816862987.0,69855871575.0,3350.0,한국화장품제조,,
00160621,2019,-1488200409.0,5343994717.0,84182716932.0,76491978149.0,65114088561.0,71774143933.0,3350.0,한국화장품제조,,
00160621,2020,-4021881006.0,-6736992993.0,77657827819.0,61990281674.0,53945279151.0,84182716932.0,3350.0,한국화장품제조,,
00363246,2015,8813118749.0,24436489256.0,122362303446.0,253428631144.0,231687752178.0,116037043712.0,46940.0,우원개발,,
00363246,2016,6687192933.0,-4981634778.0,117237967084.0,207133306878.0,196005703784.0,122362303446.0,46940.0,우원개발,,
00363246,2017,-383202674.0,-27066201699.0,189209859403.0,183640677766.0,169632730774.0,117237967084.0,46940.0,우원개발,,
00363246,2018,-1444642846.0,39274733327.0,186900503034.0,218641535991.0,195112821723.0,189209859403.0,46940.0,우원개발,,
00363246,2019,14142937443.0,-28633055700.0,201931964785.0,290210341264.0,255253255672.0,186900503034.0,46940.0,우원개발,,
00363246,2020,16835701154.0,71012665963.0,179115076882.0,316305834140.0,268961740380.0,201931964785.0,46940.0,우원개발,,
00539274,2015,52988789932.0,116454891844.0,2480427275439.0,3051680256949.0,2199488360570.0,2180120101582.0,84690.0,대상홀딩스,,
00539274,2016,67217400715.0,78200218461.0,2689293818268.0,3318085289342.0,2418279260821.0,2480427275439.0,84690.0,대상홀딩스,,
00539274,2017,59380602365.0,185335464090.0,2651135199023.0,3383674055850.0,2470984008783.0,2689293818268.0,84690.0,대상홀딩스,,
00539274,2018,45638480698.0,142677578617.0,2629588765275.0,3398030852468.0,2506806673580.0,2651135199023.0,84690.0,대상홀딩스,,
00539274,2019,138230328742.0,198064095652.0,2896302561947.0,3552513452934.0,2648537971924.0,2629588765275.0,84690.0,대상홀딩스,,
00539274,2020,164808902748.0,144251557806.0,3060158354613.0,3754298961402.0,2702056078396.0,2888845150934.0,84690.0,대상홀딩스,,
00145473,2015,1033901393.0,-954716913.0,44001895948.0,25105162024.0,16094461551.0,41659790986.0,44960.0,이글벳,,
00145473,2016,2234139671.0,2562032588.0,46179470727.0,28845694019.0,20359503478.0,44001895948.0,44960.0,이글벳,,
00145473,2017,1555383652.0,281456462.0,49767854866.0,34156183763.0,23749254790.0,46179470727.0,44960.0,이글벳,,
00145473,2018,1041914587.0,1794788657.0,46110739862.0,30261731703.0,21806680042.0,49767854866.0,44960.0,이글벳,,
00145473,2019,1232267417.0,2677788320.0,45944754929.0,34422682898.0,25163008901.0,46110739862.0,44960.0,이글벳,,
00145473,2020,2458798647.0,5898262369.0,48408391307.0,40356576951.0,28175033476.0,45944754929.0,44960.0,이글벳,,
00533508,2015,-7127129915.0,-1911633255.0,45818779696.0,89467727189.0,84953047785.0,81414117780.0,94970.0,제이엠티,,
00533508,2016,721813428.0,350251376.0,56963866922.0,96453932456.0,90429271134.0,45818779696.0,94970.0,제이엠티,,
00533508,2017,7803079959.0,-3719938786.0,99107941364.0,148025185315.0,125561135914.0,56963866922.0,94970.0,제이엠티,,
00533508,2018,10724806599.0,34840332737.0,88776230506.0,147040180875.0,123439181800.0,99107941364.0,94970.0,제이엠티,,
00533508,2019,956700160.0,7788191605.0,71663175030.0,83264957058.0,73852190239.0,88776230506.0,94970.0,제이엠티,,
00533508,2020,5307999588.0,12543925109.0,119993456996.0,79414339792.0,60501720559.0,71663175030.0,94970.0,제이엠티,,
00405320,2015,60235114488.0,100807615828.0,277661536285.0,242221913144.0,167502405897.0,160346961915.0,69080.0,웹젠,,
00405320,2016,44875732000.0,47577563429.0,301695132673.0,219993269229.0,162809592254.0,277661536285.0,69080.0,웹젠,,
00405320,2017,29962484827.0,37698449868.0,323479050547.0,166267380406.0,,301695132673.0,69080.0,웹젠,,
00405320,2018,50125496581.0,82173866508.0,396789198501.0,218877008858.0,,323479050547.0,69080.0,웹젠,,
00405320,2019,42171395759.0,19572407494.0,413962494737.0,176051925906.0,,396789198501.0,69080.0,웹젠,,
00405320,2020,86256603661.0,135429351289.0,542700243820.0,294091764818.0,,413962494737.0,69080.0,웹젠,,
00203023,2015,-35339276312.0,7121068989.0,136460732971.0,197144902705.0,191104045021.0,212951841798.0,25320.0,시노펙스,,
00203023,2016,-4227121694.0,11328681957.0,139536282805.0,155021724170.0,118914897453.0,136460732971.0,25320.0,시노펙스,,
00203023,2017,-13790199483.0,22461737955.0,150611299975.0,181187121056.0,136228688554.0,139536282805.0,25320.0,시노펙스,,
00203023,2018,593955832.0,2906528669.0,158378394722.0,165400317732.0,131023241301.0,150611299975.0,25320.0,시노펙스,,
00203023,2019,6184460920.0,26054728199.0,153556593697.0,217056054963.0,169026610930.0,158378394722.0,25320.0,시노펙스,,
00203023,2020,-8976673824.0,3345628025.0,163473914490.0,215486247848.0,189002558670.0,153556593697.0,25320.0,시노펙스,,
00216498,2015,8194013738.0,22484458629.0,305323678216.0,329227326294.0,304897892403.0,289648250132.0,37350.0,성도이엔지,,
00216498,2016,23418767522.0,33823750982.0,349749794841.0,425580839936.0,381715007379.0,305323678216.0,37350.0,성도이엔지,,
00216498,2017,21235465167.0,16703899652.0,328533570975.0,391339341092.0,350083528674.0,349749794841.0,37350.0,성도이엔지,,
00216498,2018,15331610279.0,49823983909.0,448829775562.0,529153973379.0,487558333120.0,328533570975.0,37350.0,성도이엔지,,
00216498,2019,-65568396893.0,6596342893.0,519451891195.0,695685232873.0,655972307862.0,455461989514.0,37350.0,성도이엔지,,
00216498,2020,89157017741.0,-30638748777.0,409472168997.0,537513878787.0,496424080303.0,519451891196.0,37350.0,성도이엔지,,
00298340,2015,10153584751.0,13612117828.0,101705540525.0,125514036532.0,101750817437.0,76267902000.0,39440.0,에스티아이,,
00298340,2016,17131720130.0,7645644265.0,144367198848.0,180384449186.0,145612059708.0,101705540525.0,39440.0,에스티아이,,
00298340,2017,25240074723.0,1906668633.0,164687147888.0,287012566424.0,231938792401.0,144367198848.0,39440.0,에스티아이,,
00298340,2018,19752270167.0,-32566979509.0,254794069564.0,286609574367.0,234174305485.0,164687147888.0,39440.0,에스티아이,,
00298340,2019,22985802409.0,76035782440.0,265663604739.0,318857509030.0,257465849893.0,254794069564.0,39440.0,에스티아이,,
00298340,2020,10745162053.0,27784134177.0,243611652589.0,269101402085.0,222741311115.0,265663604739.0,39440.0,에스티아이,,
01174038,2019,-7321879221.0,178775853.0,29076599300.0,17059978965.0,12318062908.0,17222324884.0,254120.0,자비스,,
01174038,2020,-6727533291.0,-1347157094.0,31332671570.0,12275481738.0,8860896242.0,29076599300.0,254120.0,자비스,,
00108977,2015,3420596300.0,22082334422.0,623073741252.0,158152062513.0,,640060608797.0,6370.0,대구백화점,,
00108977,2016,6356320626.0,6094935820.0,626013404611.0,158291381147.0,,623073741252.0,6370.0,대구백화점,,
00108977,2017,-15604943116.0,-14070398121.0,719935623761.0,94717519072.0,,684071096980.0,6370.0,대구백화점,,
00108977,2018,-29621331284.0,-29654849731.0,700202373645.0,119956329357.0,,719935623761.0,6370.0,대구백화점,,
00108977,2019,-19263522260.0,-10514423902.0,673555125034.0,101484470607.0,,700202373645.0,6370.0,대구백화점,,
00108977,2020,-17803714379.0,-17296806088.0,508655892815.0,91109594906.0,,673555125034.0,6370.0,대구백화점,,
00858124,2017,2922649099.0,-5041995472.0,76231547781.0,87447208222.0,73801866699.0,64662270200.0,140670.0,알에스오토메이션,,
00858124,2018,1025850236.0,-509907351.0,73688692759.0,98664316551.0,86695469827.0,76231547781.0,140670.0,알에스오토메이션,,
00858124,2019,149133373.0,7849371801.0,73091768328.0,82169975021.0,71515392949.0,73688692759.0,140670.0,알에스오토메이션,,
00858124,2020,-2801197529.0,-664403310.0,76275623784.0,98749760820.0,89080413696.0,73091768328.0,140670.0,알에스오토메이션,,
00148522,2015,2528201817.0,-9378401959.0,203613975706.0,138760454032.0,127642160948.0,200022791571.0,10820.0,퍼스텍,,
00148522,2016,-368076121.0,5443332431.0,202340678327.0,151319204647.0,141187729780.0,203613975706.0,10820.0,퍼스텍,,
00148522,2017,3773446054.0,14879281537.0,197157482482.0,161959019862.0,149683177148.0,202340678327.0,10820.0,퍼스텍,,
00148522,2018,-35554591084.0,20933347820.0,160686362424.0,131578010225.0,144909535292.0,197157482482.0,10820.0,퍼스텍,,
00148522,2019,-10486349719.0,30731898398.0,182110597918.0,126313853891.0,124430527418.0,160686362424.0,10820.0,퍼스텍,,
00148522,2020,7130774233.0,11038639094.0,180652738240.0,132075449899.0,123013697099.0,182110597918.0,10820.0,퍼스텍,,
00335076,2015,4010168482.0,3537905763.0,108875220750.0,118626819522.0,84210111250.0,106843265502.0,49480.0,오픈베이스,,
00335076,2016,5516588525.0,9632178509.0,112619816995.0,156599516716.0,121149287822.0,108875220750.0,49480.0,오픈베이스,,
00335076,2017,1706250315.0,1686664809.0,132874701514.0,136597376905.0,105573239077.0,112619816995.0,49480.0,오픈베이스,,
00335076,2018,-2635887126.0,-820782143.0,123981942128.0,146734696259.0,119030448294.0,132874701514.0,49480.0,오픈베이스,,
00335076,2019,1163561568.0,11077784272.0,134687437163.0,157437309085.0,125860082658.0,124113004129.0,49480.0,오픈베이스,,
00335076,2020,2639013275.0,9672746182.0,144794276529.0,155624615431.0,124498798329.0,134687437163.0,49480.0,오픈베이스,,
00134963,2015,28645000000.0,85539000000.0,846381000000.0,654421000000.0,513841000000.0,855857000000.0,4430.0,송원산업,,
00134963,2016,42244000000.0,100772000000.0,829523000000.0,694326000000.0,516277000000.0,846381000000.0,4430.0,송원산업,,
00134963,2017,34706000000.0,55062000000.0,865121000000.0,724853000000.0,569793000000.0,829523000000.0,4430.0,송원산업,,
00134963,2018,37805000000.0,58215000000.0,872544000000.0,788738000000.0,632582000000.0,865121000000.0,4430.0,송원산업,,
00134963,2019,35008000000.0,77982000000.0,894324000000.0,814340000000.0,647867000000.0,872544000000.0,4430.0,송원산업,,
00134963,2020,28365000000.0,76419000000.0,891142000000.0,807768000000.0,643795000000.0,894324000000.0,4430.0,송원산업,,
00441650,2015,969563165.0,114252714.0,22368469814.0,20189604863.0,16512658279.0,24899544892.0,115500.0,케이씨에스,,
00441650,2016,1034906910.0,1228216033.0,27451611820.0,25813287072.0,22346752196.0,22368469814.0,115500.0,케이씨에스,,
00441650,2017,1226394918.0,899525504.0,28510218620.0,29310068944.0,25373110541.0,27451611820.0,115500.0,케이씨에스,,
00441650,2018,2674408365.0,6536360419.0,31138898929.0,33312675011.0,26336572967.0,28510218620.0,115500.0,케이씨에스,,
00441650,2019,2828867099.0,923768121.0,35524835841.0,39517211067.0,32489136497.0,31138898929.0,115500.0,케이씨에스,,
00441650,2020,2069172733.0,2949240366.0,31304361005.0,30510038005.0,25430812604.0,35524835841.0,115500.0,케이씨에스,,
00127909,2015,20540200179.0,-5418517062.0,95495608030.0,95104011787.0,85556576695.0,108348125227.0,32280.0,삼일,,
00127909,2016,2542415760.0,-10237606738.0,86886031960.0,92546565222.0,81728813100.0,95495608030.0,32280.0,삼일,,
00127909,2017,1978790470.0,2619062003.0,84414536509.0,90876304006.0,80729564369.0,86886031960.0,32280.0,삼일,,
00127909,2018,2573956017.0,6106935827.0,90193962784.0,97598805224.0,86638038715.0,84414536509.0,32280.0,삼일,,
00127909,2019,3303349732.0,7023551153.0,98674478272.0,96146133912.0,86587749320.0,90193962784.0,32280.0,삼일,,
00127909,2020,-3143202543.0,2926254246.0,111269101155.0,83449244152.0,77944873602.0,98674478272.0,32280.0,삼일,,
00243757,2015,1337699054.0,2804285943.0,67749067543.0,103303283322.0,88291076746.0,68343458687.0,39290.0,인포뱅크,,
00243757,2016,1786913378.0,7667418068.0,72611165393.0,109764571696.0,96222480667.0,67749067543.0,39290.0,인포뱅크,,
00243757,2017,1849547670.0,1943042234.0,73379877050.0,119101606884.0,104007380383.0,72611165393.0,39290.0,인포뱅크,,
00243757,2018,3153103959.0,2929257496.0,74993734789.0,122037854180.0,107014273719.0,73379877050.0,39290.0,인포뱅크,,
00243757,2019,1179012722.0,2978335093.0,72990104347.0,119477343482.0,105372231269.0,74993734789.0,39290.0,인포뱅크,,
00243757,2020,1605979769.0,5834789020.0,75326294078.0,119604708359.0,105345822961.0,72990104347.0,39290.0,인포뱅크,,
00478900,2015,19429910958.0,9627958058.0,127872053249.0,83861116630.0,53696071802.0,111160231148.0,93190.0,빅솔론,,
00478900,2016,14358516756.0,10793356638.0,137330613816.0,87574943809.0,56742287318.0,127872053249.0,93190.0,빅솔론,,
00478900,2017,20622304254.0,6163442634.0,161585815821.0,89445133019.0,58564956369.0,137330613816.0,93190.0,빅솔론,,
00478900,2018,14458167383.0,4895529671.0,162918103940.0,85248785651.0,56846730568.0,161585815821.0,93190.0,빅솔론,,
00478900,2019,9563647013.0,11997480823.0,164097768930.0,84844465949.0,58116517271.0,162918103940.0,93190.0,빅솔론,,
00478900,2020,5588713805.0,15282177210.0,164821405103.0,74461958986.0,53516651040.0,164097768930.0,93190.0,빅솔론,,
00148948,2015,1476632504.0,-192167100.0,86659966828.0,58827841998.0,43909963495.0,83262172818.0,1550.0,조비,,
00148948,2016,873515422.0,8086649764.0,88744853401.0,59058575683.0,45080814402.0,86659966828.0,1550.0,조비,,
00148948,2017,1052115853.0,6486900429.0,93468379865.0,59947612569.0,46281036185.0,88744853401.0,1550.0,조비,,
00148948,2018,328219755.0,3896017692.0,94027701306.0,60513162352.0,45594880043.0,93468379865.0,1550.0,조비,,
00148948,2019,-127820028.0,-2472663575.0,91685509979.0,70897366806.0,56108782828.0,94027701306.0,1550.0,조비,,
00148948,2020,3004723328.0,8187804474.0,87855328252.0,73654579178.0,55664851433.0,91685509979.0,1550.0,조비,,
01405390,2020,4917410507.0,7082609452.0,67382986074.0,40510330758.0,28000380471.0,27884170485.0,347770.0,핌스,,
00124151,2015,-480465669.0,14743074007.0,260186077351.0,192131854923.0,173283843479.0,254414151976.0,5030.0,부산주공,,
00124151,2016,-9126904690.0,17531393912.0,275967623087.0,179589090240.0,170268217196.0,260186077351.0,5030.0,부산주공,,
00124151,2017,-10076443567.0,-303373639.0,301027471581.0,190695746173.0,176848135299.0,275967623087.0,5030.0,부산주공,,
00124151,2018,-21494392902.0,-8521481323.0,305453047807.0,203828941149.0,193326769769.0,301027471581.0,5030.0,부산주공,,
00124151,2019,-21586910515.0,3655304914.0,282063933902.0,204597345158.0,195824253698.0,301537816832.0,5030.0,부산주공,,
00124151,2020,-13437443505.0,-6754154722.0,249781607294.0,152724658892.0,142401447645.0,282063933902.0,5030.0,부산주공,,
00157070,2015,68887117401.0,93125717911.0,703874182164.0,661271369252.0,534206015489.0,646696686109.0,25540.0,한국단자공업,,
00157070,2016,67194972935.0,148900593009.0,821786178369.0,714241350458.0,570559403578.0,703874182164.0,25540.0,한국단자공업,,
00157070,2017,49818087354.0,76711750957.0,875170056492.0,744446391461.0,624227233792.0,821786178369.0,25540.0,한국단자공업,,
00157070,2018,39604508875.0,52999034234.0,860534742816.0,746382908961.0,645934004992.0,875170056492.0,25540.0,한국단자공업,,
00157070,2019,31868435110.0,61873051593.0,885601835659.0,772133924961.0,679051880920.0,860534742816.0,25540.0,한국단자공업,,
00157070,2020,57722621409.0,108196142975.0,985178227462.0,802497228350.0,664762803145.0,885601835659.0,25540.0,한국단자공업,,
01014718,2020,1690995878.0,6384624180.0,28671898274.0,34089085736.0,28634306136.0,21038010795.0,361390.0,제노코,,
00870861,2015,2062798315.0,6517048756.0,54815328809.0,53135860618.0,43337559942.0,51601885667.0,155650.0,와이엠씨,,
00870861,2016,9169784154.0,20703617930.0,97680845625.0,122808109079.0,103691038921.0,54815328809.0,155650.0,와이엠씨,,
00870861,2017,16516236785.0,55057874587.0,228610735656.0,154022566484.0,123847948543.0,97680845625.0,155650.0,와이엠씨,,
00870861,2018,15963475586.0,-7966977007.0,181113005523.0,240874982521.0,207710736977.0,228610735656.0,155650.0,와이엠씨,,
00870861,2019,-1409015838.0,-10980127109.0,132327492511.0,167066127830.0,160682075300.0,181113005523.0,155650.0,와이엠씨,,
00870861,2020,8000230076.0,12766235451.0,115873703616.0,145800636256.0,124256789960.0,132327492511.0,155650.0,와이엠씨,,
00231354,2018,4531873640.0,2691951334.0,82532723977.0,116872861167.0,101368299154.0,53143024269.0,37030.0,파워넷,,
00231354,2019,5418183629.0,4033300403.0,106275532186.0,128553806420.0,109641342679.0,82532723977.0,37030.0,파워넷,,
00231354,2020,210031040.0,4023581141.0,120177284561.0,147184413302.0,124640178804.0,106275532186.0,37030.0,파워넷,,
01032486,2016,180330702000.0,326934342000.0,6326067005000.0,3949929034000.0,3069921833000.0,6364931307000.0,241560.0,두산밥캣,,
01032486,2017,273758324000.0,376608125000.0,6183836996000.0,3389208791000.0,2580989142000.0,6326067005000.0,241560.0,두산밥캣,,
01032486,2018,264497169000.0,616576546000.0,6446324313000.0,3970765995000.0,3089424091000.0,6183836996000.0,241560.0,두산밥캣,,
01032486,2019,272115865000.0,485692857000.0,6704236324000.0,4509550099000.0,3529417202000.0,6446324313000.0,241560.0,두산밥캣,,
01032486,2020,247453634000.0,565341719000.0,6960607794000.0,4282057647000.0,3392209380000.0,6704236324000.0,241560.0,두산밥캣,,
00407285,2015,5918332572.0,10740795745.0,60353026348.0,57253853835.0,45427634651.0,53554323903.0,59100.0,아이컴포넌트,,
00407285,2016,5654928127.0,14157312206.0,69364375555.0,53616519622.0,43292337733.0,60353026348.0,59100.0,아이컴포넌트,,
00407285,2017,-8303058323.0,-283549395.0,56512381679.0,24520294314.0,22704250824.0,69364375555.0,59100.0,아이컴포넌트,,
00407285,2018,-3131078901.0,-77778793.0,53507098461.0,25711081368.0,24712109235.0,56512381679.0,59100.0,아이컴포넌트,,
00407285,2019,-1247513266.0,1536252952.0,49844303818.0,29041712400.0,26619115141.0,53507098461.0,59100.0,아이컴포넌트,,
00407285,2020,400083890.0,4031863415.0,46465058235.0,29117320528.0,23771344179.0,49844303818.0,59100.0,아이컴포넌트,,
00239596,2015,8400460699.0,5941301460.0,127112703014.0,97717678480.0,75299620635.0,110653128242.0,37760.0,쎄니트,,
00239596,2016,7128348951.0,6580314632.0,151172085222.0,115747170815.0,91190194420.0,127112703014.0,37760.0,쎄니트,,
00239596,2017,6746386199.0,10264267786.0,153682574572.0,126227416563.0,102347605115.0,151172085222.0,37760.0,쎄니트,,
00239596,2018,3207115421.0,4447459241.0,146231339816.0,113737745288.0,93231668112.0,153682574572.0,37760.0,쎄니트,,
00239596,2019,1919910838.0,6073964652.0,157234050498.0,109747055224.0,90057389351.0,146231339816.0,37760.0,쎄니트,,
00239596,2020,8770134060.0,-4050966598.0,174745956146.0,93920945697.0,81152353816.0,157234050498.0,37760.0,쎄니트,,
00153755,2015,3951906357.0,13978688231.0,370136181737.0,482361925090.0,430001967287.0,364383981559.0,4100.0,태양금속공업,,
00153755,2016,9605400906.0,18093695066.0,373071344784.0,477027216512.0,419245457556.0,370136181737.0,4100.0,태양금속공업,,
00153755,2017,-4167313808.0,16242078058.0,377069520498.0,469169632854.0,417527908682.0,373071344784.0,4100.0,태양금속공업,,
00153755,2018,-5440408192.0,1157695865.0,396326285098.0,449188918901.0,397337153823.0,377069520498.0,4100.0,태양금속공업,,
00153755,2019,-22140537158.0,-1141803860.0,393674464925.0,470863287536.0,434693401738.0,396326285098.0,4100.0,태양금속공업,,
00153755,2020,-9581031867.0,14988783135.0,442253641495.0,404432837931.0,361238334093.0,389891707266.0,4100.0,태양금속공업,,
00132804,2015,-33989202314.0,122662447063.0,1072795122980.0,678697759107.0,528491336882.0,1115653993116.0,4980.0,성신양회,,
00132804,2016,12403611658.0,112092331645.0,1016264028624.0,686598736633.0,543085224406.0,1072795122980.0,4980.0,성신양회,,
00132804,2017,12118558601.0,64734219475.0,1023425233403.0,647180228348.0,510355328989.0,1016264028624.0,4980.0,성신양회,,
00132804,2018,16608307233.0,20324702888.0,1061390656985.0,688070395547.0,540433100159.0,1023425233403.0,4980.0,성신양회,,
00132804,2019,17377898352.0,56452818173.0,1029404716227.0,707435741353.0,573249074982.0,1061390656985.0,4980.0,성신양회,,
00132804,2020,10140408620.0,38213963164.0,1090267313338.0,722305595863.0,588086911739.0,1029404716227.0,4980.0,성신양회,,
01222432,2019,13127855948.0,15165114547.0,91857646860.0,109494820945.0,28156472720.0,37567088556.0,306040.0,에스제이그룹,,
01222432,2020,15649983870.0,13838623681.0,125036751861.0,107106733514.0,28847680358.0,91857646860.0,306040.0,에스제이그룹,,
01437186,2020,-1369070381.0,-321225489.0,358283831703.0,,,4367155267.0,365550.0,ESR켄달스퀘어리츠,,
00174208,2015,12817773511.0,13336812009.0,169680682404.0,177316918146.0,144531290726.0,168134852554.0,36890.0,진성티이씨,,
00174208,2016,9918527302.0,2725904665.0,169234374391.0,177809618687.0,147694853544.0,169680682404.0,36890.0,진성티이씨,,
00174208,2017,10018451963.0,1581903260.0,192429370777.0,244350832812.0,203734099386.0,169234374391.0,36890.0,진성티이씨,,
00174208,2018,21690773300.0,-6838905247.0,249946509996.0,354679312899.0,298981086580.0,192429370777.0,36890.0,진성티이씨,,
00174208,2019,22006287438.0,29343894664.0,275526028467.0,355564461674.0,292879171280.0,249946509996.0,36890.0,진성티이씨,,
00174208,2020,15151971990.0,31346977605.0,280008699574.0,311241363982.0,258427122206.0,275526028467.0,36890.0,진성티이씨,,
00659976,2017,5802204309.0,7408622898.0,61354334868.0,59152552013.0,45439553201.0,49635986423.0,265560.0,영화테크,,
00659976,2018,3898865384.0,7067699755.0,58882078702.0,53485071421.0,43759289638.0,61354334868.0,265560.0,영화테크,,
00659976,2019,-1483924852.0,1719838615.0,55895879188.0,44565402699.0,39307480588.0,58882078702.0,265560.0,영화테크,,
00659976,2020,428785034.0,1585646903.0,61823030642.0,35047404330.0,28811244995.0,55895879188.0,265560.0,영화테크,,
01160512,2016,169763696.0,184717534.0,1554544655.0,1142433981.0,820943574.0,953029420.0,900270.0,헝셩그룹,,
01160512,2017,191577888.0,236426376.0,1702579982.0,1198817973.0,862206444.0,1554544655.0,900270.0,헝셩그룹,,
01160512,2018,149202401.0,-154126983.0,1847668159.0,1204593418.0,894326738.0,1702579982.0,900270.0,헝셩그룹,,
01160512,2019,193209870.0,331956320.0,2030985573.0,1312408963.0,959346266.0,1847668159.0,900270.0,헝셩그룹,,
01160512,2020,30021247.0,175474019.0,2010207084.0,839724178.0,720373749.0,2030985573.0,900270.0,헝셩그룹,,
00785475,2015,2003882798.0,4967311771.0,62449601899.0,44214958351.0,34044267009.0,50192940065.0,131390.0,원익피앤이,,
00785475,2016,4844378931.0,-126412681.0,79884550581.0,46821028885.0,35998146680.0,62449601899.0,131390.0,원익피앤이,,
00785475,2017,7543021864.0,1984082370.0,96277496399.0,73627901908.0,53528432752.0,79884550581.0,131390.0,원익피앤이,,
00785475,2018,11062347308.0,7891955459.0,153281458860.0,102753495194.0,74971002012.0,96277496399.0,131390.0,원익피앤이,,
00785475,2019,15921508546.0,-16470753677.0,177485962490.0,147158084223.0,114622810357.0,153281458860.0,131390.0,원익피앤이,,
00785475,2020,18673866204.0,60409857990.0,207157693209.0,127691037353.0,90898319469.0,177485962490.0,131390.0,원익피앤이,,
00143262,2018,14446829562.0,20513751765.0,122226688647.0,132971034823.0,109827330178.0,97690983885.0,10400.0,우진아이엔에스,,
00143262,2019,2124867939.0,-3896051739.0,133250154093.0,107307025495.0,101040406792.0,122226688647.0,10400.0,우진아이엔에스,,
00143262,2020,1764131630.0,15194094439.0,121032450054.0,140431201057.0,133103959535.0,133250154093.0,10400.0,우진아이엔에스,,
00114093,2015,522423350.0,5690869025.0,97271143098.0,76938066320.0,67410980224.0,97948254537.0,4830.0,덕성,,
00114093,2016,2941791121.0,3290685306.0,108207615790.0,103808603643.0,90365515303.0,97271143098.0,4830.0,덕성,,
00114093,2017,523130279.0,4781949574.0,105442576025.0,100706194069.0,88686234530.0,108207615790.0,4830.0,덕성,,
00114093,2018,-2022009552.0,-500742244.0,100557111123.0,83746048961.0,76114605064.0,105442576025.0,4830.0,덕성,,
00114093,2019,184844557.0,2281579573.0,102872751858.0,86726846761.0,74742660567.0,100557111123.0,4830.0,덕성,,
00114093,2020,3621883790.0,5498711550.0,105039887131.0,117682291648.0,99966564479.0,102872751858.0,4830.0,덕성,,
00181299,2015,7858481904.0,9151849452.0,180814312060.0,143739802252.0,112809113321.0,154764487384.0,89980.0,상아프론테크,,
00181299,2016,5466770041.0,2830795189.0,201973937987.0,156294804690.0,122918686257.0,180814312060.0,89980.0,상아프론테크,,
00181299,2017,7467456817.0,25205631538.0,219920722280.0,153236134031.0,119854090550.0,201973937987.0,89980.0,상아프론테크,,
00181299,2018,12063782586.0,7467898265.0,239055868118.0,182073847649.0,142756862679.0,219920722280.0,89980.0,상아프론테크,,
00181299,2019,12453879353.0,3512996988.0,248318384822.0,186171234240.0,146915363634.0,239055868118.0,89980.0,상아프론테크,,
00181299,2020,2319886782.0,12454845340.0,283345311095.0,153347406708.0,121838617063.0,248318384822.0,89980.0,상아프론테크,,
00654272,2015,-2057489286.0,1415028190.0,56732917253.0,26438087259.0,23448511584.0,57925891102.0,171010.0,램테크놀러지,,
00654272,2016,-3253086402.0,3334694745.0,49450807285.0,24862602800.0,23853924814.0,56732917253.0,171010.0,램테크놀러지,,
00654272,2017,925182969.0,1928926482.0,48362692560.0,24427155627.0,20774918229.0,49450807285.0,171010.0,램테크놀러지,,
00654272,2018,1499298697.0,2392792299.0,48132792240.0,32617077146.0,27490659149.0,48362692560.0,171010.0,램테크놀러지,,
00654272,2019,3174111773.0,4268180173.0,67037070873.0,43411471480.0,34631420305.0,48132792240.0,171010.0,램테크놀러지,,
00654272,2020,2493206711.0,5806761086.0,64530001772.0,42758550223.0,35256129177.0,67037070873.0,171010.0,램테크놀러지,,
00990165,2015,44346134836.0,64088005313.0,809317420218.0,448254599390.0,333928586064.0,794742688673.0,183190.0,아세아시멘트,,
00990165,2016,42598059451.0,72374961329.0,850532588855.0,455724888278.0,343339930855.0,809317420218.0,183190.0,아세아시멘트,,
00990165,2017,55382010322.0,56811390054.0,906380756339.0,461167085734.0,350531377070.0,850532588855.0,183190.0,아세아시멘트,,
00990165,2018,17205475369.0,89319576782.0,1928711184462.0,843763220025.0,671776963801.0,906380756339.0,183190.0,아세아시멘트,,
00990165,2019,28890961841.0,109461591627.0,1915960050672.0,836810452048.0,660209692945.0,1928711184462.0,183190.0,아세아시멘트,,
00990165,2020,25081643172.0,80505318003.0,1901368870442.0,787547395550.0,615744406969.0,1930822377717.0,183190.0,아세아시멘트,,
00809517,2016,-16934680565.0,-4989723109.0,61406730954.0,81087813209.0,71045105284.0,51805465053.0,226350.0,아이엠텍,,
00809517,2017,-20964653979.0,-4496920022.0,47607119604.0,69006125273.0,65298960753.0,61406730954.0,226350.0,아이엠텍,,
00809517,2018,-26998424385.0,-1967291681.0,33080360221.0,11758180977.0,8239306398.0,47607119604.0,226350.0,아이엠텍,,
00809517,2019,-1253663899.0,-9413260028.0,54274660603.0,13844951736.0,7664060044.0,33080360221.0,226350.0,아이엠텍,,
00809517,2020,-33212940405.0,4151591611.0,28073824639.0,15460215000.0,9617000164.0,54274660603.0,226350.0,아이엠텍,,
00327819,2017,9765572599.0,17703128699.0,117826130865.0,123595927778.0,91623074670.0,84245581170.0,171090.0,선익시스템,,
00327819,2018,5158263837.0,10579939955.0,116006785368.0,117997698578.0,95390735394.0,117826130865.0,171090.0,선익시스템,,
00327819,2019,7145804024.0,547318375.0,120131791494.0,87647565810.0,63709886393.0,116006785368.0,171090.0,선익시스템,,
00327819,2020,2316576950.0,13077767807.0,107497210758.0,65640857994.0,51445777768.0,120131791494.0,171090.0,선익시스템,,
00257732,2015,-13106342899.0,-4868023861.0,158994096074.0,35571865298.0,42126981540.0,184638638542.0,101680.0,한국정밀기계,,
00257732,2016,-21226811419.0,297567088.0,137066291522.0,23000968099.0,25002879355.0,158994096074.0,101680.0,한국정밀기계,,
00257732,2017,-27479738301.0,5138759760.0,109120353134.0,44688538825.0,51969003185.0,137066291522.0,101680.0,한국정밀기계,,
00257732,2018,-18523298785.0,-2352846114.0,90621806988.0,42878767448.0,49866624002.0,109120353134.0,101680.0,한국정밀기계,,
00257732,2019,-1228940093.0,-3234914133.0,86045247736.0,45269693688.0,40468375555.0,90621806988.0,101680.0,한국정밀기계,,
00257732,2020,-12968876264.0,-1680771829.0,73694808906.0,17167829459.0,24735072998.0,86045247736.0,101680.0,한국정밀기계,,
00176516,2015,22676558158.0,24673698267.0,189001800094.0,235969689908.0,196313554131.0,158057524434.0,36190.0,금화피에스시,,
00176516,2016,23917682380.0,32246922449.0,215036136713.0,235018376069.0,194713191816.0,189001800094.0,36190.0,금화피에스시,,
00176516,2017,20153924897.0,46527258576.0,231639148231.0,205781841400.0,163075930097.0,215036136713.0,36190.0,금화피에스시,,
00176516,2018,39649708579.0,22300740358.0,262516457233.0,233326732686.0,182097573746.0,230420605365.0,36190.0,금화피에스시,,
00176516,2019,27677441386.0,22975766083.0,281692945907.0,209435313758.0,165793394095.0,262516457233.0,36190.0,금화피에스시,,
00176516,2020,29941078442.0,15214994319.0,294093830739.0,235335656034.0,197487954819.0,281692945907.0,36190.0,금화피에스시,,
00126371,2015,20643329453.0,537117319563.0,7269452863202.0,6176258143768.0,4864706500318.0,7718611985115.0,9150.0,삼성전기,,
00126371,2016,22914358716.0,679643759241.0,7662629259862.0,6033040463975.0,5006276573992.0,7269452863202.0,9150.0,삼성전기,,
00126371,2017,177255994375.0,,7767403543048.0,6838474133399.0,5430059519148.0,7662629259862.0,9150.0,삼성전기,,
00126371,2018,685018514202.0,,8644914205829.0,8193023252994.0,5805531038267.0,7767403543048.0,9150.0,삼성전기,,
00126371,2019,528048551036.0,,8674248229943.0,8040817645787.0,5989994608971.0,8644914205829.0,9150.0,삼성전기,,
00126371,2020,623811177841.0,,9225498476076.0,8208738308011.0,6268998200490.0,8674248229943.0,9150.0,삼성전기,,
00593032,2015,50611015804.0,51651981112.0,1474852963846.0,1571047846008.0,628955168233.0,1402966835238.0,93050.0,LF,,
00593032,2016,51155667213.0,141299870076.0,1581137588874.0,1529296618527.0,626184953160.0,1474852963846.0,93050.0,LF,,
00593032,2017,69953786398.0,119459296488.0,1594829432937.0,1602059905297.0,661349406362.0,1581137588874.0,93050.0,LF,,
00593032,2018,81339778708.0,124688337933.0,1651840925264.0,1706682100310.0,763854779229.0,1594829432937.0,93050.0,LF,,
00593032,2019,69449582944.0,153091649410.0,2417125014216.0,1851716801127.0,805870718796.0,1651840925264.0,93050.0,LF,,
00593032,2020,28596029890.0,305614753149.0,2479439883815.0,1610459972097.0,713336421250.0,2417125014216.0,93050.0,LF,,
00133511,2015,1468691673.0,13682599811.0,291667618338.0,317710618260.0,225355717245.0,289973998618.0,4060.0,SG세계물산,,
00133511,2016,-3784966092.0,-5166666966.0,302004754553.0,308617898362.0,219570465963.0,291667618338.0,4060.0,SG세계물산,,
00133511,2017,-6522369928.0,8106074688.0,324261308228.0,285426943164.0,200299159974.0,302004754553.0,4060.0,SG세계물산,,
00133511,2018,6680302525.0,-14284603892.0,334422865461.0,320202196923.0,223509418184.0,324261308228.0,4060.0,SG세계물산,,
00133511,2019,9668208563.0,31165048062.0,287724873803.0,312545170494.0,224485911227.0,334422865461.0,4060.0,SG세계물산,,
00133511,2020,-10351536369.0,5327720394.0,267195626007.0,167802760668.0,118631996777.0,287724873803.0,4060.0,SG세계물산,,
00414601,2015,2878804460.0,37757644265.0,244386643275.0,295982237645.0,268657785435.0,244003513228.0,77500.0,유니퀘스트,,
00414601,2016,-56810036.0,-4186617908.0,284420089542.0,263584730248.0,238511457688.0,244386643275.0,77500.0,유니퀘스트,,
00414601,2017,8757375867.0,2147403288.0,266917347503.0,246092146491.0,216186967543.0,284420089542.0,77500.0,유니퀘스트,,
00414601,2018,10640884761.0,9009604570.0,324112688628.0,270301572444.0,244139980497.0,266917347503.0,77500.0,유니퀘스트,,
00414601,2019,22448564091.0,-24345543466.0,349702333313.0,335250952214.0,302454098568.0,324112688628.0,77500.0,유니퀘스트,,
00414601,2020,20521129589.0,8794688874.0,379977750281.0,402809427295.0,365551605004.0,349702333313.0,77500.0,유니퀘스트,,
00416654,2015,1104040582.0,809070849.0,62111451499.0,41156826604.0,23254437199.0,60241806796.0,72130.0,유엔젤,,
00416654,2016,-4748462047.0,-3568477789.0,58271070276.0,30341828001.0,18272561406.0,62111451499.0,72130.0,유엔젤,,
00416654,2017,-6621892593.0,-2034750787.0,51217643336.0,31907135067.0,18192267702.0,58271070276.0,72130.0,유엔젤,,
00416654,2018,1838799350.0,3091709478.0,51154129834.0,33517791307.0,17897711883.0,51217643336.0,72130.0,유엔젤,,
00416654,2019,-5148664994.0,-7406097375.0,46198028277.0,26557494177.0,15599033339.0,51154129834.0,72130.0,유엔젤,,
00416654,2020,-1156567553.0,6046535986.0,48567846707.0,27063345089.0,13761528774.0,46198028277.0,72130.0,유엔젤,,
00102140,2015,1335440146.0,2167996593.0,64239944387.0,28337543303.0,21126496473.0,61733224927.0,9140.0,경인전자,,
00102140,2016,2953065329.0,1334889724.0,64297759365.0,26574421874.0,20770152644.0,64239944387.0,9140.0,경인전자,,
00102140,2017,-2979590123.0,-2422940097.0,59851412155.0,22018251545.0,17822802915.0,64297759365.0,9140.0,경인전자,,
00102140,2018,-680754972.0,-181839072.0,57418577876.0,18467479021.0,15717987813.0,59851412155.0,9140.0,경인전자,,
00102140,2019,243035558.0,395538778.0,56871283730.0,13310900398.0,10757011953.0,57418577876.0,9140.0,경인전자,,
00102140,2020,1350532788.0,-2846032031.0,57835598428.0,20795738469.0,15909585348.0,56871283730.0,9140.0,경인전자,,
00171867,2015,11593741026.0,17413756332.0,110854905189.0,122555786801.0,102028101306.0,91874960227.0,42110.0,에스씨디,,
00171867,2016,7014428075.0,11318976486.0,118406948212.0,134535549860.0,114546935553.0,110854905189.0,42110.0,에스씨디,,
00171867,2017,3463529329.0,-8629524691.0,120553513192.0,146294275316.0,127931662088.0,118406948212.0,42110.0,에스씨디,,
00171867,2018,7824016361.0,2351106587.0,129128865526.0,159268817633.0,142501608281.0,120553513192.0,42110.0,에스씨디,,
00171867,2019,-992105910.0,3742233810.0,139154002456.0,174946388566.0,158073537822.0,129128865526.0,42110.0,에스씨디,,
00171867,2020,3752982821.0,11856596102.0,156034261255.0,190841830485.0,171497452682.0,139154002456.0,42110.0,에스씨디,,
00287788,2015,5269188866.0,9441983925.0,72979834990.0,80305840431.0,62555496341.0,71103785005.0,40420.0,정상제이엘에스,,
00287788,2016,7279775223.0,7934930552.0,80819351134.0,83423514616.0,63175688557.0,72979834990.0,40420.0,정상제이엘에스,,
00287788,2017,8235202242.0,12275724749.0,82896490035.0,84365755447.0,63119527549.0,80819351134.0,40420.0,정상제이엘에스,,
00287788,2018,3565340666.0,13943560103.0,86304213131.0,87089272311.0,64941583934.0,82896490035.0,40420.0,정상제이엘에스,,
00287788,2019,7673664011.0,12920188098.0,110789767170.0,93567446701.0,67382907476.0,86304213131.0,40420.0,정상제이엘에스,,
00287788,2020,6711204207.0,15154846606.0,99737850240.0,85388337429.0,64494443618.0,110789767170.0,40420.0,정상제이엘에스,,
01047840,2015,-6057867884.0,3491387822.0,30026957033.0,17091215394.0,,10166724324.0,207760.0,미스터블루,,
01047840,2016,4001466980.0,1934563709.0,34501121675.0,24032240764.0,,30026957033.0,207760.0,미스터블루,,
01047840,2017,3109281200.0,3303229570.0,37985826791.0,30160716931.0,,34501121675.0,207760.0,미스터블루,,
01047840,2018,2759747185.0,6269110614.0,44276627328.0,30977078403.0,,37985826791.0,207760.0,미스터블루,,
01047840,2019,12040617526.0,17282864806.0,62303333656.0,63888589410.0,50026684075.0,44276627328.0,207760.0,미스터블루,,
01047840,2020,12247807055.0,18336763057.0,70272951026.0,80687721436.0,66293314840.0,62303333656.0,207760.0,미스터블루,,
00587457,2015,1511472349.0,928524760.0,124025960304.0,39584970743.0,22262684439.0,105194914981.0,94480.0,갤럭시아머니트리,,
00587457,2016,3679658907.0,-11884432595.0,143345214450.0,53853718546.0,29103965468.0,124025960304.0,94480.0,갤럭시아머니트리,,
00587457,2017,3072893474.0,-44034879065.0,183457161324.0,69129594333.0,39407355788.0,143345214450.0,94480.0,갤럭시아머니트리,,
00587457,2018,4824907880.0,-6886950431.0,229962292901.0,81383390831.0,49947223954.0,183457161324.0,94480.0,갤럭시아머니트리,,
00587457,2019,8838255285.0,-30055691614.0,240358045533.0,85556493534.0,52087967615.0,229962292901.0,94480.0,갤럭시아머니트리,,
00587457,2020,4487483700.0,-1104625963.0,262091504435.0,81230421178.0,50171193006.0,240358045533.0,94480.0,갤럭시아머니트리,,
00124276,2015,5010150377.0,6674476818.0,75759451815.0,77037504135.0,62024635034.0,69927689688.0,8470.0,부스타,,
00124276,2016,6266618428.0,6951642956.0,82882152370.0,86313556369.0,68713263807.0,75759451815.0,8470.0,부스타,,
00124276,2017,4635252016.0,-790827743.0,84540827996.0,78949524576.0,64722309815.0,82882152370.0,8470.0,부스타,,
00124276,2018,2987172829.0,-1000641081.0,85716616625.0,81943314663.0,67718104857.0,84540827996.0,8470.0,부스타,,
00124276,2019,3493119784.0,2842336215.0,94164881727.0,96542723396.0,80488557396.0,85716616625.0,8470.0,부스타,,
00124276,2020,5455385608.0,5675123312.0,93481148843.0,100596491168.0,81508252756.0,94164881727.0,8470.0,부스타,,
00155151,2015,7364916916.0,79237924064.0,885010749004.0,1149093865351.0,989917690593.0,790229269089.0,43370.0,피에이치에이,,
00155151,2016,53296490851.0,81147698074.0,914289385781.0,1222491907893.0,1052779307667.0,885010749004.0,43370.0,피에이치에이,,
00155151,2017,74521351538.0,41213518933.0,896344884690.0,1053836516654.0,932499194399.0,914289385781.0,43370.0,피에이치에이,,
00155151,2018,44832283519.0,26799802681.0,907869460666.0,1066543292352.0,955583725074.0,896344884690.0,43370.0,피에이치에이,,
00155151,2019,31622056877.0,43536728853.0,920596013820.0,1088426363321.0,971680857213.0,907869460666.0,43370.0,피에이치에이,,
00155151,2020,7926073258.0,63099762917.0,933702811981.0,949059782088.0,851154811184.0,920596013820.0,43370.0,피에이치에이,,
00143527,2015,-21251390269.0,-50279017587.0,1167819521528.0,1604168482257.0,1520436434811.0,1320789065885.0,12320.0,경동인베스트,,
00143527,2016,19132415040.0,26876327909.0,1126122628417.0,1181902637143.0,1064804018018.0,1167819521528.0,12320.0,경동인베스트,,
00143527,2017,51930859567.0,60158090480.0,599276330576.0,195069859267.0,158689397355.0,1126122628417.0,12320.0,경동인베스트,,
00143527,2018,29827973140.0,12513851411.0,592002535525.0,228644015641.0,189431403013.0,599276330576.0,12320.0,경동인베스트,,
00143527,2019,8856009136.0,32390709976.0,605467383487.0,271765024522.0,249805519014.0,600099804382.0,12320.0,경동인베스트,,
00143527,2020,16483709223.0,18457522939.0,589277834910.0,310532987835.0,291067376077.0,605467383487.0,12320.0,경동인베스트,,
00138446,2015,204276307.0,3807346384.0,222307574945.0,157317306054.0,88552643084.0,233769898490.0,13990.0,아가방컴퍼니,,
00138446,2016,1861902606.0,3243486579.0,226090017389.0,150255366570.0,83494402851.0,222307574945.0,13990.0,아가방컴퍼니,,
00138446,2017,-4896212333.0,-5874321622.0,211445068866.0,140860567916.0,76438753396.0,226090017389.0,13990.0,아가방컴퍼니,,
00138446,2018,-15633573893.0,-7669233541.0,191259986329.0,112860687432.0,60614041501.0,211445068866.0,13990.0,아가방컴퍼니,,
00138446,2019,-15811446415.0,-1163660065.0,187823148892.0,134236270820.0,63437341691.0,191259986329.0,13990.0,아가방컴퍼니,,
00138446,2020,-1967358394.0,2953713239.0,186398179879.0,122464578770.0,57814778031.0,187823148892.0,13990.0,아가방컴퍼니,,
00269612,2015,3220143351.0,27564153299.0,290397093727.0,581430662200.0,537224364123.0,278397574284.0,47310.0,파워로직스,,
00269612,2016,4806595559.0,38506838045.0,304792712822.0,545479981859.0,499222442007.0,290397093727.0,47310.0,파워로직스,,
00269612,2017,9169404272.0,11921136236.0,277514175757.0,705665350229.0,651926766318.0,304792712822.0,47310.0,파워로직스,,
00269612,2018,23928372863.0,68690433341.0,345302765725.0,753902613089.0,681015034270.0,277514175757.0,47310.0,파워로직스,,
00269612,2019,54994898423.0,56191716455.0,411390410733.0,1107914322668.0,999788404383.0,345302765725.0,47310.0,파워로직스,,
00269612,2020,-25719528437.0,17559203783.0,371482198212.0,927235983594.0,909615403175.0,411390410733.0,47310.0,파워로직스,,
00350482,2015,28409056.0,2087215754.0,56320285320.0,27812143129.0,24404092037.0,58091718788.0,45300.0,성우테크론,,
00350482,2016,3430933147.0,3315704084.0,62342910516.0,29179540981.0,24066016229.0,56320285320.0,45300.0,성우테크론,,
00350482,2017,5859635355.0,6889433240.0,71859798223.0,38160323950.0,30327100948.0,62342910516.0,45300.0,성우테크론,,
00350482,2018,5421554740.0,7751496882.0,70083719307.0,39516945840.0,29758157361.0,71859798223.0,45300.0,성우테크론,,
00350482,2019,4546309724.0,19192716.0,75224670587.0,32959022422.0,28188903677.0,70083719307.0,45300.0,성우테크론,,
00350482,2020,3868953656.0,9370301393.0,80127517876.0,37915619790.0,30875065222.0,75224670587.0,45300.0,성우테크론,,
00256715,2015,-3529404718.0,-9008894111.0,216587927782.0,77443124008.0,50017004316.0,217479839371.0,43650.0,국순당,,
00256715,2016,-2760687632.0,141542153.0,213004830978.0,69701265563.0,42026521591.0,216587927782.0,43650.0,국순당,,
00256715,2017,9687855298.0,-2421354207.0,242199754989.0,62761236290.0,38986795084.0,213004830978.0,43650.0,국순당,,
00256715,2018,-2977369162.0,-5633687614.0,238619493474.0,61496071504.0,38750320294.0,242628913396.0,43650.0,국순당,,
00256715,2019,-8269903429.0,-4311503079.0,252484287184.0,102095769190.0,73665131145.0,238619493474.0,43650.0,국순당,,
00256715,2020,18661684886.0,15137330909.0,244882856300.0,52947425413.0,29009493316.0,226455246050.0,43650.0,국순당,,
00127936,2015,3185544695.0,15459197323.0,62469630764.0,73289937037.0,67032539337.0,61726749542.0,2290.0,삼일기업공사,,
00127936,2016,692335549.0,238146600.0,62473130808.0,28242760873.0,25101635545.0,62469630764.0,2290.0,삼일기업공사,,
00127936,2017,2650700923.0,-5640020623.0,64106791480.0,56403799694.0,50844088653.0,62473130808.0,2290.0,삼일기업공사,,
00127936,2018,3094333203.0,-2215835605.0,61777296536.0,56185006771.0,50241521598.0,64106791480.0,2290.0,삼일기업공사,,
00127936,2019,3290112444.0,13093614890.0,69829145098.0,76264880666.0,69163332522.0,61777296536.0,2290.0,삼일기업공사,,
00127936,2020,2413513693.0,87708275.0,68203628759.0,64691731272.0,58795332286.0,69829145098.0,2290.0,삼일기업공사,,
00154055,2015,676101637.0,1291128132.0,43650058799.0,30490729060.0,28585188865.0,42447896240.0,1420.0,태원물산,,
00154055,2016,1430527210.0,3868837120.0,44707584390.0,31807061679.0,28656870722.0,43650058799.0,1420.0,태원물산,,
00154055,2017,826727996.0,-654251534.0,41123790760.0,24900924849.0,22859750077.0,44707584390.0,1420.0,태원물산,,
00154055,2018,356093463.0,910128565.0,38346073110.0,21894839377.0,20362952658.0,41123790760.0,1420.0,태원물산,,
00154055,2019,538638805.0,1473363904.0,38191577718.0,21887046474.0,20458631012.0,38346073110.0,1420.0,태원물산,,
00154055,2020,-26831131.0,501110632.0,38295003548.0,16338892686.0,15714813199.0,38191577718.0,1420.0,태원물산,,
00447928,2015,-3593014300.0,6030319036.0,84946748850.0,35730679715.0,28724369713.0,84630311844.0,85910.0,네오티스,,
00447928,2016,-1601110778.0,1878437627.0,84886955614.0,40161937772.0,31663302234.0,84946748850.0,85910.0,네오티스,,
00447928,2017,-7249333908.0,7739030226.0,81029245094.0,43473210147.0,34282804041.0,84886955614.0,85910.0,네오티스,,
00447928,2018,3178418509.0,5218266752.0,86639874645.0,45195339088.0,35138241633.0,81029245094.0,85910.0,네오티스,,
00447928,2019,1456669883.0,3202964794.0,86911738785.0,42409365424.0,33502834739.0,86639874645.0,85910.0,네오티스,,
00447928,2020,370556043.0,7900392853.0,102983511994.0,37969069075.0,29149977178.0,86911738785.0,85910.0,네오티스,,
00144164,2015,73231558062.0,-159724181049.0,4079951416413.0,4078985547656.0,3746641239627.0,3337842683098.0,18670.0,SK가스,,
00144164,2016,188170058560.0,-107692809174.0,4070915648349.0,5254738368500.0,4785574532481.0,4079951416413.0,18670.0,SK가스,,
00144164,2017,149899106684.0,-108168160059.0,4351747561273.0,6689683933938.0,6274170675888.0,4070915648349.0,18670.0,SK가스,,
00144164,2018,55438443461.0,-90589662308.0,3755607241785.0,6859163776452.0,6557948183797.0,4351747561273.0,18670.0,SK가스,,
00144164,2019,154118607914.0,307699873378.0,4082417323183.0,4931073628033.0,4521732780915.0,3755607241785.0,18670.0,SK가스,,
00144164,2020,265350074918.0,228478576964.0,4498920423918.0,4412318983220.0,3963468465865.0,4082417323183.0,18670.0,SK가스,,
00159564,2015,1356633625.0,5957928748.0,70437858344.0,35572027531.0,31060164962.0,75730589925.0,25890.0,한국주강,,
00159564,2016,-3633433693.0,2749962320.0,64842181795.0,26502234990.0,24429387203.0,70437858344.0,25890.0,한국주강,,
00159564,2017,-4725308836.0,-2892549294.0,84927734161.0,29920639789.0,29509181339.0,64842181795.0,25890.0,한국주강,,
00159564,2018,-10120005721.0,-3042961423.0,60348394566.0,39136733429.0,45034890142.0,84927734161.0,25890.0,한국주강,,
00159564,2019,-13564455582.0,307158321.0,48507645594.0,36271401954.0,38447102151.0,60348394566.0,25890.0,한국주강,,
00159564,2020,-1332761454.0,-466776076.0,46460626063.0,33885845079.0,31510984650.0,48507645594.0,25890.0,한국주강,,
00759294,2015,28501535807.0,33545203967.0,276220799199.0,354942299698.0,290100655273.0,208738923137.0,122990.0,와이솔,,
00759294,2016,31814387250.0,71741323487.0,298655845142.0,435680522614.0,359461259224.0,276220799199.0,122990.0,와이솔,,
00759294,2017,44539395650.0,84629004851.0,343090302443.0,446122562552.0,349510359131.0,298655845142.0,122990.0,와이솔,,
00759294,2018,45369756902.0,87423068862.0,370602217171.0,433566057051.0,327849569238.0,343090302443.0,122990.0,와이솔,,
00759294,2019,30387778576.0,49128271598.0,419012003253.0,370317281240.0,286373617263.0,370602217171.0,122990.0,와이솔,,
00759294,2020,3408649618.0,75320448791.0,423070059073.0,345138901963.0,277222675711.0,419012003253.0,122990.0,와이솔,,
00112165,2015,13499570083.0,38200094974.0,585802944761.0,519409720195.0,444230105599.0,563512799801.0,92200.0,디아이씨,,
00112165,2016,11105069623.0,21265706793.0,733802131780.0,557499790562.0,481087456860.0,585802944761.0,92200.0,디아이씨,,
00112165,2017,4481636011.0,27844239874.0,829328475916.0,632994705143.0,554272328357.0,731519658826.0,92200.0,디아이씨,,
00112165,2018,-6970010035.0,33394836441.0,810320831770.0,588210774777.0,520878592861.0,827475239567.0,92200.0,디아이씨,,
00112165,2019,-55659588101.0,67831019049.0,779788534362.0,537765528558.0,524644436400.0,810320831770.0,92200.0,디아이씨,,
00112165,2020,-119098345105.0,123094862123.0,604617279535.0,493387379752.0,525068686356.0,779788534362.0,92200.0,디아이씨,,
00445799,2015,24757685859.0,42071236818.0,222183470263.0,369618849054.0,331128067795.0,200922961916.0,93920.0,서원인텍,,
00445799,2016,19255348242.0,12827109875.0,227223458060.0,357572858643.0,322648020178.0,222183470263.0,93920.0,서원인텍,,
00445799,2017,3144259718.0,15219582758.0,196942719160.0,284134788083.0,258595941330.0,227223458060.0,93920.0,서원인텍,,
00445799,2018,4961399267.0,7252271581.0,192294125078.0,246968048528.0,225822343352.0,196942719160.0,93920.0,서원인텍,,
00445799,2019,12670944471.0,34792788847.0,201386875984.0,302903887367.0,271910974222.0,192294125078.0,93920.0,서원인텍,,
00445799,2020,16929107181.0,20923157244.0,208631773310.0,315619375140.0,285463431549.0,201386875984.0,93920.0,서원인텍,,
01478712,2020,-8739612891.0,82856729827.0,809177121206.0,620598045942.0,587333498822.0,,353200.0,대덕전자,,
00143314,2015,-3969041565.0,5163553704.0,124186819523.0,579624843787.0,523274472705.0,332655332475.0,15260.0,에이엔피,,
00143314,2016,5356312505.0,3705094713.0,130591638858.0,103554956796.0,97009451425.0,124186819523.0,15260.0,에이엔피,,
00143314,2017,-12674704809.0,-1886349067.0,142121848081.0,101153875604.0,101629542011.0,130591638858.0,15260.0,에이엔피,,
00143314,2018,-7768107464.0,687385652.0,153373698278.0,107826343702.0,105932566381.0,142121848081.0,15260.0,에이엔피,,
00143314,2019,-7766242564.0,-406389037.0,132315026934.0,105840629313.0,105608236246.0,153973842571.0,15260.0,에이엔피,,
00143314,2020,-24690992799.0,1934597930.0,103907676857.0,82078262375.0,88790902382.0,132315026934.0,15260.0,에이엔피,,
00138701,2015,8209681020.0,83646965661.0,1592617349423.0,1051931152909.0,874466561005.0,1634069739230.0,2030.0,아세아,,
00138701,2016,67565442549.0,111381139710.0,1706513488963.0,1095268174419.0,896159821538.0,1592617349423.0,2030.0,아세아,,
00138701,2017,73488619006.0,37274973046.0,1816402594147.0,1197764022366.0,1010331252923.0,1706513488963.0,2030.0,아세아,,
00138701,2018,100188706669.0,237099419242.0,2840279786882.0,1627628401442.0,1278183918384.0,1816402594147.0,2030.0,아세아,,
00138701,2019,94517881273.0,225459454971.0,2869496179442.0,1542430973306.0,1216077778155.0,2840279786882.0,2030.0,아세아,,
00138701,2020,82947953814.0,190537274430.0,2887531023613.0,1527141149607.0,1205875699271.0,2884358506487.0,2030.0,아세아,,
00364306,2015,10854066714.0,11696168055.0,126445657591.0,166318815975.0,138211122200.0,105258945180.0,81580.0,성우전자,,
00364306,2016,12548549022.0,15933696489.0,142154218136.0,172747326610.0,149722128535.0,126445657591.0,81580.0,성우전자,,
00364306,2017,7292435049.0,14180524484.0,139837974106.0,183524221738.0,159725698523.0,142154218136.0,81580.0,성우전자,,
00364306,2018,8794940644.0,26253178648.0,137749456734.0,158592173590.0,137109199335.0,139837974106.0,81580.0,성우전자,,
00364306,2019,-5382429579.0,894531735.0,126891468193.0,118739389893.0,111042415087.0,137749456734.0,81580.0,성우전자,,
00364306,2020,-3774249458.0,11078926795.0,121713811910.0,113756895689.0,107031002618.0,126891468193.0,81580.0,성우전자,,
00244783,2015,2039389765.0,6486558745.0,71078453177.0,28229483700.0,22570681053.0,62355343034.0,52600.0,한네트,,
00244783,2016,2385648135.0,7780172982.0,69699831682.0,28849126612.0,23187151664.0,71078453177.0,52600.0,한네트,,
00244783,2017,1394017786.0,5441620349.0,77423733161.0,27605284914.0,23190455585.0,69699831682.0,52600.0,한네트,,
00244783,2018,1100385453.0,4708837692.0,67247749387.0,27170017330.0,23168348890.0,77423733161.0,52600.0,한네트,,
00244783,2019,1132443625.0,5730482776.0,63761022354.0,25948122327.0,21875811082.0,67247749387.0,52600.0,한네트,,
00244783,2020,1245290242.0,5983297266.0,54395723900.0,24447155822.0,20788572477.0,63761022354.0,52600.0,한네트,,
00152783,2015,12210189611.0,13920912117.0,116526898049.0,67912626707.0,42366406484.0,110437411265.0,49430.0,코메론,,
00152783,2016,12748626983.0,17271405916.0,136746192083.0,68905532991.0,40527739807.0,116526898049.0,49430.0,코메론,,
00152783,2017,9500732474.0,11667633628.0,139135358825.0,68450794154.0,39824357301.0,136746192083.0,49430.0,코메론,,
00152783,2018,12241204752.0,12700816769.0,142536731606.0,68746430564.0,43129064776.0,139135358825.0,49430.0,코메론,,
00152783,2019,14302684894.0,15639604300.0,153773823042.0,66630534869.0,39646242211.0,142536731606.0,49430.0,코메론,,
00152783,2020,12125770727.0,11804208613.0,163170343618.0,66441620556.0,40137776708.0,153773823042.0,49430.0,코메론,,
00167280,2015,-8784583358.0,-2504908541.0,45783694951.0,39159768644.0,33319004901.0,52080616802.0,7630.0,폴루스바이오팜,,
00167280,2016,-17448536610.0,-3588150678.0,59601098614.0,29861276142.0,28112075027.0,52232964312.0,7630.0,폴루스바이오팜,,
00167280,2017,-2980645398.0,-13355136720.0,54835923521.0,29622794893.0,28449675765.0,59601098614.0,7630.0,폴루스바이오팜,,
00167280,2018,-24354874358.0,-15205194885.0,164329725445.0,10163549711.0,9234484848.0,54835923521.0,7630.0,폴루스바이오팜,,
00167280,2019,-13260704092.0,-2798683452.0,150930839824.0,9486235788.0,8647941978.0,164329725445.0,7630.0,폴루스바이오팜,,
00167280,2020,-4343112513.0,-9405701957.0,148168162643.0,6516189617.0,5879872436.0,150930839824.0,7630.0,폴루스바이오팜,,
00105299,2015,7634879631.0,18783689569.0,678340605085.0,565957187741.0,463512795390.0,723147128775.0,14280.0,금강공업,,
00105299,2016,35763918366.0,46574668649.0,710805610213.0,603160425897.0,469393066234.0,678340605085.0,14280.0,금강공업,,
00105299,2017,26631679390.0,9781059184.0,756422311035.0,613247470066.0,487340243047.0,710805610213.0,14280.0,금강공업,,
00105299,2018,14872444863.0,21919459759.0,852848676558.0,567908393876.0,465489830024.0,756422311035.0,14280.0,금강공업,,
00105299,2019,-4951773770.0,27873199528.0,834006206201.0,549727641624.0,464089077309.0,852848676558.0,14280.0,금강공업,,
00105299,2020,2298102140.0,13956088905.0,779160209350.0,501933307880.0,432661800215.0,834006206201.0,14280.0,금강공업,,
00623661,2015,21222785409.0,26080095288.0,234156234910.0,192468673913.0,134833538509.0,211658802025.0,104830.0,원익머트리얼즈,,
00623661,2016,15670234025.0,33406701095.0,262307871225.0,175041473320.0,126643878080.0,234156234910.0,104830.0,원익머트리얼즈,,
00623661,2017,17753506055.0,40915542438.0,279621313989.0,203032358774.0,134252485466.0,262307871225.0,104830.0,원익머트리얼즈,,
00623661,2018,41226240701.0,41215862340.0,315098910434.0,233464557935.0,151041346602.0,279621313989.0,104830.0,원익머트리얼즈,,
00623661,2019,28106267557.0,38442456205.0,358756324636.0,220839808219.0,147917523488.0,315098910434.0,104830.0,원익머트리얼즈,,
00623661,2020,33137617748.0,69390083295.0,400109186457.0,276756125685.0,190007460382.0,358756324636.0,104830.0,원익머트리얼즈,,
00122898,2015,30281211019.0,40778263393.0,429504382107.0,442823058118.0,341912197930.0,399992604279.0,7210.0,벽산,,
00122898,2016,24403528321.0,38576720446.0,458398719793.0,443779912331.0,346049245900.0,429504382107.0,7210.0,벽산,,
00122898,2017,13356680782.0,16904910443.0,451649550583.0,414696624271.0,331254195446.0,458398719793.0,7210.0,벽산,,
00122898,2018,8429355848.0,-4945419969.0,474553686577.0,432398854100.0,357256426520.0,451649550583.0,7210.0,벽산,,
00122898,2019,-1719685902.0,14898381743.0,462713986754.0,433534084326.0,370740120696.0,474553686577.0,7210.0,벽산,,
00122898,2020,1271936773.0,23356460320.0,464447679592.0,444168334685.0,371524013665.0,462713986754.0,7210.0,벽산,,
01101041,2017,-22342695.0,157488173.0,11986643411.0,0.0,,11971509860.0,225590.0,패션플랫폼,,
01101041,2018,1210623863.0,5455159094.0,43262813463.0,74307198896.0,33513731059.0,29616835118.0,225590.0,패션플랫폼,,
01101041,2019,5543185098.0,7431949790.0,54773061234.0,79379157837.0,34358461821.0,43262813463.0,225590.0,패션플랫폼,,
01101041,2020,1084451245.0,-3937728215.0,54912680297.0,58092503644.0,23127055628.0,54773061234.0,225590.0,패션플랫폼,,
00365758,2015,-29057006996.0,-4685457410.0,54584146216.0,9618590058.0,7029795072.0,71961066403.0,52860.0,아이앤씨,,
00365758,2016,1468547454.0,-6250227774.0,59436360474.0,30300573901.0,22992660951.0,54755798524.0,52860.0,아이앤씨,,
00365758,2017,6264327721.0,7539219879.0,62120310138.0,42928877403.0,26247776941.0,59436360474.0,52860.0,아이앤씨,,
00365758,2018,1297665860.0,6176299635.0,63155378227.0,31303910340.0,16901727036.0,62120310138.0,52860.0,아이앤씨,,
00365758,2019,5724789203.0,12200893643.0,72454409937.0,45567582697.0,26751395672.0,63155378227.0,52860.0,아이앤씨,,
00365758,2020,-6048408019.0,-3113357181.0,62958347549.0,22884990000.0,15710359060.0,72454409937.0,52860.0,아이앤씨,,
00808022,2015,4222556930.0,1772221190.0,103052492907.0,14926335581.0,,77874767908.0,140410.0,메지온,,
00808022,2016,-12984660752.0,-6077154976.0,95899261664.0,8751241483.0,,103052492907.0,140410.0,메지온,,
00808022,2017,-14881751606.0,-13213838076.0,74038036459.0,5585879988.0,,95899261664.0,140410.0,메지온,,
00808022,2018,-18876287918.0,-21723893700.0,75059445207.0,19087500191.0,,74038036459.0,140410.0,메지온,,
00808022,2019,-23251204215.0,-20880004983.0,58873711912.0,18930987559.0,,75059445207.0,140410.0,메지온,,
00808022,2020,-13829312496.0,-7376695737.0,75625433817.0,28634181276.0,,58873711912.0,140410.0,메지온,,
00939331,2015,45479278764.0,49420179914.0,344296273321.0,535846082250.0,409570653961.0,336375677696.0,161890.0,한국콜마,,
00939331,2016,53183217565.0,38213822341.0,492928107512.0,667469194150.0,513950323429.0,344296273321.0,161890.0,한국콜마,,
00939331,2017,48601112399.0,5386484249.0,668548553526.0,821615970194.0,643808077586.0,492928107512.0,161890.0,한국콜마,,
00939331,2018,36805372483.0,62759621623.0,2186418082309.0,1357865265185.0,1000870347714.0,668548553526.0,161890.0,한국콜마,,
00939331,2019,33637990905.0,164842538883.0,2400309459227.0,1540720628957.0,1108456555974.0,2186418082309.0,161890.0,한국콜마,,
00939331,2020,160566240905.0,121463641010.0,2489599417108.0,1322081317656.0,895784180622.0,2400309459227.0,161890.0,한국콜마,,
00296005,2015,2049879048.0,1619084757.0,67161205271.0,53211124682.0,41892555767.0,41535939422.0,46970.0,우리로,,
00296005,2016,107047382.0,-4843751910.0,65777273272.0,42224403262.0,36259103274.0,67161205271.0,46970.0,우리로,,
00296005,2017,-10620831441.0,2848487052.0,61415678208.0,41059214735.0,35800774020.0,65777273272.0,46970.0,우리로,,
00296005,2018,-1557036458.0,3512738477.0,80290458379.0,55853880834.0,46252466028.0,61415678208.0,46970.0,우리로,,
00296005,2019,-10280896706.0,963500691.0,76027899353.0,115364637833.0,107141809848.0,78690458379.0,46970.0,우리로,,
00296005,2020,-9907403478.0,297001696.0,61765939280.0,110895020015.0,102476393248.0,76027899353.0,46970.0,우리로,,
01077577,2015,10322384593.0,27603028374.0,186170998792.0,196717324989.0,168393173853.0,,215360.0,우리산업,,
01077577,2016,13138918372.0,21404371116.0,188788294352.0,258789641044.0,220707321322.0,186170998792.0,215360.0,우리산업,,
01077577,2017,11755298983.0,19007991705.0,230688300795.0,279396172981.0,239024768112.0,188788294352.0,215360.0,우리산업,,
01077577,2018,12110355381.0,14780853800.0,249603980558.0,332788191753.0,291101570228.0,230688300795.0,215360.0,우리산업,,
01077577,2019,7584351299.0,19284723575.0,245838845470.0,318793341179.0,279797466600.0,249603980558.0,215360.0,우리산업,,
01077577,2020,5424172472.0,20212064517.0,249350077709.0,289033936727.0,252474034673.0,245838845470.0,215360.0,우리산업,,
00231372,2015,-49895848437.0,-197546684.0,249000436541.0,44668145766.0,43129839934.0,145286658325.0,32350.0,롯데관광개발,,
00231372,2016,1519733682.0,3116360247.0,362245685934.0,50376420169.0,47083725764.0,249000436541.0,32350.0,롯데관광개발,,
00231372,2017,3379267569.0,6490238947.0,401786611571.0,70291534811.0,65071780333.0,362245685934.0,32350.0,롯데관광개발,,
00231372,2018,-112874122304.0,2053895288.0,506790646201.0,76076008694.0,73071988232.0,401786611571.0,32350.0,롯데관광개발,,
00231372,2019,-14094195795.0,-24952495665.0,566146122619.0,88449397734.0,104604628531.0,506790646201.0,32350.0,롯데관광개발,,
00231372,2020,-82068543116.0,-114489713027.0,1198450486219.0,16769428645.0,88154147136.0,575034053421.0,32350.0,롯데관광개발,,
00221728,2015,3964155545.0,7020567849.0,87297979385.0,81602173131.0,61632398240.0,82330109689.0,66130.0,하츠,,
00221728,2016,4094215514.0,-1040190648.0,92934939750.0,88233675653.0,67495319417.0,87297979385.0,66130.0,하츠,,
00221728,2017,4527681715.0,2629400993.0,96118449722.0,101913074686.0,79570914626.0,92934939750.0,66130.0,하츠,,
00221728,2018,1511840496.0,2673272780.0,94467901708.0,103531378940.0,82216907407.0,96118449722.0,66130.0,하츠,,
00221728,2019,2373488949.0,7998669719.0,97451634337.0,112304948042.0,87655576348.0,94467901708.0,66130.0,하츠,,
00221728,2020,5991724105.0,7148704422.0,104095386215.0,125078383409.0,95871281158.0,97451634337.0,66130.0,하츠,,
00761952,2015,2392644953.0,10963704834.0,123074967820.0,99424411030.0,57836152956.0,124152321334.0,123860.0,아나패스,,
00761952,2016,-25410338139.0,15325040361.0,99182224689.0,99299891462.0,63552387535.0,123074967820.0,123860.0,아나패스,,
00761952,2017,678656157.0,17724778653.0,96625499353.0,87058622590.0,54955929561.0,99182224689.0,123860.0,아나패스,,
00761952,2018,-4210035599.0,-1950890591.0,93092428333.0,51496711392.0,34322941689.0,96625499353.0,123860.0,아나패스,,
00761952,2019,-22209909725.0,-16496433269.0,124489669955.0,60833181935.0,46144841642.0,93092428333.0,123860.0,아나패스,,
00761952,2020,-48978840040.0,-211923421.0,92829575058.0,100955537488.0,90519885503.0,124489669955.0,123860.0,아나패스,,
00129271,2015,-4750504774.0,7501857996.0,128264277775.0,171306516771.0,155006958111.0,126583813503.0,9470.0,삼화전기,,
00129271,2016,2135415992.0,7529416234.0,129464173790.0,199587558424.0,174225667539.0,128236130791.0,9470.0,삼화전기,,
00129271,2017,10093070763.0,13673115256.0,134101754228.0,207039767788.0,173818348366.0,129464173790.0,9470.0,삼화전기,,
00129271,2018,7033567494.0,9897542203.0,128156723005.0,204664225289.0,175610965023.0,134101754228.0,9470.0,삼화전기,,
00129271,2019,3569595284.0,6794491617.0,125230245157.0,195087850963.0,167009265856.0,128156723005.0,9470.0,삼화전기,,
00129271,2020,5776535708.0,12762532774.0,137039897477.0,199302909242.0,171511086308.0,125230245157.0,9470.0,삼화전기,,
00164812,2015,147230102819.0,74814061253.0,1503986486171.0,4261900488367.0,4156305881116.0,1926660485946.0,11760.0,현대코퍼레이션,,
00164812,2016,8067089402.0,47005085767.0,1514184317858.0,3558767403316.0,3452133242270.0,1503986486171.0,11760.0,현대코퍼레이션,,
00164812,2017,25143054721.0,48533629157.0,1258929405991.0,4305955495850.0,4196020636121.0,1514184317858.0,11760.0,현대코퍼레이션,,
00164812,2018,-8651054969.0,-41849363174.0,1098171167146.0,4714008238479.0,4587360079749.0,1258929405991.0,11760.0,현대코퍼레이션,,
00164812,2019,16439542405.0,140578866247.0,1444593616368.0,4263355273255.0,4142554271884.0,1098171167146.0,11760.0,현대코퍼레이션,,
00164812,2020,49362974090.0,140833967522.0,1219059292183.0,2880885745209.0,2778230586185.0,1444593616368.0,11760.0,현대코퍼레이션,,
00188797,2015,866686490.0,1548155010.0,55129985784.0,44939766396.0,39867731325.0,59688986808.0,119500.0,포메탈,,
00188797,2016,1882008970.0,3107285086.0,55100674491.0,45817287039.0,39381698860.0,55129985784.0,119500.0,포메탈,,
00188797,2017,2454141384.0,3463228869.0,60815973563.0,54017359942.0,46850243779.0,55100674491.0,119500.0,포메탈,,
00188797,2018,2091422161.0,3286608408.0,60655814726.0,55441041725.0,49282028786.0,60815973563.0,119500.0,포메탈,,
00188797,2019,2202167519.0,3855833512.0,62692670438.0,51552409016.0,45548359932.0,60655814726.0,119500.0,포메탈,,
00188797,2020,1767816975.0,4226659323.0,63223379419.0,52212542389.0,46426340505.0,62692670438.0,119500.0,포메탈,,
01416457,2019,-8102834.0,-4327212.0,1789828728.0,0.0,,,341160.0,하나금융15호기업인수목적,,
01416457,2020,42569984.0,-22258486.0,10718669844.0,0.0,,1789828728.0,341160.0,하나금융15호기업인수목적,,
01069736,2019,4802734013.0,5282601975.0,41463931896.0,48359057514.0,38429778539.0,25087853187.0,256150.0,한독크린텍,,
01069736,2020,8248807925.0,7003185775.0,48349814763.0,61027594196.0,47473310030.0,41463931896.0,256150.0,한독크린텍,,
01070857,2017,-1562827631.0,-1043112545.0,39462658319.0,15549165712.0,12280198478.0,31230399601.0,217600.0,켐온,,
01070857,2018,844201255.0,4969791242.0,42473048581.0,19450820403.0,15437399347.0,39462658319.0,217600.0,켐온,,
01070857,2019,1929995950.0,4528300958.0,44622023449.0,20914334358.0,16272936171.0,42473048581.0,217600.0,켐온,,
01070857,2020,1920849547.0,8495238666.0,72680984854.0,24767180198.0,19728730098.0,44622023449.0,217600.0,켐온,,
00540340,2019,7018471904.0,25540870204.0,344866909383.0,251498424968.0,,264548373052.0,290510.0,코리아센터,,
00540340,2020,16145335664.0,14544766753.0,406676888092.0,303015193408.0,,344866909383.0,290510.0,코리아센터,,
00374020,2017,16079544697.0,14728233106.0,60167154717.0,45634186761.0,21448180651.0,36948026351.0,63760.0,이엘피,,
00374020,2018,14827685045.0,17178211022.0,77041475340.0,50838818296.0,27309938001.0,60167154717.0,63760.0,이엘피,,
00374020,2019,4073789795.0,2261406972.0,76209622736.0,37348781129.0,26872705804.0,77041475340.0,63760.0,이엘피,,
00374020,2020,2487857975.0,-4454620620.0,76954243536.0,28862656478.0,19380438060.0,76209622736.0,63760.0,이엘피,,
00188089,2015,72891938036.0,45800332099.0,957470936564.0,616755897930.0,258691109109.0,1048239684297.0,20000.0,한섬,,
00188089,2016,56475910705.0,18001231440.0,1038024261647.0,711998208526.0,309608089367.0,957470936564.0,20000.0,한섬,,
00188089,2017,53856247653.0,72763465178.0,1252267493692.0,1228675785847.0,544589084988.0,1038024261647.0,20000.0,한섬,,
00188089,2018,74357933655.0,203689535793.0,1219779751714.0,1299209402149.0,552395720037.0,1252267493692.0,20000.0,한섬,,
00188089,2019,85260969635.0,136406347301.0,1323644544934.0,1259801685199.0,508407455969.0,1272696440699.0,20000.0,한섬,,
00188089,2020,84888784490.0,149389202960.0,1438544149461.0,1195899640313.0,490189971546.0,1323644544934.0,20000.0,한섬,,
00106368,2015,121866343480.0,483191768284.0,4210555635941.0,3934509038268.0,3600583120599.0,4437304355252.0,11780.0,금호석유화학,,
00106368,2016,80764817357.0,296755288897.0,4546113635860.0,3970435496820.0,3637513282987.0,4210555635941.0,11780.0,금호석유화학,,
00106368,2017,217647431804.0,421047042204.0,4579813617926.0,5064779318222.0,4636527053971.0,4546113635860.0,11780.0,금호석유화학,,
00106368,2018,503082598293.0,484649992492.0,4616720747880.0,5584910608973.0,4854225737646.0,4579813617926.0,11780.0,금호석유화학,,
00106368,2019,294696728256.0,557680550905.0,4538042397798.0,4977931637637.0,4412486023355.0,4616720747880.0,11780.0,금호석유화학,,
00106368,2020,582982310651.0,771534306405.0,5027282217052.0,4809535907763.0,3858766763454.0,4538042397798.0,11780.0,금호석유화학,,
00264228,2015,871870866.0,596555903.0,36085603778.0,13863123445.0,9571321660.0,37766709865.0,38620.0,위즈코프,,
00264228,2016,1495978836.0,1329829219.0,43738671030.0,29645402640.0,21512581424.0,36085603778.0,38620.0,위즈코프,,
00264228,2017,1206036398.0,2784540210.0,45944151684.0,36272380635.0,26828307807.0,43738671030.0,38620.0,위즈코프,,
00264228,2018,64981387.0,2831865445.0,44698780752.0,39602235213.0,29663421047.0,45944151684.0,38620.0,위즈코프,,
00264228,2019,25282899.0,2542521969.0,41680873627.0,36756137479.0,27658930067.0,44698780752.0,38620.0,위즈코프,,
00264228,2020,2732311048.0,1742043191.0,51178026840.0,28206514295.0,21285048056.0,41680873627.0,38620.0,위즈코프,,
00149026,2015,29603865258.0,26839805959.0,284933124402.0,138970754855.0,101942744722.0,260355829884.0,590.0,CS홀딩스,,
00149026,2016,17138786404.0,16602116340.0,293927435342.0,123144962095.0,89665704207.0,284933124402.0,590.0,CS홀딩스,,
00149026,2017,14264795185.0,16869197453.0,302433875442.0,120959821888.0,89757286748.0,293927435342.0,590.0,CS홀딩스,,
00149026,2018,12641149434.0,10186160370.0,304418192853.0,122550868578.0,94019832445.0,302433875442.0,590.0,CS홀딩스,,
00149026,2019,16603891978.0,19282880626.0,314291512839.0,134971514129.0,101877574480.0,304418192853.0,590.0,CS홀딩스,,
00149026,2020,11835399356.0,14806587360.0,323725567844.0,131637084502.0,98462604425.0,314291512839.0,590.0,CS홀딩스,,
00256380,2015,13453820486.0,34629102607.0,237498161032.0,454032615284.0,411283489245.0,234469607846.0,49520.0,유아이엘,,
00256380,2016,16598825644.0,29779669818.0,251407975131.0,444330192517.0,408109533198.0,237498161032.0,49520.0,유아이엘,,
00256380,2017,15292215477.0,26560000117.0,244270993210.0,479784155280.0,439458465470.0,251407975131.0,49520.0,유아이엘,,
00256380,2018,9401206172.0,22834566165.0,220193002955.0,423594391419.0,398521009918.0,244270993210.0,49520.0,유아이엘,,
00256380,2019,8230238750.0,24298451636.0,211559224811.0,408486202801.0,382240125700.0,220193002955.0,49520.0,유아이엘,,
00256380,2020,-10920317452.0,-5371703894.0,212798924431.0,300847700771.0,298520013485.0,211559224811.0,49520.0,유아이엘,,
00167004,2015,2931293444.0,4503670346.0,78054323625.0,155108362881.0,147810083007.0,69144162744.0,24060.0,흥구석유,,
00167004,2016,2177633080.0,1116000635.0,79137159884.0,143840908682.0,136170700003.0,78054323625.0,24060.0,흥구석유,,
00167004,2017,2064680643.0,1558001130.0,79912055743.0,155516614426.0,147630990744.0,79137159884.0,24060.0,흥구석유,,
00167004,2018,2369789152.0,5042987216.0,75205581475.0,166208303110.0,157890888152.0,79912055743.0,24060.0,흥구석유,,
00167004,2019,8292865778.0,730873041.0,83661499084.0,150668734921.0,142924804639.0,75205581475.0,24060.0,흥구석유,,
00167004,2020,4791371176.0,1721038099.0,83721347570.0,114843734793.0,108837681111.0,83661499084.0,24060.0,흥구석유,,
01199189,2019,1094254244.0,1274956444.0,46611706963.0,52298488333.0,43084635080.0,31557199734.0,264850.0,이랜시스,,
01199189,2020,3385827598.0,4445436943.0,51537497254.0,61159595470.0,51890590573.0,46611706963.0,264850.0,이랜시스,,
00302120,2015,-10651574340.0,-6542572393.0,49420767497.0,23018281635.0,27900751714.0,64116850680.0,54340.0,피앤텔,,
00302120,2016,-8975478007.0,-8116528063.0,42914199097.0,28990543562.0,26689117543.0,49420767497.0,54340.0,피앤텔,,
00302120,2017,-22013474848.0,-3392819604.0,24653916105.0,17991095373.0,18946177508.0,42914199097.0,54340.0,피앤텔,,
00302120,2018,-20618306757.0,-12538608650.0,27158823451.0,17050119605.0,17162935760.0,24653916105.0,54340.0,피앤텔,,
00302120,2019,4686699992.0,-3138680134.0,21597031047.0,15783283216.0,14554047949.0,27158823451.0,54340.0,피앤텔,,
00302120,2020,-345785502.0,2818854244.0,23765765380.0,30393521839.0,24942356122.0,21597031047.0,54340.0,피앤텔,,
00112721,2015,4562798967.0,392609448.0,294540086829.0,260110989213.0,247391689425.0,224339420305.0,140520.0,대창스틸,,
00112721,2016,-4532674986.0,221935203.0,294916417695.0,302662748552.0,287482046403.0,294540086829.0,140520.0,대창스틸,,
00112721,2017,1888801695.0,-10287894768.0,307195349198.0,318055221116.0,302768895433.0,294916417695.0,140520.0,대창스틸,,
00112721,2018,-19575289460.0,25304698203.0,256470765779.0,228396166052.0,216349614723.0,307195349198.0,140520.0,대창스틸,,
00112721,2019,28133318.0,9263228610.0,232138221322.0,197636279694.0,185143002004.0,256470765779.0,140520.0,대창스틸,,
00112721,2020,-6546040900.0,12840570714.0,225350665288.0,171332427025.0,160453696988.0,232138221322.0,140520.0,대창스틸,,
00123781,2015,105156634.0,14662085913.0,120222229858.0,165617436356.0,157169388005.0,125858272387.0,26940.0,부국철강,,
00123781,2016,3166378559.0,3812317849.0,121540260816.0,140175192350.0,132350106516.0,120222229858.0,26940.0,부국철강,,
00123781,2017,2318294799.0,-7916927631.0,129693768348.0,146118524788.0,139855006358.0,121540260816.0,26940.0,부국철강,,
00123781,2018,2078602811.0,3493642232.0,123795692378.0,142352894010.0,136935882222.0,129693768348.0,26940.0,부국철강,,
00123781,2019,1838565286.0,4580008498.0,122258587601.0,132264146302.0,127571052667.0,123795692378.0,26940.0,부국철강,,
00123781,2020,807617911.0,6670933895.0,132192727015.0,138929983023.0,132575020704.0,122258587601.0,26940.0,부국철강,,
00604815,2015,2871056294.0,2229938918.0,42174706585.0,67901788897.0,56404730618.0,43012334410.0,121890.0,에스디시스템,,
00604815,2016,-6881435363.0,3757187693.0,42236506644.0,63561565438.0,58314874294.0,42174706585.0,121890.0,에스디시스템,,
00604815,2017,-9147175814.0,-12845085682.0,35094047974.0,55362066010.0,49458655296.0,42236506644.0,121890.0,에스디시스템,,
00604815,2018,-5637766017.0,784340482.0,34753913271.0,45562197278.0,41356554557.0,35094047974.0,121890.0,에스디시스템,,
00604815,2019,-13517163168.0,-3687655649.0,24820711108.0,38144084815.0,35236565795.0,34753913271.0,121890.0,에스디시스템,,
00604815,2020,-2869187843.0,4828677100.0,12097079163.0,22592325933.0,19208737730.0,24820711108.0,121890.0,에스디시스템,,
00961774,2017,10779136676.0,7069831969.0,70113010094.0,50909071718.0,25553237651.0,48698630893.0,179900.0,유티아이,,
00961774,2018,6449398053.0,9648639960.0,77731151847.0,47977085898.0,29432211935.0,70113010094.0,179900.0,유티아이,,
00961774,2019,4917577024.0,12620222422.0,82836836664.0,63087225111.0,41116164709.0,77731151847.0,179900.0,유티아이,,
00961774,2020,550717442.0,4090869271.0,91244372105.0,59605293941.0,44095692096.0,82836836664.0,179900.0,유티아이,,
00154718,2015,10078315002.0,16029409784.0,97993819940.0,82163325743.0,59629055568.0,75134092917.0,82920.0,비츠로셀,,
00154718,2016,14134494410.0,6425415343.0,113890699792.0,91020079291.0,62660501135.0,97993819940.0,82920.0,비츠로셀,,
00154718,2017,1234064474.0,31503413717.0,132776270041.0,25219178682.0,20311141715.0,120833372022.0,82920.0,비츠로셀,,
00154718,2018,15371863197.0,17085684432.0,145252936773.0,112596989766.0,84240586363.0,132776270041.0,82920.0,비츠로셀,,
00154718,2019,20081747481.0,26401539290.0,163957501704.0,133438198953.0,97546343146.0,145252936773.0,82920.0,비츠로셀,,
00154718,2020,14129260569.0,24445449911.0,188283778513.0,113179916874.0,81970805800.0,163957501704.0,82920.0,비츠로셀,,
00350020,2015,343399855.0,7295559498.0,101447240272.0,168495876726.0,153734193581.0,105181934473.0,49120.0,파인디앤씨,,
00350020,2016,-5059113971.0,6247843654.0,127259725104.0,177666099271.0,164639804703.0,101447240272.0,49120.0,파인디앤씨,,
00350020,2017,-19872126595.0,-6303097978.0,107567991508.0,159356866940.0,152495555759.0,127259725104.0,49120.0,파인디앤씨,,
00350020,2018,1636584990.0,9144613912.0,94508931007.0,77325562620.0,65114343502.0,107567991508.0,49120.0,파인디앤씨,,
00350020,2019,-3722369883.0,13647307247.0,103603700497.0,77522236702.0,69508741809.0,94508931007.0,49120.0,파인디앤씨,,
00350020,2020,-11393828112.0,-867405775.0,86418836896.0,58190391951.0,55986884413.0,103603700497.0,49120.0,파인디앤씨,,
00125646,2015,33261886095.0,51897429622.0,242576283218.0,260350359417.0,196108726768.0,212161040994.0,18310.0,삼목에스폼,,
00125646,2016,37818466282.0,73110954632.0,349901221845.0,268032153668.0,199137152209.0,242576283218.0,18310.0,삼목에스폼,,
00125646,2017,35123305087.0,62758747430.0,375587971956.0,305094737592.0,232090780798.0,349901221845.0,18310.0,삼목에스폼,,
00125646,2018,39536173021.0,72376954737.0,373638961788.0,188934727840.0,121107597910.0,375587971956.0,18310.0,삼목에스폼,,
00125646,2019,13699546839.0,42138977907.0,396407856083.0,144218796313.0,110085657719.0,373638961788.0,18310.0,삼목에스폼,,
00125646,2020,705493115.0,24640483730.0,395923976866.0,116454495962.0,105684360539.0,396407856083.0,18310.0,삼목에스폼,,
00131692,2015,25222928190.0,26219523997.0,556754828849.0,304123698961.0,240947552205.0,491207875928.0,8490.0,서흥,,
00131692,2016,30703782370.0,53033306850.0,585890727422.0,340361414879.0,267916100161.0,556754828849.0,8490.0,서흥,,
00131692,2017,26393453298.0,45688939451.0,595288907066.0,350007727009.0,277518875152.0,585890727422.0,8490.0,서흥,,
00131692,2018,29384182358.0,49006540708.0,639100629515.0,393476122727.0,319179635929.0,595288907066.0,8490.0,서흥,,
00131692,2019,37366003811.0,22115561779.0,708861042205.0,460728389318.0,369360374744.0,639100629515.0,8490.0,서흥,,
00131692,2020,59261938767.0,46093480955.0,765989775630.0,553012153653.0,432048748861.0,708861042205.0,8490.0,서흥,,
00422284,2015,120554441340.0,82887073649.0,354407843405.0,249366216808.0,143802954513.0,574677180197.0,72870.0,메가스터디,,
00422284,2016,-1667872886.0,15757425608.0,360052341663.0,150220407795.0,72964692051.0,354407843405.0,72870.0,메가스터디,,
00422284,2017,-3521801903.0,8921313502.0,337641989297.0,132088568038.0,70394788888.0,360052341663.0,72870.0,메가스터디,,
00422284,2018,23807745520.0,23103823178.0,366307609499.0,134558059949.0,63807919540.0,337641989297.0,72870.0,메가스터디,,
00422284,2019,11417830268.0,16611052772.0,379554212134.0,140193511461.0,68577459821.0,366307609499.0,72870.0,메가스터디,,
00422284,2020,22399945981.0,23624198043.0,402799621907.0,132954109369.0,62983251583.0,379554212134.0,72870.0,메가스터디,,
00107677,2015,6659556196.0,-7514712663.0,178009473564.0,200322459161.0,92990445437.0,194159987987.0,2070.0,비비안,,
00107677,2016,-2289534515.0,-2931818864.0,164439472539.0,207495268667.0,88997225458.0,169429720317.0,2070.0,비비안,,
00107677,2017,-1666159055.0,-3914996290.0,149155487336.0,215172721259.0,89442890338.0,152473888957.0,2070.0,비비안,,
00107677,2018,-5760915970.0,754437753.0,141137610322.0,211392530262.0,89324495572.0,149155487336.0,2070.0,비비안,,
00107677,2019,-2433111817.0,13259644750.0,133298819200.0,200089189693.0,85862147658.0,141137610322.0,2070.0,비비안,,
00107677,2020,-52288713965.0,3274000185.0,189039183775.0,183301139509.0,80516695669.0,133298819200.0,2070.0,비비안,,
00234227,2015,-1917881365.0,-3693072186.0,51707314654.0,42280717223.0,32816349081.0,39761100575.0,56080.0,유진로봇,,
00234227,2016,-3479984367.0,-1830368669.0,54359141258.0,60281450948.0,47147513624.0,51707314654.0,56080.0,유진로봇,,
00234227,2017,-4065222383.0,-10774402437.0,116964916284.0,64954552888.0,49296689223.0,54359141258.0,56080.0,유진로봇,,
00234227,2018,-2464412972.0,-2053581023.0,107712961910.0,81747626423.0,65495662761.0,116964916284.0,56080.0,유진로봇,,
00234227,2019,-21414774392.0,-8575322662.0,89205030905.0,72699200702.0,62274192143.0,107712961910.0,56080.0,유진로봇,,
00234227,2020,-10603424775.0,-2387963444.0,76684813203.0,57693783365.0,41917807737.0,89205030905.0,56080.0,유진로봇,,
00249982,2015,3415497307.0,6997970849.0,187536391115.0,70497412950.0,27250837736.0,180340397346.0,35610.0,솔본,,
00249982,2016,3567437083.0,1331599242.0,191339662207.0,79000440886.0,32597130828.0,187536391115.0,35610.0,솔본,,
00249982,2017,-6157927124.0,3849403217.0,187436714114.0,74108666581.0,34052428741.0,191339662207.0,35610.0,솔본,,
00249982,2018,10063844155.0,5191238825.0,197269651227.0,84440586565.0,29901790193.0,187436714114.0,35610.0,솔본,,
00249982,2019,5773648464.0,13666957388.0,208145440553.0,80312073074.0,37809431057.0,197269651227.0,35610.0,솔본,,
00249982,2020,5140019785.0,17768717365.0,217808281335.0,82039359099.0,37010455965.0,208145440553.0,35610.0,솔본,,
00110608,2015,9987441799.0,28237164022.0,177279718122.0,214768290579.0,182147029941.0,183845613539.0,155660.0,DSR,,
00110608,2016,10743309602.0,10527608296.0,195724130826.0,201060062780.0,167544236730.0,177279718122.0,155660.0,DSR,,
00110608,2017,11030446592.0,6412606316.0,228277238568.0,226371576785.0,192335673885.0,195724130826.0,155660.0,DSR,,
00110608,2018,8019140276.0,4576784514.0,225031293123.0,236022374628.0,208471333946.0,228277238568.0,155660.0,DSR,,
00110608,2019,8785193596.0,13763610911.0,240410406795.0,236324122853.0,206855359131.0,225031293123.0,155660.0,DSR,,
00110608,2020,8975949927.0,17350176366.0,252937447385.0,230979854250.0,198594522304.0,240410406795.0,155660.0,DSR,,
01059605,2015,1456100215.0,29484848556.0,222371202199.0,248499187197.0,216134355674.0,223056139071.0,210540.0,디와이파워,,
01059605,2016,9603346140.0,32421811603.0,228157937657.0,229147679683.0,188576522575.0,222371202199.0,210540.0,디와이파워,,
01059605,2017,30535097633.0,10756207486.0,255124230805.0,324494444321.0,267120405756.0,228157937657.0,210540.0,디와이파워,,
01059605,2018,25501848855.0,23485918162.0,258539785544.0,385733960855.0,321637579663.0,255124230805.0,210540.0,디와이파워,,
01059605,2019,19083323900.0,49975687291.0,262634138872.0,343476252427.0,290368319033.0,258539785544.0,210540.0,디와이파워,,
01059605,2020,25410370866.0,23571634200.0,287809530581.0,304751063277.0,253686220636.0,262634138872.0,210540.0,디와이파워,,
00540429,2015,1278796442.0,1455183962.0,26170418363.0,27151771036.0,21018215602.0,31221323152.0,90710.0,휴림로봇,,
00540429,2016,1091840634.0,-1765512726.0,42616151524.0,45094012424.0,37109099470.0,26170418363.0,90710.0,휴림로봇,,
00540429,2017,1742449816.0,5389486776.0,74396583432.0,71499983026.0,56179303885.0,42616151524.0,90710.0,휴림로봇,,
00540429,2018,-19026770757.0,-8532451482.0,45580695166.0,30729831152.0,27993016148.0,74396583432.0,90710.0,휴림로봇,,
00540429,2019,-9519403684.0,1730494448.0,42734247026.0,17620759665.0,15054174558.0,45580695166.0,90710.0,휴림로봇,,
00540429,2020,40983955742.0,-11040435525.0,135740118691.0,20729242425.0,17832134479.0,42734247026.0,90710.0,휴림로봇,,
00398808,2015,5363617052.0,6975243341.0,92348076193.0,60225881750.0,31251398469.0,67365182558.0,68930.0,디지털대성,,
00398808,2016,7979840765.0,14104451618.0,94624661696.0,83509557938.0,42489949651.0,92348076193.0,68930.0,디지털대성,,
00398808,2017,8260611105.0,11840650850.0,104580457613.0,89840128042.0,45026978795.0,94624661696.0,68930.0,디지털대성,,
00398808,2018,9853175941.0,20464590523.0,112212180081.0,106906093490.0,53178786807.0,104580457613.0,68930.0,디지털대성,,
00398808,2019,18980098700.0,29166547218.0,142456542262.0,140630621161.0,73009258397.0,112212180081.0,68930.0,디지털대성,,
00398808,2020,10859584317.0,13292259560.0,150829157910.0,148450627584.0,86575547482.0,142456542262.0,68930.0,디지털대성,,
00265005,2015,7783088004.0,8555627684.0,96096944098.0,77760550199.0,57420912149.0,79356941471.0,57540.0,옴니시스템,,
00265005,2016,2714233770.0,-1401373700.0,101623604784.0,69702654972.0,54378805663.0,96096944098.0,57540.0,옴니시스템,,
00265005,2017,6542091985.0,13079287583.0,127095528511.0,120638419016.0,102252339972.0,101623604784.0,57540.0,옴니시스템,,
00265005,2018,3184641742.0,-522762614.0,125174740716.0,114047082389.0,95814807276.0,127095528511.0,57540.0,옴니시스템,,
00265005,2019,18705310482.0,-5127867057.0,136588798530.0,94031922860.0,80428152483.0,125174740716.0,57540.0,옴니시스템,,
00265005,2020,-4552830875.0,-2460874647.0,121452254756.0,98301146825.0,84207911103.0,136588798530.0,57540.0,옴니시스템,,
00626011,2015,-585714622.0,6497371214.0,48807648321.0,22953872563.0,22044171098.0,60522103519.0,119830.0,아이텍,,
00626011,2016,1433539855.0,9189709537.0,46529450078.0,25780105709.0,21328934407.0,48807648321.0,119830.0,아이텍,,
00626011,2017,1512672683.0,6740715006.0,49137646037.0,25847624863.0,20894322392.0,46529450078.0,119830.0,아이텍,,
00626011,2018,1576622642.0,5305268566.0,119484192624.0,30905306653.0,25413065282.0,49137646037.0,119830.0,아이텍,,
00626011,2019,-8277080498.0,10158750747.0,95000560232.0,47026177416.0,38138637919.0,119484192624.0,119830.0,아이텍,,
00626011,2020,-5250086662.0,15116672555.0,146431938998.0,45568591033.0,37448214631.0,95000560232.0,119830.0,아이텍,,
00348034,2015,-7040610467.0,-3565780377.0,149330425481.0,100752238334.0,53226054473.0,161276991383.0,52790.0,액토즈소프트,,
00348034,2016,-2263407005.0,12942402346.0,147737258238.0,72386383106.0,36913744542.0,149330425481.0,52790.0,액토즈소프트,,
00348034,2017,-7477693996.0,10873810218.0,143736510135.0,55399431082.0,26997982892.0,147737258238.0,52790.0,액토즈소프트,,
00348034,2018,-14891820538.0,-1237355268.0,127196834792.0,37652204111.0,13971301795.0,143736510135.0,52790.0,액토즈소프트,,
00348034,2019,20774307723.0,15761446287.0,175372733511.0,62665219215.0,14872617268.0,127196834792.0,52790.0,액토즈소프트,,
00348034,2020,15594877373.0,14136047319.0,216893790173.0,47543482980.0,11741833953.0,175372733511.0,52790.0,액토즈소프트,,
00761059,2019,22893193571.0,25102040125.0,294174681841.0,175371908760.0,137507678017.0,132691631145.0,251970.0,펌텍코리아,,
00761059,2020,24492097269.0,974617807.0,285824548449.0,196796773417.0,154865966136.0,294174681841.0,251970.0,펌텍코리아,,
00136402,2015,2053997951.0,16106581494.0,227192888103.0,228564197661.0,202597514556.0,237800301245.0,6880.0,신송홀딩스,,
00136402,2016,-12398501825.0,-5112945588.0,246716567911.0,206895556130.0,193580352906.0,227192888103.0,6880.0,신송홀딩스,,
00136402,2017,-8240874320.0,-15793685478.0,259752616849.0,291761499391.0,254205372213.0,246716567911.0,6880.0,신송홀딩스,,
00136402,2018,-13912828379.0,14262948987.0,205261964208.0,163341579807.0,148925333119.0,259752616849.0,6880.0,신송홀딩스,,
00136402,2019,-34342177557.0,-6548040462.0,199873920742.0,263013506964.0,238421041259.0,205261964208.0,6880.0,신송홀딩스,,
00136402,2020,2771232829.0,15362551984.0,167829010357.0,205881740065.0,182299192012.0,199873920742.0,6880.0,신송홀딩스,,
00133335,2015,2221762202.0,13875182665.0,362501569149.0,177305113950.0,149040921706.0,334627316013.0,180.0,성창기업지주,,
00133335,2016,21110992789.0,2278932276.0,636441018437.0,181373613825.0,152656574090.0,362501569149.0,180.0,성창기업지주,,
00133335,2017,4121272046.0,6674882220.0,654109414020.0,178284387342.0,151256182811.0,636441018437.0,180.0,성창기업지주,,
00133335,2018,-7933704173.0,-123070738.0,648660747359.0,161073904292.0,143761812491.0,654109414020.0,180.0,성창기업지주,,
00133335,2019,-10875066038.0,8739061531.0,703302244198.0,151041606849.0,131208356532.0,648660747359.0,180.0,성창기업지주,,
00133335,2020,5064139080.0,15862944502.0,707392786834.0,170916583169.0,138519375918.0,703302244198.0,180.0,성창기업지주,,
00185356,2015,3550674079.0,-273543065.0,66381351340.0,63388268096.0,53326138565.0,63259677120.0,33100.0,제룡전기,,
00185356,2016,-2690968527.0,7476849459.0,62155122966.0,39878449357.0,38260410685.0,66381351340.0,33100.0,제룡전기,,
00185356,2017,-553024654.0,4693361247.0,57852593579.0,47658363248.0,42276358566.0,62155122966.0,33100.0,제룡전기,,
00185356,2018,2925414920.0,4986547743.0,58998246166.0,42493546829.0,34052947392.0,57852593579.0,33100.0,제룡전기,,
00185356,2019,5583159057.0,7276308814.0,64293248973.0,45214795714.0,35112833600.0,58998246166.0,33100.0,제룡전기,,
00185356,2020,3525211077.0,6848306973.0,71229148861.0,44195774535.0,35447492148.0,64293248973.0,33100.0,제룡전기,,
00112679,2015,15753505288.0,17959062691.0,195292739191.0,231334845622.0,197534614770.0,183977542109.0,15230.0,대창단조,,
00112679,2016,13970140092.0,2428163525.0,202433475925.0,213390559372.0,181451873724.0,195292739191.0,15230.0,대창단조,,
00112679,2017,12710146497.0,-313807588.0,216950065520.0,257646211017.0,220988100269.0,202433475925.0,15230.0,대창단조,,
00112679,2018,12494891716.0,-3299451324.0,229017784519.0,320500099166.0,286426011880.0,216950065520.0,15230.0,대창단조,,
00112679,2019,15614481737.0,44813340661.0,238563736894.0,277253875767.0,238093484829.0,229017784519.0,15230.0,대창단조,,
00112679,2020,14829533269.0,13157216122.0,247240845931.0,264472231685.0,225262666069.0,238563736894.0,15230.0,대창단조,,
01113949,2016,843157767.0,-4249698593.0,30722530574.0,28215569450.0,19517472514.0,16593929085.0,195440.0,퓨전,,
01113949,2017,-8285055521.0,-6990731697.0,28834298112.0,24697703808.0,22593487774.0,30722530574.0,195440.0,퓨전,,
01113949,2018,-13154210210.0,4424043582.0,22699871229.0,17369934111.0,19651397818.0,28834298112.0,195440.0,퓨전,,
01113949,2019,-13731576090.0,-6733089814.0,55644438548.0,16289843611.0,14676031457.0,22699871229.0,195440.0,퓨전,,
01113949,2020,-25163041072.0,-3682760709.0,17991130293.0,13918902588.0,6026507896.0,55644438548.0,195440.0,퓨전,,
00359076,2015,6335467752.0,-749276744.0,61895924381.0,52454025951.0,42255327108.0,51485259653.0,64480.0,브리지텍,,
00359076,2016,7932233122.0,18792962482.0,62590714569.0,55214248367.0,42825656561.0,61895924381.0,64480.0,브리지텍,,
00359076,2017,-3637421841.0,-2932293964.0,51895512209.0,30211608032.0,30524642916.0,62590714569.0,64480.0,브리지텍,,
00359076,2018,2065243081.0,4214380519.0,56122698380.0,46502490652.0,41573644783.0,51895512209.0,64480.0,브리지텍,,
00359076,2019,-3174464651.0,-2020098468.0,42299688100.0,35589606694.0,35145640291.0,56122698380.0,64480.0,브리지텍,,
00359076,2020,866379532.0,4500985660.0,42554123117.0,44325949632.0,38498911637.0,42299688100.0,64480.0,브리지텍,,
00439965,2015,7655910698.0,11682309334.0,83449448425.0,43140424550.0,23332424411.0,71678553748.0,121600.0,나노신소재,,
00439965,2016,5940058437.0,6589355694.0,84239206951.0,41111799737.0,23265866235.0,83449448425.0,121600.0,나노신소재,,
00439965,2017,6827888915.0,9556458416.0,88963511936.0,45568866446.0,24870264795.0,84239206951.0,121600.0,나노신소재,,
00439965,2018,7671621233.0,3946808653.0,98480424107.0,52249959664.0,29703093443.0,88963511936.0,121600.0,나노신소재,,
00439965,2019,5801286198.0,11904291093.0,101893569315.0,48892960511.0,29575322225.0,98480424107.0,121600.0,나노신소재,,
00439965,2020,1649534192.0,8742437700.0,106629092242.0,48524487750.0,32958434240.0,101893569315.0,121600.0,나노신소재,,
00160205,2015,5181220764.0,16756134464.0,201235777898.0,267581832934.0,240203835081.0,198386270398.0,10040.0,한국내화,,
00160205,2016,5731695723.0,8008865908.0,205577085225.0,258404973993.0,229189064951.0,201235777898.0,10040.0,한국내화,,
00160205,2017,11644296776.0,-8125835867.0,215430995378.0,270434846816.0,239183923494.0,205577085225.0,10040.0,한국내화,,
00160205,2018,7150593968.0,22322305643.0,204551880099.0,239657973648.0,206490774224.0,215430995378.0,10040.0,한국내화,,
00160205,2019,4286221933.0,6191950812.0,209255063529.0,223874327470.0,194758996655.0,204551880099.0,10040.0,한국내화,,
00160205,2020,1475766202.0,2732674847.0,202829020034.0,203694763872.0,179689003115.0,209255063529.0,10040.0,한국내화,,
00576789,2015,1824895800.0,4135794185.0,96349490213.0,103246095509.0,84718191832.0,92969120359.0,113810.0,디젠스,,
00576789,2016,2162227384.0,10975154751.0,101471962066.0,119949321461.0,101628951232.0,96349490213.0,113810.0,디젠스,,
00576789,2017,-6510306561.0,7383330630.0,93967240506.0,107691238252.0,94460140873.0,101471962066.0,113810.0,디젠스,,
00576789,2018,-9780480853.0,-3602591922.0,78396243803.0,95045420962.0,83188858602.0,87348709107.0,113810.0,디젠스,,
00576789,2019,-2953429662.0,5139764165.0,79054293569.0,79328540346.0,66902772570.0,78396243803.0,113810.0,디젠스,,
00576789,2020,-6079983169.0,5975320465.0,65191269105.0,81865005866.0,68846200674.0,79054293569.0,113810.0,디젠스,,
00360674,2015,9289475848.0,11875151106.0,101963300682.0,60002801342.0,41430552700.0,85070780621.0,56360.0,코위버,,
00360674,2016,6620118311.0,4753306755.0,114636176644.0,58702717894.0,39445330730.0,101963300682.0,56360.0,코위버,,
00360674,2017,6511898583.0,7751961220.0,118351713966.0,54336132081.0,34782009379.0,114636176644.0,56360.0,코위버,,
00360674,2018,6198516280.0,2483714824.0,129376792521.0,55093571688.0,38645391943.0,118351713966.0,56360.0,코위버,,
00360674,2019,20638977424.0,3204350606.0,164870776276.0,113131214825.0,82438761735.0,129376792521.0,56360.0,코위버,,
00360674,2020,5599131777.0,10242532537.0,151439044962.0,80925043221.0,58602362381.0,164870776276.0,56360.0,코위버,,
00133557,2015,1319384016.0,4639321159.0,44591275829.0,74519448732.0,55274193480.0,43681619876.0,24940.0,PN풍년,,
00133557,2016,1753874242.0,2718239310.0,51363537690.0,76146752402.0,55073312253.0,44591275829.0,24940.0,PN풍년,,
00133557,2017,1434999425.0,396056505.0,48628437552.0,67111332558.0,47421578507.0,51363537690.0,24940.0,PN풍년,,
00133557,2018,1197017621.0,-1638701362.0,48526282379.0,61842455200.0,45225820893.0,48628437552.0,24940.0,PN풍년,,
00133557,2019,5421554062.0,10339973919.0,52445650574.0,54592806441.0,40337280803.0,48526282379.0,24940.0,PN풍년,,
00133557,2020,2311221997.0,4470352125.0,49131386214.0,57693667086.0,42104888313.0,52445650574.0,24940.0,PN풍년,,
00129280,2015,-8047732318.0,-82279629.0,69277587535.0,36070299308.0,35532228578.0,77076683841.0,11230.0,삼화전자공업,,
00129280,2016,-361731695.0,2029044086.0,68227794118.0,38819906315.0,33186777191.0,69277587535.0,11230.0,삼화전자공업,,
00129280,2017,-3154263639.0,3247953264.0,64321796133.0,44179994727.0,39134787994.0,68227794118.0,11230.0,삼화전자공업,,
00129280,2018,-4269992792.0,84648555.0,64280395686.0,42084171950.0,38815726010.0,62087149089.0,11230.0,삼화전자공업,,
00129280,2019,-3221224364.0,-1676561871.0,60400094607.0,41787722783.0,35736487269.0,64280395686.0,11230.0,삼화전자공업,,
00129280,2020,-2296598446.0,-1416180914.0,55038201508.0,40116152080.0,35577020414.0,60400094607.0,11230.0,삼화전자공업,,
00141608,2015,-1763807417.0,2029876114.0,194667662969.0,178690824855.0,169063039183.0,181808227087.0,14940.0,오리엔탈정공,,
00141608,2016,-20158733748.0,16634136402.0,146417604353.0,182955368510.0,165619171265.0,194667662969.0,14940.0,오리엔탈정공,,
00141608,2017,-1078536585.0,-7468900034.0,128050824496.0,100983082110.0,87971664532.0,146417604353.0,14940.0,오리엔탈정공,,
00141608,2018,-3082144549.0,-1995833026.0,132954866768.0,77475079765.0,68786923410.0,128050824496.0,14940.0,오리엔탈정공,,
00141608,2019,3508771150.0,11596712668.0,156435186667.0,130107247173.0,115928923666.0,132954866768.0,14940.0,오리엔탈정공,,
00141608,2020,29328626808.0,10522498697.0,176620444941.0,167739622008.0,138239139854.0,156435186667.0,14940.0,오리엔탈정공,,
00404288,2015,1419305963.0,2228093626.0,28002872601.0,18034376003.0,9383506790.0,29326633689.0,59120.0,아진엑스텍,,
00404288,2016,1148670037.0,873497079.0,41100357934.0,17565365588.0,9107354114.0,28002872601.0,59120.0,아진엑스텍,,
00404288,2017,6156377327.0,2786308178.0,46145660132.0,30704497369.0,14546638209.0,41100357934.0,59120.0,아진엑스텍,,
00404288,2018,4499818595.0,7051035203.0,46712262675.0,26576020854.0,12132751620.0,46145660132.0,59120.0,아진엑스텍,,
00404288,2019,2475375100.0,3450094769.0,48167634474.0,20619941227.0,9281125213.0,46712262675.0,59120.0,아진엑스텍,,
00404288,2020,1286906532.0,4407505856.0,48347002285.0,22649907372.0,11739460969.0,48167634474.0,59120.0,아진엑스텍,,
00135467,2015,6944767978.0,6272331393.0,167139032177.0,125067794432.0,110995604271.0,154566713370.0,49830.0,승일,,
00135467,2016,3178474204.0,7569122642.0,171389854478.0,138451582677.0,125415034836.0,167139032177.0,49830.0,승일,,
00135467,2017,2732414616.0,6172442475.0,169038229405.0,135816977937.0,124658349145.0,171389854478.0,49830.0,승일,,
00135467,2018,7933278975.0,2417252735.0,178709061095.0,151026586704.0,140228192127.0,169038229405.0,49830.0,승일,,
00135467,2019,-585952178.0,6852628480.0,170980812039.0,136635791237.0,129948804954.0,178709061095.0,49830.0,승일,,
00135467,2020,803732728.0,10464245534.0,173914482050.0,132798715970.0,124492180132.0,170980812039.0,49830.0,승일,,
00260383,2015,200789062347.0,323715431248.0,1529064057909.0,1726962269429.0,1400676894289.0,1440420696889.0,6650.0,대한유화,,
00260383,2016,272895473081.0,322565912850.0,1763643254167.0,1596377041938.0,1200599243199.0,1529064057909.0,6650.0,대한유화,,
00260383,2017,214456397461.0,227866073015.0,1970580429103.0,1779426201829.0,1444015037003.0,1763643254167.0,6650.0,대한유화,,
00260383,2018,257413487091.0,350888486260.0,1983913415064.0,2553976805773.0,2178367085675.0,1970580429103.0,6650.0,대한유화,,
00260383,2019,106342325026.0,230340535760.0,2026475125984.0,2074296474936.0,1913952306019.0,1983913415064.0,6650.0,대한유화,,
00260383,2020,127243163832.0,303203770314.0,2127550340179.0,1882733375675.0,1667289922539.0,2026475125984.0,6650.0,대한유화,,
00579971,2015,2914837684.0,3152788678.0,27612999475.0,12049114417.0,,19427600207.0,94360.0,칩스앤미디어,,
00579971,2016,3554887147.0,3921150781.0,31641418880.0,13680081491.0,,27612999475.0,94360.0,칩스앤미디어,,
00579971,2017,-2323250129.0,-1888456667.0,29007462341.0,9055717578.0,0.0,31641418880.0,94360.0,칩스앤미디어,,
00579971,2018,2642266733.0,2895460899.0,31857434626.0,14147250500.0,0.0,29007462341.0,94360.0,칩스앤미디어,,
00579971,2019,4521549647.0,2924818425.0,35860268795.0,16148209650.0,0.0,31857434626.0,94360.0,칩스앤미디어,,
00579971,2020,1928354537.0,4715422897.0,39769436594.0,15400622758.0,0.0,35860268795.0,94360.0,칩스앤미디어,,
00364847,2015,-3836740291.0,5050108720.0,44452416601.0,54871573443.0,,48049569078.0,67920.0,이글루,,
00364847,2016,3488445476.0,3228308329.0,43743307152.0,58104577468.0,,44452416601.0,67920.0,이글루,,
00364847,2017,4183121292.0,7441432369.0,49348115702.0,60091643785.0,,43743307152.0,67920.0,이글루,,
00364847,2018,8821860947.0,3558435994.0,56342517458.0,64678925384.0,,49348115702.0,67920.0,이글루,,
00364847,2019,1980544465.0,8362723264.0,59418053778.0,75565878469.0,,56342517458.0,67920.0,이글루,,
00364847,2020,4935763295.0,3862881619.0,60743159674.0,81727314643.0,,59418053778.0,67920.0,이글루,,
00883980,2015,12913206188.0,13297671243.0,201257994344.0,146564370538.0,97143272204.0,155982257171.0,143160.0,아이디스,,
00883980,2016,-8019590621.0,18208048533.0,185103865850.0,129510825355.0,89288980097.0,201257994344.0,143160.0,아이디스,,
00883980,2017,9516812754.0,2194287362.0,163258360964.0,95158878503.0,64910869335.0,185103865850.0,143160.0,아이디스,,
00883980,2018,4337178686.0,-5309349621.0,165464306521.0,109219201926.0,74143257984.0,163258360964.0,143160.0,아이디스,,
00883980,2019,1912287902.0,13556029342.0,170723398787.0,111875143321.0,75925068319.0,165464306521.0,143160.0,아이디스,,
00883980,2020,11216128756.0,25523389211.0,183585392677.0,150996037166.0,102962115882.0,170723398787.0,143160.0,아이디스,,
00604426,2015,12593351335.0,17050682546.0,92654598193.0,59557723904.0,26434794641.0,75842865182.0,119610.0,인터로조,,
00604426,2016,19347511809.0,15127875592.0,106986077761.0,73713983059.0,30762451962.0,92654598193.0,119610.0,인터로조,,
00604426,2017,19274417555.0,11291268315.0,118387759503.0,80618215492.0,34171454374.0,106986077761.0,119610.0,인터로조,,
00604426,2018,14598097009.0,9194565773.0,146038791488.0,79428150522.0,37626160185.0,120530559737.0,119610.0,인터로조,,
00604426,2019,17555492133.0,23527892164.0,181124112082.0,92568560434.0,44330802953.0,146038791488.0,119610.0,인터로조,,
00604426,2020,11543039254.0,17038262886.0,194160833468.0,88202799529.0,43682463560.0,181124112082.0,119610.0,인터로조,,
00491053,2015,583714842.0,2605567835.0,49210506301.0,52256320975.0,44429924005.0,47342870212.0,86060.0,진바이오텍,,
00491053,2016,2534635937.0,5312233890.0,59157362420.0,55632112204.0,44995066694.0,49210506301.0,86060.0,진바이오텍,,
00491053,2017,1846734655.0,1132376045.0,59542775236.0,55533770396.0,45786363787.0,59157362420.0,86060.0,진바이오텍,,
00491053,2018,2552524414.0,5955023687.0,72627064055.0,62809112555.0,48086593914.0,59542775236.0,86060.0,진바이오텍,,
00491053,2019,-27167320.0,-2681657559.0,67932582117.0,58244821178.0,48545481732.0,72627064055.0,86060.0,진바이오텍,,
00491053,2020,-3431527194.0,2491569239.0,62085248599.0,59119190246.0,49546732020.0,67932582117.0,86060.0,진바이오텍,,
01102095,2015,1633385472.0,11090690728.0,97792807199.0,105775760557.0,66770023728.0,,225650.0,쿠첸,,
01102095,2016,6485920742.0,1397055494.0,106439126979.0,272618911141.0,163411646800.0,97792807199.0,225650.0,쿠첸,,
01102095,2017,-6525262879.0,10890199611.0,105762540995.0,237263683740.0,144943595292.0,106439126979.0,225650.0,쿠첸,,
01102095,2018,684016500.0,-3411995096.0,96602165296.0,223351720610.0,146812340862.0,105762540995.0,225650.0,쿠첸,,
01102095,2019,-3503376175.0,4905739294.0,103832450593.0,209113515417.0,146768592732.0,96602165296.0,225650.0,쿠첸,,
00359580,2015,37683286107.0,33545824079.0,544009361675.0,400014263163.0,359639978596.0,454275222774.0,54800.0,아이디스홀딩스,,
00359580,2016,20862922411.0,43812342270.0,554231530548.0,441398463416.0,410113258559.0,544009361675.0,54800.0,아이디스홀딩스,,
00359580,2017,30867107326.0,33459659647.0,774739598701.0,438219713951.0,332156682322.0,554231530548.0,54800.0,아이디스홀딩스,,
00359580,2018,53785250462.0,32138426875.0,800007200679.0,556267195332.0,403876444238.0,774739598701.0,54800.0,아이디스홀딩스,,
00359580,2019,13476746036.0,101730532979.0,799552849710.0,507776368425.0,361920911453.0,800007200679.0,54800.0,아이디스홀딩스,,
00359580,2020,4765967501.0,51093007091.0,787004601654.0,432176009835.0,321102041865.0,799552849710.0,54800.0,아이디스홀딩스,,
00145109,2015,126046994757.0,126234690907.0,1880328618143.0,1128731291653.0,788062467490.0,1615971977660.0,100.0,유한양행,,
00145109,2016,161248743738.0,74144086537.0,2045941041016.0,1320797335286.0,931355854828.0,1880328618143.0,100.0,유한양행,,
00145109,2017,109636658758.0,126125107517.0,2094673423815.0,1462248030140.0,1037623911211.0,2045941041016.0,100.0,유한양행,,
00145109,2018,58334962324.0,93451633128.0,2173812633315.0,1518822858428.0,1105030834749.0,2094673423815.0,100.0,유한양행,,
00145109,2019,36612325771.0,65985413049.0,2117200258200.0,1480353606936.0,1049502433306.0,2173812633315.0,100.0,유한양행,,
00145109,2020,190401937316.0,28830248876.0,2393522100926.0,1619865302675.0,1061442785131.0,2117200258200.0,100.0,유한양행,,
00201131,2015,3797825681.0,3298755907.0,87781842036.0,52180744464.0,41969277497.0,87283598989.0,32080.0,아즈텍WB,,
00201131,2016,4318266275.0,621559044.0,93020451204.0,52568059355.0,42638303666.0,87781842036.0,32080.0,아즈텍WB,,
00201131,2017,-364557105.0,4870641631.0,101593818419.0,34436523534.0,32303526522.0,93020451204.0,32080.0,아즈텍WB,,
00201131,2018,3925313316.0,5899010932.0,105938029317.0,47006132656.0,38086493546.0,101593818419.0,32080.0,아즈텍WB,,
00201131,2019,4763021431.0,-2225721492.0,117389874812.0,44574102884.0,36339922603.0,105938029317.0,32080.0,아즈텍WB,,
00201131,2020,3640334732.0,3050042471.0,125511329020.0,36046351049.0,30902785956.0,117922203644.0,32080.0,아즈텍WB,,
00925189,2015,-571546909.0,1681668825.0,59724862650.0,34122745277.0,28669234130.0,53378112313.0,187270.0,신화콘텍,,
00925189,2016,381970544.0,5763778147.0,71157054220.0,35206910825.0,27261901449.0,59724862650.0,187270.0,신화콘텍,,
00925189,2017,6161176532.0,9262472895.0,89470578990.0,55347068905.0,38183098915.0,71157054220.0,187270.0,신화콘텍,,
00925189,2018,-758628326.0,7961223204.0,86006661078.0,38696578794.0,31436076394.0,89470578990.0,187270.0,신화콘텍,,
00925189,2019,-2697452917.0,1236291008.0,86471264586.0,44341305776.0,35244776002.0,86006661078.0,187270.0,신화콘텍,,
00925189,2020,253745819.0,265763644.0,89293147424.0,44413659375.0,34145112986.0,86471264586.0,187270.0,신화콘텍,,
00132628,2015,-1695730317.0,798304431.0,45273302846.0,48199756216.0,42796739509.0,51557111013.0,14910.0,성문전자,,
00132628,2016,-1068992504.0,2520511007.0,44116407969.0,45409077407.0,39742546865.0,45273302846.0,14910.0,성문전자,,
00132628,2017,-2664895842.0,2361533121.0,42991994001.0,46069105978.0,40005428713.0,44116407969.0,14910.0,성문전자,,
00132628,2018,193399025.0,985379932.0,43264100900.0,41332761993.0,35463597302.0,42991994001.0,14910.0,성문전자,,
00132628,2019,-1848787920.0,2016607091.0,42506306644.0,35927661247.0,31926498493.0,43264100900.0,14910.0,성문전자,,
00132628,2020,-956728053.0,502921920.0,40358769981.0,37882645791.0,33166686796.0,42506306644.0,14910.0,성문전자,,
00866062,2015,6478347127.0,10325875650.0,123460455594.0,76418861057.0,53812962042.0,89286913256.0,170920.0,엘티씨,,
00866062,2016,-1863362595.0,-1091295998.0,144621414366.0,71007818358.0,56160472813.0,123460455594.0,170920.0,엘티씨,,
00866062,2017,-2039062575.0,4467418091.0,143947466131.0,65740788704.0,49280121557.0,144621414366.0,170920.0,엘티씨,,
00866062,2018,1325203529.0,12891811497.0,166985304342.0,96773496472.0,75619353423.0,143947466131.0,170920.0,엘티씨,,
00866062,2019,1250388891.0,4826093655.0,172657779774.0,92053187716.0,67924761156.0,166985304342.0,170920.0,엘티씨,,
00866062,2020,-4330426838.0,10039953466.0,165752112059.0,94775793266.0,70531406977.0,172657779774.0,170920.0,엘티씨,,
00305297,2015,23182709787.0,15215637355.0,235394690417.0,242012569692.0,187548052110.0,182316630134.0,52330.0,코텍,,
00305297,2016,37747461621.0,20012772017.0,275769906744.0,297954883370.0,225953964928.0,235394690417.0,52330.0,코텍,,
00305297,2017,21709681454.0,23586591193.0,301919376785.0,327482315838.0,259151538489.0,275769906744.0,52330.0,코텍,,
00305297,2018,35046430545.0,26917835005.0,325293762352.0,346599584197.0,266562042665.0,301919376785.0,52330.0,코텍,,
00305297,2019,30758976183.0,74411400100.0,353091371632.0,285258695589.0,214132604286.0,325293762352.0,52330.0,코텍,,
00305297,2020,-8534777406.0,10001375481.0,323641142403.0,186530363073.0,153703510218.0,353091371632.0,52330.0,코텍,,
00413523,2015,6685424763.0,48408031748.0,124677882908.0,166822814289.0,112335477420.0,153681052477.0,53690.0,한미글로벌,,
00413523,2016,8973344443.0,-25949943170.0,149271716560.0,169053494345.0,110860912277.0,124677882908.0,53690.0,한미글로벌,,
00413523,2017,9707584019.0,15851486817.0,168106149223.0,200835861986.0,132300286488.0,149271716560.0,53690.0,한미글로벌,,
00413523,2018,7146321884.0,6479396167.0,209712007255.0,207721612331.0,136737444209.0,168106149223.0,53690.0,한미글로벌,,
00413523,2019,23408893123.0,22288990733.0,203595485663.0,294657921603.0,207921549671.0,209712007255.0,53690.0,한미글로벌,,
00413523,2020,10364661951.0,25660033467.0,218683633460.0,232573115281.0,151422904979.0,203595485663.0,53690.0,한미글로벌,,
00185222,2015,3576853963.0,5606432090.0,43603237695.0,59520255759.0,46355200405.0,39294981514.0,45520.0,크린앤사이언스,,
00185222,2016,3592827760.0,6309945684.0,50645236038.0,59971175783.0,46441247106.0,43603237695.0,45520.0,크린앤사이언스,,
00185222,2017,4712747136.0,3657363035.0,65672134848.0,77107946913.0,60181544992.0,50645236038.0,45520.0,크린앤사이언스,,
00185222,2018,6852364263.0,4282334853.0,81338495819.0,95238575255.0,76078731477.0,65672134848.0,45520.0,크린앤사이언스,,
00185222,2019,8117118201.0,8267287924.0,115940769979.0,118318802393.0,94635289794.0,81338495819.0,45520.0,크린앤사이언스,,
00185222,2020,13380845146.0,21169401923.0,141112176622.0,150489394291.0,116617807913.0,115940769979.0,45520.0,크린앤사이언스,,
00142883,2015,15161037779.0,3152057412.0,256997921626.0,262989413603.0,227571294211.0,206045227207.0,17370.0,우신시스템,,
00142883,2016,9214580817.0,18814102570.0,252476645617.0,264306663492.0,230617191008.0,256997921626.0,17370.0,우신시스템,,
00142883,2017,-788403901.0,5273021664.0,289528241603.0,243972561315.0,216389023961.0,252476645617.0,17370.0,우신시스템,,
00142883,2018,-3133663876.0,-23570960207.0,300007702144.0,291720275103.0,269257839650.0,289528241603.0,17370.0,우신시스템,,
00142883,2019,4161980796.0,30515304157.0,311961834022.0,263651610824.0,236574905941.0,300007702144.0,17370.0,우신시스템,,
00142883,2020,-14012532662.0,13093153668.0,324516701631.0,240664448213.0,221366006969.0,316988718948.0,17370.0,우신시스템,,
00161781,2015,37082825243.0,27062164811.0,550967838309.0,125224021772.0,59373613069.0,320110537876.0,25980.0,아난티,,
00161781,2016,27366877532.0,-28497070828.0,673171175670.0,134925438417.0,68661518784.0,550967838309.0,25980.0,아난티,,
00161781,2017,2624088988.0,47473296263.0,730382411614.0,150455720947.0,82979534448.0,673171175670.0,25980.0,아난티,,
00161781,2018,-20280884749.0,51900480191.0,775052683246.0,162183238659.0,98847730200.0,730382411614.0,25980.0,아난티,,
00161781,2019,-7979907837.0,15978031352.0,845966626271.0,142703753903.0,83192019067.0,775052683246.0,25980.0,아난티,,
00161781,2020,-44795194655.0,22317408723.0,1143676045142.0,114059446037.0,76873998297.0,845966626271.0,25980.0,아난티,,
00612188,2015,4453843587.0,-45931834.0,76037540186.0,101207722880.0,41281097367.0,78253391565.0,98660.0,에스티오,,
00612188,2016,3213669838.0,4679159672.0,75460359105.0,100535861015.0,41870127648.0,76037540186.0,98660.0,에스티오,,
00612188,2017,-135866876.0,4152897671.0,70331253810.0,90839468075.0,39885284020.0,75460359105.0,98660.0,에스티오,,
00612188,2018,-295167753.0,9384802824.0,68589038977.0,88321594616.0,39388088255.0,70331253810.0,98660.0,에스티오,,
00612188,2019,3273992500.0,-3167689485.0,68168877844.0,85144201983.0,34545630579.0,68589038977.0,98660.0,에스티오,,
00612188,2020,-2701845194.0,1888993120.0,66059957700.0,68427471307.0,30541719986.0,68168877844.0,98660.0,에스티오,,
00137012,2015,2615040137.0,5518290502.0,72344893213.0,48783036497.0,44097749540.0,76988603538.0,103230.0,에스앤더블류,,
00137012,2016,-1072386695.0,96675045.0,70213694406.0,42197863747.0,38917121570.0,72344893213.0,103230.0,에스앤더블류,,
00137012,2017,-4191839002.0,-1563149378.0,64140403727.0,32736657969.0,33114912731.0,70213694406.0,103230.0,에스앤더블류,,
00137012,2018,-10219574982.0,-3551809634.0,57861674422.0,30239760962.0,32726423560.0,64140403727.0,103230.0,에스앤더블류,,
00137012,2019,-2754369508.0,-2412789208.0,55567064017.0,36022929834.0,34084541647.0,57861674422.0,103230.0,에스앤더블류,,
00137012,2020,623689323.0,-2179475165.0,53089640093.0,33495871526.0,30437108857.0,55567064017.0,103230.0,에스앤더블류,,
00118275,2015,1425500392.0,-3160118475.0,171701971278.0,105480559587.0,76251268190.0,179415423937.0,3160.0,디아이,,
00118275,2016,1061187051.0,11491571988.0,179576751889.0,109725349302.0,72830265522.0,171701971278.0,3160.0,디아이,,
00118275,2017,18413425874.0,6161318095.0,201552129250.0,152165620184.0,103378148282.0,179576751889.0,3160.0,디아이,,
00118275,2018,14571861394.0,9181020288.0,210488936437.0,195994249820.0,135695271923.0,201552129250.0,3160.0,디아이,,
00118275,2019,416865516.0,-13009196025.0,214826209392.0,109539464715.0,76689929189.0,210488936437.0,3160.0,디아이,,
00118275,2020,5758267040.0,10844584607.0,228890877783.0,162257537446.0,111867417534.0,214826209392.0,3160.0,디아이,,
00235183,2015,120702134.0,1551181480.0,83693808623.0,57333919141.0,45593813305.0,79020647685.0,44780.0,에이치케이,,
00235183,2016,1549839575.0,6258673040.0,80774904533.0,61788533882.0,49857115696.0,83693808623.0,44780.0,에이치케이,,
00235183,2017,332575082.0,8109549003.0,81164306894.0,57186686094.0,44206720446.0,80774904533.0,44780.0,에이치케이,,
00235183,2018,1425628594.0,-2012466863.0,84673206863.0,55488123307.0,44344936619.0,81164306894.0,44780.0,에이치케이,,
00235183,2019,828160720.0,4193939996.0,81423666655.0,54958238200.0,43480736529.0,84673206863.0,44780.0,에이치케이,,
00235183,2020,1229120888.0,10692704246.0,82979614076.0,55488440026.0,44712844365.0,81423666655.0,44780.0,에이치케이,,
00807397,2015,-2445324053.0,4189178392.0,58006986695.0,26005033957.0,22547747451.0,57527977612.0,121850.0,코이즈,,
00807397,2016,1498042079.0,5717032279.0,54923991896.0,31440808448.0,25936065046.0,58006986695.0,121850.0,코이즈,,
00807397,2017,-9490220996.0,1031629282.0,45676171374.0,26389826260.0,29017598137.0,54923991896.0,121850.0,코이즈,,
00807397,2018,-7976900168.0,-3428312743.0,46448348511.0,19147494251.0,20866256970.0,45676171374.0,121850.0,코이즈,,
00807397,2019,-993724828.0,-2225131869.0,41096582915.0,35464085830.0,31549640493.0,46448348511.0,121850.0,코이즈,,
00807397,2020,-2667706055.0,1897838929.0,40470453857.0,36952740146.0,33018813334.0,41096582915.0,121850.0,코이즈,,
00352718,2015,-5177140844.0,-3708265954.0,19757337881.0,28552983857.0,,22958305201.0,53110.0,소리바다,,
00352718,2016,-8642393822.0,-6069186756.0,46773690752.0,39250559883.0,,19757337881.0,53110.0,소리바다,,
00352718,2017,-6015913038.0,-5439106551.0,62490966973.0,54007575071.0,43254242245.0,46773690752.0,53110.0,소리바다,,
00352718,2018,-10489300267.0,-9414650327.0,63140399155.0,46827331298.0,38345180564.0,62490966973.0,53110.0,소리바다,,
00352718,2019,-12938081652.0,-220772471.0,55840053271.0,45818975156.0,38618036654.0,63140399155.0,53110.0,소리바다,,
00352718,2020,-44003322399.0,-10788345010.0,30314389678.0,21555195384.0,17285731137.0,55377032809.0,53110.0,소리바다,,
00133876,2015,13664564571.0,52724153979.0,161485345495.0,305845501570.0,278380128392.0,169668000129.0,11560.0,세보엠이씨,,
00133876,2016,14067004034.0,-5792446558.0,208097427420.0,387772566913.0,354577305885.0,161485345495.0,11560.0,세보엠이씨,,
00133876,2017,21596936980.0,-1422793004.0,257713993966.0,602536022166.0,559493048617.0,208097427420.0,11560.0,세보엠이씨,,
00133876,2018,21156519814.0,-7662399004.0,246405812676.0,473844414558.0,432375010077.0,257713993966.0,11560.0,세보엠이씨,,
00133876,2019,-7586134760.0,-49753352797.0,289059466515.0,615709105418.0,614068248284.0,246405812676.0,11560.0,세보엠이씨,,
00133876,2020,6743796923.0,-7101565430.0,312035564178.0,641228065781.0,623680391730.0,289059466515.0,11560.0,세보엠이씨,,
00500254,2015,509319000000.0,652985000000.0,19023008000000.0,12301179000000.0,9421461000000.0,15072770000000.0,78930.0,GS,,
00500254,2016,923311000000.0,851682000000.0,20341172000000.0,13462426000000.0,10273002000000.0,19023008000000.0,78930.0,GS,,
00500254,2017,1091904000000.0,1306478000000.0,22003689000000.0,16209942000000.0,12449146000000.0,20341172000000.0,78930.0,GS,,
00500254,2018,1030460000000.0,1269197000000.0,22630978000000.0,17744385000000.0,13650612000000.0,22003689000000.0,78930.0,GS,,
00500254,2019,668945000000.0,1586413000000.0,24739276000000.0,17786063000000.0,13803643000000.0,22630978000000.0,78930.0,GS,,
00500254,2020,-187776000000.0,1738192000000.0,24476843000000.0,15444214000000.0,12685522000000.0,24734086000000.0,78930.0,GS,,
00347062,2015,10785469495.0,11383483483.0,153363230115.0,80902058873.0,47502477046.0,143161483427.0,52260.0,현대바이오랜드,,
00347062,2016,12426425909.0,12836228332.0,167667442873.0,97808341686.0,59414898327.0,153363230115.0,52260.0,현대바이오랜드,,
00347062,2017,11978966520.0,14012624902.0,176369785728.0,102557179838.0,65399008885.0,167667442873.0,52260.0,현대바이오랜드,,
00347062,2018,15047406024.0,15866014751.0,193163241110.0,100589346129.0,59997566630.0,176369785728.0,52260.0,현대바이오랜드,,
00347062,2019,10848888561.0,11353071855.0,209051967983.0,106310862177.0,67032808512.0,193163241110.0,52260.0,현대바이오랜드,,
00347062,2020,-13545412534.0,8958965637.0,187657605085.0,88898821262.0,71600573152.0,209051967983.0,52260.0,현대바이오랜드,,
00264732,2015,923065105.0,-3857257318.0,110500489896.0,83117416817.0,50963364284.0,115052517882.0,38950.0,파인디지털,,
00264732,2016,225233301.0,-6741998119.0,106837171822.0,78001533260.0,49983039759.0,110500489896.0,38950.0,파인디지털,,
00264732,2017,-4549357267.0,594731264.0,101843768854.0,76035318180.0,49622126107.0,106837171822.0,38950.0,파인디지털,,
00264732,2018,2099993315.0,-5349724210.0,101738581886.0,86035533296.0,57339600085.0,101843768854.0,38950.0,파인디지털,,
00264732,2019,-108749485.0,14021836040.0,106556674326.0,96058312008.0,65601532002.0,101738581886.0,38950.0,파인디지털,,
00264732,2020,6001291211.0,7575082118.0,109375877235.0,104511482880.0,69263592236.0,106556674326.0,38950.0,파인디지털,,
00879020,2015,6139010007.0,-2128664150.0,36291100245.0,92711040283.0,78826142768.0,32576615933.0,142210.0,유니트론텍,,
00879020,2016,7201364892.0,4713113429.0,69928846531.0,148416764931.0,132034165036.0,36291100245.0,142210.0,유니트론텍,,
00879020,2017,3016089445.0,-7752280891.0,67126791936.0,177323688117.0,163413726222.0,69928846531.0,142210.0,유니트론텍,,
00879020,2018,5904317728.0,1504172315.0,103767546487.0,234610659445.0,215695441696.0,67126791936.0,142210.0,유니트론텍,,
00879020,2019,2476429570.0,4753785511.0,114607991444.0,283584884383.0,258606066192.0,103767546487.0,142210.0,유니트론텍,,
00879020,2020,520432152.0,-24257024667.0,162336065043.0,291356357050.0,268814004014.0,114607991444.0,142210.0,유니트론텍,,
00295547,2015,-241795737.0,-784778925.0,56331544084.0,22052199261.0,15906601354.0,56474812875.0,43360.0,디지아이,,
00295547,2016,-2230708472.0,9884193.0,52581072015.0,18979551881.0,13914378805.0,56331544084.0,43360.0,디지아이,,
00295547,2017,540970370.0,1322382288.0,52592359200.0,24750764917.0,18282002057.0,52581072015.0,43360.0,디지아이,,
00295547,2018,-591742366.0,229285828.0,51376873586.0,21067104187.0,15469675225.0,52592359200.0,43360.0,디지아이,,
00295547,2019,-3365623185.0,-214628764.0,48781970711.0,15369639777.0,11736958252.0,51376873586.0,43360.0,디지아이,,
00295547,2020,683749273.0,216480154.0,51313837294.0,15466088750.0,9856599353.0,48781970711.0,43360.0,디지아이,,
00186717,2015,3310845636.0,23039057310.0,192174332025.0,145514369314.0,132479413433.0,165139191422.0,53620.0,태양,,
00186717,2016,12848213083.0,10784483157.0,192953193212.0,148160526874.0,117093397425.0,192174332025.0,53620.0,태양,,
00186717,2017,6944280886.0,11584203919.0,188210059928.0,157569822610.0,130836057893.0,192953193212.0,53620.0,태양,,
00186717,2018,1842452760.0,5397176230.0,184230278310.0,136715540314.0,122794083663.0,188210059928.0,53620.0,태양,,
00186717,2019,7366772654.0,19418044249.0,187680293820.0,141821713928.0,120387797440.0,184230278310.0,53620.0,태양,,
00186717,2020,7009696609.0,16518951095.0,201923148520.0,141506846210.0,116088180340.0,187680293820.0,53620.0,태양,,
00177816,2015,-4878627380.0,-1090733362.0,134905044854.0,57523292056.0,45709762484.0,115153817991.0,78600.0,대주전자재료,,
00177816,2016,705712006.0,4120711719.0,141234468637.0,67911463916.0,49397122792.0,134905044854.0,78600.0,대주전자재료,,
00177816,2017,-7917178678.0,934095849.0,133860274911.0,93390771002.0,74375100165.0,141234468637.0,78600.0,대주전자재료,,
00177816,2018,471117138.0,2593611487.0,173395377410.0,102935678142.0,81121521042.0,133860274911.0,78600.0,대주전자재료,,
00177816,2019,-700955198.0,-6475448368.0,191226386788.0,116384306423.0,93539876357.0,173395377410.0,78600.0,대주전자재료,,
00177816,2020,5251008932.0,10103631570.0,206009387091.0,154543468825.0,125284685678.0,191226386788.0,78600.0,대주전자재료,,
00351807,2015,4989480420.0,10132194314.0,93808748385.0,91413284290.0,68515522116.0,89995584364.0,48910.0,대원미디어,,
00351807,2016,480426339.0,6195776323.0,97760680817.0,94993116818.0,71341449304.0,93808748385.0,48910.0,대원미디어,,
00351807,2017,7797097354.0,7705822898.0,104349222008.0,120735136016.0,91738091145.0,97760680817.0,48910.0,대원미디어,,
00351807,2018,4153603488.0,1787690500.0,125572797617.0,163374644900.0,133562055183.0,104349222008.0,48910.0,대원미디어,,
00351807,2019,3181392223.0,2297722015.0,136139044845.0,191545738073.0,162124828385.0,125572797617.0,48910.0,대원미디어,,
00351807,2020,6501208590.0,13690059901.0,144690222781.0,266227466155.0,234423046691.0,136139044845.0,48910.0,대원미디어,,
01326224,2020,-104403101.0,-3381185.0,7809192586.0,0.0,177823950.0,7913874776.0,307280.0,원바이오젠,,
00109587,2015,12876888256.0,24932737238.0,136219643089.0,205100796114.0,175339608020.0,130949113924.0,4780.0,대륙제관,,
00109587,2016,14509604839.0,23017606336.0,148458348061.0,186222141401.0,154536077045.0,136219643089.0,4780.0,대륙제관,,
00109587,2017,9617356547.0,15672019643.0,154374507346.0,197112543381.0,171125438107.0,148458348061.0,4780.0,대륙제관,,
00109587,2018,3629708906.0,5224670460.0,151007379385.0,196346726190.0,176938837374.0,154374507346.0,4780.0,대륙제관,,
00109587,2019,5362796005.0,19477248204.0,157495147218.0,197284517203.0,174650417291.0,151007379385.0,4780.0,대륙제관,,
00109587,2020,12045258806.0,18145817271.0,169194497583.0,212221659087.0,181289056563.0,157495147218.0,4780.0,대륙제관,,
00161976,2015,112130363157.0,41777606504.0,1436140854544.0,2086033712414.0,1582234483642.0,1121319002633.0,16450.0,한세예스24홀딩스,,
00161976,2016,42115056429.0,84300553262.0,1740589243370.0,2239987017859.0,1714081761326.0,1436140854544.0,16450.0,한세예스24홀딩스,,
00161976,2017,60402393400.0,95788828197.0,1693645040414.0,2462296816978.0,1807937994414.0,1740589243370.0,16450.0,한세예스24홀딩스,,
00161976,2018,-45404744773.0,14516765870.0,1678316386749.0,2521499428907.0,1883506212918.0,1693645040414.0,16450.0,한세예스24홀딩스,,
00161976,2019,3148382891.0,144915231409.0,1731430277344.0,2770973542736.0,2090587823583.0,1678316386749.0,16450.0,한세예스24홀딩스,,
00161976,2020,70484031570.0,110130221840.0,1840012735335.0,2797947074453.0,2205129096177.0,1731430277344.0,16450.0,한세예스24홀딩스,,
00447502,2015,-3710945347.0,-798170665.0,45379010515.0,16676482217.0,13627437443.0,47836166076.0,86040.0,바이오톡스텍,,
00447502,2016,1160090285.0,5283261307.0,48007295827.0,22256691769.0,14882544350.0,45379010515.0,86040.0,바이오톡스텍,,
00447502,2017,1175854472.0,6024244079.0,59770501887.0,25564709356.0,16443209377.0,48007295827.0,86040.0,바이오톡스텍,,
00447502,2018,3486981807.0,3061197861.0,63135802743.0,32582096444.0,20523155023.0,59770501887.0,86040.0,바이오톡스텍,,
00447502,2019,-1705403962.0,1443848473.0,60175524308.0,25853847441.0,20484339862.0,63135802743.0,86040.0,바이오톡스텍,,
00447502,2020,2366849833.0,4563710545.0,63654913542.0,26428629520.0,19992323204.0,60175524308.0,86040.0,바이오톡스텍,,
00261009,2015,-14034233020.0,236780803.0,40636905037.0,17022556003.0,14644942447.0,55808633270.0,36620.0,감성코퍼레이션,,
00261009,2016,9028619229.0,-948649115.0,33978649053.0,12002091701.0,10623486354.0,40636905037.0,36620.0,감성코퍼레이션,,
00261009,2017,-3061247330.0,-687691566.0,20440705925.0,14828772472.0,13027171301.0,33978649053.0,36620.0,감성코퍼레이션,,
00261009,2018,-6783528076.0,1514790134.0,16450113666.0,8920927862.0,8091388880.0,20440705925.0,36620.0,감성코퍼레이션,,
00261009,2019,-5950124110.0,-3144390550.0,39221444322.0,7392645650.0,6079353167.0,16450113666.0,36620.0,감성코퍼레이션,,
00261009,2020,-5017392639.0,-8623126541.0,36625993749.0,16441421210.0,10623274145.0,39221444322.0,36620.0,감성코퍼레이션,,
00188715,2015,-82812700041.0,31680981748.0,316006923719.0,233163573378.0,228608307137.0,478434150920.0,53660.0,현진소재,,
00188715,2016,1662258861.0,15188496456.0,203754686599.0,172856664226.0,151273973332.0,316006923719.0,53660.0,현진소재,,
00188715,2017,-16348946017.0,-5533380067.0,180808436372.0,137779356508.0,135247505413.0,203754686599.0,53660.0,현진소재,,
00188715,2018,-21073689259.0,-28738710452.0,214315097503.0,121227020924.0,130202744351.0,180808436372.0,53660.0,현진소재,,
00188715,2019,-67333422309.0,-11663501017.0,134026839557.0,104153933569.0,123226305325.0,214315097503.0,53660.0,현진소재,,
00188715,2020,-25636741762.0,-19706852317.0,69564889808.0,13356016390.0,23064574564.0,134026839557.0,53660.0,현진소재,,
00435312,2015,-8473106984.0,13550693458.0,227177153705.0,132863611103.0,127941867481.0,248620346019.0,71090.0,하이스틸,,
00435312,2016,3898513866.0,6523548917.0,242956625086.0,148946925332.0,128940029748.0,227177153705.0,71090.0,하이스틸,,
00435312,2017,8370261380.0,-1807834870.0,245323395884.0,211722600106.0,184910183999.0,242956625086.0,71090.0,하이스틸,,
00435312,2018,-7160985320.0,13120122124.0,232990175097.0,170541409656.0,166237469132.0,245323395884.0,71090.0,하이스틸,,
00435312,2019,31538037.0,-2424925469.0,234322434139.0,214251803457.0,202210526465.0,232990175097.0,71090.0,하이스틸,,
00435312,2020,-1259003290.0,2826514226.0,239658334649.0,161686462860.0,150533219146.0,234322434139.0,71090.0,하이스틸,,
00916826,2020,4853653377.0,3420257179.0,48593025949.0,23489321776.0,13872653178.0,25020549175.0,223250.0,드림씨아이에스,,
01187494,2017,17588589.0,-20362284.0,8962780559.0,,,1097418223.0,261200.0,덴티스,,
01187494,2018,75990128.0,65518764.0,9052700556.0,,,8962780559.0,261200.0,덴티스,,
01187494,2019,63338821.0,77130627.0,9128171816.0,0.0,,9052700556.0,261200.0,덴티스,,
01187494,2020,-13632939101.0,-4026794999.0,90549110504.0,46717231013.0,26562785152.0,93047944361.0,261200.0,덴티스,,
00246417,2015,24700890538.0,9401056677.0,372880994080.0,270020677037.0,204164508444.0,379647329691.0,39030.0,이오테크닉스,,
00246417,2016,19443122366.0,35095294011.0,408604556850.0,307727032402.0,251839237594.0,372880994080.0,39030.0,이오테크닉스,,
00246417,2017,42991244663.0,36744532298.0,438475339224.0,404151529384.0,310523923918.0,408604556850.0,39030.0,이오테크닉스,,
00246417,2018,21883395724.0,12889336917.0,428464236026.0,294095045463.0,233899470819.0,438475339224.0,39030.0,이오테크닉스,,
00246417,2019,11846028169.0,52892443590.0,446385712806.0,206470463250.0,160346635193.0,428464236026.0,39030.0,이오테크닉스,,
00246417,2020,21554316083.0,50952285710.0,481155772953.0,325124139365.0,246204918743.0,446385712806.0,39030.0,이오테크닉스,,
00555874,2015,47157170433.0,72127346453.0,477740961199.0,608058585059.0,486068423985.0,263681131155.0,89590.0,제주항공,,
00555874,2016,52974878607.0,110179181397.0,600309975824.0,747613396318.0,602001277649.0,477740961199.0,89590.0,제주항공,,
00555874,2017,77796714609.0,144580400980.0,800417835914.0,996357340926.0,774851641871.0,600309975824.0,89590.0,제주항공,,
00555874,2018,70878373346.0,121465167821.0,1031605312223.0,1259395676060.0,1015576955181.0,800417835914.0,89590.0,제주항공,,
00555874,2019,-33117598306.0,83897396504.0,1467507641351.0,1383976261743.0,1247364304467.0,1031605312223.0,89590.0,제주항공,,
00555874,2020,-306475796406.0,-285529204777.0,1168566447146.0,377045660697.0,607590798877.0,1467507641351.0,89590.0,제주항공,,
00406727,2015,-5566473179.0,365733522.0,48615454199.0,29024059247.0,29395641594.0,54334362684.0,67770.0,세진티에스,,
00406727,2016,-449021366.0,1475456156.0,47932639853.0,32632699002.0,30126415376.0,48615454199.0,67770.0,세진티에스,,
00406727,2017,-2457379824.0,238190516.0,44168217973.0,22828075556.0,22123734721.0,47932639853.0,67770.0,세진티에스,,
00406727,2018,-2376565819.0,1631939316.0,41644196631.0,20901165576.0,19239465549.0,44168217973.0,67770.0,세진티에스,,
00406727,2019,-2108201450.0,1244489345.0,40921359146.0,21212351678.0,17265382743.0,41644196631.0,67770.0,세진티에스,,
00406727,2020,4234634518.0,6298387731.0,44576839916.0,32701217076.0,23518930746.0,40921359146.0,67770.0,세진티에스,,
00120021,2015,943775000000.0,886292000000.0,18123400000000.0,9968190000000.0,8340966000000.0,17332707000000.0,3550.0,LG,,
00120021,2016,1091258000000.0,878198000000.0,19489442000000.0,10725374000000.0,8924325000000.0,18123400000000.0,3550.0,LG,,
00120021,2017,2435559000000.0,1058441000000.0,21647697000000.0,11841058000000.0,9293904000000.0,19489442000000.0,3550.0,LG,,
00120021,2018,1882897000000.0,494943000000.0,22835911000000.0,11944790000000.0,9557828000000.0,21647697000000.0,3550.0,LG,,
00120021,2019,1106755000000.0,818667000000.0,22434630000000.0,6575339000000.0,5216657000000.0,22835911000000.0,3550.0,LG,,
00120021,2020,1540658000000.0,739096000000.0,24282268000000.0,6632137000000.0,4564558000000.0,22434630000000.0,3550.0,LG,,
00201788,2015,-2434940971.0,-129097339.0,53330851250.0,10670914326.0,8893964063.0,45840219229.0,65620.0,제낙스,,
00201788,2016,-5945714847.0,-4246371626.0,56068105624.0,6090921502.0,7617452419.0,53330851250.0,65620.0,제낙스,,
00201788,2017,-4551448712.0,-4130570389.0,71563135540.0,6211177643.0,7599772920.0,56068105624.0,65620.0,제낙스,,
00201788,2018,-9127164612.0,-7279795928.0,27837816932.0,5172001450.0,5950916837.0,37264246899.0,65620.0,제낙스,,
00201788,2019,-10701953773.0,-4817120367.0,24780624606.0,3600677397.0,4413396477.0,27837816932.0,65620.0,제낙스,,
00201788,2020,625450943.0,-1550351875.0,15701947070.0,2063809174.0,2763636728.0,17528704776.0,65620.0,제낙스,,
00115065,2015,3459735861.0,4958593672.0,68268554960.0,76498187133.0,65224574961.0,67560066830.0,23450.0,동남합성,,
00115065,2016,7076751669.0,9285276139.0,91693521835.0,104228394812.0,88318148785.0,68268554960.0,23450.0,동남합성,,
00115065,2017,1619703747.0,8773754178.0,91684894013.0,137438595249.0,127686308623.0,91693521835.0,23450.0,동남합성,,
00115065,2018,5856316677.0,16364662781.0,90617451806.0,139266808616.0,123569140130.0,91684894013.0,23450.0,동남합성,,
00115065,2019,17838941012.0,2780196187.0,95135740836.0,126057340118.0,108704933947.0,90617451806.0,23450.0,동남합성,,
00115065,2020,9947503447.0,-15524421822.0,81304054042.0,124928328061.0,103712693350.0,95135740836.0,23450.0,동남합성,,
00921916,2020,1021938291.0,2252576020.0,27064334959.0,6722747472.0,2809084987.0,19462715242.0,357550.0,석경에이티,,
00162832,2015,2189958705.0,17244387709.0,203653538331.0,151491811495.0,134974106302.0,206782463007.0,24740.0,한일단조,,
00162832,2016,3245658226.0,13039280449.0,201206108732.0,120845107674.0,107167731092.0,203653538331.0,24740.0,한일단조,,
00162832,2017,-2129494821.0,-258467344.0,231164008858.0,133267253323.0,123269561918.0,201206108732.0,24740.0,한일단조,,
00162832,2018,-882480988.0,2294899842.0,227667335533.0,152671504227.0,142416923572.0,231164008858.0,24740.0,한일단조,,
00162832,2019,3546338968.0,23931553282.0,233457169264.0,141239584265.0,124976771493.0,227667335533.0,24740.0,한일단조,,
00162832,2020,-3588678177.0,13989419598.0,233326991473.0,138255027667.0,125732561234.0,233457169264.0,24740.0,한일단조,,
00266934,2015,9719513023.0,18947968018.0,98703413852.0,126615551854.0,84490559723.0,71870497909.0,43200.0,파루,,
00266934,2016,3254600867.0,-11752155319.0,110044016740.0,105658077799.0,69372681037.0,98703413852.0,43200.0,파루,,
00266934,2017,-27920829136.0,-17059627107.0,68615701544.0,28869599299.0,30404858502.0,110044016740.0,43200.0,파루,,
00266934,2018,-25964279648.0,-6847228602.0,48518272779.0,36352018141.0,44523775579.0,68615701544.0,43200.0,파루,,
00266934,2019,216000853.0,-12182015201.0,67704582029.0,53144288072.0,41205159640.0,48518272779.0,43200.0,파루,,
00266934,2020,-24051087050.0,-1906078737.0,60990653050.0,41360186995.0,42289958532.0,67704582029.0,43200.0,파루,,
00369657,2015,32632446441.0,29289353879.0,188340682135.0,99475354810.0,53890366738.0,166577595506.0,58470.0,리노공업,,
00369657,2016,35396237895.0,41570376786.0,216718691520.0,112788733643.0,63758359568.0,188340682135.0,58470.0,리노공업,,
00369657,2017,40362177923.0,35086829630.0,246483655774.0,141510912868.0,81881083130.0,216718691520.0,58470.0,리노공업,,
00369657,2018,48642069951.0,57652430395.0,282621919907.0,150354373050.0,88702821838.0,246483655774.0,58470.0,리노공업,,
00369657,2019,52790182377.0,45356654172.0,325715904234.0,170307404665.0,96152845378.0,282621919907.0,58470.0,리노공업,,
00369657,2020,55378772170.0,99804058912.0,361533314540.0,201335459350.0,112557857773.0,325715904234.0,58470.0,리노공업,,
00563518,2020,4615188570.0,2677863449.0,80555391224.0,46690215449.0,32288802063.0,46605992421.0,126340.0,비나텍,,
00170558,2015,343120384785.0,512842861971.0,1775397142505.0,2315242282662.0,728843092565.0,1621649446068.0,21240.0,코웨이,,
00170558,2016,243311232107.0,357544315166.0,1967707893346.0,2376328167259.0,812176526166.0,1775397142505.0,21240.0,코웨이,,
00170558,2017,325607409036.0,553585083431.0,2158873074812.0,2516772498930.0,798486300322.0,1967707893346.0,21240.0,코웨이,,
00170558,2018,349811489109.0,539129777646.0,2378903077059.0,2707315204077.0,878256396789.0,2158873074812.0,21240.0,코웨이,,
00170558,2019,332207676536.0,539259580627.0,2854954793880.0,3018912502707.0,1010411575802.0,2378903077059.0,21240.0,코웨이,,
00170558,2020,404710859650.0,562839088058.0,3029023072502.0,3237411475094.0,1043913994271.0,2854954793880.0,21240.0,코웨이,,
00360577,2015,5177982445.0,16831669523.0,113080345722.0,152966137506.0,127551628858.0,110074365400.0,54940.0,엑사이엔씨,,
00360577,2016,3351691384.0,853948886.0,129431200345.0,164818419115.0,142345709174.0,113080345722.0,54940.0,엑사이엔씨,,
00360577,2017,-5147226503.0,-4245331831.0,142570220884.0,255852211504.0,229217573585.0,129431200345.0,54940.0,엑사이엔씨,,
00360577,2018,-5430500374.0,5795039051.0,125384298545.0,224054109961.0,198234978634.0,142570220884.0,54940.0,엑사이엔씨,,
00360577,2019,291059237.0,-5244528692.0,143107905745.0,247113216261.0,223753731796.0,125384298545.0,54940.0,엑사이엔씨,,
00360577,2020,-254865090.0,-5622906724.0,162311075415.0,234282452986.0,214109115632.0,143107905745.0,54940.0,엑사이엔씨,,
00238153,2015,5885424489.0,15619841025.0,90879175715.0,121416453571.0,96260845762.0,98496282227.0,37070.0,파세코,,
00238153,2016,2845306795.0,3046203209.0,94551147735.0,101953270734.0,80118599007.0,90879175715.0,37070.0,파세코,,
00238153,2017,3672143339.0,7120690304.0,91231655180.0,121285465282.0,97235178643.0,94551147735.0,37070.0,파세코,,
00238153,2018,4749897620.0,5991327355.0,101543240292.0,149411990189.0,123316835511.0,91231655180.0,37070.0,파세코,,
00238153,2019,8643055957.0,16954622906.0,111403564055.0,180409667920.0,145674718621.0,101543240292.0,37070.0,파세코,,
00238153,2020,14173377176.0,17722244128.0,115256446565.0,198109927468.0,147020905275.0,111403564055.0,37070.0,파세코,,
01062867,2016,-435440456.0,-7157698500.0,36850461744.0,36639222303.0,19193585686.0,23111737905.0,214680.0,디알텍,,
01062867,2017,-1814795220.0,-2838483663.0,43511932675.0,38804491138.0,22876865012.0,37617821744.0,214680.0,디알텍,,
01062867,2018,1245746724.0,2981519068.0,49797947736.0,44714337073.0,24726739284.0,43511932675.0,214680.0,디알텍,,
01062867,2019,944605899.0,3599740352.0,70958294742.0,47845053583.0,25917085663.0,49797947736.0,214680.0,디알텍,,
01062867,2020,-7806752529.0,-1573588081.0,91805497801.0,55268488876.0,33845478168.0,70958294742.0,214680.0,디알텍,,
00806972,2015,-2371499323.0,-870889122.0,94090169695.0,65348347473.0,57804411791.0,46056217621.0,127160.0,매직마이크로,,
00806972,2016,-6505969328.0,-2539366927.0,95243647623.0,64824128419.0,64638019758.0,94090169695.0,127160.0,매직마이크로,,
00806972,2017,-4593097902.0,10742094386.0,92684328296.0,77652130524.0,74880523591.0,95243647623.0,127160.0,매직마이크로,,
00806972,2018,-4127270361.0,-591776712.0,139584364205.0,80032261261.0,68820091686.0,92684328296.0,127160.0,매직마이크로,,
00806972,2019,-15717101422.0,5853557147.0,128970686218.0,73799745454.0,65447581667.0,139584364205.0,127160.0,매직마이크로,,
00806972,2020,-46940832514.0,-2167930686.0,80083489837.0,48977946724.0,46350004882.0,128970686218.0,127160.0,매직마이크로,,
00359623,2015,28332282503.0,24084777669.0,315014056887.0,225307247572.0,185995113299.0,245655877207.0,72470.0,우리산업홀딩스,,
00359623,2016,16134968460.0,21706866930.0,320032159683.0,320883362913.0,262261138832.0,315014056887.0,72470.0,우리산업홀딩스,,
00359623,2017,9231125469.0,24558386875.0,353638206429.0,332838238466.0,277640861604.0,320032159683.0,72470.0,우리산업홀딩스,,
00359623,2018,6572820648.0,13989447677.0,389910894323.0,387019864227.0,333177053720.0,381354155638.0,72470.0,우리산업홀딩스,,
00359623,2019,3286284853.0,25940858388.0,395296111363.0,378244799379.0,329627343512.0,389910894323.0,72470.0,우리산업홀딩스,,
00359623,2020,2579032853.0,21605918011.0,405008528800.0,354693920404.0,302669250443.0,395296111363.0,72470.0,우리산업홀딩스,,
00240857,2015,2268583229.0,-509174852.0,74576207624.0,54186600217.0,39915339791.0,67761449121.0,38460.0,바이오스마트,,
00240857,2016,-505202315.0,-3127334286.0,112165319339.0,62989881439.0,49166036939.0,74576207624.0,38460.0,바이오스마트,,
00240857,2017,4106165656.0,-1757353500.0,112735333558.0,80432645088.0,58876878725.0,112165319339.0,38460.0,바이오스마트,,
00240857,2018,4790078153.0,5812720493.0,141383449031.0,117732568542.0,74845919406.0,112735333558.0,38460.0,바이오스마트,,
00240857,2019,19891299142.0,-1836428153.0,183543717755.0,158967517054.0,102735303019.0,141383449031.0,38460.0,바이오스마트,,
00240857,2020,-11504732132.0,-7486786160.0,168228439007.0,166428784444.0,107522963354.0,183543717755.0,38460.0,바이오스마트,,
00306162,2015,34021672227.0,-173357764516.0,786123379299.0,191150036051.0,143158252939.0,467464219733.0,38540.0,상상인,,
00306162,2016,68380026517.0,-317019307833.0,1435888906909.0,334876891402.0,236109086012.0,786123379299.0,38540.0,상상인,,
00306162,2017,100182154059.0,-533835267461.0,2043693615873.0,397628354251.0,248743980856.0,1435888878798.0,38540.0,상상인,,
00306162,2018,136605171397.0,-433268401898.0,2842816258366.0,484381840328.0,274399147367.0,2043693615873.0,38540.0,상상인,,
00306162,2019,120386462123.0,657238627786.0,3627156734872.0,541349884676.0,293267573726.0,2842816258366.0,38540.0,상상인,,
00306162,2020,64319441651.0,-246528583478.0,3605932131664.0,454187716648.0,291363901414.0,3627156734872.0,38540.0,상상인,,
00138260,2015,16449972802.0,10256628208.0,422833444567.0,269528038069.0,221412941802.0,381939280749.0,9160.0,SIMPAC,,
00138260,2016,16183842923.0,35245661729.0,417865468143.0,267074156243.0,217713887822.0,422833444567.0,9160.0,SIMPAC,,
00138260,2017,12895698937.0,-9543549217.0,381158251375.0,230634812062.0,193009825237.0,417865468143.0,9160.0,SIMPAC,,
00138260,2018,69198558111.0,37360241881.0,681750819286.0,306150808985.0,271995016888.0,381158251375.0,9160.0,SIMPAC,,
00138260,2019,9487516197.0,37470315073.0,679145849664.0,430085162178.0,385305110997.0,681750819286.0,9160.0,SIMPAC,,
00138260,2020,34139483966.0,-17042760911.0,737277692318.0,365863303046.0,328185406988.0,679145849664.0,9160.0,SIMPAC,,
00485177,2015,2925579019.0,7121830463.0,104865241085.0,118488316491.0,105292991803.0,98413426352.0,94820.0,일진파워,,
00485177,2016,6662439707.0,25050543584.0,114728420378.0,132728266156.0,119723426675.0,104865241085.0,94820.0,일진파워,,
00485177,2017,14599266045.0,19304116062.0,115632737607.0,140744311542.0,116256825911.0,114728420378.0,94820.0,일진파워,,
00485177,2018,15837893813.0,14514154116.0,135439991518.0,157590707996.0,132072534007.0,115632737607.0,94820.0,일진파워,,
00485177,2019,11769340279.0,18605829266.0,148305571903.0,182759456999.0,162016648093.0,135439991518.0,94820.0,일진파워,,
00485177,2020,10658148652.0,29368434781.0,158027563450.0,168014607889.0,148820240241.0,148305571903.0,94820.0,일진파워,,
00261355,2015,13834933902.0,117777737881.0,378644567964.0,205761799869.0,,319502390548.0,38390.0,레드캡투어,,
00261355,2016,11401752782.0,150263681578.0,418756635418.0,233962102185.0,,378644567964.0,38390.0,레드캡투어,,
00261355,2017,8555787574.0,2996921769.0,448479566765.0,260448023332.0,,418756635418.0,38390.0,레드캡투어,,
00261355,2018,14077598602.0,68665388030.0,389327983595.0,254944030459.0,229472750943.0,448479566765.0,38390.0,레드캡투어,,
00261355,2019,22234638613.0,16603138503.0,416661454922.0,258761856578.0,223790340863.0,389327983595.0,38390.0,레드캡투어,,
00261355,2020,11093918916.0,-26090785972.0,453689855847.0,229489417416.0,209392275850.0,416661454922.0,38390.0,레드캡투어,,
00164724,2015,-5036632025.0,150051941818.0,1772684568489.0,1448653887563.0,1138026321805.0,1072912063301.0,17800.0,현대엘리베이터,,
00164724,2016,116934380876.0,,2107558500180.0,1758791900587.0,1363643462224.0,1772684568489.0,17800.0,현대엘리베이터,,
00164724,2017,79001194398.0,,2287650049998.0,1993700559079.0,1614975314613.0,2107558500180.0,17800.0,현대엘리베이터,,
00164724,2018,1458275788.0,,2374837740877.0,1877217928889.0,1503999347870.0,2287650049998.0,17800.0,현대엘리베이터,,
00164724,2019,43590611382.0,,2547731188376.0,1872538463037.0,1495344039589.0,2374837740877.0,17800.0,현대엘리베이터,,
00164724,2020,97931138698.0,,2626221534995.0,1821184670810.0,1421500323592.0,2547731188376.0,17800.0,현대엘리베이터,,
00423177,2015,2019691665.0,6465320580.0,99836034894.0,82105893914.0,51956930424.0,95472158668.0,54450.0,텔레칩스,,
00423177,2016,10516586902.0,12896476866.0,114139841335.0,100969671219.0,57934055390.0,99836034894.0,54450.0,텔레칩스,,
00423177,2017,1541272092.0,11797910394.0,123163202203.0,122666738416.0,83163112175.0,114139841335.0,54450.0,텔레칩스,,
00423177,2018,9218032480.0,18705489376.0,137933526048.0,126098775714.0,75751755459.0,123163202203.0,54450.0,텔레칩스,,
00423177,2019,8315944072.0,24812372422.0,155740434450.0,132195565345.0,73313923755.0,137933526048.0,54450.0,텔레칩스,,
00423177,2020,-9413095084.0,-15370935779.0,166036073381.0,100721894672.0,66058205480.0,155740434450.0,54450.0,텔레칩스,,
01418260,2020,864945770.0,1530178914.0,6875994689.0,35686106474.0,32362754632.0,6714153553.0,354230.0,폭스소프트,,
00231442,2015,5003364924.0,5448554945.0,69655251465.0,35093099233.0,26318896682.0,64850886573.0,33130.0,디지틀조선,,
00231442,2016,4656305361.0,7084599504.0,71806141995.0,39134398965.0,29142390026.0,69655251465.0,33130.0,디지틀조선,,
00231442,2017,5300248720.0,6889318701.0,77156024430.0,39512311123.0,28642245924.0,71806141995.0,33130.0,디지틀조선,,
00231442,2018,5140109812.0,5504110720.0,80641711176.0,39679633237.0,27040582312.0,77156024430.0,33130.0,디지틀조선,,
00231442,2019,3463027410.0,5954322957.0,85853679108.0,33842795694.0,25208792068.0,80641711176.0,33130.0,디지틀조선,,
00231442,2020,1833291716.0,4783231522.0,85035320205.0,30361095709.0,28901422451.0,85853679108.0,33130.0,디지틀조선,,
01013311,2015,8801659230.0,11333672395.0,50850063592.0,26624894954.0,15622763518.0,18293868670.0,214180.0,헥토이노베이션,,
01013311,2016,11458904927.0,14282189343.0,160768832044.0,40689674887.0,24827205654.0,50850063592.0,214180.0,헥토이노베이션,,
01013311,2017,18326377911.0,54426104277.0,213398338228.0,80478875854.0,59082768537.0,160272944306.0,214180.0,헥토이노베이션,,
01013311,2018,19716812309.0,26341765780.0,232913361450.0,107326161999.0,81286108391.0,213398338228.0,214180.0,헥토이노베이션,,
01013311,2019,23910071666.0,26230773789.0,300992778617.0,123737896554.0,96759108548.0,232913361450.0,214180.0,헥토이노베이션,,
01013311,2020,29325047808.0,46940153761.0,361844749894.0,170932078160.0,,300992778617.0,214180.0,헥토이노베이션,,
00961570,2020,-4465930275.0,-5408811140.0,83515531710.0,41572494532.0,35080704809.0,76638234759.0,290520.0,신도기연,,
00148364,2017,333723096884.0,470646032734.0,7033887850957.0,6934326039077.0,5537612971083.0,7068058344028.0,3380.0,하림지주,,
00148364,2018,194337799958.0,167138871544.0,8113419644582.0,7357069317679.0,6050547971108.0,7033887850957.0,3380.0,하림지주,,
00148364,2019,94582868669.0,434100886491.0,8615722154016.0,7350259327184.0,6013539115603.0,8113419644582.0,3380.0,하림지주,,
00148364,2020,173596938777.0,670282130407.0,9363676359930.0,7723311404491.0,6291357210727.0,8615722154016.0,3380.0,하림지주,,
00923899,2015,-11868938448.0,-4035592939.0,22867063480.0,6963731516.0,10937799142.0,32107623778.0,158310.0,참존글로벌,,
00923899,2016,-8286440237.0,-2389187486.0,35371675559.0,5153310962.0,4303260772.0,22867063480.0,158310.0,참존글로벌,,
00923899,2017,-6405307499.0,-570064334.0,32357129614.0,13466507016.0,8259415700.0,35371675559.0,158310.0,참존글로벌,,
00923899,2018,-10297532564.0,-9876618355.0,44183494194.0,4861421058.0,3131631955.0,32357129614.0,158310.0,참존글로벌,,
00923899,2019,-8402342991.0,-24210154920.0,74414602287.0,10075086059.0,4597983196.0,44183494194.0,158310.0,참존글로벌,,
00923899,2020,-56015660956.0,-1423517222.0,22983403324.0,1223977293.0,954874678.0,40327858998.0,158310.0,참존글로벌,,
00997812,2016,10763708693.0,15283097246.0,93196638840.0,93983099201.0,50868078211.0,82689471371.0,183300.0,코미코,,
00997812,2017,18816805703.0,26976921883.0,121072950205.0,125056374194.0,65162482638.0,93196638840.0,183300.0,코미코,,
00997812,2018,30284917414.0,29807864724.0,232717204876.0,166567372055.0,87126525040.0,121072950205.0,183300.0,코미코,,
00997812,2019,22816433004.0,38892284609.0,292076428000.0,173461446037.0,93047691107.0,232717204876.0,183300.0,코미코,,
00997812,2020,23314453239.0,52096734949.0,315096092801.0,200828350060.0,110189512535.0,292076428000.0,183300.0,코미코,,
00695969,2015,8026825000.0,9161849000.0,43445926000.0,56872562000.0,34619737000.0,32924311000.0,94170.0,동운아나텍,,
00695969,2016,1331763199.0,-62782920.0,42756175129.0,54673627266.0,38296564029.0,43445926335.0,94170.0,동운아나텍,,
00695969,2017,-3123415990.0,326860527.0,42933844466.0,54989112313.0,41425777665.0,42756175129.0,94170.0,동운아나텍,,
00695969,2018,-7870656210.0,-4240452730.0,41671770715.0,46698555191.0,36491979686.0,42933844466.0,94170.0,동운아나텍,,
00695969,2019,6605385258.0,-7451056725.0,54041007948.0,54763967033.0,39337548973.0,41671770715.0,94170.0,동운아나텍,,
00695969,2020,795098274.0,-9255389764.0,70231514851.0,70719105589.0,50493324577.0,54041007948.0,94170.0,동운아나텍,,
00139764,2015,8463117184.0,21666556711.0,126285551923.0,308322444017.0,244446481778.0,125570429919.0,11090.0,에넥스,,
00139764,2016,1866640935.0,-19058748121.0,152746916723.0,394111410504.0,324504558209.0,126285551923.0,11090.0,에넥스,,
00139764,2017,2055581366.0,6264981901.0,171431594475.0,434532817938.0,364012722153.0,152746916723.0,11090.0,에넥스,,
00139764,2018,1151805265.0,-3655100657.0,155415491003.0,445687610199.0,404310335718.0,171431594475.0,11090.0,에넥스,,
00139764,2019,-3764886077.0,-883020046.0,132037408231.0,363611209749.0,332398117417.0,155415491003.0,11090.0,에넥스,,
00139764,2020,-8893062172.0,15972313201.0,112937632263.0,233680439564.0,214957018790.0,132037408231.0,11090.0,에넥스,,
00334624,2016,3591890804.0,4421142811.0,47470498484.0,22243187205.0,,29833291954.0,38160.0,팍스넷,,
00334624,2017,1876323762.0,1896164571.0,49625005311.0,18312103925.0,,47470498484.0,38160.0,팍스넷,,
00334624,2018,-1969711278.0,-7804478831.0,62762010169.0,17881553066.0,,49625005311.0,38160.0,팍스넷,,
00334624,2019,-29969290094.0,-10172066192.0,78950571252.0,10679469432.0,,62762010169.0,38160.0,팍스넷,,
00334624,2020,-25925891466.0,-3308154057.0,32979681636.0,10262548133.0,2237504598.0,71735454862.0,38160.0,팍스넷,,
00128926,2015,-863499344.0,26956003634.0,141735522310.0,170938742872.0,157439906527.0,164357324957.0,17480.0,삼현철강,,
00128926,2016,9683224474.0,5181818048.0,153225747231.0,140571782890.0,126026883463.0,141735522310.0,17480.0,삼현철강,,
00128926,2017,6280126519.0,-5241169801.0,156426117072.0,169208696208.0,152672180389.0,153225747231.0,17480.0,삼현철강,,
00128926,2018,7232006832.0,7718129864.0,167102808783.0,227980186290.0,208743741792.0,156426117072.0,17480.0,삼현철강,,
00128926,2019,6548214775.0,7303658840.0,171203628047.0,237603984152.0,222303166312.0,167102808783.0,17480.0,삼현철강,,
00128926,2020,7725728871.0,9583791664.0,184543689274.0,224919932912.0,208079250151.0,171203628047.0,17480.0,삼현철강,,
00612489,2015,6501062262.0,4870243213.0,71463505677.0,38981759802.0,29555563769.0,46153741326.0,214430.0,아이쓰리시스템,,
00612489,2016,7351974316.0,4060867085.0,76548503286.0,51110408559.0,39392872037.0,71463505677.0,214430.0,아이쓰리시스템,,
00612489,2017,9358904489.0,10717515405.0,85514769961.0,69607526072.0,52825404976.0,76548503286.0,214430.0,아이쓰리시스템,,
00612489,2018,9784710139.0,15220552216.0,91926959942.0,69164997307.0,52969771247.0,85514769961.0,214430.0,아이쓰리시스템,,
00612489,2019,179851707.0,859955760.0,91546176462.0,51862038782.0,47143342788.0,91926959942.0,214430.0,아이쓰리시스템,,
00612489,2020,3011540885.0,33198850834.0,116971511570.0,66532479365.0,56090881327.0,91546176462.0,214430.0,아이쓰리시스템,,
00140052,2015,30454019870.0,40114353236.0,382261937126.0,192732967914.0,87944761175.0,351655600763.0,3800.0,에이스침대,,
00140052,2016,30275266915.0,30466414344.0,404681609993.0,203651325111.0,90081162857.0,382261937126.0,3800.0,에이스침대,,
00140052,2017,26429035047.0,28139014299.0,425894165885.0,206082705769.0,90955275970.0,404681609993.0,3800.0,에이스침대,,
00140052,2018,30309785324.0,42459025743.0,477104522079.0,225765097391.0,95879957229.0,425894165885.0,3800.0,에이스침대,,
00140052,2019,44215797914.0,46195189802.0,518118728639.0,277433283896.0,107116423013.0,477104522079.0,3800.0,에이스침대,,
00140052,2020,49327066761.0,57573086900.0,575946069599.0,289498514557.0,115204524379.0,519688128676.0,3800.0,에이스침대,,
00367455,2015,52664367.0,12725760287.0,117198140101.0,106401325392.0,97528510932.0,119153168822.0,92300.0,현우산업,,
00367455,2016,2778196358.0,18154192136.0,120890400202.0,119109130545.0,107929784393.0,117198140101.0,92300.0,현우산업,,
00367455,2017,4289898967.0,11372472278.0,137952570264.0,127420217531.0,114944529355.0,120890400202.0,92300.0,현우산업,,
00367455,2018,6181056674.0,9477244897.0,155155192953.0,147756321011.0,136339334761.0,137952570264.0,92300.0,현우산업,,
00367455,2019,2239110729.0,6161068331.0,165964411219.0,168476353949.0,155251197549.0,155155192953.0,92300.0,현우산업,,
00367455,2020,1121137353.0,-3331397102.0,174061735252.0,152927636510.0,143132973876.0,165964411219.0,92300.0,현우산업,,
00105606,2015,14971109138.0,9868864462.0,123875646074.0,203071984476.0,171095297283.0,110805832616.0,214330.0,금호에이치티,,
00105606,2016,8354070070.0,23467649498.0,156606980182.0,208574891678.0,184573472010.0,123875646074.0,214330.0,금호에이치티,,
00105606,2017,4933420550.0,14172411084.0,150164494698.0,179707628825.0,161231383730.0,156606980182.0,214330.0,금호에이치티,,
00105606,2018,7792877063.0,1469654335.0,238380055775.0,209260005915.0,188087059177.0,150164494698.0,214330.0,금호에이치티,,
00105606,2019,-75222682.0,7214831400.0,322078193091.0,251095061695.0,236522955993.0,238380055775.0,214330.0,금호에이치티,,
00105606,2020,-9813210792.0,14753678685.0,344298588585.0,219632557451.0,212816091705.0,322078193091.0,214330.0,금호에이치티,,
01142075,2020,3480793549.0,7938154722.0,37507560892.0,59751677123.0,51689122413.0,54607225152.0,163730.0,핑거,,
00201742,2015,11453775407.0,15687745838.0,138500967540.0,190103312547.0,169090501266.0,125060895043.0,48430.0,유라테크,,
00201742,2016,9789315049.0,8455245501.0,131254980820.0,211190390794.0,191906855619.0,138500967540.0,48430.0,유라테크,,
00201742,2017,3500864042.0,11671892219.0,131412792149.0,193904099284.0,182889431501.0,131254980820.0,48430.0,유라테크,,
00201742,2018,4479801312.0,9728493028.0,129478992823.0,198176561829.0,187015107376.0,131412792149.0,48430.0,유라테크,,
00201742,2019,2313513648.0,11277736517.0,132900384546.0,203475025789.0,187333276221.0,129478992823.0,48430.0,유라테크,,
00201742,2020,4436628257.0,14563639090.0,136376245558.0,180401638452.0,170225457577.0,132900384546.0,48430.0,유라테크,,
00133812,2015,43385455280.0,34181715608.0,918399831440.0,665864125741.0,598274435785.0,890754587272.0,4360.0,세방,,
00133812,2016,42343073315.0,24990779465.0,939792734784.0,649012216558.0,583260880267.0,918399831440.0,4360.0,세방,,
00133812,2017,31413159514.0,29307302933.0,953823779800.0,666130125818.0,608110293309.0,939792734784.0,4360.0,세방,,
00133812,2018,43533468404.0,25112669737.0,988929794075.0,651682250494.0,591888735358.0,953823779800.0,4360.0,세방,,
00133812,2019,5494477328.0,51331664792.0,1107634793449.0,723284021805.0,652561251134.0,988929794075.0,4360.0,세방,,
00133812,2020,32610547298.0,40262517123.0,1164648377717.0,842238652659.0,766433448406.0,1115951890395.0,4360.0,세방,,
00666064,2015,-656849471.0,-4596347279.0,89582794810.0,33270438736.0,,64821089320.0,108860.0,셀바스AI,,
00666064,2016,-19289047122.0,-9629965282.0,100647827815.0,35440727579.0,,89582794810.0,108860.0,셀바스AI,,
00666064,2017,-4282232499.0,922132904.0,106906184275.0,46866564778.0,-46304570250.0,100647827815.0,108860.0,셀바스AI,,
00666064,2018,-26584553049.0,-8727271640.0,99226389950.0,35561640817.0,52620422282.0,106906184275.0,108860.0,셀바스AI,,
00666064,2019,-8592018360.0,4286454686.0,94134128546.0,35418105987.0,41593261579.0,99226389950.0,108860.0,셀바스AI,,
00666064,2020,4284014359.0,493241230.0,91544239206.0,34790558634.0,36320615042.0,94134128546.0,108860.0,셀바스AI,,
00608839,2015,2482518025.0,2303093717.0,44656056952.0,29335971438.0,21643216107.0,40624694943.0,96690.0,에이루트,,
00608839,2016,-37225873986.0,-9461873731.0,130429496942.0,33960103805.0,24810433269.0,44656056952.0,96690.0,에이루트,,
00608839,2017,-8661649443.0,9909503140.0,116428169465.0,36658645948.0,26513732754.0,130429496942.0,96690.0,에이루트,,
00608839,2018,-8336747946.0,1426034042.0,86441023636.0,22194326905.0,18726447822.0,116428169465.0,96690.0,에이루트,,
00608839,2019,767296673.0,-6499549064.0,190315596864.0,31253724104.0,24359626635.0,86441023636.0,96690.0,에이루트,,
00608839,2020,-26089755472.0,-1879874215.0,133477508871.0,34670562342.0,26442104468.0,190315596864.0,96690.0,에이루트,,
00202839,2015,-1656998050.0,7785735212.0,53761479528.0,47789241872.0,46026373312.0,58464125712.0,79170.0,한창산업,,
00202839,2016,2026041856.0,-1143817264.0,55662797962.0,47474017258.0,40571150379.0,53761479528.0,79170.0,한창산업,,
00202839,2017,1204407325.0,-1841582345.0,58183650820.0,53948354243.0,48117488891.0,55662797962.0,79170.0,한창산업,,
00202839,2018,1419761338.0,5927247288.0,59066335781.0,62340909505.0,58039890647.0,58183650820.0,79170.0,한창산업,,
00202839,2019,1173930240.0,-1653752159.0,60636709328.0,65366485535.0,60370931512.0,59066335781.0,79170.0,한창산업,,
00202839,2020,1175587585.0,5675663346.0,60405479301.0,56285675886.0,51190072247.0,60636709328.0,79170.0,한창산업,,
00400060,2015,4649798345.0,1537942023.0,50832440273.0,62319956796.0,47016902994.0,47774051967.0,67010.0,이씨에스,,
00400060,2016,5000936162.0,4205426074.0,63187418768.0,75672412714.0,59491633739.0,50832440273.0,67010.0,이씨에스,,
00400060,2017,2689779448.0,12890301291.0,52805921836.0,55696883670.0,41731588189.0,63187418768.0,67010.0,이씨에스,,
00400060,2018,2947961522.0,-2142887267.0,58252052481.0,61915893717.0,48272565951.0,52805921836.0,67010.0,이씨에스,,
00400060,2019,1882181046.0,1450450968.0,59582768351.0,63406007663.0,50621345589.0,58252052481.0,67010.0,이씨에스,,
00400060,2020,3862170796.0,10357544540.0,63334049887.0,70398030286.0,54256869443.0,59582768351.0,67010.0,이씨에스,,
00158112,2015,-240040138.0,13865627769.0,301046857779.0,230679365415.0,200226945481.0,292505708006.0,2200.0,한국수출포장공업,,
00158112,2016,-207517530.0,13605002091.0,299682672830.0,228260406970.0,197741573461.0,301046857779.0,2200.0,한국수출포장공업,,
00158112,2017,-5272469761.0,-7754766436.0,299116741165.0,244383793558.0,226879876352.0,299682672830.0,2200.0,한국수출포장공업,,
00158112,2018,17292579619.0,42002774556.0,298826765600.0,280201270707.0,230460840082.0,299116741165.0,2200.0,한국수출포장공업,,
00158112,2019,18020495763.0,32220359440.0,308084432270.0,271561778700.0,224136837574.0,298826765600.0,2200.0,한국수출포장공업,,
00158112,2020,8353900712.0,25280748578.0,309083508720.0,264812665502.0,226303427888.0,308084432270.0,2200.0,한국수출포장공업,,
00139083,2015,17669532638.0,82266979226.0,459623544875.0,337731061705.0,267965969133.0,378148719646.0,13310.0,아진산업,,
00139083,2016,16718485270.0,83568561659.0,521315888886.0,505965512803.0,417965325342.0,459623544875.0,13310.0,아진산업,,
00139083,2017,10702868332.0,37031441146.0,507300951128.0,427926770819.0,360016261703.0,521315888886.0,13310.0,아진산업,,
00139083,2018,-11199495605.0,97072248005.0,560735296770.0,396944682553.0,343890167531.0,507300951128.0,13310.0,아진산업,,
00139083,2019,13812709931.0,61684952570.0,654694731851.0,440797612268.0,368725460496.0,560735296770.0,13310.0,아진산업,,
00139083,2020,-1323285758.0,36543078438.0,627841987096.0,440703882947.0,380595964168.0,654694731851.0,13310.0,아진산업,,
00163196,2015,-12552959162.0,4349309944.0,342792290616.0,111907878402.0,107422798491.0,315185338999.0,2220.0,한일철강,,
00163196,2016,8360247787.0,11436978906.0,299917723691.0,259653000641.0,225416918283.0,342792290616.0,2220.0,한일철강,,
00163196,2017,9365838590.0,3752194095.0,319893168485.0,155757039794.0,141581553028.0,299917723691.0,2220.0,한일철강,,
00163196,2018,-8209561480.0,4128234206.0,312201042033.0,168600738005.0,162088447286.0,319893168485.0,2220.0,한일철강,,
00163196,2019,-10882920830.0,2931197873.0,319370011727.0,173015464848.0,168982001164.0,312201042033.0,2220.0,한일철강,,
00163196,2020,-4792863759.0,8871771312.0,295057911819.0,157119678876.0,152539436473.0,319370011727.0,2220.0,한일철강,,
00109718,2015,14076790908.0,18314242266.0,657031492770.0,715055912980.0,587631728504.0,363336124890.0,3960.0,사조대림,,
00109718,2016,10020556276.0,60541694218.0,671743821870.0,953549612534.0,786899335599.0,657031492770.0,3960.0,사조대림,,
00109718,2017,42328751648.0,51835777484.0,680094195508.0,987439473860.0,797502517221.0,671743821870.0,3960.0,사조대림,,
00109718,2018,14376103662.0,7584904404.0,720876009638.0,937110912753.0,783021368784.0,680094195508.0,3960.0,사조대림,,
00109718,2019,87072853404.0,77311356062.0,1070930246805.0,1329705655249.0,1138357421286.0,720876009638.0,3960.0,사조대림,,
00109718,2020,36150823097.0,82149683410.0,1124142189722.0,1718104062168.0,1513295207884.0,1070930246805.0,3960.0,사조대림,,
00994994,2015,-8990586156.0,-16345448835.0,99495652475.0,29901809863.0,29883383220.0,73581217175.0,187790.0,나노,,
00994994,2016,-24388858794.0,3412768.0,83440883610.0,48175171385.0,50037070415.0,99495652475.0,187790.0,나노,,
00994994,2017,89290743.0,-1534924861.0,91574664825.0,73089292296.0,62721642315.0,83440883610.0,187790.0,나노,,
00994994,2018,-467314489.0,3779560434.0,108261294555.0,81942719032.0,71007596875.0,91574664825.0,187790.0,나노,,
00994994,2019,-298563912.0,3673949193.0,116141231579.0,73694954560.0,66484745610.0,108261294554.0,187790.0,나노,,
00994994,2020,-10436378087.0,11122440683.0,109623883520.0,47375057509.0,41375621456.0,116141231579.0,187790.0,나노,,
00201733,2015,2046183670.0,59086943.0,94675942044.0,71695413146.0,53529796831.0,92397160266.0,32540.0,TJ미디어,,
00201733,2016,861502133.0,-3447723014.0,96239703631.0,77945341252.0,59578410796.0,94675942044.0,32540.0,TJ미디어,,
00201733,2017,1674128590.0,6011896304.0,98850828974.0,83637581629.0,62303433643.0,96239703631.0,32540.0,TJ미디어,,
00201733,2018,-1589131608.0,12044739283.0,99795523356.0,68523823698.0,52284988619.0,98850828974.0,32540.0,TJ미디어,,
00201733,2019,901689940.0,538438000.0,105918757963.0,75419428538.0,56463840234.0,99795523356.0,32540.0,TJ미디어,,
00201733,2020,-2453026224.0,467140485.0,105799515275.0,55628185706.0,42567036920.0,105918757963.0,32540.0,TJ미디어,,
01047451,2015,166896572.0,164285560.0,11585803484.0,0.0,,11408383339.0,208370.0,셀바스헬스케어,,
01047451,2016,-14869693883.0,-6225925731.0,45481657317.0,23086797282.0,13917216409.0,47251816682.0,208370.0,셀바스헬스케어,,
01047451,2017,-1116105701.0,-4302516423.0,54696398369.0,29575767705.0,16650750004.0,45481657317.0,208370.0,셀바스헬스케어,,
01047451,2018,-19992169627.0,-6897734040.0,41258590258.0,20026268449.0,16295676995.0,54696398369.0,208370.0,셀바스헬스케어,,
01047451,2019,-3328422480.0,3686085861.0,47106648743.0,22351230199.0,13886739841.0,41258590258.0,208370.0,셀바스헬스케어,,
01047451,2020,758702367.0,4226695746.0,45136873731.0,21152350538.0,11393917568.0,47106648743.0,208370.0,셀바스헬스케어,,
00569646,2015,961371227.0,2140355510.0,51565595348.0,57844489824.0,53074814552.0,48551460232.0,143540.0,영우디에스피,,
00569646,2016,11889031745.0,-1544703211.0,137202795759.0,146159357571.0,131354610359.0,51565595348.0,143540.0,영우디에스피,,
00569646,2017,-4577652968.0,331160702.0,162503251972.0,258081454493.0,249240364550.0,137202795759.0,143540.0,영우디에스피,,
00569646,2018,-18244162806.0,1914463130.0,109698409055.0,146297533793.0,151349526489.0,162503251972.0,143540.0,영우디에스피,,
00569646,2019,-1626735255.0,-21356404874.0,100352368066.0,97484768269.0,76275676269.0,109698409055.0,143540.0,영우디에스피,,
00569646,2020,7714958868.0,10554070887.0,103932056459.0,101611716397.0,84851953257.0,100352368066.0,143540.0,영우디에스피,,
00423690,2015,6724810605.0,12863616277.0,155126968852.0,145532696837.0,77837910198.0,155739821639.0,68290.0,삼성출판사,,
00423690,2016,9905223344.0,11428830371.0,176478585172.0,163300247607.0,84113644466.0,155126968852.0,68290.0,삼성출판사,,
00423690,2017,5860954878.0,5865768817.0,184611016227.0,176579639266.0,87204814922.0,176478585172.0,68290.0,삼성출판사,,
00423690,2018,458114800.0,9765145653.0,190739721799.0,186065483226.0,93374721971.0,184611016227.0,68290.0,삼성출판사,,
00423690,2019,6603129745.0,36433748843.0,241486314962.0,202043373529.0,95320805820.0,190739721799.0,68290.0,삼성출판사,,
00423690,2020,53270131336.0,27149292324.0,292398203181.0,167106175978.0,79098822192.0,241636874573.0,68290.0,삼성출판사,,
00152260,2015,-2160920853.0,1942787939.0,129570571085.0,127715459285.0,92020057632.0,130907851915.0,16920.0,카스,,
00152260,2016,-2860997893.0,14336476649.0,121662180766.0,131642969660.0,94130575018.0,130407625310.0,16920.0,카스,,
00152260,2017,1880608346.0,3915533140.0,116218524644.0,139411042450.0,97495884282.0,121662180766.0,16920.0,카스,,
00152260,2018,2566878540.0,-5080223247.0,122741402784.0,139976845894.0,99440901936.0,116218524644.0,16920.0,카스,,
00152260,2019,2953774955.0,5532916978.0,129321340043.0,135786056649.0,96911248730.0,122741402784.0,16920.0,카스,,
00152260,2020,-2204684596.0,8532367659.0,139990155925.0,139360839466.0,98677010482.0,129321340043.0,16920.0,카스,,
00398668,2015,7420541272.0,10934340371.0,114546553463.0,72705901302.0,43847648007.0,106844079937.0,65510.0,휴비츠,,
00398668,2016,11370198519.0,12368362536.0,139518251643.0,66923363777.0,37644783692.0,114546553463.0,65510.0,휴비츠,,
00398668,2017,3461193659.0,9917394218.0,140883447218.0,70387882940.0,41898115369.0,139518251643.0,65510.0,휴비츠,,
00398668,2018,7550013277.0,8374513469.0,141664238964.0,78861274995.0,48311425521.0,140883447218.0,65510.0,휴비츠,,
00398668,2019,8334021736.0,13545454094.0,151897854444.0,87987307040.0,51650822560.0,141664238964.0,65510.0,휴비츠,,
00398668,2020,-3027400476.0,10184323693.0,155474629135.0,70087743982.0,40086937413.0,151897854444.0,65510.0,휴비츠,,
00340272,2015,-1675320932.0,3376433631.0,98859089000.0,100316554512.0,87692543779.0,99899292117.0,50760.0,에스폴리텍,,
00340272,2016,3940388760.0,8982829784.0,105713979665.0,117696774852.0,102030215337.0,98859089000.0,50760.0,에스폴리텍,,
00340272,2017,-3051439165.0,645586634.0,108019265371.0,122283422445.0,107956049611.0,105713979665.0,50760.0,에스폴리텍,,
00340272,2018,1500593199.0,-2015350471.0,103386406999.0,136887454664.0,120307444162.0,108019265371.0,50760.0,에스폴리텍,,
00340272,2019,10734571520.0,23357099742.0,109458240512.0,135032554408.0,107653234640.0,103386406999.0,50760.0,에스폴리텍,,
00340272,2020,7742309711.0,3731954266.0,123743588672.0,135243342973.0,103694297710.0,109458240512.0,50760.0,에스폴리텍,,
00152039,2015,-6835605183.0,1899742482.0,203147147708.0,112358740858.0,105517776918.0,201184232475.0,1380.0,SG글로벌,,
00152039,2016,-1323246551.0,-4946647564.0,210143167628.0,141456441824.0,128311479094.0,203147147708.0,1380.0,SG글로벌,,
00152039,2017,349907744.0,10614844059.0,197415490274.0,143292754299.0,134934969230.0,210143167628.0,1380.0,SG글로벌,,
00152039,2018,3250522428.0,3511767534.0,199625376276.0,134548200063.0,120566962540.0,197415490274.0,1380.0,SG글로벌,,
00152039,2019,753300732.0,15908796905.0,204066347761.0,125797649594.0,112812914855.0,199625376276.0,1380.0,SG글로벌,,
00152039,2020,-2290624496.0,2580231771.0,198865921890.0,85060365619.0,73510001255.0,204066347761.0,1380.0,SG글로벌,,
00587466,2015,61528344033.0,60715584300.0,1171162836937.0,1013970585467.0,900790705265.0,1154028779847.0,92230.0,KPX홀딩스,,
00587466,2016,53425479418.0,99157747401.0,1209888939038.0,937649022164.0,825932148781.0,1171162836937.0,92230.0,KPX홀딩스,,
00587466,2017,58375728671.0,62191502125.0,1512487170715.0,753325551505.0,665652980934.0,1209888939038.0,92230.0,KPX홀딩스,,
00587466,2018,14744539557.0,43399941133.0,1416576552484.0,1022420005091.0,917244094319.0,1512487170715.0,92230.0,KPX홀딩스,,
00587466,2019,75765290839.0,90482621819.0,1448992399555.0,1010321361637.0,867854099628.0,1416576552484.0,92230.0,KPX홀딩스,,
00587466,2020,194061322521.0,89607035030.0,1698659220590.0,953179618487.0,792513012084.0,1448992399555.0,92230.0,KPX홀딩스,,
01158553,2019,-7592749360.0,-12263367.0,74318506409.0,46298662168.0,38317893636.0,58395401608.0,274090.0,켄코아에어로스페이스,,
01158553,2020,-9339055474.0,-10397226124.0,89573320427.0,31647423964.0,30114968826.0,74318506409.0,274090.0,켄코아에어로스페이스,,
00141413,2015,12282589107.0,14779758433.0,112542860631.0,166697452868.0,139631120129.0,104415471838.0,12280.0,영화금속,,
00141413,2016,9241667902.0,7000989352.0,137789309931.0,156388197767.0,133546410660.0,112542860631.0,12280.0,영화금속,,
00141413,2017,4660691266.0,3884202408.0,179811589919.0,180459046735.0,161315061440.0,137789309931.0,12280.0,영화금속,,
00141413,2018,1030946091.0,6755791503.0,208397874825.0,226746202073.0,211394625060.0,179811589919.0,12280.0,영화금속,,
00141413,2019,264119331.0,3357904460.0,201880456881.0,232624501276.0,214984740743.0,208397874825.0,12280.0,영화금속,,
00141413,2020,-9046781922.0,6966937158.0,197590024645.0,179397569568.0,177503362206.0,201880456881.0,12280.0,영화금속,,
00993931,2016,28467842132.0,32823776298.0,188749833649.0,120941189143.0,68268703998.0,163108104325.0,228340.0,동양파일,,
00993931,2017,8245153516.0,22755299446.0,159696071364.0,88578287322.0,61321147343.0,188749833649.0,228340.0,동양파일,,
00993931,2018,-6374996242.0,6212431270.0,148126248453.0,67930078584.0,59032836918.0,159696071364.0,228340.0,동양파일,,
00993931,2019,-15248767728.0,-11846463390.0,129953595351.0,53169205441.0,49352189078.0,148126248453.0,228340.0,동양파일,,
00993931,2020,-6603347766.0,5302637928.0,122305171208.0,46951377354.0,42224643920.0,129953595351.0,228340.0,동양파일,,
01128613,2016,34935211727.0,32667330730.0,436691157035.0,640234067746.0,546761299980.0,260518381626.0,241590.0,화승엔터프라이즈,,
01128613,2017,41613967221.0,32216053262.0,626784092861.0,768224189587.0,641903214485.0,436691157035.0,241590.0,화승엔터프라이즈,,
01128613,2018,17078475062.0,42902379010.0,760455511393.0,879226467059.0,756220062361.0,626784092861.0,241590.0,화승엔터프라이즈,,
01128613,2019,65186144022.0,69312698890.0,978863217935.0,1201591250778.0,1017414271086.0,760455511393.0,241590.0,화승엔터프라이즈,,
01128613,2020,41458632241.0,77653592184.0,1154956254214.0,1115756451023.0,955883296698.0,978863217935.0,241590.0,화승엔터프라이즈,,
00102760,2015,-520745748025.0,215007598329.0,4225711703087.0,1805357059375.0,1690521597961.0,5133091338122.0,11160.0,두산건설,,
00102760,2016,-357034090345.0,-100498299658.0,3030035459157.0,1274565797672.0,1161224864823.0,4225711703087.0,11160.0,두산건설,,
00102760,2017,-184023716514.0,55254246061.0,2845644446985.0,1535864082766.0,1374660973181.0,3030035459157.0,11160.0,두산건설,,
00102760,2018,-551779898127.0,94499464207.0,2399084870136.0,1547803760412.0,1452734770364.0,2845644446985.0,11160.0,두산건설,,
00102760,2019,-75165936125.0,-74316221745.0,2329565925975.0,1781925334302.0,1610346488983.0,2399084870136.0,11160.0,두산건설,,
00102760,2020,-165066393934.0,-55327220232.0,1550362052258.0,1828660921710.0,1686452935824.0,2329565925975.0,11160.0,두산건설,,
00796994,2015,14560901380.0,18226522856.0,89007792805.0,66334460453.0,43072768496.0,74264534200.0,120030.0,조선선재,,
00796994,2016,14463001983.0,14333739317.0,100867385713.0,63087574512.0,40579068835.0,89007792805.0,120030.0,조선선재,,
00796994,2017,15371415508.0,16081224709.0,111971630565.0,66010846443.0,42512858902.0,100867385713.0,120030.0,조선선재,,
00796994,2018,11756847699.0,9323725408.0,115036197421.0,62709302025.0,42850064261.0,111971630565.0,120030.0,조선선재,,
00796994,2019,12811453061.0,15323314006.0,121051072476.0,64043540072.0,43783808064.0,115036197421.0,120030.0,조선선재,,
00796994,2020,9195278604.0,9131056542.0,125961385802.0,59517341792.0,40959234345.0,121051072476.0,120030.0,조선선재,,
00353878,2015,8435624190.0,17449129037.0,128773588894.0,135394761965.0,110352074228.0,106205860598.0,58730.0,다스코,,
00353878,2016,12311538593.0,12969222701.0,157087156210.0,157137163957.0,124425160923.0,128773588894.0,58730.0,다스코,,
00353878,2017,18648663195.0,-13774176041.0,225894571410.0,223185014161.0,172976752858.0,157087156210.0,58730.0,다스코,,
00353878,2018,18160285214.0,25298298693.0,212416938151.0,240804571030.0,199919686674.0,225894571410.0,58730.0,다스코,,
00353878,2019,1888513802.0,11027447903.0,214713941787.0,216209627782.0,185855246887.0,212416938151.0,58730.0,다스코,,
00353878,2020,-7887779442.0,-12482715900.0,249543946307.0,224478508728.0,209819177890.0,214713941787.0,58730.0,다스코,,
00819073,2016,6325594904.0,2951786427.0,90530670717.0,31454021363.0,18670803189.0,53048991824.0,216050.0,인크로스,,
00819073,2017,8292616351.0,3914774652.0,124860423549.0,36750461839.0,22222276065.0,90530670717.0,216050.0,인크로스,,
00819073,2018,8627690026.0,-808244613.0,121311102730.0,35769759371.0,19535900002.0,124860423549.0,216050.0,인크로스,,
00819073,2019,9314082227.0,2441023967.0,144263389698.0,34463400471.0,16787970346.0,121311102730.0,216050.0,인크로스,,
00819073,2020,12307080004.0,24629441626.0,179307690932.0,39440174261.0,18523843780.0,144263389698.0,216050.0,인크로스,,
01165739,2016,-244489.0,-2901483.0,69889831.0,68231288.0,50938632.0,39574854.0,950140.0,잉글우드랩,,
01165739,2017,-12272228.0,-8382280.0,86285861.0,77053750.0,66017926.0,69889831.0,950140.0,잉글우드랩,,
01165739,2018,-5361123.0,-8378744.0,93706161.0,107939820.0,90255015.0,86285861.0,950140.0,잉글우드랩,,
01165739,2019,1946160.0,10464639.0,99622872.0,114371312.0,92187413.0,93706161.0,950140.0,잉글우드랩,,
01165739,2020,2611636.0,6708154.0,99923834.0,116239246.0,94924121.0,99622872.0,950140.0,잉글우드랩,,
00156354,2015,11951939281.0,14288144436.0,459399994166.0,467536890270.0,401651907710.0,430817639297.0,13870.0,지엠비코리아,,
00156354,2016,19525567609.0,41927811651.0,466333873129.0,495119070724.0,420765473088.0,459399994166.0,13870.0,지엠비코리아,,
00156354,2017,11829292208.0,26277914035.0,468879290322.0,466838914426.0,401907706085.0,466333873129.0,13870.0,지엠비코리아,,
00156354,2018,-706452392.0,29886919859.0,475197807167.0,457196868534.0,398141645081.0,468879290322.0,13870.0,지엠비코리아,,
00156354,2019,1791090739.0,29431511026.0,486911659993.0,477535110323.0,414443027238.0,475197807167.0,13870.0,지엠비코리아,,
00156354,2020,-7966501350.0,15929338586.0,488507775797.0,445770428749.0,393609941622.0,486911659993.0,13870.0,지엠비코리아,,
00551920,2015,3407145137.0,6094692913.0,40409457713.0,35964569602.0,9395138496.0,35836402754.0,92730.0,네오팜,,
00551920,2016,7742493669.0,9156579734.0,46509145265.0,42368623342.0,10491981868.0,40409457713.0,92730.0,네오팜,,
00551920,2017,11559211337.0,10646058482.0,56694807176.0,53633506628.0,13490375972.0,46509145265.0,92730.0,네오팜,,
00551920,2018,15369685349.0,16179233444.0,72928484466.0,66274581623.0,17938728535.0,56694807176.0,92730.0,네오팜,,
00551920,2019,19245381592.0,19223989570.0,122741537389.0,83240333171.0,23136103757.0,72928484466.0,92730.0,네오팜,,
00551920,2020,18130855337.0,17073759989.0,132977764124.0,81625347558.0,22983728323.0,122741537389.0,92730.0,네오팜,,
00112819,2015,-4353912005.0,-10715272803.0,54275849468.0,63686918383.0,29572986197.0,53562843251.0,17680.0,데코앤에프,,
00112819,2016,-8678103356.0,-2578069954.0,53034331150.0,55398414731.0,28942142784.0,54275849468.0,17680.0,데코앤에프,,
00112819,2017,-21293120547.0,-4036194678.0,56039766039.0,46847589134.0,24721176932.0,53034331150.0,17680.0,데코앤에프,,
00112819,2018,-10577608956.0,-3981329365.0,66534301507.0,51621256199.0,27318514349.0,56039766039.0,17680.0,데코앤에프,,
00112819,2019,-23800828887.0,3925234103.0,28751546843.0,37971984470.0,15717892274.0,66534301507.0,17680.0,데코앤에프,,
00112819,2020,-4099304006.0,-533557907.0,30041367102.0,24119105294.0,11254802347.0,28751546843.0,17680.0,데코앤에프,,
00138279,2015,631322000000.0,2475550000000.0,10795526000000.0,17890272000000.0,16438773000000.0,10255738000000.0,10950.0,S-Oil,,
00138279,2016,1205364000000.0,1721991000000.0,13959027000000.0,16321843000000.0,14020892000000.0,10795526000000.0,10950.0,S-Oil,,
00138279,2017,1246489000000.0,1143294000000.0,15087451000000.0,20891374000000.0,18783141000000.0,13959027000000.0,10950.0,S-Oil,,
00138279,2018,258035000000.0,-288185000000.0,15955044000000.0,25463295000000.0,24200246000000.0,15087451000000.0,10950.0,S-Oil,,
00138279,2019,65429000000.0,679447000000.0,16333401000000.0,24394173000000.0,23346806000000.0,15955044000000.0,10950.0,S-Oil,,
00138279,2020,-796108000000.0,1630972000000.0,15690510000000.0,16829681000000.0,17366204000000.0,16333401000000.0,10950.0,S-Oil,,
00160418,2015,14278251303.0,46824202352.0,717080888823.0,1132480679389.0,1068277544596.0,656706478680.0,10100.0,한국무브넥스,,
00160418,2016,13033666396.0,40205833647.0,733030314894.0,1156423644262.0,1094578973404.0,717080888823.0,10100.0,한국무브넥스,,
00160418,2017,-23603083593.0,26147018639.0,632537109783.0,985022795492.0,955343190145.0,689653907207.0,10100.0,한국무브넥스,,
00160418,2018,-1028878917.0,41951778950.0,640611045542.0,793671741516.0,745656698254.0,632537109783.0,10100.0,한국무브넥스,,
00160418,2019,10919773019.0,53794500520.0,652275269935.0,954039222999.0,886659174454.0,640611045542.0,10100.0,한국무브넥스,,
00160418,2020,11424414939.0,58103063837.0,667998510000.0,881568285914.0,819998642823.0,652275269935.0,10100.0,한국무브넥스,,
00145552,2015,-54617454138.0,56542110002.0,1028558559092.0,1471229204047.0,1391376071915.0,1093778459090.0,5950.0,이수화학,,
00145552,2016,7863435570.0,82449731786.0,1097878605413.0,1515417587201.0,1383704227713.0,1028558559092.0,5950.0,이수화학,,
00145552,2017,-926816620.0,10201112180.0,999536231883.0,1507752229082.0,1400019053572.0,1097878605413.0,5950.0,이수화학,,
00145552,2018,-1610849752.0,-39082089412.0,935654739558.0,1531336137799.0,1444962332714.0,999536231883.0,5950.0,이수화학,,
00145552,2019,-18913644124.0,-5437434092.0,1068023649502.0,1516191857328.0,1419731455711.0,935654739558.0,5950.0,이수화학,,
00145552,2020,-143142308843.0,82473102419.0,969058837583.0,1313295206977.0,1185195231824.0,1060433946472.0,5950.0,이수화학,,
00167031,2015,1410304231.0,6252763624.0,73403371298.0,64346196088.0,57088842938.0,79126537460.0,10240.0,흥국,,
00167031,2016,3618604645.0,6904674618.0,69485368126.0,62732006127.0,53067536262.0,73403371298.0,10240.0,흥국,,
00167031,2017,6952612040.0,2943091938.0,78035451359.0,91625419757.0,76786877231.0,69485368126.0,10240.0,흥국,,
00167031,2018,8316696575.0,11447566172.0,88337239760.0,118012453655.0,100083261477.0,78035451359.0,10240.0,흥국,,
00167031,2019,7002937052.0,10780779559.0,92358267433.0,104480159980.0,86460978782.0,88337239760.0,10240.0,흥국,,
00167031,2020,11754325418.0,5303849135.0,108557728581.0,119116418853.0,95492318214.0,92358267433.0,10240.0,흥국,,
00449379,2015,4096355963.0,-2702554397.0,391118249873.0,662318535690.0,614412962631.0,369774224978.0,67990.0,도이치모터스,,
00449379,2016,-2951406635.0,33228243092.0,433290603745.0,673399127067.0,625306407119.0,391118249873.0,67990.0,도이치모터스,,
00449379,2017,4253045441.0,-3928885580.0,557807099959.0,950183846208.0,876100575973.0,433290603745.0,67990.0,도이치모터스,,
00449379,2018,34670313103.0,143796677802.0,595741288533.0,1058333175091.0,944908179654.0,557807099959.0,67990.0,도이치모터스,,
00449379,2019,56306958297.0,34853154851.0,804374150623.0,1208710144412.0,1050794111474.0,595741288533.0,67990.0,도이치모터스,,
00449379,2020,15157447195.0,14790189882.0,1056891482866.0,1451108882283.0,1302145286403.0,804374150623.0,67990.0,도이치모터스,,
00116949,2015,74664005188.0,114660741824.0,1064506281853.0,910458499136.0,757081398395.0,971558344572.0,7340.0,DN오토모티브,,
00116949,2016,83981344493.0,136105488782.0,1115539570562.0,959031647029.0,792258908791.0,1064506281853.0,7340.0,DN오토모티브,,
00116949,2017,53477949395.0,79757790196.0,778625092622.0,877858995478.0,747020699000.0,1115539570562.0,7340.0,DN오토모티브,,
00116949,2018,58472495803.0,74155011183.0,870759625705.0,908521022197.0,776307013662.0,778625092622.0,7340.0,DN오토모티브,,
00116949,2019,68290129655.0,90547901759.0,911746199157.0,929772577258.0,785979280673.0,870759625705.0,7340.0,DN오토모티브,,
00116949,2020,48427397900.0,105541543367.0,961755008032.0,823880444139.0,694995258346.0,911746199157.0,7340.0,DN오토모티브,,
00239514,2015,9565639601.0,11820012948.0,201281074211.0,281480920287.0,236539598252.0,172919116500.0,54090.0,삼진엘앤디,,
00239514,2016,-2168744519.0,4728775502.0,197988798155.0,256575198785.0,223476241931.0,201281074211.0,54090.0,삼진엘앤디,,
00239514,2017,-12721932511.0,7511781223.0,162170125074.0,220648772975.0,198761061669.0,197988798155.0,54090.0,삼진엘앤디,,
00239514,2018,1739206594.0,14328117423.0,171051336490.0,215217526238.0,185452431225.0,162170125074.0,54090.0,삼진엘앤디,,
00239514,2019,459780903.0,18013063755.0,170409135959.0,230790590349.0,201656126960.0,171051336490.0,54090.0,삼진엘앤디,,
00239514,2020,-1466929811.0,-2019637873.0,158976436229.0,180806491643.0,156692702908.0,170409135959.0,54090.0,삼진엘앤디,,
01328639,2018,120363009.0,196979939.0,676199899.0,577977424.0,337684001.0,423391175.0,900340.0,윙입푸드,,
01328639,2019,60667466.0,92102055.0,761507005.0,661962917.0,420991224.0,676199899.0,900340.0,윙입푸드,,
01328639,2020,76377985.0,140932237.0,904075424.0,763419946.0,526699354.0,761507005.0,900340.0,윙입푸드,,
00191287,2015,752431999.0,7300954200.0,64501535773.0,59822981007.0,53409505950.0,56893628759.0,20400.0,대동금속,,
00191287,2016,-253458601.0,2122584183.0,65371059951.0,61096103481.0,56654432497.0,64501535773.0,20400.0,대동금속,,
00191287,2017,836992928.0,1447988151.0,69386121898.0,74709305466.0,68415955555.0,65371059951.0,20400.0,대동금속,,
00191287,2018,860501305.0,186279777.0,85069831415.0,80862657385.0,74337261955.0,69386121898.0,20400.0,대동금속,,
00191287,2019,761872.0,13175252518.0,106533538737.0,88529123034.0,80475684859.0,85069831415.0,20400.0,대동금속,,
00191287,2020,1523659168.0,8288048405.0,106206685255.0,111119943355.0,103052186861.0,106533538737.0,20400.0,대동금속,,
01144028,2017,15297751828.0,22200906645.0,185225306460.0,112990498475.0,77654679263.0,74475038362.0,260930.0,씨티케이,,
01144028,2018,7802899440.0,-16840822320.0,192371544818.0,110467178436.0,85670168925.0,185225306460.0,260930.0,씨티케이,,
01144028,2019,7191006819.0,30666933535.0,202468009891.0,116328076063.0,85065128974.0,192371544818.0,260930.0,씨티케이,,
01144028,2020,-2002749665.0,-21519921690.0,205218714661.0,124197551295.0,83067121872.0,202468009891.0,260930.0,씨티케이,,
00176914,2015,202618955024.0,,7156248386305.0,1049708557902.0,576909961217.0,5338504904000.0,23590.0,다우기술,,
00176914,2016,191978016777.0,,9818253245713.0,1153420151411.0,673332958813.0,7156248386305.0,23590.0,다우기술,,
00176914,2017,243142590266.0,-851365168858.0,13126401793871.0,1351213660827.0,763668691237.0,9818253245713.0,23590.0,다우기술,,
00176914,2018,225403523353.0,-1441357903307.0,19345653729825.0,2210006671982.0,1575493917536.0,13126401793871.0,23590.0,다우기술,,
00176914,2019,395865387334.0,-2947197122174.0,24741606799542.0,2901833125630.0,1998008740387.0,19345653729825.0,23590.0,다우기술,,
00176914,2020,679446474293.0,-1334999877348.0,38622232829692.0,5164695883437.0,3679129753414.0,24741606799542.0,23590.0,다우기술,,
00117258,2015,8514489837.0,37573469817.0,511810073520.0,168887745234.0,38729092871.0,408456985581.0,27390.0,한화갤러리아타임월드,,
00117258,2016,-18654037669.0,-38552871571.0,483988523218.0,284781000622.0,80471619783.0,511810073520.0,27390.0,한화갤러리아타임월드,,
00117258,2017,-10677772829.0,6419690610.0,489307611119.0,330703010735.0,135482482471.0,483988523218.0,27390.0,한화갤러리아타임월드,,
00117258,2018,9548556385.0,-2449660232.0,451803073908.0,332681412091.0,147459620474.0,489307611119.0,27390.0,한화갤러리아타임월드,,
00117258,2019,-69923656201.0,53768151315.0,348473782183.0,142433416699.0,23017997244.0,451803073908.0,27390.0,한화갤러리아타임월드,,
00121686,2015,152221843051.0,13732118836.0,1000905152803.0,453105965763.0,393109064442.0,420539394942.0,33160.0,엠케이전자,,
00121686,2016,74507668124.0,-120196944685.0,1301702978769.0,619601002744.0,432073870401.0,1000905152803.0,33160.0,엠케이전자,,
00121686,2017,148036981395.0,-87246829870.0,1584109907874.0,686150839956.0,489698119669.0,1332832353734.0,33160.0,엠케이전자,,
00121686,2018,133221552392.0,50796085373.0,1782812097339.0,706474289010.0,498350690358.0,1584109907874.0,33160.0,엠케이전자,,
00121686,2019,76912701739.0,-29661836305.0,1831423712674.0,731615144699.0,584085631303.0,1782812097339.0,33160.0,엠케이전자,,
00121686,2020,80125925455.0,330492228115.0,1982876094720.0,875759467232.0,744834491201.0,1831423712674.0,33160.0,엠케이전자,,
00160232,2015,23149462271.0,53980679319.0,545679903415.0,143480707136.0,104219261086.0,494936207991.0,44450.0,KSS해운,,
00160232,2016,13272684188.0,54957971365.0,647988184056.0,141144030975.0,98831998441.0,545679903415.0,44450.0,KSS해운,,
00160232,2017,25687512423.0,76112169309.0,904763003214.0,177565951749.0,122254073610.0,647988184056.0,44450.0,KSS해운,,
00160232,2018,20815915929.0,82498315468.0,902632630797.0,202504829183.0,145402274070.0,904763003214.0,44450.0,KSS해운,,
00160232,2019,23435296380.0,83335037686.0,957238168720.0,231240042004.0,167701722637.0,904473325452.0,44450.0,KSS해운,,
00160232,2020,13129120727.0,72022520637.0,1069527677719.0,226181167041.0,163993021600.0,957238168720.0,44450.0,KSS해운,,
00409371,2015,1210060328.0,1034889771.0,87230412138.0,89512778924.0,68881620508.0,93781436057.0,79950.0,인베니아,,
00409371,2016,8328574664.0,6144578608.0,113311633089.0,151506151877.0,129245166731.0,87230412138.0,79950.0,인베니아,,
00409371,2017,1110053191.0,-4304624971.0,137479099314.0,182175707309.0,155876109424.0,113311633089.0,79950.0,인베니아,,
00409371,2018,5696458153.0,3183417054.0,154547944154.0,172804068263.0,145300705523.0,137479099314.0,79950.0,인베니아,,
00409371,2019,1166030336.0,-46524651777.0,186593945817.0,146173882252.0,120825508083.0,154547944154.0,79950.0,인베니아,,
00409371,2020,-4769065953.0,61086952896.0,142037459982.0,141016314942.0,115237114901.0,186593945817.0,79950.0,인베니아,,
00525882,2015,1017332099.0,16332637859.0,125382465323.0,135508996479.0,,120806152135.0,96240.0,크레버스,,
00525882,2016,-19925778528.0,14933279663.0,148986376815.0,138574465321.0,,125382465323.0,96240.0,크레버스,,
00525882,2017,6823147449.0,21442230019.0,145606599737.0,147363631699.0,,148986376815.0,96240.0,크레버스,,
00525882,2018,10166296071.0,26996888606.0,166309402053.0,152690561553.0,,145606599737.0,96240.0,크레버스,,
00525882,2019,11197344523.0,47062715390.0,193391054264.0,174974827959.0,,166309402053.0,96240.0,크레버스,,
00525882,2020,8638270258.0,32495652992.0,209615475106.0,180019914097.0,,193391054264.0,96240.0,크레버스,,
00508344,2015,20158354777.0,-226054101277.0,755184959433.0,231300372472.0,172790095711.0,386792128043.0,210980.0,SK디앤디,,
00508344,2016,26341219278.0,-143318993132.0,1021405101908.0,276376332235.0,196230175800.0,755184959433.0,210980.0,SK디앤디,,
00508344,2017,65009794682.0,-157468026553.0,941320391815.0,330812048430.0,250770123145.0,1021405101908.0,210980.0,SK디앤디,,
00508344,2018,52411696538.0,-134456393928.0,1490079875404.0,562772314281.0,421391996674.0,941320391815.0,210980.0,SK디앤디,,
00508344,2019,44903285859.0,277141617353.0,1396932626675.0,454720099303.0,322733255646.0,1490079875404.0,210980.0,SK디앤디,,
00508344,2020,66110584430.0,-186100937695.0,1712427674048.0,699753025469.0,474441992688.0,1396932626675.0,210980.0,SK디앤디,,
00892526,2018,3731735012.0,2465480172.0,59022015995.0,54765341149.0,43412993554.0,50279644039.0,263020.0,디케이앤디,,
00892526,2019,2829968295.0,1776462600.0,62104312161.0,59822273660.0,48878957684.0,59022015995.0,263020.0,디케이앤디,,
00892526,2020,3572415706.0,6134320078.0,65035312238.0,70766476264.0,56365118159.0,62104312161.0,263020.0,디케이앤디,,
00410997,2015,483503059.0,-701621173.0,32560437152.0,32142751856.0,25256029005.0,33575978352.0,69140.0,누리플랜,,
00410997,2016,2371420342.0,-2110662903.0,35390012839.0,34411740563.0,28049261749.0,32560437152.0,69140.0,누리플랜,,
00410997,2017,-13776975.0,347821421.0,39137837850.0,35622762559.0,28307746485.0,35390012839.0,69140.0,누리플랜,,
00410997,2018,369979413.0,-1907584062.0,47522739770.0,47668330486.0,39128883641.0,39137837850.0,69140.0,누리플랜,,
00410997,2019,-3243838204.0,-2444747083.0,117532072063.0,91289923843.0,74758077831.0,47522739770.0,69140.0,누리플랜,,
00410997,2020,3536478464.0,5192481802.0,126611401132.0,139352196700.0,114053050630.0,117532072063.0,69140.0,누리플랜,,
00494218,2015,6180283282.0,28577463387.0,224730965071.0,123425729208.0,91374059176.0,237690360198.0,73110.0,엘엠에스,,
00494218,2016,-11666566721.0,-12067565347.0,205069605201.0,113507608867.0,81101818397.0,224730965071.0,73110.0,엘엠에스,,
00494218,2017,9487136677.0,42271347223.0,200202735999.0,143748591683.0,96943227744.0,205069605201.0,73110.0,엘엠에스,,
00494218,2018,6648313123.0,23493222602.0,196484604574.0,109393200148.0,72353110279.0,200202735999.0,73110.0,엘엠에스,,
00494218,2019,11109925034.0,-5799423614.0,246427622095.0,163181109681.0,93588887419.0,196484604574.0,73110.0,엘엠에스,,
00494218,2020,-18465415686.0,11088416268.0,213658596685.0,119663053394.0,91384910659.0,246427622095.0,73110.0,엘엠에스,,
00244419,2015,-21829602590.0,14989125172.0,174294380826.0,29130408226.0,35976105860.0,181113794380.0,33430.0,디에스티,,
00244419,2016,-46251727660.0,-3331515780.0,78632564134.0,31222353347.0,21675690159.0,174294380826.0,33430.0,디에스티,,
00244419,2017,3227122587.0,-4546099734.0,59743222120.0,33156724489.0,19451350406.0,78632564134.0,33430.0,디에스티,,
00244419,2018,-1684379447.0,-5611786221.0,57013369303.0,27598527255.0,15036978584.0,59743222120.0,33430.0,디에스티,,
00244419,2019,-17979722299.0,332715474.0,54525328438.0,20809840067.0,11671655665.0,46103177841.0,33430.0,디에스티,,
00244419,2020,-2660535729.0,434007884.0,55921766892.0,18085601298.0,11274914161.0,54796249211.0,33430.0,디에스티,,
00536888,2015,-1388875259.0,437768111.0,13920596954.0,24210168054.0,18413545032.0,11645683862.0,93640.0,케이알엠,,
00536888,2016,82419626.0,1285069152.0,14859737619.0,25657732038.0,18523196246.0,13920596954.0,93640.0,케이알엠,,
00536888,2017,-4149205476.0,-3668229647.0,11051907785.0,18332540852.0,13208018622.0,14859737619.0,93640.0,케이알엠,,
00536888,2018,-3613121389.0,-2227813640.0,14961218425.0,11127166638.0,7517892970.0,11051907785.0,93640.0,케이알엠,,
00536888,2019,535960623.0,1646066556.0,33393126157.0,13137931653.0,8024867493.0,14961218425.0,93640.0,케이알엠,,
00536888,2020,-1142737201.0,-543766998.0,31214903962.0,8872307767.0,5064954375.0,33393126157.0,93640.0,케이알엠,,
00128227,2015,7930087384.0,18457762454.0,190411827827.0,152014617071.0,135363432401.0,180736725961.0,9770.0,삼정펄프,,
00128227,2016,19322947778.0,25170337017.0,211609842718.0,152065390913.0,131223339983.0,190411827827.0,9770.0,삼정펄프,,
00128227,2017,10429181472.0,7310429312.0,206420528195.0,143391797249.0,127279246791.0,211609842718.0,9770.0,삼정펄프,,
00128227,2018,-174158032.0,1835364703.0,201823661159.0,135612627002.0,131469481714.0,206420528195.0,9770.0,삼정펄프,,
00128227,2019,4670508769.0,16818531449.0,206283506389.0,147064265311.0,132238797904.0,201823661159.0,9770.0,삼정펄프,,
00128227,2020,26856455616.0,13794737040.0,232780512956.0,146331017088.0,124081244747.0,206283506389.0,9770.0,삼정펄프,,
01080252,2020,14712171660.0,9979462579.0,54259282642.0,49445117659.0,19576802150.0,18466012867.0,348210.0,넥스틴,,
00670085,2015,23254155314.0,18816416860.0,103381228330.0,121904066501.0,61259707360.0,44833422614.0,138690.0,엘아이에스,,
00670085,2016,-18728812542.0,-23106621990.0,132060493560.0,102985200702.0,39400991561.0,104257021290.0,138690.0,엘아이에스,,
00670085,2017,-32131592305.0,-27107478289.0,167464012977.0,91942892252.0,64538172759.0,132060493554.0,138690.0,엘아이에스,,
00670085,2018,30687859.0,18859027358.0,141480968718.0,211363819108.0,168166166247.0,167464012977.0,138690.0,엘아이에스,,
00670085,2019,-2087457906.0,-18517659592.0,217824900733.0,145119083456.0,111291870189.0,141480968718.0,138690.0,엘아이에스,,
00670085,2020,1881636586.0,-572574563.0,203289106699.0,202392028193.0,163448562007.0,217824900733.0,138690.0,엘아이에스,,
00158316,2015,62915097349.0,86625536364.0,1242453840219.0,1090840201565.0,,1191004550790.0,34310.0,NICE,,
00158316,2016,90779250509.0,139624113531.0,1408253172764.0,1346411433628.0,,1242453840219.0,34310.0,NICE,,
00158316,2017,92750993789.0,128929274057.0,1742367143517.0,1450068987073.0,,1408253172764.0,34310.0,NICE,,
00158316,2018,99301936515.0,248439460342.0,2172977803716.0,1611892148287.0,,1742367143517.0,34310.0,NICE,,
00158316,2019,77665756573.0,261018831585.0,2564827369380.0,1877743690907.0,,2172977803716.0,34310.0,NICE,,
00158316,2020,52928234156.0,309342815964.0,2730355252812.0,2055514097808.0,,2564827369380.0,34310.0,NICE,,
00583424,2015,584796054551.0,627503451005.0,4443101431013.0,4766627213300.0,1169406018752.0,3854577557467.0,90430.0,아모레퍼시픽,,
00583424,2016,645728659544.0,676951762504.0,5181577129735.0,5645440160699.0,1424760833022.0,4443101431013.0,90430.0,아모레퍼시픽,,
00583424,2017,398003012440.0,512563468600.0,5375684238596.0,5123825882104.0,1379726027741.0,5181577129735.0,90430.0,아모레퍼시픽,,
00583424,2018,334844563966.0,646677307033.0,5371137217822.0,5277844561808.0,1434875630857.0,5375684238596.0,90430.0,아모레퍼시픽,,
00583424,2019,223761027766.0,718300781333.0,5989007790647.0,5580142192519.0,1500515578424.0,5371137217822.0,90430.0,아모레퍼시픽,,
00583424,2020,21869011689.0,554358724380.0,5701918175747.0,4432179039394.0,1265398064748.0,5989007790647.0,90430.0,아모레퍼시픽,,
00113997,2015,-63271000000.0,34857000000.0,436708000000.0,458174000000.0,438964000000.0,596095000000.0,20150.0,롯데에너지머티리얼즈,,
00113997,2016,40623000000.0,72915000000.0,390767000000.0,398957000000.0,342783000000.0,436708000000.0,20150.0,롯데에너지머티리얼즈,,
00113997,2017,42190000000.0,61179000000.0,650284000000.0,454035000000.0,373071000000.0,390767000000.0,20150.0,롯데에너지머티리얼즈,,
00113997,2018,41311000000.0,86016000000.0,692206000000.0,502008000000.0,422495000000.0,650284000000.0,20150.0,롯데에너지머티리얼즈,,
00113997,2019,46839000000.0,48242000000.0,1036929000000.0,550214000000.0,472815000000.0,692205000000.0,20150.0,롯데에너지머티리얼즈,,
00113997,2020,42734000000.0,49479000000.0,1081009000000.0,536917000000.0,450521000000.0,1036929000000.0,20150.0,롯데에너지머티리얼즈,,
00173032,2015,49983829492.0,96591196574.0,1143885776933.0,674669376201.0,493674553974.0,1062651119445.0,25900.0,동화기업,,
00173032,2016,58546450375.0,113393820530.0,1210934199104.0,690688212488.0,496987111468.0,1143885776933.0,25900.0,동화기업,,
00173032,2017,62220736436.0,91234225909.0,1224111571926.0,778786071055.0,565063432590.0,1210934199104.0,25900.0,동화기업,,
00173032,2018,50957948963.0,116180373770.0,1229786586536.0,759970976602.0,582871525647.0,1224111571926.0,25900.0,동화기업,,
00173032,2019,43410161128.0,39612675717.0,1440636414216.0,717405693719.0,556244394045.0,1229786586536.0,25900.0,동화기업,,
00173032,2020,40302280374.0,136381685227.0,1586439706471.0,744878006571.0,566478547651.0,1440636414216.0,25900.0,동화기업,,
00480455,2015,36441000000.0,53126000000.0,933608000000.0,633303000000.0,583135000000.0,994050000000.0,77970.0,STX엔진,,
00480455,2016,-27951000000.0,32015000000.0,830228000000.0,529846000000.0,481050000000.0,933607000000.0,77970.0,STX엔진,,
00480455,2017,-6016000000.0,66444000000.0,817766000000.0,470149000000.0,423160000000.0,830228000000.0,77970.0,STX엔진,,
00480455,2018,27898000000.0,-59180000000.0,864148000000.0,577328000000.0,503346000000.0,818262000000.0,77970.0,STX엔진,,
00480455,2019,20377000000.0,72910000000.0,828375000000.0,610608000000.0,544086000000.0,864148000000.0,77970.0,STX엔진,,
00480455,2020,20647000000.0,57388000000.0,809261000000.0,586695000000.0,531532000000.0,828375000000.0,77970.0,STX엔진,,
00228350,2015,-4021453019.0,14393103087.0,203760821288.0,190188641506.0,161025173777.0,228932697070.0,56700.0,신화인터텍,,
00228350,2016,3897365872.0,18540876904.0,206270306724.0,215490468533.0,183711690828.0,203760821288.0,56700.0,신화인터텍,,
00228350,2017,-2398151042.0,5878695103.0,195978756428.0,176568859393.0,154537767152.0,206270306724.0,56700.0,신화인터텍,,
00228350,2018,-5126284935.0,-4970881823.0,200454305557.0,177577488906.0,165177335171.0,195978756428.0,56700.0,신화인터텍,,
00228350,2019,9472696178.0,33841327011.0,184128026293.0,254429113279.0,219041316943.0,200454305557.0,56700.0,신화인터텍,,
00228350,2020,3334865973.0,15903103023.0,176253207787.0,255336300271.0,229783487001.0,184128026293.0,56700.0,신화인터텍,,
00520610,2015,3007584103.0,4055889584.0,56770152120.0,30644024111.0,19401924382.0,57412463074.0,101240.0,씨큐브,,
00520610,2016,4859787911.0,4389230947.0,60723932350.0,37879603015.0,22192457568.0,56770152120.0,101240.0,씨큐브,,
00520610,2017,3785971019.0,5307730398.0,65451972154.0,40171642426.0,24222453972.0,60723932350.0,101240.0,씨큐브,,
00520610,2018,4504161135.0,5603616635.0,72801956605.0,41389313600.0,25289644879.0,65451972154.0,101240.0,씨큐브,,
00520610,2019,5945120683.0,5755539117.0,82177764153.0,44746669519.0,25757511595.0,72801956605.0,101240.0,씨큐브,,
00520610,2020,3648087374.0,3731434254.0,85053337329.0,36971668671.0,22491108392.0,82177764153.0,101240.0,씨큐브,,
00133751,2015,4034481791.0,6244704337.0,71392722662.0,20084613323.0,13339506366.0,67300365418.0,17510.0,세명전기,,
00133751,2016,3154899798.0,3333930606.0,73132093511.0,16636026914.0,11859053071.0,71392722662.0,17510.0,세명전기,,
00133751,2017,3668871226.0,3645423097.0,75482769224.0,20871760652.0,15295811795.0,73132093511.0,17510.0,세명전기,,
00133751,2018,3603418781.0,1093420012.0,79029092313.0,19017116130.0,13973556626.0,75482769224.0,17510.0,세명전기,,
00133751,2019,3421229671.0,2934064961.0,81806215229.0,18453516433.0,14935342485.0,79029092313.0,17510.0,세명전기,,
00133751,2020,2144373501.0,1332862790.0,80756413754.0,14311511991.0,12342374458.0,81806215229.0,17510.0,세명전기,,
00137234,2015,21304968122.0,42902812670.0,583108621977.0,718024012386.0,635822123044.0,496070371931.0,12860.0,모베이스전자,,
00137234,2016,17375867722.0,11188082893.0,645936898796.0,731169855933.0,661970083769.0,583108621977.0,12860.0,모베이스전자,,
00137234,2017,-43560750463.0,57932769924.0,576154630224.0,710241532134.0,674591957409.0,645936898796.0,12860.0,모베이스전자,,
00137234,2018,-16905612897.0,10493991277.0,635384033343.0,717990836102.0,662915438498.0,576154630224.0,12860.0,모베이스전자,,
00137234,2019,-9949413546.0,44985397981.0,673938142141.0,771679604179.0,706967317635.0,635384033343.0,12860.0,모베이스전자,,
00137234,2020,-16960214314.0,43205927009.0,667296060879.0,788507544302.0,732677219947.0,673938142141.0,12860.0,모베이스전자,,
00255433,2015,690097582.0,2134638122.0,16158816872.0,12450442186.0,4664323730.0,14889034906.0,42510.0,라온시큐어,,
00255433,2016,1707089421.0,3352770707.0,16611679354.0,16702451315.0,6715170414.0,16158816872.0,42510.0,라온시큐어,,
00255433,2017,3435122783.0,2756182874.0,20335911577.0,21241382794.0,8181156903.0,16611679354.0,42510.0,라온시큐어,,
00255433,2018,3785321358.0,3328676078.0,27408823096.0,24610372107.0,10344886503.0,20335911577.0,42510.0,라온시큐어,,
00255433,2019,2532706443.0,3635123124.0,51118782194.0,30443293632.0,12289341541.0,27408823096.0,42510.0,라온시큐어,,
00255433,2020,-8760707102.0,1259217996.0,51032046913.0,37151349080.0,17143180742.0,51118782194.0,42510.0,라온시큐어,,
00389970,2015,-2560814258.0,16318710315.0,300513733026.0,112948116107.0,112059786068.0,268611314762.0,64260.0,다날,,
00389970,2016,-3910672776.0,-24137747147.0,387778726652.0,133477892502.0,128249856966.0,300513733026.0,64260.0,다날,,
00389970,2017,10686293535.0,-68540095789.0,469487277169.0,172882038182.0,,387778726652.0,64260.0,다날,,
00389970,2018,-2918328503.0,-17969246295.0,456519738235.0,209864331638.0,,464387277169.0,64260.0,다날,,
00389970,2019,22794704560.0,-24041025091.0,512017555519.0,191162051205.0,,456519738235.0,64260.0,다날,,
00389970,2020,12407858962.0,23595035106.0,570144931864.0,229418196805.0,,512017555519.0,64260.0,다날,,
00812362,2015,-12651175748.0,-285145292.0,32832037682.0,53708365717.0,50292930714.0,35400438798.0,141020.0,디에스앤엘,,
00812362,2016,-22679518095.0,-10427206757.0,28784784561.0,50063639646.0,44660248909.0,32832037682.0,141020.0,디에스앤엘,,
00812362,2017,2450791810.0,-10682932741.0,35626994825.0,46442299018.0,40144644203.0,28784784561.0,141020.0,디에스앤엘,,
00812362,2018,-12954961681.0,-27326933080.0,77208383218.0,25153820996.0,20276297792.0,35626994825.0,141020.0,디에스앤엘,,
00812362,2019,-43718061925.0,-5728063705.0,19012926155.0,875623096.0,437935430.0,34838793625.0,141020.0,디에스앤엘,,
00812362,2020,-38856601203.0,1433627759.0,491650124.0,0.0,,19012926155.0,141020.0,디에스앤엘,,
00363592,2015,-3717175033.0,-2276351675.0,85759103275.0,14530244069.0,8227651634.0,90883878131.0,54920.0,한컴위드,,
00363592,2016,-110666140.0,2923998097.0,81449990163.0,14475417273.0,6142154432.0,85759103275.0,54920.0,한컴위드,,
00363592,2017,1372274543.0,-278423048.0,87201813488.0,16388738343.0,7944311365.0,81449990163.0,54920.0,한컴위드,,
00363592,2018,163722790.0,2641797686.0,93077271260.0,15712617540.0,7363314678.0,87201813488.0,54920.0,한컴위드,,
00363592,2019,33692807950.0,1781127847.0,174213420152.0,15828867886.0,7459233266.0,93077271260.0,54920.0,한컴위드,,
00363592,2020,7073846907.0,3833174977.0,195954796735.0,30920645262.0,13271504841.0,174213420152.0,54920.0,한컴위드,,
00106313,2015,-6109524574.0,18208000721.0,1310031832864.0,1530988130400.0,1444535317344.0,1504368051796.0,2990.0,금호건설,,
00106313,2016,36036543069.0,19088938763.0,1274602780174.0,1353709567945.0,1249742009864.0,1310031832864.0,2990.0,금호건설,,
00106313,2017,95278013975.0,75882926204.0,1284875516595.0,1297945638536.0,1188934061348.0,1274602780174.0,2990.0,금호건설,,
00106313,2018,-470571640.0,55707439767.0,1182209921759.0,1376712465477.0,1277200916212.0,1284875516595.0,2990.0,금호건설,,
00106313,2019,11717127204.0,62289686925.0,1337430597464.0,1597734215012.0,1481943775299.0,1182209921759.0,2990.0,금호건설,,
00106313,2020,26424371637.0,105259135834.0,1377242594074.0,1829579064933.0,1679306306454.0,1337430597464.0,2990.0,금호건설,,
00365934,2015,-886867319.0,372121859.0,36744393107.0,43068850237.0,34609690833.0,41946083290.0,89890.0,코세스,,
00365934,2016,-1236662478.0,-845869261.0,27340391913.0,27874007945.0,22958935073.0,36744393107.0,89890.0,코세스,,
00365934,2017,10550712772.0,11201412674.0,33041533736.0,40922184865.0,29657774184.0,27340391913.0,89890.0,코세스,,
00365934,2018,9159322777.0,-973522145.0,58280090716.0,65510151418.0,48075608499.0,33041533736.0,89890.0,코세스,,
00365934,2019,6243922361.0,7681131110.0,54005556587.0,65578193335.0,51992176957.0,58280090716.0,89890.0,코세스,,
00365934,2020,6344889427.0,-5044201661.0,72470368349.0,63826078140.0,47821030778.0,54005556587.0,89890.0,코세스,,
00828789,2015,-126000605776.0,-35433887667.0,1076329029888.0,947122908602.0,814651002682.0,1870839105084.0,128820.0,대성산업,,
00828789,2016,-134051518077.0,12109606695.0,949116900191.0,782990234609.0,678554412503.0,1076329029888.0,128820.0,대성산업,,
00828789,2017,223143992078.0,10232839125.0,1114074439387.0,900318240449.0,788055792566.0,1108563225747.0,128820.0,대성산업,,
00828789,2018,-6828312840.0,-50877982072.0,1092773443347.0,945461187147.0,830055485135.0,1114074439387.0,128820.0,대성산업,,
00828789,2019,-63092818238.0,-23485422892.0,1032388422641.0,869910393675.0,772532274586.0,1092773443347.0,128820.0,대성산업,,
00828789,2020,48170762989.0,26219372161.0,1101676163724.0,845036865377.0,737436459415.0,1032388422641.0,128820.0,대성산업,,
01112700,2019,626933619.0,1994646753.0,11082891066.0,7420063306.0,4543031899.0,6977698395.0,246250.0,에스엘에스바이오,,
01112700,2020,-677922222.0,677670622.0,10134516809.0,8722038591.0,6471035731.0,11082891066.0,246250.0,에스엘에스바이오,,
00125576,2015,-4629990849.0,3605236903.0,86353573117.0,58673590187.0,56158481604.0,89059899741.0,33250.0,체시스,,
00125576,2016,-428296654.0,5433733765.0,91063245888.0,52151044672.0,46344886703.0,86353573117.0,33250.0,체시스,,
00125576,2017,-4184350039.0,-594865650.0,84911531820.0,55923698488.0,54262805867.0,91063245888.0,33250.0,체시스,,
00125576,2018,-1829452973.0,9626679349.0,90966525762.0,66732283221.0,62409045992.0,84911531820.0,33250.0,체시스,,
00125576,2019,-3697513083.0,949148459.0,88630379691.0,55618889713.0,52921712180.0,90966525762.0,33250.0,체시스,,
00125576,2020,-4009542742.0,2052316146.0,78634263514.0,50170588454.0,47793144924.0,88630379691.0,33250.0,체시스,,
01203376,2017,12249842781.0,12989903448.0,90354478841.0,76227795088.0,49129111922.0,,264450.0,유비쿼스,,
01203376,2018,14883174305.0,15762979773.0,111913024822.0,95274468463.0,58521886846.0,90354478841.0,264450.0,유비쿼스,,
01203376,2019,11138696135.0,19625788540.0,127751791150.0,103877217025.0,71609448224.0,111913024822.0,264450.0,유비쿼스,,
01203376,2020,16098578794.0,19597265994.0,142049922520.0,110460864903.0,70455824453.0,127751791150.0,264450.0,유비쿼스,,
00855163,2015,11764307247.0,14739726907.0,96403994055.0,145730164666.0,118836208327.0,90882279515.0,134380.0,미원화학,,
00855163,2016,13734688549.0,12586246032.0,98229528999.0,139901001047.0,110160623099.0,96403994055.0,134380.0,미원화학,,
00855163,2017,13579196507.0,14443956039.0,95655841750.0,151063206905.0,122098433338.0,98229528999.0,134380.0,미원화학,,
00855163,2018,7370472628.0,13298374765.0,97808459446.0,146485072007.0,127059904181.0,95655841750.0,134380.0,미원화학,,
00855163,2019,13506620811.0,21324257528.0,119057544051.0,154724321537.0,127176140888.0,97808459446.0,134380.0,미원화학,,
00855163,2020,13777057414.0,20703165663.0,125335557267.0,160234350795.0,130425557507.0,119057544051.0,134380.0,미원화학,,
00584362,2015,442772767.0,1661628594.0,38258575668.0,22910857139.0,13101387921.0,38953042023.0,81970.0,케이엑스넥스지,,
00584362,2016,458136668.0,2635729776.0,38758610377.0,24953286175.0,15197997492.0,38258575668.0,81970.0,케이엑스넥스지,,
00584362,2017,2085852412.0,2435362945.0,40380237972.0,21588094077.0,11878959647.0,38758610377.0,81970.0,케이엑스넥스지,,
01023822,2020,-5124674128.0,-2990094308.0,3727042937.0,2507840033.0,2354030747.0,3599328990.0,236340.0,메디젠휴먼케어,,
00372688,2015,-2332871946.0,-2768215132.0,25219133072.0,37020529409.0,33418017319.0,22605106008.0,57680.0,티사이언티픽,,
00372688,2016,-10841653813.0,-688617584.0,23075578431.0,29775243260.0,28328328175.0,25219133072.0,57680.0,티사이언티픽,,
00372688,2017,-4718832223.0,-2901423458.0,45277384573.0,44382401992.0,41713120737.0,22954587951.0,57680.0,티사이언티픽,,
00372688,2018,2339026418.0,3291307177.0,70385119018.0,5213667709.0,2485040935.0,45277384573.0,57680.0,티사이언티픽,,
00372688,2019,5290351947.0,3386859733.0,78017559469.0,7690403737.0,3583443418.0,70385119018.0,57680.0,티사이언티픽,,
00372688,2020,652377354.0,-2098881680.0,108716262992.0,9518948305.0,5766246895.0,78017559469.0,57680.0,티사이언티픽,,
01363818,2019,10581368427.0,73636409584.0,1583837187452.0,22491885461.0,,456845370539.0,330590.0,롯데리츠,,
01363818,2020,15613436889.0,35649989851.0,1573863518376.0,38327150631.0,,1584627096549.0,330590.0,롯데리츠,,
00441304,2015,9334203924.0,4261810214.0,221714093175.0,375795398030.0,305013182875.0,188725721119.0,78890.0,가온그룹,,
00441304,2016,17526167229.0,9626232080.0,239295206724.0,436903296761.0,362859673442.0,221714093175.0,78890.0,가온그룹,,
00441304,2017,6177781269.0,-18949250922.0,266959846635.0,528373715791.0,447464290980.0,239295206724.0,78890.0,가온그룹,,
00441304,2018,5173366504.0,-75489893870.0,325750422875.0,609809064961.0,539530125109.0,266959846635.0,78890.0,가온그룹,,
00441304,2019,17797830006.0,43685139793.0,307629967181.0,601042248432.0,504450939004.0,325750422875.0,78890.0,가온그룹,,
00441304,2020,1996606422.0,46075442903.0,330535631665.0,483135943197.0,413709578135.0,307629967181.0,78890.0,가온그룹,,
00269852,2015,-23189047636.0,-12664442693.0,68949336167.0,,,96366708871.0,41020.0,폴라리스오피스,,
00269852,2016,-26136766007.0,-21961271113.0,46276023537.0,,,68949336167.0,41020.0,폴라리스오피스,,
00269852,2017,-14565929567.0,-10415302916.0,44550489410.0,15224907608.0,,46276023537.0,41020.0,폴라리스오피스,,
00269852,2018,-10114155459.0,-3524251031.0,42919492359.0,22543821780.0,,44550489410.0,41020.0,폴라리스오피스,,
00269852,2019,-7753315767.0,-4550221808.0,35218535321.0,21048806398.0,,42919492359.0,41020.0,폴라리스오피스,,
00269852,2020,-984780743.0,-5004780487.0,50112371415.0,19494758477.0,,35218535321.0,41020.0,폴라리스오피스,,
00472890,2015,-1154288959.0,5138530762.0,133664384806.0,98898658371.0,84397272102.0,141554377294.0,75970.0,동국알앤에스,,
00472890,2016,1917566168.0,7155520477.0,125154128795.0,94528209326.0,79321551798.0,133664384806.0,75970.0,동국알앤에스,,
00472890,2017,2587788226.0,-912580968.0,126594526260.0,95193817704.0,78432752042.0,125154128795.0,75970.0,동국알앤에스,,
00472890,2018,3059741563.0,6326263097.0,123725551379.0,101618390881.0,83420707380.0,126594526260.0,75970.0,동국알앤에스,,
00472890,2019,2579538266.0,5440017742.0,125591075006.0,101828655877.0,84700596475.0,123725551379.0,75970.0,동국알앤에스,,
00472890,2020,3177008160.0,10022460268.0,126277575953.0,93380714316.0,76702771732.0,125591075006.0,75970.0,동국알앤에스,,
00456218,2015,11322802530.0,-2982448248.0,182491978275.0,204324822100.0,8199238592.0,224323661502.0,80160.0,모두투어,,
00456218,2016,15880158722.0,31673613448.0,210376977196.0,237084494930.0,11161136037.0,182491978275.0,80160.0,모두투어,,
00456218,2017,24195954620.0,38218981190.0,338240134060.0,,10915995287.0,210376977196.0,80160.0,모두투어,,
00456218,2018,12178268867.0,34352231231.0,334585105230.0,364973001111.0,86979218524.0,350605916672.0,80160.0,모두투어,,
00456218,2019,4146569971.0,26133969530.0,420625002941.0,297168691342.0,53130023858.0,334585105230.0,80160.0,모두투어,,
00456218,2020,-64710821162.0,-74014314546.0,256641005576.0,54771072739.0,14977396062.0,420625002941.0,80160.0,모두투어,,
01089855,2016,8946029773.0,19344887549.0,74872398316.0,201928720608.0,149471429526.0,45404090763.0,220630.0,맘스터치앤컴퍼니,,
01089855,2017,11255858293.0,-6381237723.0,104782364316.0,239567841710.0,171893138134.0,74872398316.0,220630.0,맘스터치앤컴퍼니,,
01089855,2018,16807520735.0,19091214393.0,127372937161.0,284496704350.0,199740756786.0,104782364316.0,220630.0,맘스터치앤컴퍼니,,
01089855,2019,12925526340.0,24916959457.0,139939226945.0,288853438403.0,206171517817.0,127372937161.0,220630.0,맘스터치앤컴퍼니,,
01089855,2020,23385740135.0,28903808739.0,116774658631.0,286043172506.0,199506096177.0,139939226945.0,220630.0,맘스터치앤컴퍼니,,
00127255,2015,-12795896237.0,4956804769.0,170243059842.0,126120580774.0,125269120803.0,186450567861.0,3720.0,삼영,,
00127255,2016,-10743989092.0,8505562519.0,156643431023.0,113635690923.0,107731958472.0,170243059842.0,3720.0,삼영,,
00127255,2017,-31804579544.0,-5658817296.0,112737911811.0,100355120015.0,101253676931.0,156643431023.0,3720.0,삼영,,
00127255,2018,,-3768976176.0,105230477980.0,102947884713.0,96768356284.0,112737911811.0,3720.0,삼영,,
00127255,2019,,5352240717.0,106971164435.0,111144083476.0,99749888618.0,105230477980.0,3720.0,삼영,,
00127255,2020,214726810.0,10777287102.0,108988416830.0,117657776920.0,101807251070.0,106971164435.0,3720.0,삼영,,
00531917,2015,12647162400.0,23190786959.0,209099390316.0,230553625983.0,197531868855.0,210187637593.0,108230.0,톱텍,,
00531917,2016,25868132868.0,62927000995.0,470737255936.0,392662455960.0,340280581146.0,209099390316.0,108230.0,톱텍,,
00531917,2017,149466119741.0,173959838719.0,445178864294.0,1138438649883.0,907370287787.0,470737255936.0,108230.0,톱텍,,
00531917,2018,17690790585.0,-27561512452.0,392793260017.0,308791515682.0,281499726125.0,445178864294.0,108230.0,톱텍,,
00531917,2019,210762299.0,-16717101185.0,451010685889.0,167160372873.0,146075849858.0,392793260017.0,108230.0,톱텍,,
00531917,2020,13832575570.0,-13301920917.0,471805872702.0,322025521727.0,242657378543.0,451010685889.0,108230.0,톱텍,,
00614593,2015,3027494280.0,3539237541.0,46268860183.0,,,44377477305.0,137940.0,넥스트아이,,
00614593,2016,3542939358.0,3565646058.0,98887814293.0,,,46268860183.0,137940.0,넥스트아이,,
00614593,2017,-2700788573.0,-1945947478.0,138956472721.0,59482936986.0,40479613978.0,98887814293.0,137940.0,넥스트아이,,
00614593,2018,-6984417186.0,1116086817.0,177572043899.0,87218817996.0,56121664372.0,138956472721.0,137940.0,넥스트아이,,
00614593,2019,-3034500304.0,-6463153811.0,174552667228.0,87989317822.0,64058637709.0,177572043899.0,137940.0,넥스트아이,,
00614593,2020,41888037199.0,-15387760951.0,166095265765.0,34792787129.0,28713058002.0,174552667228.0,137940.0,넥스트아이,,
00910947,2015,-13112446724.0,5392064081.0,42349836181.0,11610679406.0,,59152596809.0,155900.0,바다로19호선박투자회사,,
00910947,2016,18949301786.0,6385243587.0,52508647510.0,10026276689.0,,42349836181.0,155900.0,바다로19호선박투자회사,,
00910947,2017,-4544823996.0,5638495347.0,47405042371.0,6245144190.0,,52508647510.0,155900.0,바다로19호선박투자회사,,
00910947,2018,7396879852.0,4638637837.0,47830567554.0,6024142500.0,,47405042371.0,155900.0,바다로19호선박투자회사,,
00910947,2019,5448959245.0,6110441333.0,46079933966.0,6440034408.0,,47830567554.0,155900.0,바다로19호선박투자회사,,
00910947,2020,-2707736121.0,6857406687.0,40038784800.0,7744800316.0,,46079933966.0,155900.0,바다로19호선박투자회사,,
00800084,2015,421849000.0,527550000.0,3457077000.0,1825725000.0,868515000.0,2977267000.0,900120.0,씨엑스아이,,
00800084,2016,288861000.0,339089000.0,3642352000.0,1640662000.0,855592000.0,3457077000.0,900120.0,씨엑스아이,,
00800084,2017,4689615.0,323524133.0,3608862125.0,873389796.0,561407554.0,3642352117.0,900120.0,씨엑스아이,,
00800084,2018,,-339030350.0,3310481728.0,860976458.0,865343272.0,3608862125.0,900120.0,씨엑스아이,,
00800084,2019,-425031309.0,-345428435.0,2797174324.0,777844550.0,814911479.0,3310481728.0,900120.0,씨엑스아이,,
00800084,2020,580247249.0,-261241629.0,2132065236.0,373105768.0,440387165.0,2797174324.0,900120.0,씨엑스아이,,
00114552,2015,17789816583.0,13833864248.0,313077919078.0,275048203917.0,,333620963879.0,2150.0,도화엔지니어링,,
00114552,2016,1263247858.0,9709150330.0,308513945196.0,324737933281.0,,313422593419.0,2150.0,도화엔지니어링,,
00114552,2017,11713711636.0,11516087504.0,328594780857.0,398950053293.0,,308513945196.0,2150.0,도화엔지니어링,,
00114552,2018,13795377348.0,28701403610.0,375922303922.0,402472582378.0,,328594780857.0,2150.0,도화엔지니어링,,
00114552,2019,17382973594.0,39114543034.0,408972323161.0,516127676383.0,,375922303922.0,2150.0,도화엔지니어링,,
00114552,2020,17838645777.0,22702661695.0,451680724368.0,574922988733.0,,408972323161.0,2150.0,도화엔지니어링,,
00116301,2015,7099942196.0,,176627843297.0,118555722112.0,99894475822.0,169173823216.0,8260.0,NI스틸,,
00116301,2016,10223143597.0,,207262893097.0,114325940055.0,92901098595.0,176627843297.0,8260.0,NI스틸,,
00116301,2017,10976437866.0,,251330239329.0,150604073641.0,125812744583.0,207262893097.0,8260.0,NI스틸,,
00116301,2018,10204491685.0,,243908883157.0,150732789514.0,122277485931.0,251330239329.0,8260.0,NI스틸,,
00116301,2019,6417500351.0,,258675167065.0,148224449796.0,124806145117.0,243908883157.0,8260.0,NI스틸,,
00116301,2020,12133552645.0,,287376145505.0,192571841002.0,159654019386.0,258675167065.0,8260.0,NI스틸,,
00163318,2015,3608136723.0,9165187739.0,75913169466.0,105037738468.0,95666870139.0,71805976683.0,6920.0,모헨즈,,
00163318,2016,1837791710.0,2616549876.0,79697874185.0,112234938473.0,102542571409.0,75913169466.0,6920.0,모헨즈,,
00163318,2017,2444685311.0,5608292836.0,83268393879.0,117339016108.0,108932742095.0,79697874185.0,6920.0,모헨즈,,
00163318,2018,1539959181.0,8085536736.0,67384498930.0,106914818660.0,99758779548.0,83268393879.0,6920.0,모헨즈,,
00163318,2019,638930042.0,-4849832253.0,58143098977.0,85683499925.0,79637210197.0,67384498930.0,6920.0,모헨즈,,
00163318,2020,177343995.0,-386204898.0,53725620047.0,70745703425.0,65431065892.0,58143098977.0,6920.0,모헨즈,,
00121570,2015,5733619465.0,5893003244.0,104199405752.0,115219458939.0,107426232372.0,112624422550.0,8420.0,문배철강,,
00121570,2016,7414027822.0,8533310387.0,116458627588.0,129929057497.0,116751842477.0,104199405752.0,8420.0,문배철강,,
00121570,2017,10130823894.0,-2725698801.0,157705852791.0,156033585066.0,142384263081.0,116458627588.0,8420.0,문배철강,,
00121570,2018,4979163475.0,9957820581.0,151748565470.0,159405950223.0,149850701908.0,157705852791.0,8420.0,문배철강,,
00121570,2019,2371990069.0,4420172267.0,195251305539.0,162552515072.0,153152457004.0,151748565470.0,8420.0,문배철강,,
00121570,2020,8612102207.0,2787128562.0,187690631639.0,152678066899.0,143294460485.0,195251305539.0,8420.0,문배철강,,
00142865,2015,2792666785.0,4538818516.0,130630752972.0,141133193414.0,131675527759.0,134020212159.0,24070.0,WISCOM,,
00142865,2016,1894354742.0,5264281904.0,133754644798.0,134468635409.0,126261187497.0,130630752972.0,24070.0,WISCOM,,
00142865,2017,65046305.0,5021425902.0,129739854244.0,116849878652.0,110476253363.0,133754644798.0,24070.0,WISCOM,,
00142865,2018,1050474329.0,3642435957.0,127792594630.0,111921029158.0,106035575959.0,129739854244.0,24070.0,WISCOM,,
00142865,2019,1076011033.0,3856468182.0,134193745652.0,115450067319.0,108474733786.0,127792594630.0,24070.0,WISCOM,,
00142865,2020,-1001070218.0,5893726957.0,130666514703.0,102450918595.0,97647473793.0,135113962135.0,24070.0,WISCOM,,
00490151,2015,45638103815.0,116495220405.0,509589437666.0,805803651919.0,678891229946.0,514737967887.0,91700.0,파트론,,
00490151,2016,28268100736.0,77626484543.0,506193290955.0,791415720748.0,685231148505.0,509589437666.0,91700.0,파트론,,
00490151,2017,4464966022.0,23037780423.0,511092138637.0,791339853283.0,711943742233.0,506193290955.0,91700.0,파트론,,
00490151,2018,11197572040.0,90393181058.0,463715096729.0,796482853132.0,697592972826.0,504603357466.0,91700.0,파트론,,
00490151,2019,64151886106.0,83454399046.0,520807909956.0,1254596912123.0,1066585011535.0,463715096729.0,91700.0,파트론,,
00490151,2020,20552624475.0,23539497837.0,605213735919.0,1179278982259.0,1058527270186.0,520807909956.0,91700.0,파트론,,
00138747,2015,2991823518.0,9432598796.0,86364227398.0,99447047974.0,79604265909.0,92286169062.0,50860.0,아세아텍,,
00138747,2016,3802304416.0,10413297827.0,94845260402.0,103013265850.0,81579959917.0,86364227398.0,50860.0,아세아텍,,
00138747,2017,4136855270.0,-1979125386.0,96193138321.0,101708479370.0,80048533316.0,94845260402.0,50860.0,아세아텍,,
00138747,2018,2929257594.0,2381571729.0,109298538817.0,100646767782.0,80869274376.0,96193138321.0,50860.0,아세아텍,,
00138747,2019,496368021.0,2065876036.0,121634292517.0,102765787829.0,83671418518.0,109298538817.0,50860.0,아세아텍,,
00138747,2020,980633414.0,-16624991844.0,136133181380.0,112950506588.0,91006353641.0,121634292517.0,50860.0,아세아텍,,
00483735,2015,2993271370.0,38435436476.0,166380050374.0,284415317849.0,265636601807.0,149157367819.0,76610.0,해성옵틱스,,
00483735,2016,1934903462.0,29594658907.0,223071178249.0,367152776749.0,351732997843.0,166380050374.0,76610.0,해성옵틱스,,
00483735,2017,-13013509582.0,-2047479764.0,197292558043.0,342535058870.0,334324168171.0,223071178249.0,76610.0,해성옵틱스,,
00483735,2018,-9379909901.0,24924056265.0,195966108993.0,204023159949.0,199001171766.0,197292558043.0,76610.0,해성옵틱스,,
00483735,2019,-11239789545.0,-9152073858.0,186814570085.0,349099205834.0,325639735612.0,195966108993.0,76610.0,해성옵틱스,,
00483735,2020,-47815652412.0,24248758111.0,117784129633.0,212237537393.0,235113477234.0,186814570085.0,76610.0,해성옵틱스,,
00359474,2015,156582565.0,2605384966.0,8904595054.0,13815789138.0,10343156716.0,7863481022.0,58420.0,제이웨이,,
00359474,2016,-1623940743.0,1386423387.0,10418151072.0,7477631226.0,6322650318.0,8904595054.0,58420.0,제이웨이,,
00359474,2017,-4122699418.0,-1533104410.0,7887930908.0,6935808936.0,6158041930.0,10418151072.0,58420.0,제이웨이,,
00359474,2018,-3018697887.0,-1686452388.0,21496506500.0,13099805999.0,10941551334.0,7887930908.0,58420.0,제이웨이,,
00359474,2019,-3039307511.0,1018158431.0,21075399394.0,11406518008.0,9583797201.0,21496506500.0,58420.0,제이웨이,,
00359474,2020,-16805565410.0,-4059977490.0,17552968542.0,11051473777.0,9996899741.0,21075399394.0,58420.0,제이웨이,,
00231105,2015,14147123624.0,4905506376.0,282443447006.0,347135317286.0,304116634726.0,280637506324.0,33500.0,동성화인텍,,
00231105,2016,8668682683.0,11821312888.0,280043160726.0,335005288907.0,290877605833.0,282443447006.0,33500.0,동성화인텍,,
00231105,2017,-32196446808.0,20323127072.0,223987030042.0,230970493899.0,233603768472.0,280043160726.0,33500.0,동성화인텍,,
00231105,2018,-10038308099.0,18209020336.0,205083921883.0,188129063326.0,175150570889.0,223987030042.0,33500.0,동성화인텍,,
00231105,2019,16877238439.0,-5524210356.0,263075385960.0,253271781604.0,202339444163.0,205083921883.0,33500.0,동성화인텍,,
00231105,2020,21277787445.0,62267928160.0,246497849600.0,387985981714.0,316995459273.0,263075385960.0,33500.0,동성화인텍,,
01493535,2020,-23192891.0,-12889220.0,2787253480.0,0.0,,,363260.0,모비데이즈,,
00180795,2015,10628524826.0,13295834272.0,189362683220.0,222771172635.0,187242015677.0,164019435260.0,23810.0,인팩,,
00180795,2016,9269167317.0,15031805455.0,201399503493.0,234029970395.0,195538536709.0,189362683220.0,23810.0,인팩,,
00180795,2017,-2038661994.0,-778292332.0,278413185296.0,238801537420.0,208421922235.0,201399503493.0,23810.0,인팩,,
00180795,2018,2280496656.0,3376297807.0,284424485497.0,350396360577.0,312835421969.0,278413185296.0,23810.0,인팩,,
00180795,2019,-4856788242.0,17264214659.0,294347209475.0,360807844603.0,316377650030.0,284424485497.0,23810.0,인팩,,
00180795,2020,,18801645148.0,319762537294.0,384190157100.0,326635483951.0,294347209475.0,23810.0,인팩,,
00646732,2015,5469264977.0,16977824702.0,536626201405.0,260895996792.0,210702375746.0,533931547493.0,100250.0,진양홀딩스,,
00646732,2016,34773357583.0,19836694512.0,554262856713.0,259705110545.0,209867792128.0,536626201405.0,100250.0,진양홀딩스,,
00646732,2017,17435959724.0,29705520412.0,552714839553.0,265225266244.0,223095605273.0,554262856713.0,100250.0,진양홀딩스,,
00646732,2018,4644023694.0,11329839375.0,496161912829.0,241827149551.0,209087616134.0,552714839553.0,100250.0,진양홀딩스,,
00646732,2019,22883348761.0,21830122283.0,513948279120.0,225284561398.0,189380603505.0,496161912829.0,100250.0,진양홀딩스,,
00646732,2020,30322598980.0,13806533528.0,548008471823.0,211539920504.0,177128217872.0,513948279120.0,100250.0,진양홀딩스,,
01335578,2019,-67782642.0,-250089925.0,6825555752.0,,,6968100701.0,310200.0,애니플러스,,
01335578,2020,-4031987365.0,4117010483.0,29132885269.0,15885920927.0,10405751794.0,24954193663.0,310200.0,애니플러스,,
00564562,2015,16163490921.0,81886506935.0,272541432512.0,502865298473.0,436275489294.0,289081107802.0,97520.0,엠씨넥스,,
00564562,2016,-24699655459.0,-12667499716.0,294686928096.0,412481616926.0,395155008792.0,272541432512.0,97520.0,엠씨넥스,,
00564562,2017,-892478503.0,65520286867.0,387796900520.0,668465044074.0,605047715572.0,294686928096.0,97520.0,엠씨넥스,,
00564562,2018,29818005521.0,125537618787.0,391053609043.0,696954048288.0,609782101897.0,387796900520.0,97520.0,엠씨넥스,,
00564562,2019,84507307910.0,116042107900.0,476580873535.0,1267712135419.0,1083588321123.0,391053609043.0,97520.0,엠씨넥스,,
00564562,2020,38443583445.0,19545971313.0,453396247933.0,1311342738149.0,1183444333250.0,476580873535.0,97520.0,엠씨넥스,,
00105040,2015,-1656483257.0,5521009839.0,51501516063.0,50090371682.0,44818938141.0,55236131763.0,12340.0,뉴인텍,,
00105040,2016,-9653746478.0,-1761875117.0,44566833024.0,47895458096.0,48731973531.0,51501516063.0,12340.0,뉴인텍,,
00105040,2017,-3572013266.0,1398019848.0,43898571191.0,50296810497.0,46212802801.0,44566833024.0,12340.0,뉴인텍,,
00105040,2018,-3941089169.0,591670604.0,42464347531.0,50073203931.0,46773720253.0,43898571191.0,12340.0,뉴인텍,,
00105040,2019,-1101244952.0,1193216714.0,49776532486.0,54414657374.0,48274307908.0,42464347531.0,12340.0,뉴인텍,,
00105040,2020,397621655.0,1534211663.0,52252799630.0,57599121699.0,51290412817.0,49776532486.0,12340.0,뉴인텍,,
00152437,2015,-2928284396.0,52188354.0,155383724469.0,19294890525.0,16441746107.0,159760766060.0,64820.0,케이프,,
00152437,2016,7829314294.0,30121343259.0,1469790848569.0,122114120738.0,83432616652.0,155383724469.0,64820.0,케이프,,
00152437,2017,3136290118.0,-88266499279.0,1323297079954.0,230559392248.0,145866424325.0,1469790848569.0,64820.0,케이프,,
00152437,2018,4176501004.0,-447103671349.0,2219167294715.0,254635658418.0,173341119494.0,1323297079954.0,64820.0,케이프,,
00152437,2019,8238047759.0,251121264328.0,1949680859355.0,351484045562.0,264322021236.0,2219167294715.0,64820.0,케이프,,
00152437,2020,11941869156.0,-219858016608.0,2080723621322.0,420202924973.0,319551339185.0,1949680859355.0,64820.0,케이프,,
00353762,2015,6035138428.0,12858854501.0,96163223935.0,106170756645.0,84023151434.0,84344481798.0,54780.0,키이스트,,
00353762,2016,-6883672471.0,9254325930.0,110688140511.0,93247806957.0,78404973268.0,96163223935.0,54780.0,키이스트,,
00353762,2017,162441261.0,34507708276.0,106329812972.0,106170052905.0,89067580035.0,110688140511.0,54780.0,키이스트,,
00353762,2018,-8432346599.0,21417657638.0,102570664092.0,103736089680.0,88440893929.0,106329812972.0,54780.0,키이스트,,
00353762,2019,-10713545959.0,23313284853.0,108361217981.0,100245744378.0,85897484397.0,102570664092.0,54780.0,키이스트,,
00353762,2020,8738171503.0,6307235234.0,70068611656.0,48110630557.0,43941365272.0,108361217981.0,54780.0,키이스트,,
00173999,2015,6619530602.0,36608430899.0,340147795541.0,517067186733.0,487829925266.0,362064594417.0,24800.0,유성티엔에스,,
00173999,2016,10955854973.0,39275015829.0,345534759915.0,440738344433.0,410069582279.0,340147795541.0,24800.0,유성티엔에스,,
00173999,2017,12028448173.0,6404073097.0,367543593558.0,433582955710.0,406902153217.0,345534759915.0,24800.0,유성티엔에스,,
00173999,2018,5624491763.0,17752177834.0,370469818202.0,392983289638.0,375205347394.0,367543593558.0,24800.0,유성티엔에스,,
00173999,2019,23770870741.0,11808974217.0,399431932191.0,358070006251.0,339106746345.0,370469818202.0,24800.0,유성티엔에스,,
00173999,2020,56432613709.0,-8290624508.0,467720992801.0,294093304560.0,278989441137.0,399431932191.0,24800.0,유성티엔에스,,
00356389,2015,2934600006.0,3043575073.0,36394324134.0,38644499633.0,32324947841.0,38189541146.0,35200.0,프럼파스트,,
00356389,2016,3204787154.0,295081811.0,39164456209.0,45347131571.0,36506537778.0,36394324134.0,35200.0,프럼파스트,,
00356389,2017,4345508970.0,5513072939.0,40908987596.0,48804038395.0,38237577002.0,39164456209.0,35200.0,프럼파스트,,
00356389,2018,1647788752.0,7413455943.0,40099230732.0,32686308880.0,26076977485.0,40908987596.0,35200.0,프럼파스트,,
00356389,2019,1182468663.0,6795995326.0,38189682244.0,29378878724.0,23479881091.0,40099230732.0,35200.0,프럼파스트,,
00356389,2020,1497263711.0,3805732071.0,38287085948.0,25240245629.0,20229033281.0,38189682244.0,35200.0,프럼파스트,,
00418379,2015,313975393.0,-8037130112.0,35988702682.0,9808905286.0,7126519410.0,43676253168.0,43910.0,자연과환경,,
00418379,2016,-9707512277.0,-4678097980.0,35620442646.0,10116254935.0,9741247803.0,35988702682.0,43910.0,자연과환경,,
00418379,2017,-6765333319.0,-3942420563.0,48195839975.0,13238637577.0,12581696894.0,35620442646.0,43910.0,자연과환경,,
00418379,2018,610711614.0,-1287184171.0,49568582045.0,24828280704.0,20258785994.0,48195839975.0,43910.0,자연과환경,,
00418379,2019,-2682156559.0,1169045490.0,71998225326.0,31709684554.0,25734704937.0,49568582045.0,43910.0,자연과환경,,
00418379,2020,-6386219855.0,-6701475737.0,72603615825.0,29148506289.0,29109638450.0,72312880029.0,43910.0,자연과환경,,
00652007,2017,32175525705.0,38425504235.0,139563313987.0,106038328660.0,50022344424.0,46393562606.0,241770.0,메카로,,
00652007,2018,28794613091.0,24703094214.0,153900400937.0,100499215808.0,47504108924.0,140532477123.0,241770.0,메카로,,
00652007,2019,7849938620.0,14879225026.0,160150689574.0,72495382482.0,42208103569.0,153900400937.0,241770.0,메카로,,
00652007,2020,-3478865425.0,12596738320.0,155456139653.0,72741604972.0,47711776189.0,160150689574.0,241770.0,메카로,,
00757816,2015,-3145875910.0,-5904264364.0,28990150468.0,22215960045.0,15396076902.0,26954677786.0,149940.0,모다,,
00757816,2016,2703098091.0,13407141521.0,223205448676.0,93948190976.0,89123870119.0,28990150468.0,149940.0,모다,,
00757816,2017,-43384652848.0,-5896934087.0,385010091005.0,118523420377.0,122799787795.0,224760281379.0,149940.0,모다,,
00757816,2018,-5819453684.0,-29404223986.0,229972045397.0,109679144386.0,118407799018.0,385010091005.0,149940.0,모다,,
00757816,2019,-20195185601.0,22366095369.0,149967206325.0,71413476122.0,74881166679.0,229972045397.0,149940.0,모다,,
00102113,2015,3670894653.0,5444861072.0,326687437019.0,263163677461.0,220123024495.0,313039125204.0,12610.0,경인양행,,
00102113,2016,6837522077.0,19013689005.0,344298515205.0,274873816617.0,228042128043.0,326687437019.0,12610.0,경인양행,,
00102113,2017,4779248560.0,5323456017.0,357951470076.0,299987729474.0,252841703777.0,344298515205.0,12610.0,경인양행,,
00102113,2018,13801882002.0,1873411908.0,412996589313.0,331102010907.0,255365574304.0,357951470076.0,12610.0,경인양행,,
00102113,2019,16372879613.0,6768169642.0,472081003161.0,358802385700.0,274054354129.0,412996589313.0,12610.0,경인양행,,
00102113,2020,-7581553453.0,54549633846.0,505102150581.0,329312078179.0,260748524233.0,472081003161.0,12610.0,경인양행,,
00145598,2015,11337932740.0,9663900583.0,260929162712.0,114507234544.0,47522491806.0,191245739538.0,102460.0,이연제약,,
00145598,2016,11792015505.0,10879560600.0,223858101408.0,121847219915.0,51528771399.0,260929162712.0,102460.0,이연제약,,
00145598,2017,12886900561.0,16763964639.0,290843099318.0,126253125647.0,53601502466.0,209535338183.0,102460.0,이연제약,,
00145598,2018,1341492297.0,11449210057.0,303166752160.0,122990417376.0,54467057724.0,290843099318.0,102460.0,이연제약,,
00145598,2019,5939802013.0,-12183515749.0,274482251833.0,131557875304.0,57296352723.0,303166752160.0,102460.0,이연제약,,
00145598,2020,3844427140.0,4599406535.0,317609837018.0,130034153187.0,57449435584.0,273486807487.0,102460.0,이연제약,,
00454399,2015,2650846138.0,8130000882.0,69918338646.0,37773543986.0,26897963469.0,67764370515.0,80010.0,이상네트웍스,,
00454399,2016,6200956142.0,5777159806.0,81360416555.0,38756401546.0,25992641113.0,69918338646.0,80010.0,이상네트웍스,,
00454399,2017,8049175122.0,3300640470.0,92182297434.0,51095594706.0,34359773359.0,81360416555.0,80010.0,이상네트웍스,,
00454399,2018,6356877102.0,6306016643.0,137256717070.0,53729890468.0,36355370745.0,92182297434.0,80010.0,이상네트웍스,,
00454399,2019,10932725045.0,9701053270.0,152945742531.0,58153972197.0,39085817698.0,137256717070.0,80010.0,이상네트웍스,,
00454399,2020,5992694048.0,-137712726.0,153923570705.0,44219745566.0,31186910980.0,152945742531.0,80010.0,이상네트웍스,,
01043853,2015,-8584372411.0,-2882976383.0,25457361528.0,20271602338.0,20908946012.0,16530933567.0,206400.0,베노티앤알,,
01043853,2016,-6724355036.0,-4996139176.0,20238153146.0,20266910294.0,24321632755.0,25457361528.0,206400.0,베노티앤알,,
01043853,2017,-12243000591.0,-11159111307.0,17769477505.0,18892219395.0,28893075280.0,20238153146.0,206400.0,베노티앤알,,
01043853,2018,-14322230711.0,-12873032995.0,24782754114.0,15092291347.0,26077980742.0,17769477505.0,206400.0,베노티앤알,,
01043853,2019,1874323145.0,1992436584.0,44249190591.0,15950474079.0,13220902942.0,24782754114.0,206400.0,베노티앤알,,
01043853,2020,-12898943391.0,-3855344760.0,73814632636.0,9403355840.0,8587052218.0,44249190591.0,206400.0,베노티앤알,,
00409672,2015,-9770097549.0,-20246942060.0,587302248008.0,632110048805.0,218256028044.0,523803643615.0,84870.0,티비에이치글로벌,,
00409672,2016,266115555.0,28008187680.0,560936541398.0,722249785901.0,243024512162.0,587302248008.0,84870.0,티비에이치글로벌,,
00409672,2017,993367006.0,51226995585.0,553782950942.0,694474511053.0,229465724018.0,560936541398.0,84870.0,티비에이치글로벌,,
00409672,2018,-57648857851.0,-14868648488.0,266245867718.0,208807277302.0,92225130620.0,553782950942.0,84870.0,티비에이치글로벌,,
00409672,2019,-77400561360.0,9986528313.0,175534400772.0,210778625008.0,86850472228.0,266245867718.0,84870.0,티비에이치글로벌,,
00409672,2020,-30794073447.0,17250274000.0,139428590814.0,173139708402.0,80377018425.0,175534400772.0,84870.0,티비에이치글로벌,,
00664048,2015,5627264278.0,12783902225.0,64928084547.0,49620217045.0,33310033482.0,54420293547.0,115440.0,우리넷,,
00664048,2016,2719189851.0,-6417558507.0,65271309266.0,43401496111.0,30472960364.0,64928084547.0,115440.0,우리넷,,
00664048,2017,3431699560.0,7018425520.0,72085315691.0,51667560103.0,36449507714.0,65271309266.0,115440.0,우리넷,,
00664048,2018,1864021150.0,-6863868423.0,86540629784.0,44587381231.0,29941926545.0,72085315691.0,115440.0,우리넷,,
00664048,2019,1934815214.0,-5189403135.0,94123632804.0,73657576436.0,55148219485.0,86540629783.0,115440.0,우리넷,,
00664048,2020,-11663541712.0,5984458165.0,99776610888.0,52351390967.0,40066946379.0,94123632804.0,115440.0,우리넷,,
01158632,2020,2056974070.0,3275504514.0,33129425220.0,26847557648.0,19070041418.0,31347066241.0,250030.0,진코스텍,,
00138057,2015,2079070191.0,3120597467.0,41052606643.0,23185582538.0,16204803112.0,30412762040.0,4770.0,써니전자,,
00138057,2016,1090101122.0,3197750403.0,41114892799.0,20833879431.0,14499231741.0,41052606643.0,4770.0,써니전자,,
00138057,2017,1035404950.0,1199933297.0,40388928596.0,18693164890.0,13284737384.0,41114892799.0,4770.0,써니전자,,
00138057,2018,3790431025.0,1016851016.0,54612565244.0,18683985285.0,13627588069.0,40388928597.0,4770.0,써니전자,,
00138057,2019,614759851.0,6117427151.0,61496542787.0,25615579238.0,16581959856.0,54612565244.0,4770.0,써니전자,,
00138057,2020,5837866939.0,3553190457.0,65431756615.0,16423123838.0,11276182976.0,61496542787.0,4770.0,써니전자,,
00605328,2017,8261297953.0,-921381106.0,33922977463.0,75190705580.0,59891036188.0,25619567476.0,264660.0,씨앤지하이테크,,
00605328,2018,9932484736.0,3311218955.0,64546489479.0,88260533699.0,70240024875.0,33922977463.0,264660.0,씨앤지하이테크,,
00605328,2019,11803498263.0,26157095130.0,81340414840.0,128842100478.0,107483673868.0,64546489479.0,264660.0,씨앤지하이테크,,
00605328,2020,9750296119.0,4932589458.0,84732166311.0,119183108060.0,98942562877.0,81340414840.0,264660.0,씨앤지하이테크,,
00372253,2015,15281995326.0,25208204281.0,212135412719.0,199099179154.0,163006148060.0,162333393552.0,115960.0,연우,,
00372253,2016,20920556529.0,24757614905.0,236136963238.0,234568387189.0,188976969651.0,212135412719.0,115960.0,연우,,
00372253,2017,7788776948.0,19389731469.0,259148907084.0,229295328267.0,198740477067.0,236136963238.0,115960.0,연우,,
00372253,2018,7360634155.0,10882881860.0,285761484559.0,272929162917.0,243078119500.0,259148907084.0,115960.0,연우,,
00372253,2019,16799743952.0,43629599783.0,295923407605.0,294610113545.0,247749844370.0,285761484559.0,115960.0,연우,,
00372253,2020,11373718495.0,36406932914.0,288776328400.0,251157123085.0,215232690829.0,295923407605.0,115960.0,연우,,
00468374,2015,15898942554.0,20224032437.0,172637073914.0,140194106416.0,97916049536.0,162739425580.0,74600.0,원익QnC,,
00468374,2016,44225181797.0,12301414717.0,222763346195.0,138956393355.0,98805845316.0,172637073914.0,74600.0,원익QnC,,
00468374,2017,29384866987.0,18541441404.0,256883962261.0,197261196370.0,140388302559.0,222763346195.0,74600.0,원익QnC,,
00468374,2018,41187635873.0,25963596086.0,359501282519.0,266463980468.0,192993698994.0,256883962261.0,74600.0,원익QnC,,
00468374,2019,3644816855.0,34705175361.0,640996511101.0,263059922670.0,200514441232.0,359501282519.0,74600.0,원익QnC,,
00468374,2020,15460178967.0,99001306388.0,743087337984.0,525640408852.0,404400288880.0,640996511101.0,74600.0,원익QnC,,
00689418,2015,-413576530.0,2198296583.0,60935307350.0,43510725608.0,35133618182.0,57508592905.0,111820.0,지유온,,
00689418,2016,290925554.0,-33377185923.0,88003439151.0,42415620240.0,31015410152.0,60935307350.0,111820.0,지유온,,
00689418,2017,867221195.0,12500794321.0,90529007804.0,27550274423.0,15643364308.0,88003439151.0,111820.0,지유온,,
00689418,2018,-59141689371.0,3588655019.0,36130743557.0,14165856692.0,6985604482.0,74344007804.0,111820.0,지유온,,
00689418,2019,-9811319344.0,7154455236.0,25081603840.0,4222229598.0,1075248568.0,36130743557.0,111820.0,지유온,,
00689418,2020,-3253448797.0,-8793863680.0,30217041068.0,11118952515.0,8748016640.0,25081603840.0,111820.0,지유온,,
00260569,2015,2446958843.0,10488089742.0,96001309522.0,109641190252.0,76505529903.0,101117476598.0,36200.0,유니셈,,
00260569,2016,5267791224.0,-3041419270.0,95652491729.0,115417104981.0,76179627444.0,94017560956.0,36200.0,유니셈,,
00260569,2017,22256522619.0,27134533058.0,129995505910.0,209284354446.0,141553057672.0,95652491729.0,36200.0,유니셈,,
00260569,2018,20561175716.0,8911098368.0,141265242509.0,214304332385.0,144535188441.0,129995505910.0,36200.0,유니셈,,
00260569,2019,21262075043.0,17237679586.0,167715641809.0,179032324211.0,110767230694.0,141265242509.0,36200.0,유니셈,,
00260569,2020,20541504074.0,29393399085.0,197156108948.0,215129755130.0,135379356968.0,167715641809.0,36200.0,유니셈,,
00159971,2015,13413053459.0,38985172399.0,450314764450.0,377659976421.0,361538446867.0,437508861914.0,9440.0,KC그린홀딩스,,
00159971,2016,6737746560.0,35016860245.0,462751007769.0,391371451730.0,365499473346.0,450314764450.0,9440.0,KC그린홀딩스,,
00159971,2017,9361782757.0,14591702333.0,519933654724.0,352407286959.0,282960936629.0,462751007769.0,9440.0,KC그린홀딩스,,
00159971,2018,18769761561.0,1356045417.0,670840466899.0,534720764469.0,422286848182.0,519933654724.0,9440.0,KC그린홀딩스,,
00159971,2019,14327973321.0,95417052165.0,816143779044.0,698943263197.0,558917571090.0,670840466899.0,9440.0,KC그린홀딩스,,
00159971,2020,-78918168769.0,-58163136066.0,758995612887.0,680448181836.0,617194607007.0,816143779044.0,9440.0,KC그린홀딩스,,
00611912,2018,-3941386079.0,-4407076634.0,53635048577.0,85010163800.0,72337317890.0,66891826196.0,125210.0,아모그린텍,,
00611912,2019,1716950491.0,-2997629479.0,88827140637.0,93385522600.0,73706796496.0,53635048577.0,125210.0,아모그린텍,,
00611912,2020,1093462573.0,4304903757.0,105680292988.0,111773856227.0,92135444463.0,88827140637.0,125210.0,아모그린텍,,
01293953,2020,1967674729.0,1873272504.0,15249720077.0,20600081264.0,15005513619.0,13635033308.0,356890.0,싸이버원,,
00351995,2015,5182024537.0,13256929584.0,131095903923.0,123138988943.0,101295861869.0,137122506390.0,53050.0,지에스이,,
00351995,2016,5658454801.0,11043086762.0,135258608138.0,104151463010.0,81819441489.0,131095903923.0,53050.0,지에스이,,
00351995,2017,4943947689.0,12582759929.0,145461518997.0,108460692572.0,86194422276.0,135258608138.0,53050.0,지에스이,,
00351995,2018,5802790290.0,16879660150.0,153465900506.0,133549315912.0,108854497224.0,145461518997.0,53050.0,지에스이,,
00351995,2019,4293621492.0,11961797040.0,159269231307.0,136363227797.0,112226004350.0,153465900506.0,53050.0,지에스이,,
00351995,2020,4340278723.0,13552307816.0,165690827179.0,120801424450.0,96001106871.0,159269231307.0,53050.0,지에스이,,
00126201,2015,8402555175.0,8572770112.0,244142813205.0,92396091675.0,83643826094.0,252694811158.0,6660.0,삼성공조,,
00126201,2016,7750829470.0,9230120948.0,252728716414.0,84675641823.0,77023910944.0,244142813205.0,6660.0,삼성공조,,
00126201,2017,10988409570.0,15064902665.0,263085152147.0,91757949584.0,80028399977.0,252728716414.0,6660.0,삼성공조,,
00126201,2018,6332358995.0,1474304551.0,260167988284.0,80861050609.0,73443199620.0,263085152147.0,6660.0,삼성공조,,
00126201,2019,5039088673.0,7349896445.0,258430844508.0,75226694991.0,69750913560.0,260167988284.0,6660.0,삼성공조,,
00126201,2020,5388558395.0,9646555016.0,258204690029.0,63768468961.0,56430225741.0,258430844508.0,6660.0,삼성공조,,
00760999,2017,4634783071.0,3710582811.0,53514555847.0,84969003598.0,72672838565.0,40829132441.0,263810.0,상신전자,,
00760999,2018,1965423807.0,-4352048017.0,52562526052.0,83048455034.0,73498248162.0,53514555847.0,263810.0,상신전자,,
00760999,2019,2502802199.0,991582188.0,52111608743.0,81974667182.0,72023267338.0,52562526052.0,263810.0,상신전자,,
00760999,2020,2074350130.0,1680142057.0,60969655692.0,86519080992.0,76379025031.0,52111608743.0,263810.0,상신전자,,
00618401,2015,9608918120.0,-28860013294.0,289380142567.0,262524145804.0,210907330988.0,344605664558.0,114120.0,크루셜텍,,
00618401,2016,288828739.0,-22457767798.0,286280181799.0,320033254249.0,266403752815.0,289380142567.0,114120.0,크루셜텍,,
00618401,2017,-63733421981.0,-2130392949.0,248990199061.0,172701652221.0,179053354741.0,286280181799.0,114120.0,크루셜텍,,
00618401,2018,-53631813567.0,-6446438237.0,152030333384.0,83675066253.0,91067050727.0,248990199061.0,114120.0,크루셜텍,,
00618401,2019,-45131058341.0,817109010.0,107061952322.0,65079351003.0,76558434680.0,152030333384.0,114120.0,크루셜텍,,
00618401,2020,-16143349120.0,-8022846462.0,59986002381.0,47637042183.0,54414499570.0,107061952322.0,114120.0,크루셜텍,,
00533191,2015,-9699363847.0,2784429181.0,48707195915.0,89738593753.0,89418808846.0,53536821525.0,82800.0,비보존 제약,,
00533191,2016,-1781196258.0,5869536811.0,41960205335.0,68210590542.0,62784233915.0,48707195915.0,82800.0,비보존 제약,,
00533191,2017,-6667628907.0,-969516103.0,36404550354.0,61021493389.0,60318264819.0,41960205335.0,82800.0,비보존 제약,,
00533191,2018,-8534274631.0,-4588748058.0,,46003132778.0,54286778978.0,36404550354.0,82800.0,비보존 제약,,
00533191,2019,-29006089129.0,-3893742491.0,164654059504.0,44952919309.0,41653807350.0,100651861635.0,82800.0,비보존 제약,,
00533191,2020,-44084773867.0,4624819876.0,248159450765.0,43591507391.0,36461099261.0,164654059504.0,82800.0,비보존 제약,,
00913689,2019,,24059818470.0,206426560617.0,281348171458.0,227514840387.0,148795144752.0,148150.0,세경하이테크,,
00913689,2020,,20827910333.0,207640240652.0,219966787659.0,181206089552.0,206426560617.0,148150.0,세경하이테크,,
01080687,2017,-321630080.0,-7906688658.0,52672719854.0,51015104326.0,34283329038.0,32207637217.0,227610.0,아우딘퓨쳐스,,
01080687,2018,9125740534.0,-4838228883.0,59660385655.0,89405998557.0,59657519960.0,52672719854.0,227610.0,아우딘퓨쳐스,,
01080687,2019,-18697227491.0,-1821888691.0,54307215336.0,54122517356.0,34817844939.0,59660385655.0,227610.0,아우딘퓨쳐스,,
01080687,2020,-14809860434.0,-10467401146.0,53599247166.0,40415611868.0,25076125032.0,54307215336.0,227610.0,아우딘퓨쳐스,,
01237434,2019,-5970720443.0,-5786602029.0,26410722662.0,1985147242.0,,3968528397.0,300080.0,플리토,,
01237434,2020,-2962120812.0,-1782600313.0,24783032412.0,7438564304.0,,26410722662.0,300080.0,플리토,,
00266961,2015,516986279000.0,856351407000.0,4385913018000.0,3251157100000.0,2488953251000.0,3394457894000.0,35420.0,NAVER,,
00266961,2016,759072951187.0,1164024257897.0,6370635180592.0,4022629619982.0,2920589144190.0,4385913018121.0,35420.0,NAVER,,
00266961,2017,770101670207.0,939981997688.0,8019251559914.0,4678468928032.0,,6370635180592.0,35420.0,NAVER,,
00266961,2018,627901873332.0,973506368153.0,9881190909324.0,5586904533355.0,,8019251559914.0,35420.0,NAVER,,
00266961,2019,396821062465.0,1356843480419.0,12299527120786.0,6593400065244.0,,9881190909324.0,35420.0,NAVER,,
00266961,2020,844996977149.0,1447212217640.0,17014238663770.0,5304145900386.0,,12299527120786.0,35420.0,NAVER,,
00578538,2015,3969402046.0,2797796193.0,60444248116.0,50815110054.0,42681987696.0,57979621866.0,130740.0,티피씨글로벌,,
00578538,2016,4734335403.0,2429830014.0,82245350323.0,54390114990.0,45110704846.0,60444248116.0,130740.0,티피씨글로벌,,
00578538,2017,1511038705.0,2747704146.0,94017485363.0,51592714538.0,44521056006.0,82245350323.0,130740.0,티피씨글로벌,,
00578538,2018,2270009944.0,1446615771.0,135107636755.0,78436413656.0,64237883058.0,94017485363.0,130740.0,티피씨글로벌,,
00578538,2019,-2856258711.0,6385258930.0,128699079830.0,84685070068.0,68712385080.0,135107636755.0,130740.0,티피씨글로벌,,
00578538,2020,1959892035.0,3840958549.0,121907800814.0,79347760986.0,63204394713.0,128699079830.0,130740.0,티피씨글로벌,,
01419384,2020,-28071148.0,-28007170.0,8317356016.0,0.0,,1492769410.0,343510.0,하나금융16호기업인수목적,,
00122694,2015,8717493515.0,-2193545937.0,79199448393.0,65525474946.0,60827966990.0,28056092633.0,2410.0,범양건영,,
00122694,2016,-1082062788.0,-4784164053.0,121941345568.0,108950471363.0,101308735904.0,79199448393.0,2410.0,범양건영,,
00122694,2017,1102622754.0,3470919374.0,123980566878.0,136834745211.0,128744936336.0,121941345568.0,2410.0,범양건영,,
00122694,2018,5426688440.0,22944431438.0,118354421455.0,155644035118.0,141530576159.0,123980566878.0,2410.0,범양건영,,
00122694,2019,19716990471.0,9016181161.0,138462329746.0,276111459091.0,256209159706.0,118354421455.0,2410.0,범양건영,,
00122694,2020,11715495024.0,10907038332.0,149793803027.0,144357123687.0,122195893550.0,129384285873.0,2410.0,범양건영,,
00141556,2015,6159912332.0,10785345039.0,201095009916.0,122294931934.0,59506824688.0,189251993434.0,39830.0,오로라,,
00141556,2016,6300136076.0,7796578714.0,207702210526.0,143388139442.0,75996550469.0,201095009916.0,39830.0,오로라,,
00141556,2017,13048049714.0,3893474294.0,224976075317.0,143612127259.0,74588724416.0,207702210526.0,39830.0,오로라,,
00141556,2018,5952881181.0,7507136224.0,229190179654.0,146821882685.0,78327170530.0,224976075317.0,39830.0,오로라,,
00141556,2019,3765897508.0,20772752089.0,250898221875.0,157071564592.0,85497423784.0,229190179654.0,39830.0,오로라,,
00141556,2020,8002380407.0,9781082648.0,274308032862.0,141594393635.0,74970804771.0,250898221875.0,39830.0,오로라,,
00405719,2015,2742486953.0,-4590911350.0,53864568197.0,68367109486.0,55043868136.0,42077169063.0,52460.0,아이크래프트,,
00405719,2016,2174824599.0,6038928825.0,54842049975.0,79856300643.0,64272929115.0,53864568197.0,52460.0,아이크래프트,,
00405719,2017,2193410357.0,6577554956.0,61810691421.0,92532326296.0,77079619104.0,54842049975.0,52460.0,아이크래프트,,
00405719,2018,-843159031.0,-171973330.0,48344909917.0,73149612183.0,60091926570.0,61810691421.0,52460.0,아이크래프트,,
00405719,2019,-258915445.0,8197421538.0,53449842885.0,73758132992.0,58879861212.0,48344909917.0,52460.0,아이크래프트,,
00405719,2020,1126713374.0,-6747006079.0,71247580242.0,96283754655.0,78271223499.0,53449842885.0,52460.0,아이크래프트,,
00602279,2019,38290715.0,-2089557904.0,72321984958.0,48831865530.0,39379899064.0,63717254065.0,186230.0,그린플러스,,
00602279,2020,-1930086081.0,2648942356.0,89110557922.0,62676118804.0,51846613730.0,72321984958.0,186230.0,그린플러스,,
00624749,2019,1321620542.0,-2748228335.0,59090832969.0,31959900381.0,26027825247.0,48391008736.0,317830.0,에스피시스템스,,
00624749,2020,301066835.0,5395407085.0,52926270687.0,31086077938.0,26776350903.0,59090832969.0,317830.0,에스피시스템스,,
00161693,2015,114715974495.0,201023781627.0,768849169509.0,1710544310317.0,1185074214442.0,544027390889.0,9240.0,한샘,,
00161693,2016,127527431740.0,153988597795.0,899418180661.0,1934547148891.0,1335770026774.0,768849169509.0,9240.0,한샘,,
00161693,2017,95937543262.0,66217226100.0,975706062946.0,2062514511785.0,1464195301907.0,899418180661.0,9240.0,한샘,,
00161693,2018,89957037174.0,63738443632.0,940149891828.0,1928463279284.0,1416652352065.0,975706062946.0,9240.0,한샘,,
00161693,2019,42714881895.0,79444644445.0,1202637976603.0,1698372284996.0,1224850418790.0,940149891828.0,9240.0,한샘,,
00161693,2020,66840591853.0,193138068776.0,1229509761188.0,2067468662697.0,1525159297360.0,1202637976603.0,9240.0,한샘,,
00147994,2015,6283238275.0,13044717710.0,99370134213.0,130553418010.0,107536601282.0,89873122409.0,42600.0,새로닉스,,
00147994,2016,11691172385.0,6162885711.0,112030171080.0,117855468221.0,99728043357.0,99370134213.0,42600.0,새로닉스,,
00147994,2017,1278696831.0,-3083040253.0,116633451332.0,126219454066.0,112747162025.0,112030171080.0,42600.0,새로닉스,,
00147994,2018,7591326998.0,-3153158758.0,131320111751.0,142092261176.0,124948585230.0,116633451332.0,42600.0,새로닉스,,
00147994,2019,-1882398668.0,13610041597.0,134591385154.0,163776249977.0,150625562035.0,131320111751.0,42600.0,새로닉스,,
00147994,2020,-1616186782.0,1555314328.0,138805991891.0,163005876920.0,146912308860.0,134591385154.0,42600.0,새로닉스,,
00230814,2015,1319838946.0,2794478875.0,18875606495.0,39626375595.0,34333222158.0,16708693710.0,78590.0,휴림에이텍,,
00230814,2016,2493577443.0,3541275416.0,21553844253.0,39105092753.0,32772151544.0,18875606495.0,78590.0,휴림에이텍,,
00230814,2017,2597855402.0,4792235219.0,27530067122.0,40019060173.0,32429584073.0,21553844253.0,78590.0,휴림에이텍,,
00230814,2018,-6626222597.0,1439037752.0,70085033568.0,43385869879.0,34210059542.0,27530067122.0,78590.0,휴림에이텍,,
00230814,2019,-6047456494.0,-4258677904.0,71913569071.0,64599737903.0,52308901140.0,70085033568.0,78590.0,휴림에이텍,,
00230814,2020,-179509871488.0,7553086757.0,471012850364.0,61405219731.0,50379638654.0,71913569071.0,78590.0,휴림에이텍,,
00124780,2015,6042242894.0,10991457583.0,255290592968.0,282571478186.0,259278125648.0,246045557093.0,14710.0,사조씨푸드,,
00124780,2016,7557646271.0,2228415776.0,322910321821.0,323397153421.0,293238884007.0,254798353081.0,14710.0,사조씨푸드,,
00124780,2017,19359743924.0,-2234408502.0,359361764520.0,378216804298.0,346777109795.0,322910321821.0,14710.0,사조씨푸드,,
00124780,2018,12622894573.0,3613510131.0,380269455462.0,397127001687.0,364466799486.0,359361764520.0,14710.0,사조씨푸드,,
00124780,2019,-5644559594.0,34640039073.0,348095569511.0,348873298268.0,323780276430.0,380269455462.0,14710.0,사조씨푸드,,
00124780,2020,7842235337.0,31763180718.0,311639371380.0,214456964392.0,193492076241.0,348095569511.0,14710.0,사조씨푸드,,
00166500,2015,2307245334.0,17599670194.0,159783819498.0,231946057852.0,206506640487.0,182929706956.0,10660.0,화천기계,,
00166500,2016,-2505219460.0,25668851721.0,161556567252.0,195473021062.0,176762278932.0,159783819498.0,10660.0,화천기계,,
00166500,2017,582772190.0,-6153040347.0,156771477100.0,208414257360.0,186154569932.0,161556567252.0,10660.0,화천기계,,
00166500,2018,-674469177.0,8344574216.0,162119605096.0,180680387104.0,163923519399.0,156771477100.0,10660.0,화천기계,,
00166500,2019,-6131778904.0,3874140840.0,158315534844.0,159658282529.0,150475033128.0,162119605096.0,10660.0,화천기계,,
00166500,2020,-4554983058.0,1422958178.0,146537092789.0,136810035446.0,127260760082.0,158315534844.0,10660.0,화천기계,,
01135941,2016,22519378074.0,18978303561.0,280653651530.0,244089917754.0,151046272910.0,,240810.0,원익IPS,,
01135941,2017,95364580825.0,96401563565.0,409618120681.0,630860973364.0,379634687337.0,280653651530.0,240810.0,원익IPS,,
01135941,2018,86860388555.0,46595817373.0,512346016162.0,649312684893.0,391437029909.0,409618120681.0,240810.0,원익IPS,,
01135941,2019,42862674126.0,-16203162265.0,899161666256.0,669241556900.0,390174789600.0,512346016162.0,240810.0,원익IPS,,
01135941,2020,97818821139.0,225055329125.0,1099641462981.0,1090924689101.0,624650510443.0,899161666256.0,240810.0,원익IPS,,
00173351,2015,5137487129.0,12453912764.0,78358393725.0,115714409834.0,98876043255.0,83318947058.0,32750.0,삼진,,
00173351,2016,5798153353.0,9962734001.0,83807457842.0,98172878257.0,82835849452.0,78358393725.0,32750.0,삼진,,
00173351,2017,2770083351.0,4149759202.0,79676217408.0,108784102029.0,91789120729.0,83807457842.0,32750.0,삼진,,
00173351,2018,1600868967.0,2845242850.0,78444968210.0,87691022570.0,76811898552.0,79676217408.0,32750.0,삼진,,
00173351,2019,12091535001.0,10040045945.0,96419552937.0,135228930628.0,112585883510.0,78444968210.0,32750.0,삼진,,
00173351,2020,6577485935.0,9658573323.0,101652353820.0,128957760026.0,104941729645.0,96419552937.0,32750.0,삼진,,
00296324,2015,2190609949.0,-5262211392.0,92194787606.0,14844730546.0,11005749319.0,76809885432.0,51780.0,큐로홀딩스,,
00296324,2016,-17111628671.0,-5572607158.0,91308534245.0,14592404856.0,22022353382.0,92194787606.0,51780.0,큐로홀딩스,,
00296324,2017,-39672302048.0,-7402914488.0,54861346911.0,15357486345.0,15464869108.0,91308534245.0,51780.0,큐로홀딩스,,
00296324,2018,-12287436733.0,969746995.0,51629331272.0,25216641532.0,20025570444.0,54861346911.0,51780.0,큐로홀딩스,,
00296324,2019,-9124033624.0,-2534691402.0,49234095759.0,25752113904.0,18934234385.0,51629331272.0,51780.0,큐로홀딩스,,
00296324,2020,-11566586231.0,-3772270913.0,60221473453.0,34148500678.0,24620816916.0,49234095759.0,51780.0,큐로홀딩스,,
01513404,2020,-4048486000.0,-3245132000.0,1588960577000.0,0.0,3346900000.0,,372290.0,하나머스트7호기업인수목적,,
00165103,2015,1917617513.0,8990388955.0,111428928244.0,102846165836.0,88664856354.0,100989832257.0,5670.0,푸드웰,,
00165103,2016,2151421367.0,7504293975.0,130488666719.0,108214044420.0,93930867577.0,111428928244.0,5670.0,푸드웰,,
00165103,2017,2931471432.0,6955700997.0,127687397688.0,116866659997.0,101014742601.0,130488666719.0,5670.0,푸드웰,,
00165103,2018,5433623446.0,12613981131.0,131300349734.0,123789970607.0,103925062940.0,127687397688.0,5670.0,푸드웰,,
00165103,2019,31984838036.0,9528842739.0,149502309732.0,143937185321.0,121517635832.0,131300349734.0,5670.0,푸드웰,,
00165103,2020,5745267489.0,15153254834.0,141750011902.0,137335986136.0,117051840250.0,149502309732.0,5670.0,푸드웰,,
00362858,2015,1844727593.0,24748984014.0,171255044026.0,363119945178.0,268728478363.0,283809464147.0,53280.0,예스24,,
00362858,2016,682552335.0,11447055045.0,187244862123.0,420980025599.0,313813429269.0,171255044026.0,53280.0,예스24,,
00362858,2017,-278539574.0,3692517550.0,202310192798.0,456800692607.0,337264537540.0,187244862123.0,53280.0,예스24,,
00362858,2018,-5431046820.0,12592508300.0,204372565939.0,506443290485.0,407174322032.0,202310192798.0,53280.0,예스24,,
00362858,2019,-166967208.0,30080710442.0,239942067557.0,533022796700.0,418676838085.0,204372565939.0,53280.0,예스24,,
00362858,2020,,12705307331.0,360846618397.0,615617262413.0,499407278318.0,239942067557.0,53280.0,예스24,,
00535676,2015,16705026708.0,3490117033.0,211567795250.0,136031630056.0,90542681353.0,173475078781.0,89030.0,테크윙,,
00535676,2016,14642894293.0,6865344642.0,267644513222.0,141979321639.0,90464290843.0,211567795250.0,89030.0,테크윙,,
00535676,2017,39386784981.0,26155614652.0,342380078258.0,222772282250.0,144537669808.0,267644513222.0,89030.0,테크윙,,
00535676,2018,18560595798.0,39549127265.0,335916619194.0,193710297233.0,129044537605.0,342380078258.0,89030.0,테크윙,,
00535676,2019,11319610244.0,20527116854.0,379323829691.0,186865005850.0,122565403160.0,335916619194.0,89030.0,테크윙,,
00535676,2020,32928361791.0,25099582656.0,416008701621.0,228153323968.0,144730342325.0,379323829691.0,89030.0,테크윙,,
00878696,2020,-247413613854.0,-210726008607.0,500241425182.0,25999026722.0,1974010332.0,139073135254.0,326030.0,에스케이바이오팜,,
00155735,2015,6317757318.0,10875870042.0,109413145463.0,104793713823.0,96710100250.0,99097128497.0,6140.0,피제이전자,,
00155735,2016,7720303591.0,3183457328.0,114930225207.0,105959817694.0,97606307782.0,109413145463.0,6140.0,피제이전자,,
00155735,2017,5910914328.0,4581204639.0,119500976335.0,98557232906.0,89821414726.0,114930225207.0,6140.0,피제이전자,,
00155735,2018,7087925917.0,11749352317.0,128371799504.0,101168945447.0,93567983873.0,119500976335.0,6140.0,피제이전자,,
00155735,2019,4885174269.0,5993929192.0,138487805122.0,99328331980.0,91552248174.0,128371799504.0,6140.0,피제이전자,,
00155735,2020,4959873913.0,1935225197.0,145322640226.0,104225686303.0,96672743631.0,138487805122.0,6140.0,피제이전자,,
00181943,2015,24782539326.0,27165813376.0,260302123643.0,185141913515.0,128996732841.0,239584139363.0,25530.0,에스제이엠홀딩스,,
00181943,2016,15156635882.0,17539089661.0,278845875397.0,181367297319.0,131529966436.0,260302123643.0,25530.0,에스제이엠홀딩스,,
00181943,2017,19319461432.0,7760689456.0,291719708721.0,169845354967.0,126198715277.0,278845875397.0,25530.0,에스제이엠홀딩스,,
00181943,2018,6153220660.0,11740362410.0,289533519980.0,160740722154.0,127726484556.0,291719708721.0,25530.0,에스제이엠홀딩스,,
00181943,2019,9333722574.0,21571733660.0,308888413242.0,160751443923.0,123256989753.0,289533519980.0,25530.0,에스제이엠홀딩스,,
00181943,2020,5010390126.0,22076635654.0,308348207824.0,141553459488.0,107994229480.0,308888413242.0,25530.0,에스제이엠홀딩스,,
00450339,2015,1289775905.0,11118308113.0,69165652458.0,51026638554.0,42425570508.0,75306766485.0,112240.0,에스에프씨,,
00450339,2016,1853862750.0,7451155284.0,97948337989.0,47400349771.0,41624509036.0,69165652458.0,112240.0,에스에프씨,,
00450339,2017,-15916305648.0,-3667937761.0,120568042379.0,44615639352.0,38866839617.0,97948337989.0,112240.0,에스에프씨,,
00450339,2018,-5932399463.0,-4285811328.0,138593366167.0,35517672048.0,32646736040.0,120568042379.0,112240.0,에스에프씨,,
00450339,2019,-9021534803.0,-3194453042.0,97849029063.0,36407487436.0,32180002514.0,106626950200.0,112240.0,에스에프씨,,
00450339,2020,-8058019696.0,-984894734.0,65193446500.0,20201257880.0,17581904228.0,97849029063.0,112240.0,에스에프씨,,
00595191,2015,13721206184.0,34645649700.0,261388268660.0,215238475690.0,172075878501.0,231980153484.0,93370.0,후성,,
00595191,2016,65591684931.0,34938983276.0,315083346155.0,192073255877.0,132470933761.0,261388268660.0,93370.0,후성,,
00595191,2017,28223114843.0,51901673855.0,316114969405.0,248838269757.0,186571988385.0,310931432690.0,93370.0,후성,,
00595191,2018,28050996348.0,30713638486.0,441480959551.0,274933667322.0,206099906166.0,316114969405.0,93370.0,후성,,
00595191,2019,205810062.0,31765265445.0,528907906027.0,248943837512.0,197342277394.0,441480959551.0,93370.0,후성,,
00595191,2020,-1334232541.0,40602732043.0,536123529177.0,261599806337.0,218257829640.0,528907906027.0,93370.0,후성,,
00136271,2015,2087585601.0,7199165405.0,319042321307.0,170569624519.0,151084172700.0,341636807651.0,11930.0,신성이엔지,,
00136271,2016,3166044478.0,61987850674.0,693978387229.0,217216935533.0,213610668014.0,319042321307.0,11930.0,신성이엔지,,
00136271,2017,-39188112313.0,-17144315500.0,682856889937.0,990545401930.0,924034007497.0,693978387229.0,11930.0,신성이엔지,,
00136271,2018,10698129762.0,-44492773013.0,413145099091.0,424654240360.0,382478733259.0,682856889937.0,11930.0,신성이엔지,,
00136271,2019,2085195268.0,8904428533.0,416614706743.0,451123644321.0,393295022492.0,413145099091.0,11930.0,신성이엔지,,
00136271,2020,-13722905834.0,23991464490.0,423441771144.0,482365416084.0,413264642031.0,416614706743.0,11930.0,신성이엔지,,
00149239,2015,-5693983533.0,16500923217.0,275509947991.0,271779373326.0,266659735329.0,284817577112.0,18470.0,조일알미늄,,
00149239,2016,33123201099.0,-15947244562.0,323914602096.0,273427163966.0,263808705569.0,275509947991.0,18470.0,조일알미늄,,
00149239,2017,-1832852582.0,-7943707626.0,334276482934.0,299165111593.0,288061933726.0,323914602096.0,18470.0,조일알미늄,,
00149239,2018,-10415314899.0,-4300457618.0,356053733873.0,317744416215.0,315404092516.0,334276482934.0,18470.0,조일알미늄,,
00149239,2019,-76711469779.0,3330419340.0,289296274077.0,311766940506.0,313189621048.0,356053733873.0,18470.0,조일알미늄,,
00149239,2020,-8840440540.0,1785102259.0,274904169512.0,332913377834.0,325944200124.0,289296274077.0,18470.0,조일알미늄,,
01328170,2019,-641258180.0,2029855171.0,11347938879.0,16894407071.0,7834255408.0,10945109396.0,317860.0,노드메이슨,,
01328170,2020,1258965166.0,910288182.0,13207601379.0,19470825023.0,8192905508.0,11365360998.0,317860.0,노드메이슨,,
01231786,2019,1107081345.0,1613510316.0,41757383378.0,12078456632.0,7277585373.0,23805015198.0,317770.0,엑스페릭스,,
01231786,2020,726855922.0,3300755911.0,43444864208.0,8381542517.0,4737684118.0,41757383378.0,317770.0,엑스페릭스,,
00612294,2015,-232629662.0,-2976913769.0,101809215555.0,91317951414.0,81286644683.0,88074885075.0,137400.0,피엔티,,
00612294,2016,2895031048.0,-1373427259.0,153479830541.0,108547852865.0,86160696465.0,101809215555.0,137400.0,피엔티,,
00612294,2017,2234114884.0,-12317958247.0,240916842731.0,149777263807.0,126140937398.0,153479830541.0,137400.0,피엔티,,
00612294,2018,740319768.0,-14314306545.0,290894933341.0,256693204995.0,237647530483.0,240916842731.0,137400.0,피엔티,,
00612294,2019,-3016157727.0,4432887606.0,500330962453.0,321405859528.0,290590096632.0,290894933341.0,137400.0,피엔티,,
00612294,2020,34413866106.0,27033357447.0,435428127687.0,390049983364.0,316424839114.0,500330953683.0,137400.0,피엔티,,
00264547,2015,3364111491.0,-70739842325.0,611193636556.0,696865681514.0,587575149347.0,562283660653.0,35600.0,KG이니시스,,
00264547,2016,13578014761.0,65823383923.0,735955029670.0,701048399482.0,582965759851.0,611193636556.0,35600.0,KG이니시스,,
00264547,2017,3026893023.0,174767832407.0,926244871309.0,758453344356.0,524860011268.0,735955029670.0,35600.0,KG이니시스,,
00264547,2018,39874883802.0,40858527131.0,932316574167.0,924624291411.0,593309623871.0,926244871309.0,35600.0,KG이니시스,,
00264547,2019,60026123572.0,225743136574.0,1278010860104.0,956102653732.0,598882542279.0,932316574167.0,35600.0,KG이니시스,,
00264547,2020,52980203486.0,126902766824.0,1400502734602.0,810154514318.0,588323463872.0,1278010860104.0,35600.0,KG이니시스,,
00104768,2015,2135800210.0,36446024167.0,520474258725.0,780951401009.0,-741377857567.0,511258653110.0,500.0,가온전선,,
00104768,2016,3988606152.0,37730222768.0,519225688902.0,749444962711.0,-706983887104.0,520474258725.0,500.0,가온전선,,
00104768,2017,1454588459.0,-15192665784.0,538955918306.0,836979323369.0,799439594719.0,518462531631.0,500.0,가온전선,,
00104768,2018,98902170.0,27639143000.0,526494275213.0,840654318393.0,805160771493.0,538955918306.0,500.0,가온전선,,
00104768,2019,5462904198.0,-10480082842.0,512573535099.0,830264391828.0,791228734171.0,526494275213.0,500.0,가온전선,,
00104768,2020,9505568262.0,10024913810.0,542461377882.0,857415249064.0,809450188770.0,512573535099.0,500.0,가온전선,,
01137903,2018,-1680584544.0,257024178.0,71808048761.0,240165625454.0,226320136930.0,87099370936.0,290550.0,디케이티,,
01137903,2019,7942696243.0,9632521374.0,114499310000.0,337722377825.0,318174886054.0,71808048761.0,290550.0,디케이티,,
01137903,2020,10822106006.0,17378145468.0,103099474243.0,346146178667.0,323096006260.0,114499310000.0,290550.0,디케이티,,
01442115,2020,-18291850.0,-4201981.0,46512003.0,16105984.0,16156845.0,24420748.0,950200.0,소마젠,,
00297961,2015,2700408167.0,-2811075941.0,73743347124.0,44036071904.0,27336705419.0,66769285080.0,43290.0,케이맥,,
00297961,2016,9723029815.0,-4214822884.0,105788845276.0,89521275253.0,54557983629.0,73743347124.0,43290.0,케이맥,,
00297961,2017,-7157692826.0,-1444572136.0,78761739030.0,89941256533.0,64121277350.0,105788845276.0,43290.0,케이맥,,
00297961,2018,7834589619.0,-2901691786.0,87138121528.0,106823411738.0,83574445018.0,78761739030.0,43290.0,케이맥,,
00297961,2019,-11091239079.0,-5586745681.0,86443632571.0,62978527684.0,56358352424.0,87138121528.0,43290.0,케이맥,,
00297961,2020,-18998331417.0,11166111141.0,69122567095.0,78109879660.0,68330328545.0,86443632571.0,43290.0,케이맥,,
00150165,2015,-24041329133.0,2446814322.0,62449424471.0,47026939680.0,51707075812.0,79619775581.0,18290.0,브이티,,
00150165,2016,-14565415282.0,169960694.0,62089520130.0,41141465092.0,40744934343.0,62449424471.0,18290.0,브이티,,
00150165,2017,-13007379865.0,-5543710665.0,74092907911.0,69859691273.0,55919650364.0,62089520130.0,18290.0,브이티,,
00150165,2018,10707739301.0,-11003422316.0,123950307059.0,109469851163.0,68785047766.0,74092907911.0,18290.0,브이티,,
00150165,2019,3411551246.0,-3496728700.0,135892621486.0,112756599675.0,71659631159.0,123950307059.0,18290.0,브이티,,
00150165,2020,-1308655827.0,-3201153059.0,158931246112.0,107395372683.0,73923298960.0,135892621486.0,18290.0,브이티,,
00390514,2015,11582368.0,576690242.0,48266964304.0,51504259567.0,37597484423.0,49142502028.0,65440.0,이루온,,
00390514,2016,-1039064813.0,1800087280.0,47183928914.0,52553155029.0,38800184437.0,48266964304.0,65440.0,이루온,,
00390514,2017,-1687683702.0,1986998195.0,47939140720.0,34944446406.0,24220886279.0,47183928914.0,65440.0,이루온,,
00390514,2018,920419858.0,-516049189.0,60009175779.0,48285361444.0,36112049097.0,47939140720.0,65440.0,이루온,,
00390514,2019,534329157.0,3850783927.0,59101420006.0,49397596957.0,37263680212.0,60009175779.0,65440.0,이루온,,
00390514,2020,2124691550.0,6527680358.0,61587657465.0,47818752860.0,35284469406.0,59101420006.0,65440.0,이루온,,
00165060,2015,43206158066.0,43668548866.0,335220135590.0,209241088367.0,133379083471.0,305540415687.0,13030.0,하이록코리아,,
00165060,2016,30221398783.0,22938727294.0,353324345077.0,177120062801.0,121490953406.0,335220135590.0,13030.0,하이록코리아,,
00165060,2017,23623256627.0,41706048620.0,379437473826.0,182699987124.0,124958318505.0,353324345077.0,13030.0,하이록코리아,,
00165060,2018,12204679306.0,9546047963.0,371320916914.0,124267407632.0,89276761214.0,379437473826.0,13030.0,하이록코리아,,
00165060,2019,13597493561.0,23138698392.0,381305426357.0,142113513119.0,105008590678.0,371320916914.0,13030.0,하이록코리아,,
00165060,2020,6514438057.0,23720507835.0,365050540355.0,138192214559.0,99526636234.0,381305426357.0,13030.0,하이록코리아,,
00767460,2015,16983489111.0,22159451548.0,269802134836.0,136308520076.0,94385302432.0,241471683193.0,178920.0,PI첨단소재,,
00767460,2016,20977771637.0,33861578845.0,307540030126.0,153056952120.0,106574627481.0,269802134836.0,178920.0,PI첨단소재,,
00767460,2017,32781682210.0,69659715476.0,341155484618.0,216379448924.0,145611316547.0,307540030126.0,178920.0,PI첨단소재,,
00767460,2018,34984082147.0,17935305968.0,372365385062.0,245472562183.0,165322060454.0,341155484618.0,178920.0,PI첨단소재,,
00767460,2019,17717932882.0,38066432014.0,392965082107.0,223682314032.0,166404372037.0,372365385062.0,178920.0,PI첨단소재,,
00767460,2020,41723872018.0,80937950639.0,404031458892.0,261788779258.0,177101311037.0,392965082107.0,178920.0,PI첨단소재,,
01047415,2015,12745176.0,27777907.0,5923779140.0,0.0,72857810.0,5881674709.0,208140.0,정다운,,
01047415,2016,-968263361.0,-1821114818.0,60729394186.0,57768088079.0,46244107369.0,54696156394.0,208140.0,정다운,,
01047415,2017,9880008351.0,19730060677.0,67378543051.0,80550124507.0,61040662530.0,60729394186.0,208140.0,정다운,,
01047415,2018,9095301215.0,11781702964.0,110631821683.0,105484286435.0,80248948294.0,67378543051.0,208140.0,정다운,,
01047415,2019,903576988.0,1746618358.0,123003076755.0,125822119201.0,107164327673.0,110631821683.0,208140.0,정다운,,
01047415,2020,-2456926021.0,2147775490.0,151500507490.0,124029506423.0,108875502128.0,123003076755.0,208140.0,정다운,,
00599595,2015,10490882001.0,10538142634.0,107225279138.0,115810321053.0,93046272934.0,83860843233.0,126600.0,BGF에코머티리얼즈,,
00599595,2016,12309702650.0,6591841988.0,124690916909.0,130126017749.0,104325339342.0,107225279138.0,126600.0,BGF에코머티리얼즈,,
00599595,2017,5587986196.0,4169976363.0,142292864574.0,134792885169.0,114607174672.0,124690916909.0,126600.0,BGF에코머티리얼즈,,
00599595,2018,4842683496.0,-9176551786.0,167381776515.0,161369457758.0,141978625743.0,142292864574.0,126600.0,BGF에코머티리얼즈,,
00599595,2019,8961752072.0,17944258757.0,156410475419.0,182893388736.0,158711786064.0,167381776515.0,126600.0,BGF에코머티리얼즈,,
00599595,2020,12741803502.0,20082098430.0,150417752060.0,150917162206.0,124750076653.0,156410475419.0,126600.0,BGF에코머티리얼즈,,
00571298,2017,14609042303.0,13101695063.0,115803186108.0,115728831751.0,87928888867.0,61493175271.0,263600.0,덕우전자,,
00571298,2018,-1449291808.0,-5564135451.0,102943542719.0,88409011705.0,76394284038.0,115803186108.0,263600.0,덕우전자,,
00571298,2019,9174170015.0,18741587723.0,118817280934.0,129391206180.0,102414525056.0,102943542719.0,263600.0,덕우전자,,
00571298,2020,10152201540.0,24350323868.0,162551395709.0,153382997902.0,126773727210.0,118817280934.0,263600.0,덕우전자,,
00152729,2015,-5148021882.0,16000844085.0,240272144401.0,206228996055.0,195022548566.0,278247542419.0,17900.0,광전자,,
00152729,2016,2022186395.0,12364429587.0,242283948790.0,170928368281.0,154011923881.0,240272144401.0,17900.0,광전자,,
00152729,2017,2924404056.0,4693722483.0,238229947486.0,177386000234.0,149693302260.0,242283948790.0,17900.0,광전자,,
00152729,2018,6337706919.0,12554254995.0,262117704395.0,176929799960.0,153392001547.0,238229947486.0,17900.0,광전자,,
00152729,2019,3363537797.0,10048254629.0,260279874598.0,166182499009.0,146915032358.0,262117704395.0,17900.0,광전자,,
00152729,2020,-16332831610.0,5183040598.0,243369782680.0,150172566811.0,134661478045.0,260279874598.0,17900.0,광전자,,
00660459,2020,-2512203142.0,-213002594.0,17551521063.0,4236610159.0,2136160838.0,15881469034.0,247660.0,나노씨엠에스,,
00920379,2020,11818923323.0,16725673978.0,113612236181.0,184111813054.0,160208820941.0,75652390094.0,356860.0,티엘비,,
00231707,2015,4634621133.0,4988002184.0,50024322322.0,37311342710.0,27274082270.0,51425740803.0,32850.0,비트컴퓨터,,
00231707,2016,4160233137.0,4710384258.0,52225052451.0,34800926525.0,26480114475.0,50024322322.0,32850.0,비트컴퓨터,,
00231707,2017,3582817698.0,4520558787.0,53636155649.0,31905154576.0,23151872776.0,52225052451.0,32850.0,비트컴퓨터,,
00231707,2018,-233696220.0,-676974253.0,56060862423.0,32769952659.0,29242173720.0,53636155649.0,32850.0,비트컴퓨터,,
00231707,2019,7093058781.0,2126420050.0,62486547209.0,37376711760.0,26310646020.0,56060862423.0,32850.0,비트컴퓨터,,
00231707,2020,6474398128.0,11155030118.0,70551352938.0,37282547857.0,26554991928.0,62486547209.0,32850.0,비트컴퓨터,,
00360595,2015,376786373554.0,,7478514338676.0,14671209542520.0,13555221777408.0,6196213723167.0,86280.0,현대글로비스,,
00360595,2016,505707468911.0,,7967477349520.0,15340631691891.0,14234855434208.0,7478514338676.0,86280.0,현대글로비스,,
00360595,2017,680453843815.0,,8185663711874.0,16358289275041.0,15226229589037.0,7967477349520.0,86280.0,현대글로비스,,
00360595,2018,437373374120.0,,8687842635183.0,16865565662638.0,15714725335952.0,8185663711874.0,86280.0,현대글로비스,,
00360595,2019,502322713669.0,,10129735810035.0,18270050465618.0,16903573993032.0,8687842635183.0,86280.0,현대글로비스,,
00360595,2020,606142677103.0,,10898704436618.0,16519884633100.0,15229428576518.0,10129735810035.0,86280.0,현대글로비스,,
00403632,2015,38201199163.0,81324576195.0,652175416465.0,291198623484.0,173276037911.0,641188872499.0,126560.0,현대퓨처넷,,
00403632,2016,45599811088.0,96454724537.0,691077957036.0,292115551325.0,175816944256.0,652175416465.0,126560.0,현대퓨처넷,,
00403632,2017,43547240524.0,87177410310.0,734968548314.0,290236288889.0,174254947886.0,691077957036.0,126560.0,현대퓨처넷,,
00403632,2018,39926146399.0,63247285724.0,780480290845.0,289738546119.0,177879641742.0,734968548314.0,126560.0,현대퓨처넷,,
00403632,2019,37797734880.0,82253199410.0,813483890826.0,292866372298.0,185197579379.0,780480290845.0,126560.0,현대퓨처넷,,
00403632,2020,-40372005185.0,20533691607.0,994573403876.0,307991979576.0,212908402177.0,813483890826.0,126560.0,현대퓨처넷,,
00364403,2015,985127334.0,646851979.0,297180548245.0,189958709601.0,141534867954.0,194005314221.0,50890.0,쏠리드,,
00364403,2016,-71440529284.0,-40647243440.0,342717604817.0,291489405155.0,208564638781.0,318960347941.0,50890.0,쏠리드,,
00364403,2017,-25861411708.0,19398721551.0,280947023717.0,259308877134.0,168486580025.0,342717604817.0,50890.0,쏠리드,,
00364403,2018,11220355666.0,-10781825066.0,269361555694.0,222581331012.0,154100923797.0,280947023717.0,50890.0,쏠리드,,
00364403,2019,5410908676.0,20235520098.0,283758311260.0,229279897544.0,163753323022.0,269361555694.0,50890.0,쏠리드,,
00364403,2020,-11856632038.0,-5779529704.0,281458781802.0,172862741892.0,119145875965.0,283758311260.0,50890.0,쏠리드,,
00208444,2015,13618789543.0,17378389746.0,206561951430.0,138364037587.0,80025713361.0,198582776082.0,31980.0,피에스케이홀딩스,,
00208444,2016,19633766149.0,37514615516.0,235455513960.0,163071753745.0,91018165599.0,206561951430.0,31980.0,피에스케이홀딩스,,
00208444,2017,39443420804.0,18013448801.0,276692093358.0,275390544841.0,156290407073.0,235455513960.0,31980.0,피에스케이홀딩스,,
00208444,2018,53521667778.0,41524555935.0,319834248958.0,328682009873.0,184007329782.0,276692093358.0,31980.0,피에스케이홀딩스,,
00208444,2019,8394444330.0,-3557829989.0,101648328067.0,42078133191.0,23323868960.0,319834248958.0,31980.0,피에스케이홀딩스,,
00208444,2020,59201747768.0,9833579602.0,239229055636.0,39774309564.0,18364206904.0,125641988231.0,31980.0,피에스케이홀딩스,,
00161860,2015,2406931694.0,-13478943337.0,214603274119.0,291547286663.0,242592286188.0,213604545557.0,3680.0,한성기업,,
00161860,2016,-48304827.0,-2690451213.0,230855836622.0,320682776765.0,266931022041.0,214603274119.0,3680.0,한성기업,,
00161860,2017,2593300518.0,9773623970.0,215309216303.0,322797363459.0,268119516710.0,230855836622.0,3680.0,한성기업,,
00161860,2018,-2632953563.0,-2770738746.0,222227642738.0,286868464753.0,245145074949.0,215309216303.0,3680.0,한성기업,,
00161860,2019,-17371195375.0,-5404168974.0,233558717156.0,270094562897.0,230596419052.0,222227642738.0,3680.0,한성기업,,
00161860,2020,2265625673.0,29183495759.0,195752061699.0,266147981476.0,221474130085.0,233558717156.0,3680.0,한성기업,,
00554024,2016,123502926972.0,30435615542.0,1987818308111.0,756437353905.0,529493343914.0,1591524695535.0,91990.0,셀트리온헬스케어,,
00554024,2017,165683863606.0,-194299589382.0,2875003479638.0,921499987498.0,686195808710.0,1997846960303.0,91990.0,셀트리온헬스케어,,
00554024,2018,14775075876.0,-184228499815.0,2948569159215.0,695082135176.0,643587699082.0,2875003479638.0,91990.0,셀트리온헬스케어,,
00554024,2019,64961999795.0,-163839197088.0,2848904874116.0,1100877966455.0,891573631691.0,2948569159215.0,91990.0,셀트리온헬스케어,,
00554024,2020,240406565499.0,-22608112292.0,3739698458262.0,1627596815280.0,1085822154306.0,2848904874116.0,91990.0,셀트리온헬스케어,,
00428251,2015,280261974000.0,401136225000.0,6160846844000.0,1656960042000.0,263315428000.0,5683921344000.0,69960.0,현대백화점,,
00428251,2016,321112180000.0,442017130000.0,6587262226000.0,1831801786000.0,315228845000.0,6160846844000.0,69960.0,현대백화점,,
00428251,2017,302249519000.0,437234382000.0,6777281518000.0,1848140316000.0,311901873000.0,6587262226000.0,69960.0,현대백화점,,
00428251,2018,287418964000.0,435324558000.0,6988562089000.0,1862205782000.0,350466053000.0,6777281518000.0,69960.0,현대백화점,,
00428251,2019,243010565000.0,377485321000.0,7623094297000.0,2198949660000.0,572131434000.0,6988562089000.0,69960.0,현대백화점,,
00428251,2020,105056700000.0,259368187000.0,8707032548000.0,2273151865000.0,844955068000.0,7623094297000.0,69960.0,현대백화점,,
00135962,2015,16748654188.0,-24611489938.0,510104471339.0,291677275050.0,246445306730.0,510383680915.0,4970.0,신라교역,,
00135962,2016,27731420788.0,8940608810.0,525212039727.0,304666752111.0,254451566427.0,510104471339.0,4970.0,신라교역,,
00135962,2017,26512622457.0,36870452322.0,549948061193.0,413095667337.0,331360332122.0,525212039727.0,4970.0,신라교역,,
00135962,2018,40403429457.0,-3054581642.0,581034540699.0,355250226390.0,324085188635.0,549948061193.0,4970.0,신라교역,,
00135962,2019,10313816051.0,-684536073.0,619927969163.0,369645830609.0,333810453969.0,581034540699.0,4970.0,신라교역,,
00135962,2020,7669341581.0,6805548093.0,629072904762.0,372322115284.0,326360045266.0,619927969163.0,4970.0,신라교역,,
00378220,2015,963683495.0,1067358024.0,33235979359.0,26078567823.0,17803618139.0,33367269400.0,66410.0,버킷스튜디오,,
00378220,2016,-9683219963.0,1179918628.0,23751306610.0,17961353544.0,13419171713.0,33235979359.0,66410.0,버킷스튜디오,,
00378220,2017,796660839.0,1042285687.0,24444762324.0,16096171732.0,10246549834.0,23751306610.0,66410.0,버킷스튜디오,,
00378220,2018,-9926818606.0,849583768.0,34550470443.0,18445342353.0,13330456845.0,24444762324.0,66410.0,버킷스튜디오,,
00378220,2019,-2982521867.0,1100961882.0,53999880966.0,17584675047.0,11622224498.0,34550470443.0,66410.0,버킷스튜디오,,
00378220,2020,-5130525975.0,-7236484118.0,72610294149.0,23256432183.0,18268292022.0,53999880966.0,66410.0,버킷스튜디오,,
00447609,2015,8692616364.0,-18940094205.0,331915734672.0,364623180127.0,330970359869.0,263922061171.0,90460.0,비에이치,,
00447609,2016,-24498437330.0,600161079.0,310622425196.0,,371602205916.0,331915734672.0,90460.0,비에이치,,
00447609,2017,46380928626.0,59042946035.0,519806001803.0,691341626549.0,580991060071.0,310622425196.0,90460.0,비에이치,,
00447609,2018,81634647434.0,161144645895.0,469756137718.0,767882469568.0,614519912879.0,519806001803.0,90460.0,비에이치,,
00447609,2019,56601199305.0,70745078542.0,477943795573.0,654853721434.0,566414890928.0,469756137718.0,90460.0,비에이치,,
00447609,2020,25903845202.0,20239508952.0,561120408493.0,721358197178.0,658519137481.0,477943795573.0,90460.0,비에이치,,
00106119,2015,14474632936.0,7307038076.0,165405930524.0,158999532816.0,136083219115.0,160244911179.0,1570.0,금양,,
00106119,2016,-20526294802.0,8032406038.0,178901902128.0,168681745782.0,137529478760.0,165405930524.0,1570.0,금양,,
00106119,2017,18645437855.0,-22124138464.0,196084031964.0,180373682716.0,144907190836.0,178901902128.0,1570.0,금양,,
00106119,2018,20253299661.0,17366463211.0,204777155570.0,205441375396.0,165009910890.0,196084031964.0,1570.0,금양,,
00106119,2019,-10903987298.0,-599178756.0,224222540377.0,172723863687.0,136904841121.0,204777155570.0,1570.0,금양,,
00106119,2020,-3962270109.0,-507536449.0,219851714051.0,176169811092.0,144903187132.0,224222540377.0,1570.0,금양,,
00108940,2015,27663013375.0,57825935902.0,1139355863599.0,1055983948539.0,931252017305.0,1190198479838.0,16710.0,대성홀딩스,,
00108940,2016,23359910853.0,62885149492.0,1128442415119.0,890214428078.0,754153633497.0,1139355863599.0,16710.0,대성홀딩스,,
00108940,2017,32183555413.0,63362527090.0,1106188485403.0,903125371899.0,766541066079.0,1128442415119.0,16710.0,대성홀딩스,,
00108940,2018,23779128569.0,56378758224.0,1117337450347.0,909829097607.0,777071909525.0,1106188485403.0,16710.0,대성홀딩스,,
00108940,2019,17926750781.0,56982732352.0,1135842550336.0,918567910220.0,792641091962.0,1117337450347.0,16710.0,대성홀딩스,,
00108940,2020,47690199731.0,72565176803.0,1181125454544.0,889509100343.0,740921214093.0,1135842550336.0,16710.0,대성홀딩스,,
00568188,2015,3319138269.0,3357396229.0,48093348527.0,35793920049.0,27764324699.0,48654440268.0,98120.0,마이크로컨텍솔,,
00568188,2016,-249972876.0,-222760108.0,44740846909.0,27223309387.0,24095572728.0,48093348527.0,98120.0,마이크로컨텍솔,,
00568188,2017,-3856012921.0,1662599181.0,41284656528.0,27006640223.0,24788247730.0,44740846909.0,98120.0,마이크로컨텍솔,,
00568188,2018,-4497585286.0,-1798581064.0,35818677452.0,25683997231.0,24807371544.0,41284656528.0,98120.0,마이크로컨텍솔,,
00568188,2019,831946921.0,249578130.0,37413849712.0,34428726931.0,29388275281.0,35818677452.0,98120.0,마이크로컨텍솔,,
00568188,2020,1120573601.0,2367042777.0,42743113508.0,39274889541.0,33069025876.0,38044902802.0,98120.0,마이크로컨텍솔,,
00140964,2015,172629437721.0,299344825975.0,2648231029182.0,1880488283777.0,1190776140924.0,1774790424195.0,9970.0,영원무역홀딩스,,
00140964,2016,128985771349.0,129248633632.0,2838123068022.0,2338014921195.0,1571364674721.0,2648231029182.0,9970.0,영원무역홀딩스,,
00140964,2017,117579783616.0,191077551054.0,2760525744291.0,2384765744265.0,1582546403926.0,2838123068022.0,9970.0,영원무역홀딩스,,
00140964,2018,152106278538.0,271732947604.0,3262155792804.0,2518695930139.0,1643814834883.0,2760525744291.0,9970.0,영원무역홀딩스,,
00140964,2019,227683258590.0,282483205332.0,3789427813762.0,2737959365703.0,1852264773423.0,3262155792804.0,9970.0,영원무역홀딩스,,
00140964,2020,234465776622.0,446746314305.0,3732514860246.0,2850956468358.0,1917597202387.0,3789427813762.0,9970.0,영원무역홀딩스,,
01199550,2019,23547402252.0,16265542358.0,481150927535.0,446103343108.0,380974234017.0,276394915224.0,322000.0,HD현대에너지솔루션,,
01199550,2020,6223748043.0,-9669457093.0,458242117629.0,394396712556.0,341476118898.0,481150927535.0,322000.0,HD현대에너지솔루션,,
00543107,2015,-5326585195.0,3284422237.0,58153277094.0,38312774844.0,31165772549.0,65963970817.0,80580.0,오킨스전자,,
00543107,2016,-9785779906.0,-1082031831.0,57514044167.0,25087831721.0,25729509359.0,58153277094.0,80580.0,오킨스전자,,
00543107,2017,-1032326149.0,3328739290.0,56891730637.0,39319105298.0,32956177479.0,57514044167.0,80580.0,오킨스전자,,
00543107,2018,115817839.0,6845402458.0,48794278614.0,34065695980.0,26835600678.0,56891730637.0,80580.0,오킨스전자,,
00543107,2019,213235837.0,6027912969.0,54821462348.0,38478884255.0,29544336105.0,48794278614.0,80580.0,오킨스전자,,
00543107,2020,396057787.0,6846076243.0,58307129808.0,45119741718.0,35734366532.0,54821462348.0,80580.0,오킨스전자,,
00164502,2015,15152732528.0,12267364713.0,127187956046.0,197997560765.0,173071570548.0,109800322934.0,170030.0,현대공업,,
00164502,2016,15465850386.0,22608530122.0,146903560113.0,213171116342.0,181203321622.0,127187956046.0,170030.0,현대공업,,
00164502,2017,6228206570.0,15572832797.0,146606165717.0,176625545397.0,157746948043.0,146903560113.0,170030.0,현대공업,,
00164502,2018,1017002415.0,1815073802.0,138084051432.0,158585742697.0,149975300939.0,146606165717.0,170030.0,현대공업,,
00164502,2019,4097035037.0,7439590008.0,141735192079.0,166710367419.0,153963120700.0,138084051432.0,170030.0,현대공업,,
00164502,2020,11129395897.0,9786105215.0,163157535790.0,209840740109.0,188499089547.0,141735192079.0,170030.0,현대공업,,
00106669,2015,165047731489.0,353713049239.0,3593929794898.0,2526725912931.0,2192526317484.0,2429299409356.0,1430.0,세아베스틸지주,,
00106669,2016,104654832540.0,255231398961.0,3537087560425.0,2531111524260.0,2271770115590.0,3593929794898.0,1430.0,세아베스틸지주,,
00106669,2017,137150033601.0,221905765985.0,3590984648655.0,3055344916475.0,2736767835124.0,3537087560425.0,1430.0,세아베스틸지주,,
00106669,2018,24809845730.0,88020960186.0,3718893786248.0,3278056472831.0,3087956484928.0,3590984648655.0,1430.0,세아베스틸지주,,
00106669,2019,19189145067.0,323396794077.0,3576889161377.0,2960677156184.0,2788518178626.0,3718893786248.0,1430.0,세아베스틸지주,,
00106669,2020,-245476439576.0,385737835559.0,3280434990885.0,2535775915596.0,2402692061225.0,3576889161377.0,1430.0,세아베스틸지주,,
00380429,2015,-3650090823.0,2410204602.0,56532820709.0,27041894373.0,17237814081.0,58068325650.0,58820.0,CMG제약,,
00380429,2016,1727895085.0,3321352131.0,110979866978.0,32969825023.0,19663388727.0,56532820709.0,58820.0,CMG제약,,
00380429,2017,-186914233.0,2732122585.0,112758554952.0,41535587785.0,23497552078.0,110979866978.0,58820.0,CMG제약,,
00380429,2018,6065025685.0,886778726.0,114379879547.0,49864782072.0,27124840951.0,109568153346.0,58820.0,CMG제약,,
00380429,2019,3051176651.0,2823387027.0,192243166184.0,58622680863.0,29700049625.0,114379879547.0,58820.0,CMG제약,,
00380429,2020,214996493.0,2944288629.0,195355582667.0,64459891270.0,33249439290.0,192243166184.0,58820.0,CMG제약,,
00138695,2015,-4986245633.0,521465837.0,17876451420.0,8980324917.0,8621900585.0,22540866357.0,13340.0,뉴아세아,,
00173078,2020,-88786090362.0,48131126189.0,476900966475.0,809027813381.0,707060757678.0,365791503399.0,9900.0,명신산업,,
00573579,2015,2873822445.0,8115368834.0,164280658396.0,320039001259.0,299502033023.0,161204693970.0,90080.0,평화산업,,
00573579,2016,1710962825.0,17792096641.0,165068412465.0,327043761696.0,307034617691.0,164280658396.0,90080.0,평화산업,,
00573579,2017,-7925310184.0,4605987003.0,178292605042.0,324536134906.0,315777762047.0,165068412465.0,90080.0,평화산업,,
00573579,2018,-44077297673.0,-12594057116.0,178368752866.0,335829006517.0,331350256667.0,178292605042.0,90080.0,평화산업,,
00573579,2019,-7210043920.0,-25855511335.0,194159753902.0,353267056607.0,336976584406.0,178368752866.0,90080.0,평화산업,,
00573579,2020,-7790029844.0,19583313725.0,203154749775.0,338581043382.0,322148804922.0,194159753902.0,90080.0,평화산업,,
00634728,2015,7793159760.0,7951907686.0,38387551350.0,25568399574.0,,34234183777.0,92130.0,이크레더블,,
00634728,2016,9844627847.0,10903264692.0,44621404663.0,31498656793.0,,38387551350.0,92130.0,이크레더블,,
00634728,2017,10905312724.0,11892672007.0,49406966361.0,34056744078.0,,44621404663.0,92130.0,이크레더블,,
00634728,2018,12524752934.0,13362005202.0,56608356875.0,37243072287.0,,49406966361.0,92130.0,이크레더블,,
00634728,2019,13651536911.0,14226267885.0,62637187602.0,40922495421.0,,56608356875.0,92130.0,이크레더블,,
00634728,2020,13050829502.0,17147443656.0,67494683028.0,42906193743.0,,62637187602.0,92130.0,이크레더블,,
00861076,2015,4477509600.0,-13331150963.0,122757939000.0,11377931422.0,3188483588.0,108447437976.0,145270.0,케이탑리츠,,
00861076,2016,2682051616.0,1542623514.0,135105420177.0,9139022479.0,3820257939.0,122757939000.0,145270.0,케이탑리츠,,
00861076,2017,2479301924.0,-9799622709.0,149016068455.0,8564156392.0,1319818887.0,135105420177.0,145270.0,케이탑리츠,,
00861076,2018,3344586451.0,-47450912950.0,202204198811.0,11033755105.0,,149016068455.0,145270.0,케이탑리츠,,
00861076,2019,5439619766.0,-1302594915.0,210773444181.0,14342283871.0,,202204198811.0,145270.0,케이탑리츠,,
00861076,2020,11157583700.0,1714816856.0,229462441004.0,21189661299.0,,210773444181.0,145270.0,케이탑리츠,,
00910840,2015,6533221505.0,8209177313.0,59149843426.0,58328848365.0,44713458242.0,52811676339.0,192390.0,윈하이텍,,
00910840,2016,1615470069.0,-757516481.0,58881374052.0,64581333325.0,55707785133.0,59149843426.0,192390.0,윈하이텍,,
00910840,2017,3868482925.0,-45965945.0,102766060272.0,68571219516.0,57745542342.0,58881374052.0,192390.0,윈하이텍,,
00910840,2018,6402719763.0,-17659405049.0,124942058164.0,95230103361.0,77948174842.0,102766060272.0,192390.0,윈하이텍,,
00910840,2019,-7755469218.0,21258729959.0,112973265426.0,84575176061.0,80070386270.0,124942058164.0,192390.0,윈하이텍,,
00910840,2020,-1454732979.0,-1171537127.0,96359408802.0,75697119407.0,72043199215.0,112973265426.0,192390.0,윈하이텍,,
00109781,2015,-11847230686.0,1723982359.0,104376612722.0,54737678477.0,52457816660.0,109820851564.0,17650.0,대림제지,,
00109781,2016,16986235836.0,3684411798.0,121643714886.0,67430955207.0,56010091802.0,104376612722.0,17650.0,대림제지,,
00109781,2017,3254627700.0,5205447519.0,238756286137.0,118019205514.0,104251361084.0,121643714886.0,17650.0,대림제지,,
00109781,2018,12874056128.0,18869789523.0,258751455758.0,146502271963.0,118557617680.0,238756286137.0,17650.0,대림제지,,
00109781,2019,2511384359.0,16565003741.0,229356108641.0,105900334999.0,90509958660.0,258751455758.0,17650.0,대림제지,,
00109781,2020,13080910071.0,28773606655.0,242237199151.0,128736850031.0,101506190285.0,229356108641.0,17650.0,대림제지,,
00361266,2015,-10321894593.0,-1925131112.0,37467432641.0,14986883583.0,16086882418.0,66975754256.0,56000.0,코원플레이,,
00361266,2016,-7998006969.0,-247172787.0,43231967111.0,29984911654.0,19546722200.0,37467432641.0,56000.0,코원플레이,,
00361266,2017,181469258.0,-3711395722.0,22125522440.0,30676038966.0,17410727300.0,43231967111.0,56000.0,코원플레이,,
00361266,2018,-1004766065.0,-1038452021.0,22337355800.0,25727900849.0,15390717992.0,22125522440.0,56000.0,코원플레이,,
00361266,2019,-3367746754.0,1788234252.0,21161056965.0,19805335401.0,13820913883.0,22337355800.0,56000.0,코원플레이,,
00361266,2020,296575517.0,-12856700565.0,54057786023.0,17509559484.0,10143341619.0,21161056965.0,56000.0,코원플레이,,
01344202,2020,-11108598035.0,-7795587263.0,9587094279.0,1257218734.0,,7452661169.0,338220.0,뷰노,,
00776820,2015,144523885277.0,258355120363.0,2221028528352.0,1584939206233.0,1135676081167.0,1394096456151.0,111770.0,영원무역,,
00776820,2016,108970650961.0,101895100403.0,2389711953432.0,2001607172387.0,1474629420727.0,2221028528352.0,111770.0,영원무역,,
00776820,2017,94672822290.0,159143300340.0,2274891069031.0,2009311225047.0,1472177019957.0,2389711953432.0,111770.0,영원무역,,
00776820,2018,111285166379.0,183941792931.0,2638946076535.0,2101268459139.0,1532124607346.0,2274891069031.0,111770.0,영원무역,,
00776820,2019,174282786708.0,231753126141.0,3104545848395.0,2388266483185.0,1782387006601.0,2638946076535.0,111770.0,영원무역,,
00776820,2020,182425908251.0,346090092799.0,3038285285380.0,2466374429266.0,1838040336099.0,3104545848395.0,111770.0,영원무역,,
00599285,2016,14180546061.0,10887164537.0,93238915787.0,100146989618.0,70344938195.0,83388072472.0,140070.0,서플러스글로벌,,
00599285,2017,19867044909.0,-15753955925.0,155283308015.0,111730232651.0,73699202873.0,93238915787.0,140070.0,서플러스글로벌,,
00599285,2018,20430948671.0,18168559496.0,182797720286.0,146061392225.0,103362873154.0,155283308015.0,140070.0,서플러스글로벌,,
00599285,2019,1535959985.0,4235360406.0,178822582868.0,110327844685.0,91198764281.0,182797720286.0,140070.0,서플러스글로벌,,
00599285,2020,11688948531.0,32029579448.0,224013249715.0,125560221771.0,95026992914.0,178822582868.0,140070.0,서플러스글로벌,,
00550994,2015,14455365579.0,19037816589.0,179799992973.0,101920703199.0,56521340318.0,163510079576.0,99190.0,아이센스,,
00550994,2016,17544912414.0,11726508826.0,217575303963.0,132468196930.0,70637045369.0,179799992973.0,99190.0,아이센스,,
00550994,2017,15144223380.0,22376411244.0,234077005922.0,156963800842.0,87760413073.0,215065816065.0,99190.0,아이센스,,
00550994,2018,22414154718.0,19543478139.0,252048099574.0,172996578932.0,95274029416.0,234077005922.0,99190.0,아이센스,,
00550994,2019,23263932301.0,37950911704.0,270042337845.0,189844257361.0,103062886125.0,252048099574.0,99190.0,아이센스,,
00550994,2020,27295506466.0,34614942255.0,307030228683.0,203707640796.0,107920410894.0,270042337845.0,99190.0,아이센스,,
00117708,2015,40838326421.0,-93390762086.0,779423690897.0,371855075973.0,159078241893.0,639665162234.0,12700.0,리드코프,,
00117708,2016,32986732469.0,-117994895473.0,946103863606.0,438470616256.0,199885091726.0,779423690897.0,12700.0,리드코프,,
00117708,2017,36218496514.0,-130577092589.0,1114804846090.0,442470050389.0,395155766119.0,946103863606.0,12700.0,리드코프,,
00117708,2018,31992580925.0,6215269791.0,1140659525752.0,464040182407.0,419151717461.0,1114804846090.0,12700.0,리드코프,,
00117708,2019,40586228928.0,151204014566.0,1036734076565.0,495358851261.0,441474946008.0,1140659525752.0,12700.0,리드코프,,
00117708,2020,45873178772.0,59027321601.0,1096716774218.0,373200178872.0,313114016988.0,1036734076565.0,12700.0,리드코프,,
00140779,2015,8898069333.0,23452126145.0,172735282779.0,157352293929.0,118839031420.0,172187741524.0,14440.0,영보화학,,
00140779,2016,11220345716.0,20296039087.0,182197358075.0,157803796728.0,118278767210.0,172735282779.0,14440.0,영보화학,,
00140779,2017,29574038680.0,15071480451.0,179187991350.0,164618162618.0,128407862898.0,182197358075.0,14440.0,영보화학,,
00140779,2018,5657471239.0,14072054693.0,176083758253.0,143915371212.0,111846697788.0,179187991350.0,14440.0,영보화학,,
00140779,2019,4753725147.0,4508819027.0,180831115939.0,131196067839.0,99844718857.0,176083758253.0,14440.0,영보화학,,
00140779,2020,2658898067.0,9085707638.0,174719741281.0,107368553479.0,83269187205.0,180831115939.0,14440.0,영보화학,,
00105138,2015,2784346652.0,4790591574.0,100342942103.0,148169202888.0,135799047303.0,110139456104.0,33540.0,파라텍,,
00105138,2016,3424949236.0,-21770017845.0,143809366125.0,226852268036.0,209917635324.0,100278291525.0,33540.0,파라텍,,
00105138,2017,12141184588.0,-3463754629.0,144843947984.0,259716264200.0,238280812687.0,143809366125.0,33540.0,파라텍,,
00105138,2018,242128018.0,-8875303063.0,147465475380.0,191164238408.0,179892069425.0,144843947984.0,33540.0,파라텍,,
00105138,2019,-29633121323.0,9392818868.0,123595722679.0,126614042584.0,152227892468.0,147465475380.0,33540.0,파라텍,,
00105138,2020,8388181932.0,6105663382.0,114480234745.0,114961598320.0,98209896159.0,123595722679.0,33540.0,파라텍,,
00925587,2020,8487689025.0,4465795484.0,115666848026.0,55617176046.0,34031648255.0,81448633915.0,348350.0,위드텍,,
00134565,2015,1171749931.0,-55305319225.0,115417616218.0,23937806644.0,19181136767.0,70532658380.0,15020.0,이스타코,,
00134565,2016,-8121738462.0,-1055707442.0,117311533213.0,13721933111.0,11256284619.0,115417616218.0,15020.0,이스타코,,
00134565,2017,-2982263029.0,24169201990.0,88142004394.0,53879625085.0,46445373253.0,117311533213.0,15020.0,이스타코,,
00134565,2018,-5224269219.0,-2778036237.0,80340272366.0,26567531413.0,23167943350.0,88142004394.0,15020.0,이스타코,,
00134565,2019,10952189640.0,16742147789.0,78897625324.0,23815643734.0,16324189413.0,80340272366.0,15020.0,이스타코,,
00134565,2020,-57403066.0,-1866915975.0,70696187624.0,5892497727.0,2830331336.0,78897625324.0,15020.0,이스타코,,
00125822,2015,746148846.0,36360930713.0,258718332552.0,363265085109.0,343462001982.0,268011205506.0,9620.0,삼보산업,,
00125822,2016,-7312974192.0,23494863590.0,276381764192.0,339945948586.0,330026431869.0,258718332552.0,9620.0,삼보산업,,
00125822,2017,-10518236005.0,9707423359.0,281508712458.0,345669981284.0,336332234546.0,276381764192.0,9620.0,삼보산업,,
00125822,2018,-7703936857.0,6634846661.0,295955267619.0,284529923850.0,267533386911.0,281508712458.0,9620.0,삼보산업,,
00125822,2019,-3783383635.0,17743783852.0,300467660713.0,319940541585.0,296682836345.0,295955267619.0,9620.0,삼보산업,,
00125822,2020,-7064158653.0,28945607088.0,296022828039.0,299936255798.0,274382188961.0,300467660713.0,9620.0,삼보산업,,
00228712,2015,8315280356.0,3240803344.0,162703401095.0,239667925474.0,219705889814.0,158072461939.0,88910.0,동우팜투테이블,,
00228712,2016,12948749417.0,13010856796.0,173623655740.0,235752894708.0,210777175910.0,162703401095.0,88910.0,동우팜투테이블,,
00228712,2017,17506765311.0,22035615871.0,200503428871.0,230843688460.0,199150296478.0,173623655740.0,88910.0,동우팜투테이블,,
00228712,2018,18123380045.0,19537164319.0,220488718080.0,250159235408.0,217539111640.0,200503428871.0,88910.0,동우팜투테이블,,
00228712,2019,2632410624.0,6991148221.0,224727531223.0,270567996273.0,249025197705.0,220488718080.0,88910.0,동우팜투테이블,,
00228712,2020,-2317447714.0,-2612385419.0,256678789259.0,276183344324.0,260994915661.0,224727531223.0,88910.0,동우팜투테이블,,
00140858,2015,2006869291.0,3914461500.0,121066814643.0,111476755409.0,88152950296.0,105474192602.0,7530.0,와이엠,,
00140858,2016,1093434223.0,-1112740408.0,135334525201.0,117251228410.0,94161441680.0,121066814643.0,7530.0,와이엠,,
00140858,2017,-16329657403.0,-5936341031.0,129230540305.0,117773187602.0,100067641796.0,135334525201.0,7530.0,와이엠,,
00140858,2018,2575530101.0,7650779009.0,134639823010.0,117473878686.0,93749962779.0,129230540305.0,7530.0,와이엠,,
00140858,2019,5771365575.0,8470031648.0,133117063914.0,119777966437.0,97018457127.0,134639823010.0,7530.0,와이엠,,
00140858,2020,-2076005221.0,10639816496.0,133387944596.0,110571155134.0,92015885627.0,133117063914.0,7530.0,와이엠,,
00136624,2015,11352083061.0,19677750858.0,317693559471.0,179119559063.0,77228934251.0,300720370762.0,5800.0,신영와코루,,
00136624,2016,17329785258.0,2339935217.0,334494513210.0,179458126739.0,76832748911.0,317693559471.0,5800.0,신영와코루,,
00136624,2017,9126170725.0,940459539.0,331622240420.0,182408177952.0,77268409521.0,334494513210.0,5800.0,신영와코루,,
00136624,2018,2709407361.0,4454509221.0,335722109064.0,171440942426.0,69931747870.0,331622240420.0,5800.0,신영와코루,,
00136624,2019,2872501044.0,3306182540.0,348312196066.0,178061481917.0,72008321643.0,345216230515.0,5800.0,신영와코루,,
00136624,2020,2920537366.0,8430599035.0,373426209052.0,177981407270.0,74314328076.0,348312196066.0,5800.0,신영와코루,,
01259232,2018,6867267065.0,6335214764.0,33247538460.0,25883507228.0,15486739269.0,18441405919.0,285490.0,노바텍,,
01259232,2019,5493008792.0,5239256303.0,39961028971.0,26133498941.0,15107711815.0,33247538460.0,285490.0,노바텍,,
01259232,2020,27120976601.0,28945346562.0,103270597766.0,67855056004.0,26986897883.0,39961028971.0,285490.0,노바텍,,
00248974,2018,26169074145.0,27586563916.0,242379667819.0,152832773574.0,50925878875.0,141550773523.0,293480.0,하나제약,,
00248974,2019,28303724602.0,31717117205.0,263033793707.0,166346999036.0,56149782947.0,242379667819.0,293480.0,하나제약,,
00248974,2020,14892864952.0,15579887698.0,276579303713.0,177305504030.0,63282627037.0,263033793707.0,293480.0,하나제약,,
00413417,2016,13837451984.0,16980522553.0,265862667659.0,186697989727.0,142166707592.0,238127913167.0,73560.0,우리손에프앤지,,
00413417,2017,27503927600.0,32878583888.0,290410010582.0,209731268717.0,150019815079.0,265862667659.0,73560.0,우리손에프앤지,,
00413417,2018,27404281102.0,29202383242.0,355933917761.0,236789278099.0,196581930242.0,290410010582.0,73560.0,우리손에프앤지,,
00413417,2019,4276231434.0,24876281769.0,370556224050.0,225233901230.0,194215408091.0,355933917761.0,73560.0,우리손에프앤지,,
00413417,2020,23802889375.0,44091746761.0,411980585647.0,237094409997.0,182431210429.0,370556224050.0,73560.0,우리손에프앤지,,
00498001,2015,29489788080.0,23332944337.0,199989246748.0,254982987332.0,219496445966.0,180852345522.0,101330.0,모베이스,,
00498001,2016,31533940800.0,36722774240.0,247707378071.0,285420879480.0,224716967041.0,199989246748.0,101330.0,모베이스,,
00498001,2017,15391700183.0,27147198062.0,250446107635.0,320774244999.0,268589867981.0,247707378071.0,101330.0,모베이스,,
00498001,2018,20997163953.0,26774950721.0,299284344567.0,375310929083.0,322942659292.0,250446107635.0,101330.0,모베이스,,
00498001,2019,46530165433.0,82687920091.0,991473183526.0,652513095899.0,572537490291.0,299284344567.0,101330.0,모베이스,,
00498001,2020,-22480056807.0,76188656872.0,965929051986.0,1136996905202.0,1047537819497.0,991473183526.0,101330.0,모베이스,,
00397243,2015,-50784135346.0,16247599720.0,217656376573.0,112814707129.0,112284049522.0,327209072356.0,66350.0,티엔아이,,
00397243,2018,-17096280557.0,3835732966.0,61994713628.0,17316552196.0,21887585134.0,121423136949.0,66350.0,티엔아이,,
00397243,2019,-4948060714.0,934702973.0,58932142579.0,14760024971.0,14810912756.0,61994713628.0,66350.0,티엔아이,,
00397243,2020,-10696227350.0,-1036389551.0,50415456137.0,10226879793.0,11788751450.0,58932142579.0,66350.0,티엔아이,,
00842585,2015,393860089.0,1081967435.0,30741693115.0,22857730016.0,11952927485.0,30322642003.0,153460.0,네이블,,
00842585,2016,150591831.0,5955698251.0,38055742933.0,21590435238.0,10558971297.0,30741693115.0,153460.0,네이블,,
00842585,2017,-6335769858.0,-6917389464.0,30886559445.0,13473262478.0,8137686529.0,38055742933.0,153460.0,네이블,,
00842585,2018,-2345576767.0,-914367176.0,28037387227.0,15833273108.0,8809428742.0,30886559445.0,153460.0,네이블,,
00842585,2019,-372930059.0,-1958720079.0,25949215350.0,12360704133.0,5587619823.0,28037387227.0,153460.0,네이블,,
00842585,2020,576782631.0,-2035297508.0,27181595443.0,11837098650.0,5775418968.0,25949215350.0,153460.0,네이블,,
00127954,2015,6653752200.0,-18442496063.0,758801848183.0,2072357920441.0,1801351093878.0,673101686064.0,51500.0,CJ프레시웨이,,
00127954,2016,-5848857186.0,-4842850824.0,850536447202.0,2327923602211.0,2028412188237.0,758801848183.0,51500.0,CJ프레시웨이,,
00127954,2017,-1535621099.0,23395608057.0,902641812007.0,2504409846296.0,2151396657985.0,850536447202.0,51500.0,CJ프레시웨이,,
00127954,2018,16703748519.0,57682209298.0,917344534299.0,2828072306744.0,2469461348413.0,902641812007.0,51500.0,CJ프레시웨이,,
00127954,2019,9587493127.0,78647570575.0,1181663153051.0,3055080973511.0,2658610570709.0,917344534299.0,51500.0,CJ프레시웨이,,
00127954,2020,-42517696613.0,126251239674.0,1122778702937.0,2478528727709.0,2130780674236.0,1181663153051.0,51500.0,CJ프레시웨이,,
00341916,2015,16329510122.0,35708215828.0,393046809615.0,277703306057.0,115978555815.0,363121561462.0,48260.0,오스템임플란트,,
00341916,2016,20332630122.0,40071690759.0,475256673089.0,344582037794.0,141138939693.0,393255332024.0,48260.0,오스템임플란트,,
00341916,2017,5660307599.0,46791360098.0,555699305380.0,397790874407.0,165703487384.0,475256673089.0,48260.0,오스템임플란트,,
00341916,2018,6255767843.0,41228204546.0,637925848503.0,460146866557.0,201599558124.0,555699305380.0,48260.0,오스템임플란트,,
00341916,2019,-21960070611.0,67313028564.0,797389783082.0,565042600828.0,245906016588.0,637925848503.0,48260.0,오스템임플란트,,
00341916,2020,103533585208.0,107029893094.0,958670965538.0,631596212413.0,253397239566.0,797389783082.0,48260.0,오스템임플란트,,
00450995,2019,1730842736.0,-2586975170.0,75643423452.0,44996481746.0,33400501747.0,59050157493.0,317850.0,대모,,
00450995,2020,332335296.0,3410874239.0,76089407144.0,41232906020.0,31818541299.0,75643423452.0,317850.0,대모,,
00202060,2015,4158784939.0,17308908300.0,161330949681.0,172083049474.0,146639035555.0,155857242039.0,53270.0,구영테크,,
00202060,2016,2542449905.0,19282164217.0,166748489579.0,148301597204.0,125781105087.0,161330949681.0,53270.0,구영테크,,
00202060,2017,1357296187.0,5515130578.0,187009682702.0,149833357264.0,127099112846.0,166748489579.0,53270.0,구영테크,,
00202060,2018,5920905400.0,3263343541.0,202572970017.0,195238338507.0,172978813036.0,187009682702.0,53270.0,구영테크,,
00202060,2019,3387485911.0,7656129058.0,206569873068.0,230853335884.0,208667165596.0,202572970017.0,53270.0,구영테크,,
00202060,2020,727487106.0,18178377578.0,211767320381.0,196660508020.0,178110663470.0,206569873068.0,53270.0,구영테크,,
00161116,2015,-114411493785.0,94364034657.0,2285444643150.0,1855269347979.0,1639412386421.0,2084759757581.0,14790.0,HL D&I,,
00161116,2016,10165369397.0,207991456468.0,2073883264030.0,1831824053559.0,1582007046998.0,2285444643150.0,14790.0,HL D&I,,
00161116,2017,46610950033.0,76980269548.0,2214101549468.0,1920605104866.0,1641660828614.0,2073883264030.0,14790.0,HL D&I,,
00161116,2018,-12072113815.0,133714016226.0,1793753460658.0,1320997313083.0,1153849834688.0,2214101549468.0,14790.0,HL D&I,,
00161116,2019,2723762874.0,-129560437296.0,1588187042242.0,1304889861775.0,1132475625672.0,1793753460658.0,14790.0,HL D&I,,
00161116,2020,109895931842.0,-188197166310.0,1653568577954.0,1565317904902.0,1375318453445.0,1588187042242.0,14790.0,HL D&I,,
01251489,2019,8434788304.0,4686444916.0,65686253334.0,30770552257.0,9340529086.0,28961563368.0,300120.0,라온피플,,
01251489,2020,-4028371613.0,433198418.0,62877023789.0,15041930242.0,5152557522.0,65686253334.0,300120.0,라온피플,,
00838962,2015,-2370546916.0,-2105796199.0,55648993478.0,,,59150489076.0,131370.0,알서포트,,
00838962,2016,160047005.0,489002713.0,55925173189.0,,,55648993478.0,131370.0,알서포트,,
00838962,2017,2688816419.0,2571787102.0,54354108480.0,23077015654.0,,51463410394.0,131370.0,알서포트,,
00838962,2018,4974619303.0,-485376802.0,58874569879.0,24704711957.0,,54354108480.0,131370.0,알서포트,,
00838962,2019,8870797405.0,5603382505.0,78555022260.0,28486918376.0,,58874569879.0,131370.0,알서포트,,
00838962,2020,-1239392207.0,18368774819.0,75495212030.0,46356652396.0,,78555022260.0,131370.0,알서포트,,
00114765,2015,4884977796.0,37676056596.0,570697475683.0,622316659339.0,569459597695.0,516397132400.0,1620.0,케이비아이동국실업,,
00114765,2016,15614547075.0,6178678294.0,631021757551.0,625956922252.0,560352930378.0,570697475683.0,1620.0,케이비아이동국실업,,
00114765,2017,-41101826942.0,71344862702.0,549098269228.0,601955431525.0,583714936184.0,631021757551.0,1620.0,케이비아이동국실업,,
00114765,2018,-10111397794.0,50747329089.0,570273061240.0,650873646386.0,603900201196.0,549098269228.0,1620.0,케이비아이동국실업,,
00114765,2019,275497763.0,42600498705.0,559688329708.0,615578389906.0,570835691511.0,570273061240.0,1620.0,케이비아이동국실업,,
00114765,2020,-11427243423.0,24934607711.0,566142150316.0,530786950089.0,504717189851.0,559688329708.0,1620.0,케이비아이동국실업,,
01190568,2019,-68802895.0,22630045629.0,60525209508.0,158999740099.0,45748443940.0,58064020890.0,278470.0,에이피알,,
01190568,2020,7891717267.0,12777511272.0,91828661321.0,219939337665.0,58586370450.0,60525209508.0,278470.0,에이피알,,
00625942,2015,1338164665.0,-3429120963.0,131588623523.0,69362193972.0,54187364836.0,78089525777.0,114810.0,한솔아이원스,,
00625942,2016,-16172104804.0,-3797714005.0,157810640247.0,84990677404.0,77012852041.0,131588623523.0,114810.0,한솔아이원스,,
00625942,2017,-633172560.0,-7165814123.0,187504806415.0,129568010832.0,94649492523.0,157810640247.0,114810.0,한솔아이원스,,
00625942,2018,866174232.0,9745167675.0,197643350894.0,170603192936.0,126693510037.0,187504806415.0,114810.0,한솔아이원스,,
00625942,2019,-894133781.0,8008968530.0,190318342347.0,122297431601.0,95415192129.0,197643350894.0,114810.0,한솔아이원스,,
00625942,2020,3732806251.0,45721132611.0,166418530580.0,146265046480.0,118048829625.0,190318342347.0,114810.0,한솔아이원스,,
00110051,2015,66150544650.0,149855429596.0,665121655802.0,338019707321.0,198969552806.0,589824044564.0,36490.0,에스케이머티리얼즈,,
00110051,2016,110452762497.0,207879267413.0,903109895045.0,461443515086.0,268715766878.0,665121655802.0,36490.0,에스케이머티리얼즈,,
00110051,2017,104063434649.0,136719669095.0,1118007375949.0,512294419626.0,314694758195.0,903109895045.0,36490.0,에스케이머티리얼즈,,
00110051,2018,123440138280.0,176042050251.0,1398430529239.0,687252387797.0,430405925504.0,1118007375949.0,36490.0,에스케이머티리얼즈,,
00110051,2019,143301751902.0,251542881991.0,1615834120096.0,772194040270.0,467076273460.0,1398430529239.0,36490.0,에스케이머티리얼즈,,
00110051,2020,152046941782.0,281685091355.0,2038632155829.0,954980712566.0,604399058083.0,1615834120096.0,36490.0,에스케이머티리얼즈,,
00132992,2015,30922691645.0,280376509161.0,3229104413264.0,3521451431204.0,3165798966484.0,2612066830028.0,15750.0,성우하이텍,,
00132992,2016,27419170584.0,273463585985.0,3445158804252.0,3834290084681.0,3456557841609.0,3229104413264.0,15750.0,성우하이텍,,
00132992,2017,29281955526.0,338668473485.0,3385206081978.0,3366358640608.0,3097824862055.0,3485874187724.0,15750.0,성우하이텍,,
00132992,2018,18546014189.0,270882246005.0,3317671246866.0,3456881745863.0,3196412850392.0,3385206081978.0,15750.0,성우하이텍,,
00132992,2019,29501513524.0,382712421472.0,3446277583805.0,3389454157211.0,3126039657411.0,3317671246866.0,15750.0,성우하이텍,,
00132992,2020,-62879112830.0,328323165046.0,3341459161912.0,2970332347975.0,2779705040921.0,3465496850575.0,15750.0,성우하이텍,,
00153339,2015,-8297534965.0,23114075948.0,467026320430.0,353853067877.0,277208959596.0,431307720971.0,15890.0,태경산업,,
00153339,2016,4364515990.0,17418271303.0,498398106711.0,444685146627.0,347585957818.0,467026320430.0,15890.0,태경산업,,
00153339,2017,7751750250.0,39875269153.0,474559999064.0,563737011928.0,453738655922.0,498398106711.0,15890.0,태경산업,,
00153339,2018,14442560119.0,18276637281.0,542740904363.0,563469539355.0,451550225724.0,476211354100.0,15890.0,태경산업,,
00153339,2019,25552233451.0,59780168631.0,561358060153.0,519562901248.0,419831677508.0,542740904363.0,15890.0,태경산업,,
00153339,2020,8684072855.0,26642658286.0,541292144059.0,430636732490.0,333660187900.0,561358060153.0,15890.0,태경산업,,
00365457,2015,-3543653154.0,-6705709067.0,50777388201.0,34813125374.0,26443347776.0,48910276278.0,89790.0,제이티,,
00365457,2016,-9819049166.0,-1144511872.0,41611003722.0,22345653171.0,18871746992.0,50777388201.0,89790.0,제이티,,
00365457,2017,-180060940.0,2639945096.0,42425697739.0,32193107850.0,23392515859.0,41611003722.0,89790.0,제이티,,
00365457,2018,2448993175.0,1050789441.0,42019562548.0,34943400926.0,26201285446.0,42425697739.0,89790.0,제이티,,
00365457,2019,3787409503.0,8523108457.0,57029871290.0,42388223677.0,30787025862.0,42019562548.0,89790.0,제이티,,
00365457,2020,5204282564.0,3751910080.0,54506278463.0,44608947033.0,34370456614.0,57029871290.0,89790.0,제이티,,
00660121,2015,3393736051.0,1951071209.0,46798087086.0,60452386207.0,53539969455.0,34491955655.0,196490.0,디에이테크놀로지,,
00660121,2016,3991392503.0,-9129717473.0,73563750578.0,74923370933.0,66466382442.0,46798087086.0,196490.0,디에이테크놀로지,,
00660121,2017,1127984771.0,-2400960398.0,92144514947.0,101348010766.0,89718328809.0,73563750578.0,196490.0,디에이테크놀로지,,
00660121,2018,-16299509403.0,784597061.0,158555632473.0,92133286281.0,79451374994.0,92144514947.0,196490.0,디에이테크놀로지,,
00660121,2019,-21742032221.0,21437093742.0,122217449518.0,108845735930.0,93939660112.0,158555632473.0,196490.0,디에이테크놀로지,,
00660121,2020,-29486583282.0,-21326617447.0,130453873931.0,56844530206.0,59373358235.0,122217449518.0,196490.0,디에이테크놀로지,,
00117027,2015,19780940285.0,65150039981.0,429140446746.0,433853367277.0,379292497595.0,424433902626.0,1780.0,알루코,,
00117027,2016,22256089701.0,60459184259.0,439409020606.0,428583721030.0,375040384576.0,429140446746.0,1780.0,알루코,,
00117027,2017,12937660962.0,116050779684.0,477572306815.0,461688892125.0,413422446546.0,439409020606.0,1780.0,알루코,,
00117027,2018,3266743586.0,73640860659.0,744332477653.0,506772981926.0,453620832708.0,477572306815.0,1780.0,알루코,,
00117027,2019,-6794706665.0,47938758312.0,772552136753.0,454372345903.0,394814750466.0,744332477653.0,1780.0,알루코,,
00117027,2020,-31940783774.0,92515443690.0,701423267928.0,495265471625.0,425524394152.0,772552136753.0,1780.0,알루코,,
01212383,2017,-4521239653.0,-3832125766.0,21251300092.0,106531781.0,0.0,15711930366.0,262760.0,엔케이맥스,,
01212383,2018,-7744074003.0,-9277560537.0,48494324096.0,342497659.0,598000491.0,21251300092.0,262760.0,엔케이맥스,,
01014055,2017,2926985248.0,4464638940.0,106709872642.0,77300034644.0,61002101523.0,46965905297.0,234300.0,에스트래픽,,
01014055,2018,-9009158013.0,-9615690187.0,101672765948.0,40678385718.0,36202228625.0,106709872642.0,234300.0,에스트래픽,,
01014055,2019,-9372757761.0,7459437536.0,121068654327.0,79673571978.0,68391026162.0,101672765948.0,234300.0,에스트래픽,,
01014055,2020,-21176922584.0,2589985347.0,108598791755.0,92130559673.0,79249144395.0,121068654327.0,234300.0,에스트래픽,,
00544577,2018,17476845420.0,21972646627.0,64674902133.0,61038364677.0,33653330613.0,29614895471.0,89970.0,브이엠,,
00544577,2019,14158281507.0,11804084633.0,65533032681.0,59326130649.0,33149500547.0,64674902133.0,89970.0,브이엠,,
00544577,2020,23370146779.0,13011642923.0,118422273224.0,93030435633.0,52314921652.0,65533032681.0,89970.0,브이엠,,
00120508,2015,50274049652.0,124568237469.0,1287586330774.0,1706247941039.0,1357645266743.0,1193150796584.0,2270.0,롯데푸드,,
00120508,2016,58172689140.0,89779927477.0,1336154215674.0,1762404698469.0,1402362588336.0,1287586330774.0,2270.0,롯데푸드,,
00120508,2017,95072111069.0,90823610822.0,1221782829289.0,1818563145557.0,1492648052454.0,1336154215674.0,2270.0,롯데푸드,,
00120508,2018,42540085519.0,96812324020.0,1208283555825.0,1810810000905.0,1502970454133.0,1221782829289.0,2270.0,롯데푸드,,
00120508,2019,37522773399.0,47648417664.0,1321161787016.0,1788031136958.0,1487781411570.0,1208283555825.0,2270.0,롯데푸드,,
00120508,2020,70229440890.0,130168012497.0,1286538902374.0,1718812479144.0,1428321275736.0,1321161787016.0,2270.0,롯데푸드,,
00503899,2015,20313370875.0,21864220784.0,329377540925.0,664544720531.0,555231260812.0,303066319111.0,79660.0,사조해표,,
00503899,2016,1184124359.0,-343692960.0,369490555812.0,673909311661.0,578796897198.0,329377540925.0,79660.0,사조해표,,
00503899,2017,14086798749.0,21316410428.0,380284807315.0,653386415828.0,567875077482.0,369490555812.0,79660.0,사조해표,,
00503899,2018,7882204625.0,-24630442148.0,400120223842.0,628331867840.0,551405044648.0,380284807315.0,79660.0,사조해표,,
00110875,2015,1172534501.0,5600002876.0,40449261332.0,141102596676.0,126474497773.0,33776026300.0,20180.0,대신정보통신,,
00110875,2016,1372078203.0,6570549051.0,45524783479.0,150369094300.0,136852651230.0,40449261332.0,20180.0,대신정보통신,,
00110875,2017,1654423422.0,6142874491.0,53377156850.0,160434288145.0,148717264306.0,45524783479.0,20180.0,대신정보통신,,
00110875,2018,851239283.0,-3389174387.0,66764698103.0,170096006625.0,160544651649.0,53377156850.0,20180.0,대신정보통신,,
00110875,2019,1563148435.0,623034056.0,61164954791.0,207514835847.0,193853919472.0,66764698103.0,20180.0,대신정보통신,,
00110875,2020,1507201326.0,8117564651.0,82488221956.0,175863952292.0,162964238392.0,61164954791.0,20180.0,대신정보통신,,
01251577,2018,1005966490.0,1644066109.0,25167837009.0,16050841163.0,10479974406.0,11522942249.0,290270.0,휴네시온,,
01251577,2019,1793386294.0,3022649469.0,28292684212.0,18826120746.0,10849167984.0,25167837009.0,290270.0,휴네시온,,
01251577,2020,3316062613.0,2909968100.0,33892190344.0,25392287502.0,15430311149.0,28292684212.0,290270.0,휴네시온,,
00409681,2015,2500143539.0,,134775809501.0,80804412790.0,71948403415.0,116905702373.0,67390.0,아스트,,
00409681,2016,6187874055.0,,224110365987.0,87889700554.0,73664063979.0,134775809501.0,67390.0,아스트,,
00409681,2017,1466069112.0,,310505612044.0,97205917285.0,82158305671.0,224110365987.0,67390.0,아스트,,
00409681,2018,4440459961.0,,395053003556.0,117013393875.0,97131562528.0,310505612044.0,67390.0,아스트,,
00409681,2019,499295013.0,21371796442.0,578756230211.0,144613767032.0,110699648718.0,395053003556.0,67390.0,아스트,,
00409681,2020,-36020040725.0,-8819095784.0,455445271252.0,57977510109.0,78657155958.0,479078416333.0,67390.0,아스트,,
00108490,2015,-827468704.0,2809794424.0,56610119349.0,,55775414685.0,54593939184.0,48830.0,엔피케이,,
00108490,2016,1886243835.0,8420845457.0,64342632496.0,,61592383637.0,56610119349.0,48830.0,엔피케이,,
00108490,2017,1826865683.0,7351514887.0,76628791130.0,73092699797.0,65768249365.0,64342632496.0,48830.0,엔피케이,,
00108490,2018,-268130198.0,-145992107.0,76952969286.0,67274847174.0,61555292681.0,76628791130.0,48830.0,엔피케이,,
00108490,2019,-832279983.0,4137755220.0,76532515918.0,65034696920.0,60513593297.0,76952969286.0,48830.0,엔피케이,,
00108490,2020,-610385375.0,8946606837.0,73421232126.0,61610800417.0,56200867276.0,76532515918.0,48830.0,엔피케이,,
00150828,2015,-42813488845.0,100208209729.0,530471940265.0,727826357618.0,684051510465.0,442127317722.0,2780.0,진흥기업,,
00150828,2016,-75220395321.0,-42774919042.0,302077700908.0,646578597991.0,577097370496.0,530471940265.0,2780.0,진흥기업,,
00150828,2017,21831869811.0,-11424392547.0,313602441217.0,573309875036.0,515263823021.0,302077700908.0,2780.0,진흥기업,,
00150828,2018,6053494157.0,24270912773.0,366241821189.0,671155389696.0,615955604823.0,313602441217.0,2780.0,진흥기업,,
00150828,2019,20338293556.0,-43915360619.0,325811159734.0,546534147300.0,501838545127.0,366241821189.0,2780.0,진흥기업,,
00150828,2020,20396827027.0,41218248368.0,282917478060.0,377247251739.0,336179194773.0,325811159734.0,2780.0,진흥기업,,
00164779,2015,4323595000000.0,9319520000000.0,29677906000000.0,18797998000000.0,10515353000000.0,26883278000000.0,660.0,SK하이닉스,,
00164779,2016,2960483000000.0,5548922000000.0,32216026000000.0,17197975000000.0,10787139000000.0,29677906000000.0,660.0,SK하이닉스,,
00164779,2017,10642219000000.0,14690614000000.0,45418464000000.0,30109434000000.0,12701843000000.0,32216026000000.0,660.0,SK하이닉스,,
00164779,2018,15539984000000.0,22227199000000.0,63658335000000.0,40445066000000.0,15180838000000.0,45418464000000.0,660.0,SK하이닉스,,
00164779,2019,2016391000000.0,6483188000000.0,64789494000000.0,26990733000000.0,18825275000000.0,63658335000000.0,660.0,SK하이닉스,,
00164779,2020,4758914000000.0,12314571000000.0,71173853000000.0,31900418000000.0,21089789000000.0,65248350000000.0,660.0,SK하이닉스,,
00260930,2015,18387798275.0,66056385029.0,459709219858.0,325439247011.0,212411579185.0,382685413113.0,41510.0,에스엠,,
00260930,2016,4225515109.0,21151119745.0,525082697414.0,349870229327.0,247611540184.0,459709219858.0,41510.0,에스엠,,
00260930,2017,-4709252451.0,77473172321.0,797509023895.0,365386504380.0,248982350155.0,525082697414.0,41510.0,에스엠,,
00260930,2018,23420444781.0,120003666943.0,1002473549711.0,612227478805.0,409514857162.0,797509023895.0,41510.0,에스엠,,
00260930,2019,-16182525437.0,91946538513.0,1115620586546.0,657825612024.0,442207145084.0,1002473549711.0,41510.0,에스엠,,
00260930,2020,-80341242406.0,45398545730.0,1068872535478.0,579875790663.0,381093049162.0,1115620586546.0,41510.0,에스엠,,
00171636,2015,-10648079000.0,111169860000.0,1974138514000.0,920610294000.0,780684698000.0,2977937047000.0,4150.0,한솔홀딩스,,
00171636,2016,-7728538000.0,16479587000.0,2006748728000.0,794637175000.0,656555883000.0,1974138514000.0,4150.0,한솔홀딩스,,
00171636,2017,-86710161000.0,56685180000.0,1629373679000.0,883680613000.0,811083687000.0,2006748728000.0,4150.0,한솔홀딩스,,
00171636,2018,-41482390000.0,-3761307000.0,1347350249000.0,698723654000.0,598436019000.0,1629373679000.0,4150.0,한솔홀딩스,,
00171636,2019,26288616000.0,35088168000.0,666384880000.0,541615975000.0,481150130000.0,1347350249000.0,4150.0,한솔홀딩스,,
00171636,2020,72651848000.0,9287254000.0,627140216000.0,359481882000.0,317282002000.0,666384880000.0,4150.0,한솔홀딩스,,
00181712,2015,5549259000000.0,4588856000000.0,96633809000000.0,39569775000000.0,35495427000000.0,5307039000000.0,34730.0,SK,,
00181712,2016,2822484000000.0,9110672000000.0,103047337000000.0,83617494000000.0,73769694000000.0,96633809000000.0,34730.0,SK,,
00181712,2017,5066482000000.0,6930080000000.0,109776920000000.0,93296368000000.0,82399676000000.0,103047337000000.0,34730.0,SK,,
00181712,2018,6151141000000.0,7856509000000.0,119456991000000.0,101502020000000.0,91851225000000.0,109783463000000.0,34730.0,SK,,
00181712,2019,1607249000000.0,7978837000000.0,132020676000000.0,99264574000000.0,90206178000000.0,119456991000000.0,34730.0,SK,,
00181712,2020,-108432000000.0,9694611000000.0,137638377000000.0,81820139000000.0,76477138000000.0,132611423000000.0,34730.0,SK,,
00632304,2015,336323203.0,-23975359149.0,1082862852768.0,622825321970.0,366313960099.0,1030745502076.0,96760.0,JW홀딩스,,
00632304,2016,-14376495230.0,-29214390352.0,1196629708762.0,684839086981.0,403214489913.0,1082862852768.0,96760.0,JW홀딩스,,
00632304,2017,56869735184.0,10511742248.0,1351379775398.0,683911348773.0,386412969108.0,1196629708762.0,96760.0,JW홀딩스,,
00632304,2018,36439376690.0,195762386105.0,1275635933948.0,725381961059.0,415457435797.0,1347252528750.0,96760.0,JW홀딩스,,
00632304,2019,-31636720383.0,98682527139.0,1243461898934.0,726423996272.0,440292732923.0,1275635933948.0,96760.0,JW홀딩스,,
00632304,2020,3385179568.0,108622768429.0,1113573849001.0,781514840023.0,474236884271.0,1226595424776.0,96760.0,JW홀딩스,,
00198378,2015,2994277004.0,4231345313.0,51667833843.0,29750212507.0,21508130908.0,55727172370.0,31390.0,녹십자셀,,
00198378,2016,-93038464.0,2880883398.0,51749174185.0,28455733614.0,21597876940.0,51667833843.0,31390.0,녹십자셀,,
00198378,2017,717889480.0,8519219105.0,120409037780.0,19536787344.0,10288783559.0,51749174185.0,31390.0,녹십자셀,,
00198378,2018,13905761017.0,4833411695.0,125379291989.0,29606474904.0,14359786285.0,120409037780.0,31390.0,녹십자셀,,
00198378,2019,11057563097.0,5968122736.0,153721996831.0,37903298032.0,16125308613.0,125379291989.0,31390.0,녹십자셀,,
00198378,2020,2014995570.0,8227785364.0,173695350755.0,40835627953.0,24568144727.0,153721996831.0,31390.0,녹십자셀,,
00238199,2015,603199845.0,3030764489.0,21842317151.0,34569076682.0,32174905233.0,16695184130.0,67730.0,로지시스,,
00238199,2016,582732292.0,162344292.0,24105604585.0,35938671596.0,32912658267.0,21842317151.0,67730.0,로지시스,,
00238199,2017,664509072.0,-628745967.0,26178335375.0,40858179342.0,36816918353.0,24105604585.0,67730.0,로지시스,,
00238199,2018,741696321.0,4237207902.0,25946300734.0,40026290439.0,35888452187.0,26178335375.0,67730.0,로지시스,,
00238199,2019,-994710909.0,-2220683586.0,24235177537.0,33448152778.0,29891865868.0,25946300734.0,67730.0,로지시스,,
00238199,2020,463945595.0,946628403.0,23973008199.0,32853346730.0,29896958481.0,24235177537.0,67730.0,로지시스,,
00159412,2015,9734031079.0,-40137800797.0,719933366699.0,655244588534.0,574869331795.0,672763666199.0,2300.0,한국제지,,
00159412,2016,16810168057.0,26882824972.0,730508861574.0,652735933172.0,566579206242.0,719933366699.0,2300.0,한국제지,,
00159412,2017,7995543667.0,1471877107.0,771375495417.0,677891044158.0,608585773531.0,730102190252.0,2300.0,한국제지,,
00159412,2018,-32969437608.0,-33062812080.0,758168610877.0,723409934646.0,673356916021.0,771375495417.0,2300.0,한국제지,,
00159412,2019,-20281262179.0,68905899238.0,850634531173.0,716588618148.0,640042247479.0,758168610877.0,2300.0,한국제지,,
00414850,2015,7416974251.0,9755677138.0,120185170717.0,315749790808.0,290241188844.0,103239396990.0,94280.0,효성 ITX,,
00414850,2016,7325044332.0,12827172139.0,122365581490.0,340357540412.0,312740395201.0,120185170717.0,94280.0,효성 ITX,,
00414850,2017,9522953488.0,4491945071.0,147514109825.0,395024483749.0,362778524630.0,122365581490.0,94280.0,효성 ITX,,
00414850,2018,7524491447.0,20379850206.0,121415205503.0,402109944431.0,367511082259.0,147514109825.0,94280.0,효성 ITX,,
00414850,2019,10829854983.0,18184660877.0,159341636763.0,388240100339.0,350580476504.0,121415205503.0,94280.0,효성 ITX,,
00414850,2020,12749411272.0,42753052174.0,161698569724.0,484119583520.0,440625998603.0,159341636763.0,94280.0,효성 ITX,,
00874195,2016,6752319445.0,-75652078.0,50534728039.0,28617962037.0,15903027201.0,32241910793.0,204990.0,코썬바이오,,
00874195,2017,3115912057.0,-15629668214.0,138502521680.0,25656054901.0,12964575273.0,50534728039.0,204990.0,코썬바이오,,
00874195,2018,-70355303817.0,-3984022334.0,65241568473.0,9538710566.0,6307782928.0,138502521680.0,204990.0,코썬바이오,,
00874195,2019,-50113733025.0,-4885725459.0,14760522752.0,2695515597.0,5608331918.0,65241568473.0,204990.0,코썬바이오,,
00945457,2015,-4897091136.0,-4479071786.0,24328275438.0,107562117.0,,5543022663.0,185490.0,아이진,,
00945457,2016,-8269837963.0,-5986252425.0,18556607988.0,267234935.0,,24328275438.0,185490.0,아이진,,
00945457,2017,-8450890030.0,-6759457511.0,30284294273.0,301033820.0,203672423.0,18556607988.0,185490.0,아이진,,
00945457,2018,-5907911405.0,-7482694489.0,54044076308.0,2035287736.0,1273345166.0,30284294273.0,185490.0,아이진,,
00945457,2019,-8740333564.0,-8321234642.0,47309380878.0,4245379708.0,2307879433.0,54044076308.0,185490.0,아이진,,
00945457,2020,-14863039978.0,-9754397041.0,44427028873.0,3363423685.0,1810109065.0,47309380878.0,185490.0,아이진,,
01276594,2018,-7450944851.0,824305468.0,590316349198.0,6730063930.0,,,293940.0,신한알파리츠,,
01276594,2019,5074884870.0,14005394103.0,743078969293.0,21275394053.0,,590316349198.0,293940.0,신한알파리츠,,
01276594,2020,2526240050.0,8760595991.0,1378764422155.0,26357171091.0,,809825485488.0,293940.0,신한알파리츠,,
00115931,2015,9062520937.0,14120282081.0,122341139782.0,71939172999.0,30746122374.0,119192626736.0,39840.0,디오,,
00115931,2016,20929299905.0,11490343965.0,150348958315.0,88019747928.0,29723902367.0,122341139782.0,39840.0,디오,,
00115931,2017,11076568392.0,5780282314.0,175686045614.0,94538598106.0,29680469595.0,150348958315.0,39840.0,디오,,
00115931,2018,7185684357.0,12177430392.0,225306864745.0,91043123979.0,28430567294.0,176822944036.0,39840.0,디오,,
00115931,2019,25601660863.0,9631414594.0,273185094653.0,127165198548.0,31500244187.0,225306864745.0,39840.0,디오,,
00115931,2020,11402319636.0,19084220253.0,321404338881.0,120056305947.0,34275302591.0,273185094653.0,39840.0,디오,,
00604268,2020,936171685.0,-4790286998.0,74145860559.0,48990648892.0,37672949914.0,49662220029.0,262260.0,에이프로,,
00587925,2016,-5895692260.0,-7696534150.0,21612556469.0,2500747043.0,1725597281.0,9539897720.0,142760.0,모아라이프플러스,,
00587925,2017,-6646861692.0,-8525272561.0,37575816974.0,7607066758.0,6710304714.0,21612556469.0,142760.0,모아라이프플러스,,
00587925,2018,-16288372674.0,-8769998460.0,,86066821190.0,56691737354.0,,142760.0,모아라이프플러스,,
00587925,2019,-41657220099.0,-2195407885.0,148113572462.0,72876570073.0,48507849757.0,153290616411.0,142760.0,모아라이프플러스,,
00587925,2020,-33414027746.0,-5425550896.0,190693154865.0,80452923981.0,57798539486.0,148113572462.0,142760.0,모아라이프플러스,,
00988364,2015,2612057320.0,-1018688086.0,50478362721.0,13528883434.0,7165891899.0,33627078037.0,184230.0,SGA솔루션즈,,
00988364,2016,3166048164.0,1382772013.0,93876010664.0,49543829965.0,35498755186.0,50478362721.0,184230.0,SGA솔루션즈,,
00988364,2017,2221076095.0,-4801891145.0,83033096139.0,55343524896.0,38452478613.0,93876010664.0,184230.0,SGA솔루션즈,,
00988364,2018,-13443325190.0,-551959576.0,78073694352.0,45381802802.0,36277754114.0,83033096139.0,184230.0,SGA솔루션즈,,
00988364,2019,-28587261938.0,-1427792194.0,47971816446.0,45088761128.0,32973573514.0,78073694352.0,184230.0,SGA솔루션즈,,
00988364,2020,5203995333.0,5950207947.0,46407986141.0,40572116332.0,21685057771.0,47971816446.0,184230.0,SGA솔루션즈,,
00825223,2015,4345005988.0,5858445017.0,104729474808.0,232346252793.0,223159745746.0,111267358052.0,126640.0,화신정공,,
00825223,2016,3807301135.0,7880280441.0,117496842260.0,205033653005.0,196583421285.0,104729474808.0,126640.0,화신정공,,
00825223,2017,3096810112.0,8647577961.0,108004671121.0,200390185722.0,193204574453.0,117496842260.0,126640.0,화신정공,,
00825223,2018,1062235624.0,8774801982.0,104074639334.0,211893658552.0,205487752202.0,108004671121.0,126640.0,화신정공,,
00825223,2019,3454276747.0,10941499552.0,134185866791.0,231063090741.0,222094572481.0,104074639334.0,126640.0,화신정공,,
00825223,2020,4820537715.0,15866745429.0,146668544065.0,247110696110.0,234863029242.0,134185866791.0,126640.0,화신정공,,
00148984,2015,17098740862.0,51551245420.0,903697171205.0,728337552033.0,637513139718.0,1110908825695.0,480.0,시알홀딩스,,
00148984,2016,18705194777.0,64428926598.0,970226074870.0,714499501575.0,611295492768.0,903697171205.0,480.0,시알홀딩스,,
00148984,2017,22691693641.0,28447387237.0,999226221711.0,694333852105.0,625210734153.0,970226074870.0,480.0,시알홀딩스,,
00148984,2018,57955243401.0,60429722275.0,1030622204784.0,789176793334.0,672408133835.0,999226221711.0,480.0,시알홀딩스,,
00148984,2019,32214373350.0,80043080919.0,1069059371954.0,757153217374.0,652065008440.0,1030622204784.0,480.0,시알홀딩스,,
00148984,2020,39702328575.0,94056795595.0,1246277915624.0,705226744013.0,604140692506.0,1069059371954.0,480.0,시알홀딩스,,
00606293,2015,4366624665.0,5256602640.0,37168676475.0,25675100676.0,,31070259131.0,130580.0,나이스디앤비,,
00606293,2016,5728563183.0,6575052144.0,40466208457.0,33964917112.0,,37168676475.0,130580.0,나이스디앤비,,
00606293,2017,6414091501.0,7893692698.0,46928148432.0,42282946581.0,,40466208457.0,130580.0,나이스디앤비,,
00606293,2018,9299591679.0,11409223493.0,56660361328.0,52040928687.0,,46928148432.0,130580.0,나이스디앤비,,
00606293,2019,11280367023.0,13436098529.0,78675555897.0,77330430035.0,,56660361328.0,130580.0,나이스디앤비,,
00606293,2020,11291348386.0,18397723480.0,87281166383.0,82196200010.0,,78675555897.0,130580.0,나이스디앤비,,
00652423,2015,-5686229002.0,-10958169952.0,14558906414.0,8864990955.0,9219852818.0,7109774902.0,101140.0,인바이오젠,,
00652423,2016,-2255875008.0,344746815.0,12375562931.0,11545262877.0,9916030535.0,14558906414.0,101140.0,인바이오젠,,
00652423,2017,-1210953188.0,-426438952.0,13389537224.0,7076785724.0,6581911126.0,12375562931.0,101140.0,인바이오젠,,
00652423,2018,1664028881.0,-1698857126.0,24320788200.0,7566168673.0,6758625432.0,13389537224.0,101140.0,인바이오젠,,
00652423,2019,13123921513.0,-3827874857.0,90919390110.0,9795202845.0,8723422815.0,24320788200.0,101140.0,인바이오젠,,
00652423,2020,-45077565368.0,-8032820111.0,96881140291.0,10217711613.0,9405652418.0,90919390110.0,101140.0,인바이오젠,,
00127167,2015,19018249988.0,9985867255.0,302880053649.0,225029375330.0,207872055823.0,296279338958.0,2810.0,삼영무역,,
00127167,2016,24511992164.0,4013177868.0,335125436322.0,223951933790.0,204256527697.0,302880053649.0,2810.0,삼영무역,,
00127167,2017,28572312049.0,1257294603.0,362615323919.0,259408652489.0,234759822945.0,335125436322.0,2810.0,삼영무역,,
00127167,2018,28935659493.0,8902843107.0,386497291604.0,269261481173.0,248482219619.0,362615323919.0,2810.0,삼영무역,,
00127167,2019,34851886002.0,8165760894.0,510941658433.0,274243608436.0,248266251479.0,386497291604.0,2810.0,삼영무역,,
00127167,2020,34664568581.0,18405773854.0,533231525031.0,392435847933.0,344696268129.0,517329568896.0,2810.0,삼영무역,,
00857480,2015,8687622529.0,10960224618.0,72172002626.0,68496029414.0,30689555652.0,66036601967.0,143240.0,사람인,,
00857480,2016,0.0,13159051567.0,82955432620.0,73701173397.0,28108534461.0,72172002626.0,143240.0,사람인,,
00857480,2017,3409904794.0,15875729642.0,97757060182.0,81347113014.0,28746438483.0,82955432620.0,143240.0,사람인,,
00857480,2018,16668711842.0,9679520445.0,104464540793.0,86145917566.0,,97757060182.0,143240.0,사람인,,
00857480,2019,25460628552.0,29259194380.0,130667966158.0,93567189217.0,,104464540793.0,143240.0,사람인,,
00857480,2020,21620057289.0,21650406716.0,145552426766.0,96294900953.0,,130667966158.0,143240.0,사람인,,
00101664,2015,26109623151.0,4240141966.0,195488457256.0,178032632075.0,129475386936.0,168034561135.0,214390.0,경보제약,,
00101664,2016,12705929801.0,25328802774.0,203735979810.0,186726169857.0,142622766620.0,195488457256.0,214390.0,경보제약,,
00101664,2017,17963309611.0,25805145555.0,204869398718.0,191661374451.0,137038683364.0,203735979810.0,214390.0,경보제약,,
00101664,2018,13116049385.0,-1138159255.0,221622992847.0,201343595542.0,152082417086.0,204869398718.0,214390.0,경보제약,,
00101664,2019,5285239394.0,23668110955.0,237816741516.0,191706189111.0,150990036225.0,221622992847.0,214390.0,경보제약,,
00101664,2020,9404446291.0,20795227475.0,253239176532.0,215285095144.0,162820354944.0,237816741516.0,214390.0,경보제약,,
00983040,2015,-193723899362.0,119378311331.0,2315048938843.0,722309231518.0,563112374139.0,2416821443836.0,180640.0,한진칼,,
00983040,2016,-422943694079.0,138825621023.0,2062032035718.0,991024369234.0,797993330893.0,2315048938843.0,180640.0,한진칼,,
00983040,2017,229432996896.0,164427906933.0,2775783759727.0,1149657255468.0,932448881001.0,2062032035718.0,180640.0,한진칼,,
00983040,2018,-12795633993.0,78195035649.0,2850066743347.0,1304892514563.0,1046267962383.0,2843970354293.0,180640.0,한진칼,,
00983040,2019,-260570998880.0,130644238017.0,2693659191237.0,1203497716660.0,1068895155072.0,2850066743347.0,180640.0,한진칼,,
00983040,2020,-341532739427.0,-186865577417.0,3488569253234.0,408827146481.0,538926474564.0,2693659191237.0,180640.0,한진칼,,
01181515,2018,5094406872.0,3845774822.0,57378890527.0,21240893559.0,7859473966.0,20490472647.0,290650.0,엘앤씨바이오,,
01181515,2019,8453916728.0,6430855616.0,66226107019.0,29151665336.0,10487389895.0,57378890527.0,290650.0,엘앤씨바이오,,
01181515,2020,12148992179.0,7419054671.0,80575589282.0,32972771325.0,13414432030.0,66226107019.0,290650.0,엘앤씨바이오,,
00390860,2015,-3349566927.0,-4959699405.0,105661942287.0,122422449560.0,65723375811.0,80515276614.0,65150.0,대산F&B,,
00390860,2016,-2054148424.0,-3133546869.0,114751628914.0,151260359913.0,76335949186.0,105661942287.0,65150.0,대산F&B,,
00390860,2017,-11134655236.0,-7652980343.0,102832602702.0,145213358687.0,73179525755.0,114751628914.0,65150.0,대산F&B,,
00390860,2018,-20985299005.0,-6641563639.0,65604174813.0,119809793673.0,68885097186.0,99408581790.0,65150.0,대산F&B,,
00390860,2019,-2797548083.0,-5371753188.0,92627714387.0,109949105617.0,62946090295.0,65604174813.0,65150.0,대산F&B,,
00390860,2020,-22625444692.0,-7165660849.0,64894749524.0,77135679312.0,49428146458.0,92627714387.0,65150.0,대산F&B,,
00265324,2015,112018538766.0,440437886693.0,2988232404363.0,2308605389638.0,1071969495253.0,3153682320906.0,35760.0,CJ ENM,,
00265324,2016,32583105673.0,416058713234.0,2753593503931.0,2208596188143.0,999565154741.0,2988232404363.0,35760.0,CJ ENM,,
00265324,2017,143441965513.0,330007004991.0,2801818454439.0,2260006796348.0,988044707574.0,2753593503931.0,35760.0,CJ ENM,,
00265324,2018,184218974433.0,586688731575.0,6754948264541.0,3426817049096.0,1998022125306.0,2801818454439.0,35760.0,CJ ENM,,
00265324,2019,58615849418.0,743378557941.0,5434907587861.0,3789723949697.0,2327643979939.0,6754948264541.0,35760.0,CJ ENM,,
00265324,2020,65629506717.0,566412764825.0,6279917456928.0,3391184002869.0,1907373033589.0,5434907587861.0,35760.0,CJ ENM,,
01014657,2017,5349536850.0,3914356305.0,35946790365.0,13456560495.0,,16765607562.0,138580.0,비즈니스온커뮤니케이션,,
01014657,2018,5292982651.0,4962913066.0,39787118380.0,15037979111.0,,35900984365.0,138580.0,비즈니스온커뮤니케이션,,
01014657,2019,4411014379.0,5039575137.0,64059044492.0,15677354361.0,,39787118380.0,138580.0,비즈니스온커뮤니케이션,,
01014657,2020,3038532845.0,6852631025.0,70955609891.0,18429751541.0,,64059044492.0,138580.0,비즈니스온커뮤니케이션,,
00352064,2015,1689786411.0,2732900514.0,38212238124.0,24540779950.0,17372589168.0,37766415218.0,53160.0,프리엠스,,
00352064,2016,1641568371.0,2283161060.0,47006215701.0,20251366202.0,16080182223.0,38212238124.0,53160.0,프리엠스,,
00352064,2017,1138315188.0,-1183212890.0,47528827773.0,28663902128.0,23640788138.0,47006215701.0,53160.0,프리엠스,,
00352064,2018,2306497351.0,1357993786.0,48551471591.0,27277495854.0,21831483708.0,47528827773.0,53160.0,프리엠스,,
00352064,2019,540724566.0,591894798.0,48323778343.0,18444454226.0,15117800197.0,48551471591.0,53160.0,프리엠스,,
00352064,2020,115725736.0,-484241356.0,53001368891.0,18391439077.0,14490554920.0,47924062870.0,53160.0,프리엠스,,
00136226,2015,4397132936.0,27285240559.0,322133044264.0,379284312662.0,334485426242.0,284509067901.0,65350.0,신성델타테크,,
00136226,2016,1001289576.0,8932681882.0,338806894364.0,394613663369.0,345176463309.0,322133044264.0,65350.0,신성델타테크,,
00136226,2017,12380226423.0,24271920646.0,334475765576.0,464770981653.0,408303983628.0,338806894364.0,65350.0,신성델타테크,,
00136226,2018,4030996350.0,18290045698.0,330426200424.0,437052442798.0,388139968041.0,334475765576.0,65350.0,신성델타테크,,
00136226,2019,5282426887.0,6445856173.0,348684313367.0,453654135633.0,405439657883.0,330426200424.0,65350.0,신성델타테크,,
00136226,2020,8876267494.0,6371208181.0,411482016999.0,493069483254.0,447712536673.0,348684313367.0,65350.0,신성델타테크,,
00562245,2019,9561671017.0,9270743120.0,87503872987.0,286073126437.0,248018233862.0,66300179908.0,124560.0,태웅로직스,,
00562245,2020,7936558351.0,5211739941.0,122625756653.0,341289550986.0,301176057680.0,87501211550.0,124560.0,태웅로직스,,
00403793,2020,-2572904163.0,5028736603.0,58993261472.0,25571167327.0,16994582832.0,31453419692.0,301300.0,바이브컴퍼니,,
01113718,2017,-5163924704.0,-4787060999.0,21640291893.0,243966300.0,,15149231840.0,226950.0,올릭스,,
01113718,2018,-7742007380.0,-8359441717.0,55636945794.0,302000000.0,,21640291893.0,226950.0,올릭스,,
01113718,2019,-14352745072.0,-10733212800.0,45207279036.0,1130327053.0,,55636945794.0,226950.0,올릭스,,
01113718,2020,-19384552650.0,-3759218608.0,78577365603.0,2474272092.0,,45207279036.0,226950.0,올릭스,,
00295370,2015,-159114752.0,-61383195.0,105441924694.0,66779052776.0,55566797315.0,96573442594.0,39230.0,제이앤케이인더스트리,,
00295370,2016,-23605743977.0,-10689213906.0,38865597327.0,35270803497.0,34646523034.0,105441924694.0,39230.0,제이앤케이인더스트리,,
00295370,2017,-5333251611.0,-10911317339.0,53605629921.0,53876718133.0,42496969560.0,38865597327.0,39230.0,제이앤케이인더스트리,,
00295370,2018,-9305656386.0,175557356.0,74611679268.0,37768385625.0,25141198401.0,53605629921.0,39230.0,제이앤케이인더스트리,,
00295370,2019,-11184118125.0,-2978430509.0,68044382915.0,37400538430.0,22975026104.0,74611679268.0,39230.0,제이앤케이인더스트리,,
00295370,2020,-7857914926.0,1110750521.0,58111687388.0,29211630439.0,19387248246.0,68044382915.0,39230.0,제이앤케이인더스트리,,
00603348,2015,4541468520.0,9118639177.0,52405870039.0,42125554896.0,22332823944.0,47792241159.0,93320.0,케이아이엔엑스,,
00603348,2016,6332763607.0,11203095374.0,60245918772.0,44193723383.0,23862045186.0,52405870039.0,93320.0,케이아이엔엑스,,
00603348,2017,6727798093.0,9131320700.0,65275232105.0,47286323558.0,24802828683.0,60245918772.0,93320.0,케이아이엔엑스,,
00603348,2018,12463895080.0,12615066786.0,77159848302.0,56304484787.0,29215978912.0,65275232105.0,93320.0,케이아이엔엑스,,
00603348,2019,15675410093.0,24767310861.0,104862165862.0,64639547326.0,33779891365.0,77159848302.0,93320.0,케이아이엔엑스,,
00603348,2020,15669326382.0,27303933732.0,142751143306.0,70440395777.0,38273923289.0,104862165862.0,93320.0,케이아이엔엑스,,
00369107,2015,-21380803930.0,-11529238848.0,910183199464.0,1869414244753.0,1751136232240.0,800922218644.0,82850.0,우리바이오,,
00369107,2016,-64338029931.0,-1948346609.0,817876645126.0,1533518881029.0,1459041714817.0,910183199464.0,82850.0,우리바이오,,
00369107,2017,-23347529495.0,30882684985.0,613368694684.0,1474632347023.0,1405695588746.0,817876645126.0,82850.0,우리바이오,,
00369107,2018,-32516714494.0,10823790485.0,605176593813.0,1279626988923.0,1227500963427.0,613368694684.0,82850.0,우리바이오,,
00369107,2019,6096266648.0,65802676754.0,609992443850.0,1672648382526.0,1583333882324.0,605176593813.0,82850.0,우리바이오,,
00369107,2020,16982933313.0,69426683312.0,646101764128.0,1623382776724.0,1522586661745.0,609992443850.0,82850.0,우리바이오,,
00797364,2015,-6750936011.0,-1874053162.0,146743578740.0,186774293896.0,179556009925.0,170694325280.0,119650.0,KC코트렐,,
00797364,2016,910730251.0,11937655851.0,153491223743.0,179277597454.0,155802354165.0,146743578740.0,119650.0,KC코트렐,,
00797364,2017,6887019873.0,3016116174.0,180255708467.0,168470462507.0,146458641841.0,153491223743.0,119650.0,KC코트렐,,
00797364,2018,2198641054.0,-6770412362.0,219470879310.0,182043907809.0,159008589449.0,180255708467.0,119650.0,KC코트렐,,
00797364,2019,674316491.0,50314312256.0,332019580962.0,300551682231.0,265505938554.0,219470879310.0,119650.0,KC코트렐,,
00797364,2020,-63911087373.0,-84351287157.0,281917548946.0,327908708731.0,342830217509.0,332019580962.0,119650.0,KC코트렐,,
00130408,2015,17855324554.0,26624831118.0,110417372099.0,112996136965.0,76971071504.0,88511685082.0,79650.0,서산,,
00130408,2016,16875391870.0,18159318481.0,122973927381.0,112560407306.0,75531426997.0,110417372099.0,79650.0,서산,,
00130408,2017,6099409496.0,6927865944.0,126631601456.0,100372499764.0,79628117346.0,122973927381.0,79650.0,서산,,
00130408,2018,-1573935830.0,4139039714.0,124337372810.0,83413068782.0,74883524339.0,126631601456.0,79650.0,서산,,
00130408,2019,-2840514587.0,-1510196490.0,119198013193.0,52401644750.0,48699640159.0,124337372810.0,79650.0,서산,,
00130408,2020,-12637194885.0,933570444.0,109946920816.0,39587394095.0,40564481594.0,119198013193.0,79650.0,서산,,
01142400,2020,4672280943.0,2398962666.0,45320882423.0,21030260310.0,11354273124.0,24068170633.0,164060.0,이루다,,
00364795,2015,-8949073520.0,-2427524659.0,118158442676.0,38580775834.0,33489402309.0,91478351874.0,60300.0,레드로버,,
00364795,2016,709285989.0,-13391220709.0,165024991359.0,41898015457.0,32321089490.0,118158442676.0,60300.0,레드로버,,
00364795,2017,-10607048529.0,-22177913427.0,163349499556.0,35653275963.0,34818988939.0,165024991359.0,60300.0,레드로버,,
00364795,2018,-49940729047.0,-3199824679.0,113883154084.0,12275976021.0,22662129241.0,163349499556.0,60300.0,레드로버,,
00364795,2019,-93252770775.0,-4707406530.0,28775239849.0,12084598483.0,13664028739.0,113883154084.0,60300.0,레드로버,,
00364795,2020,1123099043.0,-4937785481.0,45037535983.0,14896326058.0,10304690612.0,28775239849.0,60300.0,레드로버,,
00129235,2015,9716654584.0,14567280793.0,151582720006.0,96956949769.0,75086511193.0,142115132771.0,4450.0,삼화왕관,,
00129235,2016,9916617492.0,14446353696.0,162196224938.0,101631216938.0,78233860532.0,151582720006.0,4450.0,삼화왕관,,
00129235,2017,8384068821.0,8434520413.0,166186371477.0,104885994036.0,83830172963.0,162196224938.0,4450.0,삼화왕관,,
00129235,2018,9839994088.0,14876222173.0,171823516717.0,108048039049.0,87051679707.0,166186371477.0,4450.0,삼화왕관,,
00129235,2019,8350350219.0,16362935092.0,238659774632.0,115980220052.0,93569662677.0,171823516717.0,4450.0,삼화왕관,,
00129235,2020,1495341756.0,14423179363.0,246083352025.0,140269049517.0,115845113291.0,238659774632.0,4450.0,삼화왕관,,
00471068,2015,-17143477171.0,11872797409.0,218537695979.0,61102256777.0,41238817328.0,199596909916.0,77360.0,덕산하이메탈,,
00471068,2016,-16655704753.0,8159499856.0,183494385431.0,42828123922.0,30048822593.0,218537695979.0,77360.0,덕산하이메탈,,
00471068,2017,7965567729.0,1348003610.0,182028711684.0,45074161522.0,35430013583.0,183494385431.0,77360.0,덕산하이메탈,,
00471068,2018,12091610179.0,8200882043.0,196250217184.0,47754014100.0,39294199123.0,182028711684.0,77360.0,덕산하이메탈,,
00471068,2019,11222619643.0,7261716261.0,210168584821.0,51758112615.0,40502820088.0,196250217184.0,77360.0,덕산하이메탈,,
00471068,2020,15267241639.0,7830549447.0,230047798197.0,55234078655.0,35701944068.0,210168584821.0,77360.0,덕산하이메탈,,
00766106,2015,-3782661553.0,-1022336488.0,74854821358.0,32165135998.0,28586541563.0,53102568197.0,105550.0,엣지파운드리,,
00766106,2016,-19544147489.0,-11449563579.0,77622630716.0,33228923231.0,32335962354.0,74854821358.0,105550.0,엣지파운드리,,
00766106,2017,-6600298846.0,4097617739.0,60392171485.0,35388139001.0,31342005034.0,77622630716.0,105550.0,엣지파운드리,,
00766106,2018,-1200754356.0,2531459412.0,52399223435.0,33647588041.0,26942586439.0,60392171485.0,105550.0,엣지파운드리,,
00766106,2019,-3176089902.0,-1793736125.0,56243072699.0,29558743082.0,26949701010.0,52399223435.0,105550.0,엣지파운드리,,
00766106,2020,632812213.0,-6833594910.0,95690353566.0,37666650197.0,28871254870.0,56243072699.0,105550.0,엣지파운드리,,
01204056,2020,87061118000.0,116677031000.0,1924442638000.0,796283397000.0,421538126000.0,362989836000.0,352820.0,하이브,,
00226316,2016,16085722704.0,13426027555.0,242726932148.0,317026450862.0,244997094495.0,228316285646.0,111110.0,호전실업,,
00226316,2017,4428357133.0,-17974782472.0,285260524701.0,328447655697.0,268425828989.0,242726932148.0,111110.0,호전실업,,
00226316,2018,4600772829.0,5601676028.0,287546984220.0,313271539242.0,258087347134.0,285260524701.0,111110.0,호전실업,,
00226316,2019,2748199742.0,5427507521.0,292309122224.0,309781548083.0,246282317575.0,287546984220.0,111110.0,호전실업,,
00226316,2020,-17540451484.0,7907885297.0,272119291261.0,292534752619.0,248877916706.0,292309122224.0,111110.0,호전실업,,
00577380,2015,4026448964.0,2961191738.0,100315170274.0,57406145073.0,44060829237.0,95397451356.0,138070.0,신진에스엠,,
00577380,2016,429772688.0,5677936513.0,94590977426.0,49757131880.0,40459822965.0,100315170274.0,138070.0,신진에스엠,,
00577380,2017,4674323941.0,4533397199.0,98551324709.0,56975932996.0,44499819607.0,94590977426.0,138070.0,신진에스엠,,
00577380,2018,3044793317.0,7201645176.0,109810180125.0,56235779267.0,44657251409.0,98551324709.0,138070.0,신진에스엠,,
00577380,2019,2369379198.0,5730745856.0,119152309788.0,51776147658.0,40660319678.0,109810180125.0,138070.0,신진에스엠,,
00577380,2020,-1128209474.0,6247246856.0,112954731692.0,48430159807.0,40251480701.0,119152309788.0,138070.0,신진에스엠,,
00160375,2015,-3790922794.0,,19621522192.0,19045030418.0,16194520259.0,22024142606.0,10640.0,진양폴리우레탄,,
00160375,2016,7005136807.0,,34846883901.0,17315570414.0,15125023502.0,19621522192.0,10640.0,진양폴리우레탄,,
00160375,2017,536000245.0,-183820096.0,35313762844.0,23646887710.0,21860186203.0,34846883901.0,10640.0,진양폴리우레탄,,
00160375,2018,957732274.0,1403741204.0,35008057720.0,30104368734.0,26197374911.0,35313762844.0,10640.0,진양폴리우레탄,,
00160375,2019,7552693845.0,3398663101.0,43396757140.0,35112975113.0,28274499831.0,35008057720.0,10640.0,진양폴리우레탄,,
00160375,2020,1612417166.0,2680043886.0,44798057577.0,37116140302.0,30803532957.0,43396757140.0,10640.0,진양폴리우레탄,,
00164788,2015,3040049000000.0,4351865000000.0,37774833000000.0,36019749000000.0,30871919000000.0,39111916000000.0,12330.0,현대모비스,,
00164788,2016,3047282000000.0,2017786000000.0,41711608000000.0,38261745000000.0,32966019000000.0,37774833000000.0,12330.0,현대모비스,,
00164788,2017,1557723000000.0,1948742000000.0,41736819000000.0,35144580000000.0,30679362000000.0,41711608000000.0,12330.0,현대모비스,,
00164788,2018,1888206000000.0,1610128000000.0,43071132000000.0,35149219000000.0,30582215000000.0,41736819000000.0,12330.0,현대모비스,,
00164788,2019,2294311000000.0,2644058000000.0,46606064000000.0,38048768000000.0,32819599000000.0,43071132000000.0,12330.0,현대모비스,,
00164788,2020,1526850000000.0,2476737000000.0,48497676000000.0,36626504000000.0,31922266000000.0,46606064000000.0,12330.0,현대모비스,,
00330044,2015,929099710.0,3813643133.0,258329413509.0,422331671263.0,380128908537.0,243011788476.0,50110.0,캠시스,,
00330044,2016,-28107599076.0,15867282739.0,255517071886.0,365821939494.0,347443455293.0,258329413509.0,50110.0,캠시스,,
00330044,2017,-34424456078.0,-4240152672.0,256174816489.0,424429401657.0,377408249915.0,255517071886.0,50110.0,캠시스,,
00330044,2018,11320514273.0,49066955753.0,323293107435.0,544489392500.0,490264610184.0,256174816489.0,50110.0,캠시스,,
00330044,2019,4200250690.0,32453944770.0,432593959431.0,684815526343.0,626219791331.0,323293107435.0,50110.0,캠시스,,
00330044,2020,-10245202356.0,-18214636268.0,329123525504.0,866895230348.0,810531862431.0,432593959431.0,50110.0,캠시스,,
01074862,2015,8005654052.0,17626207826.0,228690459356.0,125212291139.0,53056220699.0,,215200.0,메가스터디교육,,
01074862,2016,3019110997.0,11288310161.0,231823949273.0,174518667219.0,76183425043.0,228690459356.0,215200.0,메가스터디교육,,
01074862,2017,10830476427.0,47230414141.0,284432991565.0,252148375578.0,103873922026.0,231823949273.0,215200.0,메가스터디교육,,
01074862,2018,42797569842.0,91818895254.0,367190942617.0,356852268983.0,153453216654.0,284432991565.0,215200.0,메가스터디교육,,
01074862,2019,48427353346.0,61683966509.0,432816424520.0,437346199788.0,187264043711.0,367190942617.0,215200.0,메가스터디교육,,
01074862,2020,20994407313.0,96634836894.0,554023182914.0,474716713888.0,213280479345.0,432816424520.0,215200.0,메가스터디교육,,
00124504,2015,108577876000.0,1267623361000.0,8043303770000.0,17526906326000.0,16237950430000.0,9340867224000.0,47050.0,포스코인터내셔널,,
00124504,2016,122212627000.0,792824746000.0,8288782432000.0,16492090197000.0,15356214659000.0,8043303770000.0,47050.0,포스코인터내셔널,,
00124504,2017,166818739000.0,382240120000.0,9169985984000.0,22571653747000.0,21263108998000.0,8288782432000.0,47050.0,포스코인터내셔널,,
00124504,2018,115741119000.0,-146126015000.0,9881020333000.0,25173939721000.0,24199883770000.0,9169985984000.0,47050.0,포스코인터내셔널,,
00124504,2019,202398051000.0,1608967559000.0,8959415088000.0,24422574846000.0,23297980546000.0,9881020333000.0,47050.0,포스코인터내셔널,,
00124504,2020,229524209000.0,1118609455000.0,8328038736000.0,21472386358000.0,20547321165000.0,8959415088000.0,47050.0,포스코인터내셔널,,
00128032,2015,588369390.0,2919997136.0,99311888103.0,88136458798.0,50788187235.0,108291023778.0,520.0,삼일제약,,
00128032,2016,886602993.0,5634351309.0,100995488961.0,96758065722.0,55307895227.0,99311888103.0,520.0,삼일제약,,
00128032,2017,-1266565048.0,3791492003.0,135477088917.0,92037814986.0,51132624145.0,100995488961.0,520.0,삼일제약,,
00128032,2018,-8562748005.0,-2621621616.0,147948619245.0,94599866210.0,59808844916.0,135477088917.0,520.0,삼일제약,,
00128032,2019,786258293.0,10590303278.0,183874717250.0,121107085914.0,74382890128.0,147948619245.0,520.0,삼일제약,,
00128032,2020,1340563617.0,7774731587.0,191660926981.0,122998992149.0,73966763476.0,183874717250.0,520.0,삼일제약,,
00441243,2015,23523668389.0,-28314188062.0,188019457825.0,85394315632.0,63402773260.0,74491835418.0,93240.0,형지엘리트,,
00441243,2016,-23967584053.0,-28535424541.0,207610802157.0,156048665026.0,100854443364.0,188019457825.0,93240.0,형지엘리트,,
00441243,2017,-9937457140.0,-17075514818.0,166000027459.0,174145484025.0,107937418717.0,207610802157.0,93240.0,형지엘리트,,
00441243,2018,-6205357574.0,3317979995.0,138769481044.0,166185122109.0,103556707143.0,166000027459.0,93240.0,형지엘리트,,
00441243,2019,-9595881784.0,3173229334.0,120785275950.0,154606407757.0,102441977469.0,138769481044.0,93240.0,형지엘리트,,
00441243,2020,-1285831289.0,8807739524.0,115891811813.0,147887560433.0,96748008937.0,120785275950.0,93240.0,형지엘리트,,
00264255,2015,28720952105.0,29260415181.0,270205260108.0,217358784985.0,117923190387.0,239957970936.0,43150.0,바텍,,
00264255,2016,33325929760.0,32235276857.0,390173060341.0,238338397382.0,124818862753.0,270205260108.0,43150.0,바텍,,
00264255,2017,83691537265.0,51002949037.0,321481558344.0,218808933623.0,113855484470.0,390173060341.0,43150.0,바텍,,
00264255,2018,29152011480.0,33243501245.0,349615465694.0,234393035948.0,122641568513.0,321481558344.0,43150.0,바텍,,
00264255,2019,35589934309.0,40674798195.0,386987301358.0,271702910386.0,144015091744.0,349615465694.0,43150.0,바텍,,
00264255,2020,-21796842378.0,51138074505.0,353870666762.0,244312064396.0,130878638726.0,386987301358.0,43150.0,바텍,,
00269922,2015,17315248007.0,11178514967.0,82529852798.0,68949097530.0,19519656406.0,63171082014.0,41830.0,인바디,,
00269922,2016,16989036904.0,18238319925.0,97059397401.0,79848382290.0,22011975659.0,82459250482.0,41830.0,인바디,,
00269922,2017,19330782168.0,18576147005.0,112024745207.0,93253712994.0,23792805652.0,97059397401.0,41830.0,인바디,,
00269922,2018,19551398037.0,17704892096.0,131686125520.0,99635442563.0,26704642051.0,112024745207.0,41830.0,인바디,,
00269922,2019,20405993326.0,24206000619.0,154903555776.0,117058914069.0,30801437994.0,131686125520.0,41830.0,인바디,,
00269922,2020,17554569890.0,28500349902.0,166150336180.0,107122053678.0,29670564071.0,154903555776.0,41830.0,인바디,,
00225706,2016,15161608505.0,16081152656.0,192244264203.0,132290404973.0,98011984102.0,179880690157.0,234080.0,JW생명과학,,
00225706,2017,16782714405.0,22050000571.0,198532054149.0,143599849109.0,106419769941.0,192244264203.0,234080.0,JW생명과학,,
00225706,2018,15820963896.0,36129922789.0,200859819489.0,155230052163.0,115715382823.0,198532054149.0,234080.0,JW생명과학,,
00225706,2019,21938439038.0,24275563945.0,201403949401.0,170220779246.0,121616016250.0,200859819489.0,234080.0,JW생명과학,,
00225706,2020,17300052453.0,46754700488.0,214402015696.0,183521045082.0,124024143278.0,201403949401.0,234080.0,JW생명과학,,
00557508,2015,91731837711.0,86475896725.0,650518244338.0,505663483168.0,350704970717.0,651013157696.0,114090.0,GKL,,
00557508,2016,114342570484.0,137752539257.0,730177649356.0,548230023132.0,364909691284.0,650518244338.0,114090.0,GKL,,
00557508,2017,80538566836.0,78449269221.0,731904311255.0,501295523773.0,354922782973.0,730177649356.0,114090.0,GKL,,
00557508,2018,77740630299.0,92846436980.0,765759332040.0,480339213881.0,339769799576.0,731904311255.0,114090.0,GKL,,
00557508,2019,72396401927.0,117589908519.0,909430532036.0,490752464360.0,356614226049.0,765759332040.0,114090.0,GKL,,
00557508,2020,-64326965650.0,-138976154809.0,708445969367.0,184462332044.0,238366745181.0,909430532036.0,114090.0,GKL,,
00373021,2015,-29055382345.0,-8605061269.0,59020404235.0,28933360638.0,31044734762.0,140082700498.0,73640.0,테라사이언스,,
00373021,2016,-8304705430.0,-2572217084.0,45953578152.0,22665502915.0,21776403150.0,59020404235.0,73640.0,테라사이언스,,
00373021,2017,-2329327418.0,148920405.0,51045160319.0,24030813042.0,20155742135.0,45953578152.0,73640.0,테라사이언스,,
00373021,2018,-1989123413.0,-79337761.0,47627853024.0,19572115867.0,16138466917.0,51045160319.0,73640.0,테라사이언스,,
00373021,2019,-2755497215.0,-666012794.0,50474430247.0,16194065341.0,14457625789.0,47627853024.0,73640.0,테라사이언스,,
00373021,2020,-8418481281.0,7844064.0,50159800000.0,16087225230.0,13107706711.0,50474430247.0,73640.0,테라사이언스,,
00135795,2015,9354846549.0,-5504637907.0,929282858015.0,500503730109.0,409930446772.0,915624764554.0,29530.0,신도리코,,
00135795,2016,31789401578.0,75854188251.0,932198393250.0,507283934955.0,411068099873.0,929282858015.0,29530.0,신도리코,,
00135795,2017,31678674857.0,58345001161.0,940545761393.0,558437441837.0,446358428927.0,932198393250.0,29530.0,신도리코,,
00135795,2018,35034112136.0,49467504758.0,950210536985.0,557945581769.0,448714268262.0,940545761393.0,29530.0,신도리코,,
00135795,2019,14487010503.0,45406720705.0,947504079112.0,427065042452.0,341817580745.0,950210536985.0,29530.0,신도리코,,
00135795,2020,-13416107380.0,-7265086869.0,916234313217.0,335846270472.0,256401369173.0,947504079112.0,29530.0,신도리코,,
00161125,2015,243370985470.0,447516383711.0,3459361438238.0,5558080871335.0,4697001621187.0,3240023316372.0,18880.0,한온시스템,,
00161125,2016,303755866311.0,389169850735.0,3859737521306.0,5703714576919.0,4804845996828.0,3459361438238.0,18880.0,한온시스템,,
00161125,2017,298403188234.0,566650679380.0,4119580910340.0,5585673304390.0,4639441988628.0,3859737521306.0,18880.0,한온시스템,,
00161125,2018,283697419659.0,471265021948.0,5355780831974.0,5937585095470.0,5024860691415.0,4119580910340.0,18880.0,한온시스템,,
00161125,2019,322613422517.0,778376703324.0,7082369012654.0,7154152588581.0,6119860294890.0,5355780831974.0,18880.0,한온시스템,,
00161125,2020,113459524772.0,795571245781.0,7807411034423.0,6872832576671.0,6008400128270.0,7082369012654.0,18880.0,한온시스템,,
00596260,2015,1844631868.0,,35940282619.0,31922859533.0,13017625779.0,32900712451.0,79970.0,투비소프트,,
00596260,2016,-487710990.0,377162941.0,78728436454.0,39181812784.0,20594993337.0,35940282619.0,79970.0,투비소프트,,
00596260,2017,-25647764017.0,-2857184168.0,96133679328.0,39454564649.0,23443936435.0,78728436454.0,79970.0,투비소프트,,
00596260,2018,-25175736403.0,-3816606450.0,105752053135.0,53924737451.0,36505328960.0,96133679328.0,79970.0,투비소프트,,
00596260,2019,-21468230359.0,445861008.0,86165522011.0,40782023907.0,23416751048.0,105752053135.0,79970.0,투비소프트,,
00596260,2020,-26188068939.0,2219828390.0,64080478822.0,38811176495.0,19800914962.0,86165522011.0,79970.0,투비소프트,,
00138792,2015,-139190349102.0,442506788298.0,9292748545471.0,5795271417468.0,5118202746874.0,8211597772822.0,20560.0,아시아나항공,,
00138792,2016,52567627378.0,658791505694.0,8229241087453.0,5763550962631.0,4909477006923.0,9292748545471.0,20560.0,아시아나항공,,
00138792,2017,247912844742.0,660315144590.0,8550603410338.0,6227064627683.0,5341062499646.0,8229241087453.0,20560.0,아시아나항공,,
00138792,2018,-195861022284.0,717036967800.0,8191104570201.0,7183387207576.0,6453307367583.0,8656482208176.0,20560.0,아시아나항공,,
00138792,2019,-817886114258.0,558989482848.0,13503422879145.0,6965788766759.0,6688692846539.0,8191104570201.0,20560.0,아시아나항공,,
00138792,2020,-502971860946.0,-405485383017.0,13851459281326.0,3895314311581.0,3817941520317.0,13503422879145.0,20560.0,아시아나항공,,
00651901,2018,20294183971.0,25026162509.0,302699757341.0,653567218543.0,588119920116.0,268494999234.0,298690.0,에어부산,,
00651901,2019,-72910218046.0,112534646988.0,985775844327.0,633183493115.0,621924582988.0,302699757341.0,298690.0,에어부산,,
00651901,2020,-128471545861.0,-116157983998.0,1034490515119.0,189917868363.0,348967181010.0,985775844327.0,298690.0,에어부산,,
00490090,2019,3827678697.0,2224250447.0,57829246373.0,55738224834.0,44833784902.0,39215213400.0,99750.0,이지케어텍,,
00490090,2020,-990868332.0,-7719010671.0,58410913245.0,64673274232.0,54996870972.0,57829246373.0,99750.0,이지케어텍,,
00121039,2015,-17864111663.0,-5504596376.0,199417322526.0,125100920171.0,62422141070.0,190660551034.0,17180.0,명문제약,,
00121039,2016,6474093733.0,5601082046.0,221075416859.0,142179739045.0,66001437080.0,199417322526.0,17180.0,명문제약,,
00121039,2017,8131232587.0,8023816121.0,235076921327.0,140137942908.0,60933137094.0,221075416859.0,17180.0,명문제약,,
00121039,2018,327850566.0,11407275728.0,243065787844.0,147498532162.0,73048384063.0,235076921327.0,17180.0,명문제약,,
00121039,2019,-20832841844.0,-2941626919.0,264441725201.0,149346276617.0,80912966508.0,243065787844.0,17180.0,명문제약,,
00121039,2020,-27753013559.0,-16672465185.0,243025042909.0,127852855895.0,78861730807.0,264441725201.0,17180.0,명문제약,,
00458562,2015,-39001667050.0,24177822363.0,140697492362.0,126241092816.0,114803207586.0,199637316945.0,89530.0,에이티세미콘,,
00458562,2016,-12830658179.0,12019920997.0,106959702671.0,89285902729.0,85513848475.0,140697492362.0,89530.0,에이티세미콘,,
00458562,2017,6055443238.0,16438756815.0,95580943047.0,103239769409.0,88553546782.0,106959702671.0,89530.0,에이티세미콘,,
00458562,2018,3718921693.0,18117875044.0,100545396840.0,119592450648.0,100715652208.0,95580943047.0,89530.0,에이티세미콘,,
00458562,2019,-9488587740.0,16618614671.0,152543768009.0,128076925290.0,109358834479.0,100545396840.0,89530.0,에이티세미콘,,
00458562,2020,-30976591271.0,15574515592.0,169289806323.0,129472997417.0,119994589855.0,152543768009.0,89530.0,에이티세미콘,,
00159731,2015,4974769000.0,-3086225192.0,12805835476.0,18646233892.0,12647852714.0,17032612848.0,19660.0,글로본,,
00159731,2016,-6200718303.0,1038673072.0,32738036419.0,14964444270.0,20734672494.0,39359259040.0,19660.0,글로본,,
00159731,2017,-8625817202.0,-6609509202.0,28697292464.0,7109864193.0,4094828481.0,32738036419.0,19660.0,글로본,,
00159731,2018,1729641441.0,102216659.0,47555585652.0,29814829283.0,21943840021.0,28697292464.0,19660.0,글로본,,
00159731,2019,-9327465438.0,-491396533.0,33229332358.0,10307315478.0,7658217822.0,47555585652.0,19660.0,글로본,,
00159731,2020,-5103497409.0,-1797007777.0,36047901855.0,4217913922.0,3561238438.0,33229332358.0,19660.0,글로본,,
00159193,2015,13416373000000.0,16943105000000.0,175257359000000.0,58957722000000.0,45457729000000.0,163708289000000.0,15760.0,한국전력공사,,
00159193,2016,7148327000000.0,16520552000000.0,177837042000000.0,60190384000000.0,45549553000000.0,175257359000000.0,15760.0,한국전력공사,,
00159193,2017,1441394000000.0,11249894000000.0,181788915000000.0,59814862000000.0,52098855000000.0,177837042000000.0,15760.0,한국전력공사,,
00159193,2018,-1174498000000.0,6680132000000.0,185249061000000.0,60627610000000.0,58207721000000.0,181788915000000.0,15760.0,한국전력공사,,
00159193,2019,-2263535000000.0,8213428000000.0,197597792000000.0,59172890000000.0,57779835000000.0,185249061000000.0,15760.0,한국전력공사,,
00159193,2020,2092469000000.0,13208473000000.0,203142111000000.0,58569314000000.0,51804596000000.0,197597792000000.0,15760.0,한국전력공사,,
00105271,2015,185052520840.0,,8668411154310.0,3414387967077.0,2528622151814.0,8654534050524.0,2380.0,케이씨씨,,
00105271,2016,152961873663.0,,9162368431781.0,3490487870757.0,2561388413991.0,8668411154310.0,2380.0,케이씨씨,,
00105271,2017,42299633566.0,332894207480.0,9543776838218.0,3863990044651.0,2939064835947.0,9162368431781.0,2380.0,케이씨씨,,
00105271,2018,-23103553364.0,538975696847.0,8965418419357.0,3782162955964.0,2936557694914.0,9543776838218.0,2380.0,케이씨씨,,
00105271,2019,-221877261778.0,274779646909.0,9382221503013.0,2719563984151.0,2080778154377.0,8965418419357.0,2380.0,케이씨씨,,
00105271,2020,560873030681.0,679854398097.0,12347572328146.0,5083631492987.0,4041786668156.0,9382221503013.0,2380.0,케이씨씨,,
00123523,2015,14935517233.0,40124913193.0,343665015191.0,227496261741.0,155595270780.0,311314288044.0,4650.0,창해에탄올,,
00123523,2016,-2822004932.0,1494979234.0,414543167728.0,212584058260.0,144086528064.0,343665015191.0,4650.0,창해에탄올,,
00123523,2017,12088781632.0,25996800286.0,383132531597.0,216935119381.0,158151776815.0,399500800487.0,4650.0,창해에탄올,,
00123523,2018,-14549964920.0,9051983757.0,365404238269.0,195358260921.0,141077933784.0,383132531597.0,4650.0,창해에탄올,,
00123523,2019,10765167650.0,25057815283.0,193042598609.0,187283714779.0,146453566521.0,365404238269.0,4650.0,창해에탄올,,
00123523,2020,13413242310.0,12212069713.0,195750183052.0,114659763158.0,85710265597.0,193042598609.0,4650.0,창해에탄올,,
00124197,2015,45773151935.0,292987989752.0,2073851398096.0,2191658102997.0,1944502330734.0,2285029617477.0,3030.0,세아제강지주,,
00124197,2016,65316123858.0,119569689019.0,2169697076932.0,1797489536637.0,1561591878728.0,2073851398096.0,3030.0,세아제강지주,,
00124197,2017,29091959316.0,-141485159832.0,2411700236887.0,2289927786734.0,1979397846847.0,2169697076932.0,3030.0,세아제강지주,,
00124197,2018,322767021160.0,127506065898.0,2445381294325.0,1781689432273.0,1619585967838.0,2411700236887.0,3030.0,세아제강지주,,
00124197,2019,14745474985.0,92498656901.0,2448548032007.0,2643906637146.0,2428696254223.0,2445381294325.0,3030.0,세아제강지주,,
00124197,2020,33771312954.0,268774832408.0,2315558156681.0,2306357441761.0,2075793618165.0,2448548032007.0,3030.0,세아제강지주,,
00264945,2015,30525342687.0,23679306886.0,290935340025.0,263882884556.0,187424005922.0,246087930941.0,36800.0,나이스정보통신,,
00264945,2016,30314590401.0,67477810294.0,376932709196.0,317066478744.0,210994119340.0,290935340025.0,36800.0,나이스정보통신,,
00264945,2017,36577569200.0,49640524990.0,494197481407.0,366436946944.0,249993561386.0,376932709196.0,36800.0,나이스정보통신,,
00264945,2018,30046504281.0,88117860999.0,545352360232.0,414997500384.0,300809623462.0,494197481407.0,36800.0,나이스정보통신,,
00264945,2019,29474778767.0,88028953923.0,641944211307.0,452922829859.0,337461722953.0,545352360232.0,36800.0,나이스정보통신,,
00264945,2020,12982294964.0,81510574590.0,714931043816.0,519325826155.0,404992836076.0,641944211307.0,36800.0,나이스정보통신,,
00276834,2015,552715687.0,-267705356.0,49704384687.0,59170050537.0,48890831775.0,54449238216.0,52900.0,KX하이텍,,
00276834,2016,1930661073.0,5771984263.0,63404546690.0,46892477406.0,36145757188.0,49704384687.0,52900.0,KX하이텍,,
00276834,2017,-431323057.0,1711773988.0,65717628404.0,51535606578.0,41691997735.0,63404546690.0,52900.0,KX하이텍,,
00276834,2018,4629018396.0,1992743254.0,76991501565.0,61046544001.0,47895602857.0,65717628404.0,52900.0,KX하이텍,,
00276834,2019,2221265357.0,10494787801.0,75446942179.0,58957831976.0,45280535088.0,76991501565.0,52900.0,KX하이텍,,
00276834,2020,1587255562.0,735987292.0,100337132292.0,74724579578.0,56955942379.0,75446942179.0,52900.0,KX하이텍,,
01205851,2017,14281034940.0,-4438758090.0,2094576576063.0,1449573280270.0,1254561884485.0,,267260.0,HD현대일렉트릭,,
01205851,2018,-178926078845.0,-4026713716.0,2326055714894.0,1940412136088.0,1787659456259.0,2094576576063.0,267260.0,HD현대일렉트릭,,
01205851,2019,-264300822542.0,57542834842.0,2256474848477.0,1771133588482.0,1617777085454.0,2326055714894.0,267260.0,HD현대일렉트릭,,
01205851,2020,-40246346429.0,204526388307.0,2272620339599.0,1811344734384.0,1501167513697.0,2256474848477.0,267260.0,HD현대일렉트릭,,
01236897,2017,1067594955.0,-4209793574.0,413726102210.0,371591762663.0,294552495379.0,,271980.0,제일약품,,
01236897,2018,1889032641.0,21453352448.0,402903122807.0,627074758254.0,488442689179.0,413726102210.0,271980.0,제일약품,,
01236897,2019,-10584593159.0,28957623942.0,401585119334.0,671406874751.0,519483226054.0,402903122807.0,271980.0,제일약품,,
01236897,2020,6964801820.0,-19046087112.0,409663297406.0,691324836677.0,534633670984.0,400395839203.0,271980.0,제일약품,,
01010642,2016,2327562875.0,-296650932.0,54513700061.0,42419466993.0,32164951919.0,16862832543.0,144510.0,지씨셀,,
01010642,2017,1057276731.0,2861177021.0,55355540535.0,45796226759.0,35586233908.0,54513700061.0,144510.0,지씨셀,,
01010642,2018,1002079396.0,490923123.0,57268066320.0,50619837954.0,38383213945.0,55355540535.0,144510.0,지씨셀,,
01010642,2019,-2232942699.0,223042399.0,68064635506.0,57895110070.0,43490128366.0,57268066320.0,144510.0,지씨셀,,
01010642,2020,4094622094.0,9094182110.0,76362721852.0,85562367521.0,62273660666.0,68064635506.0,144510.0,지씨셀,,
01217829,2020,765102541.0,4888199033.0,77109200349.0,33324513248.0,22831466298.0,53292311827.0,265740.0,엔에프씨,,
00108065,2015,-27656403305.0,-11063847995.0,28438164265.0,102248330908.0,99139623059.0,11991188812.0,15540.0,에코바이브,,
00108065,2016,-10824653399.0,-2875614603.0,13114275473.0,69565657037.0,69116216219.0,28438164265.0,15540.0,에코바이브,,
00108065,2017,-7307787718.0,-5276813212.0,17322498578.0,66582365088.0,65954684260.0,13114275473.0,15540.0,에코바이브,,
00108065,2018,-10457671575.0,-9196113238.0,19548915329.0,37779933781.0,37374148850.0,17322498578.0,15540.0,에코바이브,,
00108065,2019,-27808373254.0,-6064169433.0,15416253498.0,7742246007.0,7494879067.0,19548915329.0,15540.0,에코바이브,,
00108065,2020,-40838787657.0,-5766986809.0,12654548125.0,9699874565.0,10327324870.0,15416253498.0,15540.0,에코바이브,,
00317210,2015,-3300410993.0,-2465335325.0,98483020594.0,80378015013.0,68505135253.0,103245134734.0,43260.0,성호전자,,
00317210,2016,702620633.0,7402084383.0,96014730139.0,87687298653.0,73440276691.0,98483020594.0,43260.0,성호전자,,
00317210,2017,490161065.0,3894901301.0,91000435960.0,92259444165.0,75723549798.0,96014730139.0,43260.0,성호전자,,
00317210,2018,-1640497461.0,1014708025.0,97013283328.0,91355589876.0,73101477701.0,91000435960.0,43260.0,성호전자,,
00317210,2019,-5061670158.0,9624722511.0,95653165835.0,99288437871.0,88459400150.0,97013283328.0,43260.0,성호전자,,
00317210,2020,13637598255.0,579522885.0,141629089475.0,107194785976.0,91911078079.0,95653165835.0,43260.0,성호전자,,
00153278,2015,174035050.0,6511804247.0,178443396619.0,163297993407.0,152299943892.0,131100694569.0,19770.0,서연탑메탈,,
00153278,2016,-970665754.0,-9295737913.0,204883874832.0,205826874632.0,191867222625.0,178443396619.0,19770.0,서연탑메탈,,
00153278,2017,4273124241.0,2120838098.0,206264694193.0,209952442295.0,197279271274.0,204883874832.0,19770.0,서연탑메탈,,
00153278,2018,-10454414560.0,19700852887.0,164762717609.0,146950980933.0,142967647516.0,206264694193.0,19770.0,서연탑메탈,,
00153278,2019,-3206248641.0,-1785867284.0,156275834634.0,159678958664.0,154675613317.0,164762717609.0,19770.0,서연탑메탈,,
00153278,2020,3304588499.0,18795480351.0,137189005212.0,141400046763.0,130311420859.0,156275834634.0,19770.0,서연탑메탈,,
00260408,2015,10652234736.0,41281916483.0,776145266782.0,867078384659.0,728877793444.0,727461541644.0,36580.0,팜스코,,
00260408,2016,26469789420.0,33213509908.0,663075904080.0,947587338119.0,797528819143.0,776145266782.0,36580.0,팜스코,,
00260408,2017,39363764878.0,41582878820.0,725316559560.0,1023257514743.0,866636913847.0,663075904080.0,36580.0,팜스코,,
00260408,2018,3453458243.0,-38421019130.0,883155287429.0,1015667698678.0,876374364949.0,725316559560.0,36580.0,팜스코,,
00260408,2019,-7958646615.0,14111415668.0,979237806149.0,1164970052153.0,1016978390021.0,883155287429.0,36580.0,팜스코,,
00260408,2020,11482259930.0,30067140287.0,989343684526.0,1333937111092.0,1157826143876.0,979237806149.0,36580.0,팜스코,,
00405959,2015,-4724744896.0,14175500255.0,131611037591.0,79179678488.0,62967091253.0,134833889437.0,115570.0,스타플렉스,,
00405959,2016,6251306439.0,-2926986742.0,130677534077.0,85305533835.0,67109808362.0,131611037591.0,115570.0,스타플렉스,,
00405959,2017,-8653997042.0,-4042405029.0,142665803425.0,86988214747.0,74928264269.0,130677534077.0,115570.0,스타플렉스,,
00405959,2018,6498479902.0,-478481748.0,138722935604.0,95096697658.0,84941123913.0,142665803425.0,115570.0,스타플렉스,,
00405959,2019,-6212001659.0,-3182760990.0,137078094267.0,92736864941.0,80597563892.0,138722935604.0,115570.0,스타플렉스,,
00405959,2020,-6902774014.0,-603959675.0,126289537870.0,68107383486.0,62448881761.0,137078094267.0,115570.0,스타플렉스,,
00415594,2015,23750009518.0,-931105710.0,401898259652.0,211285537918.0,188419502671.0,305759984127.0,100130.0,동국S&C,,
00415594,2016,15957877638.0,18068554982.0,434605673365.0,383878884649.0,329244715162.0,401898259652.0,100130.0,동국S&C,,
00415594,2017,6172980740.0,61403747250.0,438572484939.0,367922823807.0,332271534278.0,434605673365.0,100130.0,동국S&C,,
00415594,2018,-11446277527.0,-51118805085.0,399283656596.0,363113417914.0,345171931943.0,438572484939.0,100130.0,동국S&C,,
00415594,2019,8953843273.0,13697650337.0,400888033956.0,317847252014.0,279038439408.0,399283656596.0,100130.0,동국S&C,,
00415594,2020,3774002760.0,73069471652.0,396990671727.0,294655040183.0,263333400967.0,400888033956.0,100130.0,동국S&C,,
00362238,2015,21119900988.0,38494349686.0,856589052307.0,1205084605942.0,1069095550710.0,899690573777.0,79980.0,휴비스,,
00362238,2016,9069810091.0,43112519197.0,914125280652.0,1143501108380.0,1027344117290.0,856589052307.0,79980.0,휴비스,,
00362238,2017,23164067789.0,74591631248.0,900280057663.0,1280979427250.0,1137429687687.0,914125280652.0,79980.0,휴비스,,
00362238,2018,18991819596.0,42045918090.0,958085426674.0,1262515099360.0,1130551867279.0,900280057663.0,79980.0,휴비스,,
00362238,2019,-293323669.0,-11654225351.0,877170812678.0,1029346443478.0,928224799233.0,958085426674.0,79980.0,휴비스,,
00362238,2020,82630762974.0,89344952164.0,872859156018.0,920303309155.0,797006123569.0,877170812678.0,79980.0,휴비스,,
00441447,2015,1204273845.0,3246262671.0,65057968686.0,37438506122.0,31760812744.0,46576353286.0,89150.0,케이씨티,,
00441447,2016,1550521955.0,300181089.0,63372429273.0,26151216369.0,20405481751.0,65057968686.0,89150.0,케이씨티,,
00441447,2017,2033472007.0,511361929.0,62835903075.0,27915455356.0,21576205332.0,63372429273.0,89150.0,케이씨티,,
00441447,2018,1237494844.0,1845159327.0,64250968215.0,30759977334.0,24994795571.0,62835903075.0,89150.0,케이씨티,,
00441447,2019,859703455.0,450495688.0,58441871949.0,20057538569.0,15460695965.0,64250968215.0,89150.0,케이씨티,,
00441447,2020,569980243.0,1120990025.0,55516121065.0,20477337371.0,14390641091.0,58441871949.0,89150.0,케이씨티,,
00495086,2015,11390723744.0,5954999278.0,126027041903.0,106214922369.0,77457173055.0,111640701798.0,87600.0,픽셀플러스,,
00495086,2016,-6790628946.0,844029284.0,109697992836.0,73444378066.0,59971458299.0,126027041903.0,87600.0,픽셀플러스,,
00495086,2017,-2215923798.0,-5396515580.0,99886883444.0,54863316983.0,45733583146.0,110252313984.0,87600.0,픽셀플러스,,
00495086,2018,-9504672687.0,-7616706961.0,89851738438.0,37849985712.0,28314572764.0,99886883444.0,87600.0,픽셀플러스,,
00495086,2019,-6142136109.0,-1573692613.0,83360690059.0,35347030390.0,25917874726.0,89851738438.0,87600.0,픽셀플러스,,
00495086,2020,3981554021.0,1960042084.0,86460332117.0,39080596994.0,27944986092.0,83360690059.0,87600.0,픽셀플러스,,
01003040,2015,7793240482.0,6600909731.0,53622664854.0,31529012211.0,22930647839.0,45455853843.0,192250.0,케이사인,,
01003040,2016,5019887476.0,930750908.0,77613826527.0,32145094505.0,26754374562.0,53622664854.0,192250.0,케이사인,,
01003040,2017,-4930779115.0,4839926162.0,73192848512.0,26489386076.0,13981623362.0,77613826527.0,192250.0,케이사인,,
01003040,2018,-773621374.0,6377039043.0,70392703138.0,23737495307.0,,73192848512.0,192250.0,케이사인,,
01003040,2019,3646322908.0,5754741777.0,66893961564.0,26004244023.0,,70392703138.0,192250.0,케이사인,,
01003040,2020,4284665515.0,10751770116.0,75959294670.0,35310173123.0,,66893961564.0,192250.0,케이사인,,
00102432,2015,16899683453.0,139557171762.0,1224683470759.0,1522160320988.0,1413906390274.0,1238256091695.0,13580.0,계룡건설산업,,
00102432,2016,18620153448.0,125964882716.0,1513435499175.0,1958513609315.0,1805402091249.0,1224683470759.0,13580.0,계룡건설산업,,
00102432,2017,56453188746.0,-58392279342.0,1582918161209.0,2240832538368.0,2014410419166.0,1513435499175.0,13580.0,계룡건설산업,,
00102432,2018,94529275719.0,104065313709.0,1726211682257.0,2292657937744.0,2035053269059.0,1582918161209.0,13580.0,계룡건설산업,,
00102432,2019,74556837875.0,13591200406.0,2006740304864.0,2275710115224.0,2038171900578.0,1726211682257.0,13580.0,계룡건설산업,,
00102432,2020,95413721382.0,193764281939.0,2070254078107.0,2199961908176.0,1921448993517.0,2004566138171.0,13580.0,계룡건설산업,,
00230036,2015,-7804337014.0,1197868970.0,62770028641.0,16519573922.0,,76939220240.0,30350.0,드래곤플라이,,
00230036,2016,-300982015.0,1651247015.0,67297050873.0,10939185290.0,,62770028641.0,30350.0,드래곤플라이,,
00230036,2017,-9731229201.0,-5273493654.0,50306246000.0,,,67297050873.0,30350.0,드래곤플라이,,
00230036,2018,-8688032950.0,-8897284040.0,19895922677.0,6373655323.0,12273459455.0,50306246000.0,30350.0,드래곤플라이,,
00230036,2019,-5749730787.0,-1577760820.0,14923301135.0,6081312695.0,10591019415.0,19895922677.0,30350.0,드래곤플라이,,
00230036,2020,-8195093341.0,-2034476397.0,21016524754.0,3776851597.0,7250932682.0,14923301135.0,30350.0,드래곤플라이,,
00360036,2015,70224821.0,-2167209636.0,55411509462.0,92584518955.0,68029335016.0,74503722717.0,46310.0,백금T&A,,
00360036,2016,-1953387362.0,4054854174.0,64969546246.0,60216858683.0,47143103270.0,55411509462.0,46310.0,백금T&A,,
00360036,2017,3163668036.0,-8654440411.0,74533010508.0,101998707681.0,77991500511.0,64969546246.0,46310.0,백금T&A,,
00360036,2018,6028051697.0,8349671551.0,77049622828.0,112217562905.0,85597885322.0,74533010508.0,46310.0,백금T&A,,
00360036,2019,8812841257.0,40130999447.0,93349212044.0,155629902811.0,114366701374.0,77049622828.0,46310.0,백금T&A,,
00360036,2020,-762400437.0,-7037939658.0,96416859797.0,132777392238.0,101474162737.0,93349212044.0,46310.0,백금T&A,,
00610490,2017,3597606868.0,-11194170899.0,96901240498.0,94899276824.0,85015559287.0,73393438585.0,148140.0,비디아이,,
00610490,2018,366135878.0,-13046923128.0,148068119768.0,85738787069.0,72091574564.0,96901240498.0,148140.0,비디아이,,
00610490,2019,-221897145.0,7445875107.0,147695815673.0,128590481274.0,116048758465.0,148068119768.0,148140.0,비디아이,,
00610490,2020,-93061597904.0,-45528962622.0,178901294582.0,196498598791.0,240959771920.0,147695815673.0,148140.0,비디아이,,
00125150,2015,19279262918.0,16716185274.0,841187064221.0,310295324303.0,263765307784.0,813320785017.0,5090.0,SGC에너지,,
00125150,2016,14412035351.0,14434277224.0,854268058915.0,297458693223.0,263196274727.0,841187064221.0,5090.0,SGC에너지,,
00125150,2017,4090727883.0,-2239664720.0,797747001331.0,319961347298.0,305346310310.0,843055543263.0,5090.0,SGC에너지,,
00125150,2018,-11514292688.0,25421548217.0,759129159384.0,346781203870.0,344669697847.0,797747001331.0,5090.0,SGC에너지,,
00125150,2019,426699381.0,6112416329.0,695852509295.0,284244834792.0,253884817375.0,759129159384.0,5090.0,SGC에너지,,
00125150,2020,26213932423.0,-23599764736.0,2665670488054.0,106548366582.0,93008512997.0,,5090.0,SGC에너지,,
00371485,2015,-9108932902.0,-1710339933.0,234894280100.0,265622473145.0,244148277891.0,222796372508.0,89010.0,켐트로닉스,,
00371485,2016,-5910302040.0,26502290516.0,226427988026.0,246122176100.0,224817061790.0,234894280100.0,89010.0,켐트로닉스,,
00371485,2017,-16143113660.0,13042952963.0,220667821437.0,292775238202.0,279056757375.0,226427988026.0,89010.0,켐트로닉스,,
00371485,2018,1145164385.0,1243458036.0,231561350373.0,337353791730.0,302637911394.0,220667821437.0,89010.0,켐트로닉스,,
00371485,2019,16589111609.0,54453021562.0,294088094195.0,403474312388.0,334649171940.0,231561350373.0,89010.0,켐트로닉스,,
00371485,2020,17993543413.0,12346245259.0,368562465902.0,530023683939.0,451657579037.0,294088094195.0,89010.0,켐트로닉스,,
01159853,2016,14814752146.0,28920689280.0,179343039508.0,168966126192.0,79682891238.0,,243070.0,휴온스,,
01159853,2017,34087057031.0,30207476088.0,211253286440.0,284838204968.0,130373910801.0,179343039508.0,243070.0,휴온스,,
01159853,2018,44595079934.0,20882911662.0,251370717948.0,328595382423.0,147040401641.0,216000601676.0,243070.0,휴온스,,
01159853,2019,37412974851.0,42119503502.0,300341675410.0,365018984889.0,165024437356.0,251370717948.0,243070.0,휴온스,,
01159853,2020,56585965915.0,46506243965.0,416501439509.0,406677880968.0,186823869137.0,300341675410.0,243070.0,휴온스,,
01310773,2020,3577276897.0,3186763311.0,27837418940.0,36387318678.0,24499703218.0,21289146373.0,333620.0,엔시스,,
00453929,2015,2698463583.0,-5969695083.0,182932724882.0,37570152401.0,15578840542.0,185969419999.0,78160.0,메디포스트,,
00453929,2016,-5367667759.0,-4434728951.0,179264590671.0,28654161847.0,12953873751.0,182932724882.0,78160.0,메디포스트,,
00453929,2017,-1848011088.0,-6925978473.0,139069925176.0,42249904553.0,17053850193.0,136667183081.0,78160.0,메디포스트,,
00453929,2018,-2007490667.0,6892832259.0,175753119554.0,44383628093.0,16018690073.0,144645988773.0,78160.0,메디포스트,,
00453929,2019,-14121187133.0,7513677472.0,213719038755.0,45810813533.0,16786432553.0,175753119554.0,78160.0,메디포스트,,
00453929,2020,-1895808571.0,1784600213.0,219811428587.0,48624816649.0,17734782818.0,213719038755.0,78160.0,메디포스트,,
00765462,2019,6096347807.0,8461284841.0,107990241406.0,102573701726.0,84318565580.0,61133406256.0,297090.0,씨에스베어링,,
00765462,2020,5712595274.0,-6648937122.0,127509421805.0,103520356297.0,86502759835.0,107990241406.0,297090.0,씨에스베어링,,
00670340,2015,21382774271.0,-19849639344.0,391992573317.0,297142615636.0,231215643098.0,370941510752.0,112610.0,씨에스윈드,,
00670340,2016,-17243617954.0,48828129335.0,385686829189.0,311217960775.0,291265230087.0,391992573317.0,112610.0,씨에스윈드,,
00670340,2017,38951795971.0,-3078057208.0,387936614209.0,312226959147.0,238323596503.0,385686829189.0,112610.0,씨에스윈드,,
00670340,2018,7055958731.0,-20528787212.0,606391654468.0,502207595937.0,420772770162.0,387936614209.0,112610.0,씨에스윈드,,
00670340,2019,34682366867.0,85674844573.0,735606528549.0,799390727329.0,685775110385.0,606391654468.0,112610.0,씨에스윈드,,
00670340,2020,33598765925.0,23987795324.0,880657688570.0,969066819918.0,821079064070.0,735606528549.0,112610.0,씨에스윈드,,
00239639,2015,-10838171107.0,69665713458.0,1107696145006.0,563812485011.0,465238302841.0,1312244568271.0,38500.0,삼표시멘트,,
00239639,2016,50294748652.0,107621002516.0,1263350828196.0,615909682576.0,482123695855.0,1107696145006.0,38500.0,삼표시멘트,,
00239639,2017,36285020200.0,90616425811.0,1265303707111.0,671307465183.0,527849875611.0,1263350828196.0,38500.0,삼표시멘트,,
00239639,2018,-4346817131.0,52203481851.0,1306846596555.0,576027307973.0,516340871574.0,1265303707111.0,38500.0,삼표시멘트,,
00239639,2019,18557380121.0,66444296854.0,1346969001800.0,595485609978.0,494931053730.0,1306846596555.0,38500.0,삼표시멘트,,
00239639,2020,13703733291.0,92788355609.0,1349298506487.0,543151580297.0,431924448998.0,1346969001800.0,38500.0,삼표시멘트,,
00532059,2015,5386720580.0,5617307050.0,67149209277.0,45508438618.0,37715630414.0,66433565220.0,114450.0,그린생명과학,,
00532059,2016,4504430616.0,7067229921.0,77057788713.0,43304291866.0,35917798606.0,67149209277.0,114450.0,그린생명과학,,
00532059,2017,2224671001.0,5680712341.0,72964194332.0,42584727036.0,37938330419.0,77057788713.0,114450.0,그린생명과학,,
00532059,2018,-1445275479.0,5377393106.0,69372425672.0,32753788223.0,32682981612.0,72964194332.0,114450.0,그린생명과학,,
00532059,2019,1195718923.0,4241649977.0,71894428669.0,37618455167.0,34586357543.0,69372425672.0,114450.0,그린생명과학,,
00532059,2020,-1059489015.0,1902224143.0,70846459747.0,24560723779.0,24635340668.0,71894428669.0,114450.0,그린생명과학,,
00580199,2015,42292784528.0,22355748622.0,203552000514.0,88505437514.0,14169170400.0,168510779520.0,86900.0,메디톡스,,
00580199,2016,59231019516.0,54100692252.0,324030420497.0,133255671034.0,24080493276.0,203552000514.0,86900.0,메디톡스,,
00580199,2017,73166705232.0,59684155994.0,389129324779.0,181239191116.0,34591758684.0,324030420497.0,86900.0,메디톡스,,
00580199,2018,69765654196.0,55070958279.0,395014965909.0,205444934515.0,54238050281.0,380945209080.0,86900.0,메디톡스,,
00580199,2019,25563082881.0,33702851987.0,421529503965.0,205900275787.0,69529926647.0,395014965909.0,86900.0,메디톡스,,
00580199,2020,-30038850866.0,27926685785.0,467764378987.0,140827514747.0,66486124511.0,421529503965.0,86900.0,메디톡스,,
00877059,2017,-96972115811.0,149816327598.0,7183091162578.0,464629334143.0,332829273189.0,7533016106344.0,207940.0,삼성바이오로직스,,
00877059,2018,224109194872.0,-32417327325.0,5980408648293.0,535805801067.0,390645859406.0,7183091162578.0,207940.0,삼성바이오로직스,,
00877059,2019,202904099088.0,10153614976.0,5911626511920.0,701591859755.0,509584425113.0,5980408648293.0,207940.0,삼성바이오로직스,,
00877059,2020,240974799963.0,202090026541.0,6424201164962.0,1164776873641.0,748700763470.0,5911626511920.0,207940.0,삼성바이오로직스,,
00926522,2015,1473397405.0,2632894696.0,25760635240.0,7492001366.0,1451277332.0,24393665268.0,191420.0,테고사이언스,,
00926522,2016,753895994.0,2357290503.0,44644585188.0,8343009707.0,1571366243.0,25760635240.0,191420.0,테고사이언스,,
00926522,2017,-6273278052.0,2037230177.0,48388757466.0,8642115137.0,1757955042.0,44644585188.0,191420.0,테고사이언스,,
00926522,2018,-1860194352.0,833875271.0,47562132424.0,7850219494.0,1866795254.0,47587635196.0,191420.0,테고사이언스,,
00926522,2019,831874932.0,41402914.0,48569090990.0,6346019334.0,1630820562.0,47562132424.0,191420.0,테고사이언스,,
00926522,2020,1827771514.0,1318228351.0,50401650033.0,8789100353.0,2149575408.0,48569090990.0,191420.0,테고사이언스,,
00102618,2015,9581186296.0,19205121793.0,211584625339.0,293584374834.0,235573511054.0,204236124273.0,12200.0,계양전기,,
00102618,2016,17233731189.0,18734059306.0,243982898796.0,339878931163.0,268347439561.0,211584625339.0,12200.0,계양전기,,
00102618,2017,7746601351.0,19779380816.0,253948487266.0,339922485810.0,270369695106.0,243982898796.0,12200.0,계양전기,,
00102618,2018,7700773366.0,-2972425770.0,273358874947.0,365071318132.0,295612499097.0,253948487266.0,12200.0,계양전기,,
00102618,2019,-2538604866.0,-2662074432.0,281736766096.0,375025411691.0,313050452394.0,273358874947.0,12200.0,계양전기,,
00102618,2020,9385033043.0,18440916069.0,294209839079.0,379681389812.0,320707190693.0,281736766096.0,12200.0,계양전기,,
00297095,2015,3725633717.0,3564573772.0,160113698180.0,129693644922.0,113102052472.0,156939911294.0,51490.0,나라엠앤디,,
00297095,2016,2114457001.0,18389909539.0,170434037879.0,131016323480.0,117384718806.0,160113698180.0,51490.0,나라엠앤디,,
00297095,2017,1883151269.0,8526161364.0,185270866168.0,140866034017.0,120647586570.0,170434037879.0,51490.0,나라엠앤디,,
00297095,2018,3744173158.0,895147489.0,191504715231.0,141805153173.0,123807871775.0,185270866168.0,51490.0,나라엠앤디,,
00297095,2019,1119549031.0,6699118347.0,217201627721.0,156036235028.0,140635872911.0,191504715231.0,51490.0,나라엠앤디,,
00297095,2020,1494590517.0,10500449893.0,217893205762.0,177806236759.0,162643635382.0,217201627721.0,51490.0,나라엠앤디,,
00141246,2015,41751715784.0,54998785761.0,1495405569190.0,1100688301047.0,956069646834.0,1315550521636.0,16250.0,SGC E&C,,
00141246,2016,60705309372.0,126351529723.0,1642373302010.0,1191570072884.0,1050364715330.0,1495405569190.0,16250.0,SGC E&C,,
00141246,2017,65210573489.0,184585820583.0,1781197619338.0,1465750841598.0,1272387144461.0,1642267831812.0,16250.0,SGC E&C,,
00141246,2018,71126973164.0,52332240509.0,1912963646955.0,1487904767717.0,1322201641646.0,1781197619338.0,16250.0,SGC E&C,,
00141246,2019,31525628941.0,94745535533.0,2034408015458.0,1698474766463.0,1560922503414.0,1912963646955.0,16250.0,SGC E&C,,
00141246,2020,180746432112.0,66912615351.0,663630036116.0,1135750987281.0,1064679809107.0,2034408015458.0,16250.0,SGC E&C,,
00753643,2015,-5642909506.0,744290463.0,68293125534.0,48044075164.0,48748379764.0,67495667656.0,109070.0,주성코퍼레이션,,
00753643,2016,-16333145602.0,-3945627580.0,78594379582.0,45974763461.0,49584838917.0,68293125534.0,109070.0,주성코퍼레이션,,
00753643,2017,-18244624254.0,-1368598787.0,64607126180.0,90655773089.0,91238784658.0,78594379582.0,109070.0,주성코퍼레이션,,
00753643,2018,-18220313954.0,-10534508524.0,67466709517.0,89102572318.0,90332276449.0,64607126180.0,109070.0,주성코퍼레이션,,
00753643,2019,-15957067508.0,-5274629548.0,27366791049.0,45782646404.0,44090640981.0,64916024870.0,109070.0,주성코퍼레이션,,
00753643,2020,-6653890330.0,-3662908546.0,31795142167.0,20471188626.0,18036278214.0,27113647018.0,109070.0,주성코퍼레이션,,
00441128,2015,2458255386.0,511147183.0,54433235671.0,88748884797.0,75053725739.0,56502541201.0,58220.0,아리온테크놀로지,,
00441128,2016,-15243714302.0,-14669015127.0,75370168065.0,46037492932.0,39973436150.0,54433235671.0,58220.0,아리온테크놀로지,,
00441128,2017,-21438449736.0,2603317825.0,68569949583.0,51742898435.0,45235536214.0,77118320221.0,58220.0,아리온테크놀로지,,
00441128,2018,-11169787467.0,-4027468633.0,77177119234.0,45886089062.0,39227377757.0,68569949583.0,58220.0,아리온테크놀로지,,
00441128,2019,-7502143676.0,-12033770580.0,86960615819.0,33038989290.0,23450587308.0,77177119234.0,58220.0,아리온테크놀로지,,
00441128,2020,-29112456029.0,-2163690578.0,26058205165.0,8195101366.0,7411104241.0,86960615819.0,58220.0,아리온테크놀로지,,
00104537,2015,-533926498.0,647454705.0,63713391862.0,40107646721.0,39614547536.0,58995755569.0,6050.0,국영지앤엠,,
00104537,2016,385503389.0,-3296246781.0,65670914738.0,51456555629.0,49594429750.0,63713391862.0,6050.0,국영지앤엠,,
00104537,2017,1431623961.0,239245628.0,66101002353.0,62861661392.0,59698131464.0,65670914738.0,6050.0,국영지앤엠,,
00104537,2018,-354808043.0,5051581593.0,60335138247.0,56301480287.0,55344975061.0,66101002353.0,6050.0,국영지앤엠,,
00104537,2019,1089819443.0,-2377259608.0,68657301644.0,73013467513.0,69721548953.0,60335138247.0,6050.0,국영지앤엠,,
00104537,2020,-1305458847.0,5497525649.0,70027759913.0,64386055886.0,64158232224.0,68657301644.0,6050.0,국영지앤엠,,
00105855,2015,70553628426.0,100300545523.0,2251673934546.0,,1767758612091.0,2294355145932.0,10120.0,엘에스일렉트릭,,
00105855,2016,80747592473.0,242227484349.0,2261805558346.0,,1800729633425.0,2251673934546.0,10120.0,엘에스일렉트릭,,
00105855,2017,106004533376.0,144598318913.0,2255821411030.0,2343745307086.0,1907527560793.0,2261805558346.0,10120.0,엘에스일렉트릭,,
00105855,2018,132234957998.0,204655398575.0,2405835525053.0,2484978337271.0,2006242185478.0,2255821411030.0,10120.0,엘에스일렉트릭,,
00105855,2019,103042611501.0,216079620947.0,2538144406862.0,2346848548538.0,1890428115923.0,2405835525053.0,10120.0,엘에스일렉트릭,,
00105855,2020,85485546630.0,288900985879.0,2540396071840.0,2402672528424.0,1968532611334.0,2538144406862.0,10120.0,엘에스일렉트릭,,
00143907,2015,4643144060.0,2956240043.0,164291899689.0,235251862412.0,217736514015.0,167167446802.0,12620.0,원일특강,,
00143907,2016,5207568236.0,12855194176.0,165765301932.0,206402010374.0,186569605261.0,164291899689.0,12620.0,원일특강,,
00143907,2017,7194315596.0,-10011182961.0,196712382536.0,233964614949.0,213082580184.0,165765301932.0,12620.0,원일특강,,
00143907,2018,6714904913.0,9353014510.0,202751566969.0,255861298208.0,233794794689.0,196712382536.0,12620.0,원일특강,,
00143907,2019,9937904137.0,3978352232.0,224025381383.0,255805707167.0,235712759181.0,202751566969.0,12620.0,원일특강,,
00143907,2020,1450415800.0,6231525333.0,230901345163.0,245078863098.0,227141239449.0,224025381383.0,12620.0,원일특강,,
00185046,2015,-4732973591.0,6226564265.0,86046314692.0,75502152245.0,64890092442.0,84563920306.0,48550.0,SM C&C,,
00185046,2016,-471672586.0,-203695160.0,81197459106.0,95394112059.0,78661867355.0,86046314692.0,48550.0,SM C&C,,
00185046,2017,-14019802238.0,42043686956.0,300762939582.0,88565310710.0,76518963235.0,81197459106.0,48550.0,SM C&C,,
00185046,2018,-1754968767.0,53152336236.0,314532888626.0,197029802005.0,148694596327.0,300762939582.0,48550.0,SM C&C,,
00185046,2019,3843115611.0,27332369181.0,350709748589.0,166658489396.0,109235024592.0,314532888626.0,48550.0,SM C&C,,
00185046,2020,-14231614609.0,908402421.0,301407625624.0,130569609180.0,90671079343.0,350709748589.0,48550.0,SM C&C,,
00918222,2016,1785342998.0,-8370701898.0,89799773974.0,34448849245.0,13759263589.0,67382697579.0,156100.0,엘앤케이바이오,,
00918222,2017,-14982842591.0,-4918431365.0,89594643227.0,31514424790.0,16639310823.0,89799773974.0,156100.0,엘앤케이바이오,,
00918222,2018,-4047738653.0,-10383485040.0,91837015940.0,31323219099.0,14476955859.0,89594643227.0,156100.0,엘앤케이바이오,,
00918222,2019,-11832410231.0,623428.0,71663905243.0,25776888937.0,14295216041.0,91837015940.0,156100.0,엘앤케이바이오,,
00918222,2020,-11716298799.0,-776704108.0,58963967868.0,19356047464.0,5859692270.0,71878399989.0,156100.0,엘앤케이바이오,,
00825959,2015,9352122363.0,6405056344.0,88762620837.0,87660105417.0,60154222505.0,78843909870.0,126700.0,하이비젼시스템,,
00825959,2016,4630603376.0,14566056484.0,99277219888.0,77544962299.0,50672091544.0,88762620837.0,126700.0,하이비젼시스템,,
00825959,2017,20442632326.0,27178815880.0,156298933057.0,168889853972.0,108948304178.0,99277219888.0,126700.0,하이비젼시스템,,
00825959,2018,20294871472.0,18694033801.0,167515610767.0,183093114162.0,131486556860.0,156298933057.0,126700.0,하이비젼시스템,,
00825959,2019,6512620269.0,-14439141387.0,165852207107.0,134228521774.0,95519968469.0,167515610767.0,126700.0,하이비젼시스템,,
00825959,2020,9750536233.0,14868075732.0,168432267605.0,183197919631.0,133864357549.0,165852207107.0,126700.0,하이비젼시스템,,
00144650,2015,1020220516.0,2327194322.0,147000141003.0,145658672937.0,130592140116.0,147243557990.0,54930.0,유신,,
00144650,2016,1691329831.0,14439124626.0,142425525279.0,151636157547.0,134089599313.0,147000141003.0,54930.0,유신,,
00144650,2017,1529910120.0,-11388127926.0,149440817998.0,148484811272.0,130497220545.0,142425525279.0,54930.0,유신,,
00144650,2018,-7412172732.0,-15810848744.0,148138860707.0,150831861936.0,140987270834.0,149440817998.0,54930.0,유신,,
00144650,2019,-6150701481.0,5339064971.0,156433355065.0,166611283201.0,156243107890.0,148138860707.0,54930.0,유신,,
00144650,2020,3026584260.0,25730289028.0,175593962894.0,212258924917.0,185195778853.0,156433355065.0,54930.0,유신,,
00299464,2015,-614222942.0,-2164749140.0,114401923981.0,24842314115.0,24448053611.0,26896000969.0,47820.0,초록뱀미디어,,
00299464,2016,4883169385.0,6732767116.0,124196883638.0,105907923197.0,90104613182.0,114146607894.0,47820.0,초록뱀미디어,,
00299464,2017,-13339849294.0,646502358.0,111076858296.0,58844075344.0,50334749039.0,124196883638.0,47820.0,초록뱀미디어,,
00299464,2018,-15458346751.0,-21533418734.0,169114745459.0,63870939172.0,54155866354.0,111076858296.0,47820.0,초록뱀미디어,,
00299464,2019,8243681572.0,11529334818.0,186524565455.0,48519671414.0,43072710210.0,169114745459.0,47820.0,초록뱀미디어,,
00299464,2020,-33784379463.0,783892516.0,299149252279.0,46740870594.0,48238732321.0,186524565455.0,47820.0,초록뱀미디어,,
00602136,2015,1522984886.0,6917473304.0,94319567621.0,80220194421.0,67624845072.0,84215250867.0,104460.0,디와이피엔에프,,
00602136,2016,-363746051.0,1373020136.0,101081179365.0,92322690801.0,82383408454.0,94319567621.0,104460.0,디와이피엔에프,,
00602136,2017,-2843948104.0,2703543140.0,93786394887.0,95411937530.0,84610891443.0,101081179365.0,104460.0,디와이피엔에프,,
00602136,2018,10014200566.0,8600787512.0,133139040855.0,112079199952.0,86681084161.0,93786394887.0,104460.0,디와이피엔에프,,
00602136,2019,21072335588.0,22805308296.0,158275548798.0,165590076590.0,126454688852.0,133139040855.0,104460.0,디와이피엔에프,,
00602136,2020,25995507333.0,10299920384.0,153284322058.0,212274586958.0,164809293110.0,158275548798.0,104460.0,디와이피엔에프,,
00120571,2015,100295430296.0,275099876859.0,4381975016809.0,2299159974118.0,1318323672153.0,4099992950758.0,5300.0,롯데칠성음료,,
00120571,2016,69143930113.0,190930208739.0,4650515640860.0,2369469994906.0,1334181752206.0,4381975016809.0,5300.0,롯데칠성음료,,
00120571,2017,121535608933.0,144694171814.0,3486931133693.0,2279282728426.0,1341529912392.0,4650515640860.0,5300.0,롯데칠성음료,,
00120571,2018,-50013437693.0,85909700635.0,3311280026661.0,2346277858505.0,1417441204815.0,3486931133693.0,5300.0,롯데칠성음료,,
00120571,2019,-144005703597.0,134075960762.0,3256509992171.0,2429527266539.0,1445899659206.0,3311280026661.0,5300.0,롯데칠성음료,,
00120571,2020,-16801842344.0,303423501670.0,3466112902925.0,2257973300939.0,1349522459201.0,3256509992171.0,5300.0,롯데칠성음료,,
00220969,2015,2619249989.0,4889938790.0,117864590789.0,136594358450.0,112346018832.0,107652989448.0,45060.0,오공,,
00220969,2016,5646830334.0,11175755085.0,120524373846.0,143111531666.0,115795681378.0,117864590789.0,45060.0,오공,,
00220969,2017,6395066303.0,8712591551.0,121166232873.0,149593867346.0,121930221783.0,120524373846.0,45060.0,오공,,
00220969,2018,6672892308.0,9358271109.0,128678375428.0,150657894015.0,124136648258.0,121166232873.0,45060.0,오공,,
00220969,2019,7647215943.0,11780119425.0,126890975779.0,151927490217.0,123528296173.0,128678375428.0,45060.0,오공,,
00220969,2020,7814414598.0,14684635192.0,133029937142.0,150811926545.0,120657982000.0,126890975779.0,45060.0,오공,,
00313649,2015,711285387.0,,43413786519.0,40674617767.0,28488806018.0,32807087355.0,48410.0,현대바이오,,
00313649,2016,-8070237177.0,,53381060671.0,36101390151.0,24100942891.0,43413786519.0,48410.0,현대바이오,,
00313649,2017,1218194238.0,,49498780886.0,31970192878.0,17142140782.0,53381060671.0,48410.0,현대바이오,,
00313649,2018,2617921261.0,,54008494105.0,31863791411.0,17341116707.0,49498780886.0,48410.0,현대바이오,,
00313649,2019,767215168.0,,63235589162.0,30085994562.0,15964334185.0,54008494105.0,48410.0,현대바이오,,
00313649,2020,-8259902290.0,7501969098.0,93740989045.0,12511415776.0,5948750797.0,64220394446.0,48410.0,현대바이오,,
00231363,2015,351232000000.0,1792908000000.0,11950998000000.0,10795218000000.0,2500650000000.0,12012660000000.0,32640.0,LG유플러스,,
00231363,2016,492739000000.0,2224768000000.0,11989117000000.0,11451046000000.0,2597480000000.0,11950998000000.0,32640.0,LG유플러스,,
00231363,2017,547118000000.0,2279431000000.0,11935453000000.0,12279382000000.0,2929894000000.0,11989117000000.0,32640.0,LG유플러스,,
00231363,2018,481609000000.0,2069439000000.0,13939948000000.0,12125051000000.0,3002449000000.0,11935453000000.0,32640.0,LG유플러스,,
00231363,2019,438831000000.0,2252600000000.0,17941050000000.0,12381969000000.0,3437694000000.0,13939948000000.0,32640.0,LG유플러스,,
00231363,2020,478065000000.0,2548551000000.0,18350190000000.0,13417627000000.0,2980406000000.0,17941050000000.0,32640.0,LG유플러스,,
00487546,2015,-2239547085.0,20180286732.0,163244053199.0,134879143730.0,121838244754.0,143608913275.0,76080.0,웰크론한텍,,
00487546,2016,-700560412.0,-14914319953.0,187807673504.0,132335964800.0,121298359042.0,163244053199.0,76080.0,웰크론한텍,,
00487546,2017,-4990157422.0,3974225284.0,211738840196.0,251911709297.0,238103910703.0,187807673504.0,76080.0,웰크론한텍,,
00487546,2018,242836758.0,-19236062865.0,225403197235.0,264346513096.0,249795632549.0,211738840196.0,76080.0,웰크론한텍,,
00487546,2019,-20692317343.0,26337662534.0,153912090667.0,270764970703.0,259904053492.0,225403197235.0,76080.0,웰크론한텍,,
00487546,2020,-62057883.0,15997416340.0,143885319146.0,201096638793.0,191887614918.0,153912090667.0,76080.0,웰크론한텍,,
00303873,2015,52199238517.0,151672649998.0,1417577426757.0,1193516367213.0,594798156570.0,1254918922892.0,79160.0,CJ CGV,,
00303873,2016,5621660284.0,187811328056.0,2541773013510.0,1432245446647.0,702646843981.0,1417577426757.0,79160.0,CJ CGV,,
00303873,2017,10036368802.0,194342876963.0,2460100845901.0,1714387173382.0,847114730834.0,2541773013510.0,79160.0,CJ CGV,,
00303873,2018,-188541087052.0,108733820274.0,2234185992506.0,1769356467477.0,857016645960.0,2460100845901.0,79160.0,CJ CGV,,
00303873,2019,-239075347803.0,283339456559.0,4524046865181.0,1942279329129.0,1157277062988.0,2234185992506.0,79160.0,CJ CGV,,
00303873,2020,-751648434193.0,-268443869621.0,4354856895866.0,583443792479.0,972104083343.0,4524046865181.0,79160.0,CJ CGV,,
00617314,2015,2293754163.0,2542045477.0,41887682906.0,26923155851.0,21717617614.0,33436083672.0,219130.0,타이거일렉,,
00617314,2016,904878327.0,1614323366.0,40002270535.0,28000475086.0,24258761183.0,41887682906.0,219130.0,타이거일렉,,
00617314,2017,3768651171.0,5631006894.0,44924781357.0,33444169276.0,26099350453.0,40002270535.0,219130.0,타이거일렉,,
00617314,2018,2171811434.0,4181464683.0,46931536824.0,33746372534.0,28471062450.0,44924781357.0,219130.0,타이거일렉,,
00617314,2019,1612869666.0,3409248087.0,60479813718.0,35062582648.0,30802101122.0,46931536824.0,219130.0,타이거일렉,,
00617314,2020,4424868679.0,10358509804.0,68125228691.0,43551647270.0,34858115297.0,60479813718.0,219130.0,타이거일렉,,
00291231,2015,,-5376233154.0,252299360478.0,192367040536.0,200070885665.0,336427054664.0,52270.0,우전,,
00161383,2015,21798920484.0,35703756722.0,225559495944.0,117791353740.0,63251287426.0,248260074758.0,42700.0,한미반도체,,
00161383,2016,31445454320.0,38100568069.0,284988380023.0,166268021834.0,91469234371.0,225559495944.0,42700.0,한미반도체,,
00161383,2017,9500246912.0,36015991397.0,285064244128.0,197300043409.0,108814402030.0,284988380023.0,42700.0,한미반도체,,
00161383,2018,49272961449.0,45626978011.0,246028948270.0,217114859555.0,120278001429.0,285064244128.0,42700.0,한미반도체,,
00161383,2019,19262572161.0,27170525034.0,257474681329.0,120377520384.0,70270546248.0,246028948270.0,42700.0,한미반도체,,
00161383,2020,50131485364.0,37483996929.0,326966868038.0,257385897660.0,146712110669.0,257474681329.0,42700.0,한미반도체,,
00172680,2015,27801164810.0,43348003385.0,792329474400.0,736113394381.0,659584605969.0,833278627568.0,5160.0,동국산업,,
00172680,2016,30425933310.0,42205913640.0,835966016298.0,754931361450.0,649633173412.0,792329474400.0,5160.0,동국산업,,
00172680,2017,22799815323.0,69884133232.0,827026978949.0,784363916627.0,693903878232.0,835966016298.0,5160.0,동국산업,,
00172680,2018,2038893006.0,-9300683883.0,781595349043.0,757801859335.0,693092810176.0,827026978949.0,5160.0,동국산업,,
00172680,2019,18083886051.0,46004137781.0,752912818297.0,673704707146.0,589579953463.0,781595349043.0,5160.0,동국산업,,
00172680,2020,8133901848.0,100684318038.0,741703202365.0,578249736571.0,515084613510.0,752912818297.0,5160.0,동국산업,,
00104388,2015,56315040439.0,67352563174.0,681283305542.0,1011877773027.0,873281852579.0,637431454801.0,7690.0,국도화학,,
00104388,2016,26558800357.0,56399536637.0,682784694524.0,952633435802.0,851877066077.0,681283305542.0,7690.0,국도화학,,
00104388,2017,42033006546.0,30128856153.0,788549499934.0,1075981116895.0,950587644392.0,682784694524.0,7690.0,국도화학,,
00104388,2018,46630413293.0,-12148324587.0,854418440592.0,1280615689942.0,1138693883653.0,788549499934.0,7690.0,국도화학,,
00104388,2019,35110067766.0,87933878829.0,905420095055.0,1121448682521.0,994346808602.0,854418440592.0,7690.0,국도화학,,
00104388,2020,30768934687.0,79026765836.0,930557566476.0,1132659694859.0,995265617432.0,905420095055.0,7690.0,국도화학,,
00288343,2015,5261115521.0,12865146297.0,88493206712.0,34723217921.0,19716865490.0,87978879605.0,65570.0,삼영이엔씨,,
00288343,2016,7555744216.0,6000851372.0,93099134256.0,35840212970.0,19269781703.0,88493206712.0,65570.0,삼영이엔씨,,
00288343,2017,3145615557.0,1713750421.0,92444458399.0,38016186484.0,21850905261.0,93099134256.0,65570.0,삼영이엔씨,,
00288343,2018,601507241.0,7297306653.0,93842684067.0,35285403407.0,22140960690.0,92444458399.0,65570.0,삼영이엔씨,,
00288343,2019,-9417379512.0,4543705156.0,86222129237.0,37032272419.0,27194095687.0,93280942376.0,65570.0,삼영이엔씨,,
00288343,2020,-2428859376.0,736925170.0,100060580573.0,35290263727.0,27952158914.0,86222129237.0,65570.0,삼영이엔씨,,
00111999,2015,17333480823.0,25816897803.0,194749288604.0,216187082894.0,99036483486.0,180616842038.0,3220.0,대원제약,,
00111999,2016,19723251668.0,20791924583.0,214681777393.0,240722373521.0,103208221859.0,194749288604.0,3220.0,대원제약,,
00111999,2017,10274804954.0,4265009489.0,227202070316.0,265462478267.0,113418359033.0,214681777393.0,3220.0,대원제약,,
00111999,2018,23286286958.0,40032139055.0,275438692395.0,286652511069.0,121164449221.0,227202070316.0,3220.0,대원제약,,
00111999,2019,26879412658.0,30970630742.0,327532232677.0,317827566516.0,137672153153.0,275438692395.0,3220.0,대원제약,,
00111999,2020,17198485545.0,24951403567.0,335214009972.0,308501015863.0,142563727637.0,327532232677.0,3220.0,대원제약,,
00870481,2018,1816849165.0,6414103072.0,108542237212.0,76493497004.0,63684155538.0,83735682133.0,128540.0,에코캡,,
00870481,2019,1052455940.0,3770014680.0,120238341430.0,66939882779.0,54154392709.0,108542237212.0,128540.0,에코캡,,
00870481,2020,-11101407859.0,-7658427692.0,115549235935.0,72659176166.0,66737747136.0,120238341430.0,128540.0,에코캡,,
01047169,2016,-1911179879.0,381909794.0,28133681473.0,19863483427.0,9940428909.0,11487935871.0,208350.0,지란지교시큐리티,,
01047169,2017,7765385720.0,6449545699.0,68111886902.0,41763858232.0,22364119972.0,28133681473.0,208350.0,지란지교시큐리티,,
01047169,2018,3028202025.0,5653138979.0,88003510428.0,53775247536.0,31884270632.0,68111886902.0,208350.0,지란지교시큐리티,,
01047169,2019,4508347555.0,5697744068.0,98467430147.0,60829852826.0,37347516177.0,88003510428.0,208350.0,지란지교시큐리티,,
01047169,2020,-1697684104.0,7455267846.0,105261168053.0,62605769990.0,41691858057.0,98467430147.0,208350.0,지란지교시큐리티,,
01078178,2017,6126808153.0,5227686588.0,155075427077.0,62055228486.0,41044747180.0,131432449203.0,218410.0,RFHIC,,
01078178,2018,25401251229.0,48108086243.0,234287802661.0,108101223672.0,61430246208.0,155075427077.0,218410.0,RFHIC,,
01078178,2019,20164377270.0,27059112921.0,260240850837.0,107768753760.0,68221852622.0,234287802661.0,218410.0,RFHIC,,
01078178,2020,1571044009.0,-24172595586.0,312304514870.0,70452303693.0,50212428419.0,260240850837.0,218410.0,RFHIC,,
01095722,2015,10433037245.0,65682748641.0,548348696814.0,395470686385.0,350105309393.0,,222800.0,심텍,,
01095722,2016,29304525293.0,39473568500.0,601184722829.0,792025672214.0,693533672880.0,548348696814.0,222800.0,심텍,,
01095722,2017,16099696066.0,132959024370.0,728156875981.0,811565474629.0,710053852814.0,601184722829.0,222800.0,심텍,,
01095722,2018,2315022825.0,90489446786.0,813349228763.0,1007545638572.0,875840755191.0,728156875981.0,222800.0,심텍,,
01095722,2019,-39404352855.0,-31626314022.0,839945994440.0,1000187191029.0,912221204225.0,813349228763.0,222800.0,심텍,,
01095722,2020,56486189505.0,215472899059.0,779778510976.0,1201374703500.0,1004963094371.0,839945994440.0,222800.0,심텍,,
00132202,2020,2988768703.0,8456729079.0,93164881354.0,46392320333.0,34782249086.0,85602089903.0,86710.0,선진뷰티사이언스,,
01139035,2020,-1613657138.0,-5270758179.0,67549413063.0,45732695042.0,40333898716.0,54810334055.0,277880.0,티에스아이,,
00113410,2015,48984004454.0,171874164786.0,4500489063722.0,5055766403519.0,4506506640312.0,4542856098587.0,120.0,CJ대한통운,,
00113410,2016,68210130933.0,208404672468.0,5521193038772.0,6081945642204.0,5410826301199.0,4500489063722.0,120.0,CJ대한통운,,
00113410,2017,38887844435.0,246413341230.0,6308948690026.0,7110391207800.0,6354235538289.0,5521193038772.0,120.0,CJ대한통운,,
00113410,2018,66600069013.0,61914215815.0,7868566775246.0,9219680477069.0,8391607542871.0,6285983375898.0,120.0,CJ대한통운,,
00113410,2019,50889855210.0,849229005556.0,9110016110171.0,10415108625820.0,9442517706512.0,7868566775246.0,120.0,CJ대한통운,,
00113410,2020,142623241320.0,572347643891.0,9643498959607.0,10781127150206.0,9779955604583.0,9110016110171.0,120.0,CJ대한통운,,
00216762,2015,43014983944.0,39567096768.0,379386575748.0,545780623860.0,489170638804.0,314056450617.0,45100.0,한양이엔지,,
00216762,2016,52661007524.0,-10166679001.0,420777877045.0,536867695819.0,500220158959.0,379386575748.0,45100.0,한양이엔지,,
00216762,2017,34480245639.0,4003644431.0,422699479386.0,714004564710.0,653362056128.0,420777877045.0,45100.0,한양이엔지,,
00216762,2018,76109661541.0,44894846645.0,477742575649.0,788794392258.0,657895463321.0,422699479386.0,45100.0,한양이엔지,,
00216762,2019,29537933485.0,33965815142.0,529095625262.0,772099734268.0,700369220538.0,481363050061.0,45100.0,한양이엔지,,
00216762,2020,48133991759.0,74423456858.0,544203895893.0,758466561183.0,668166309192.0,529095625262.0,45100.0,한양이엔지,,
00536523,2015,9341915350.0,6592153372.0,103310430912.0,135790833610.0,108466621003.0,78663280067.0,90360.0,로보스타,,
00536523,2016,6786443011.0,6059796797.0,133973844160.0,151727888191.0,125143586527.0,103310430912.0,90360.0,로보스타,,
00536523,2017,7478063499.0,5374943244.0,130234776235.0,206521698595.0,176543636638.0,133973844160.0,90360.0,로보스타,,
00536523,2018,-1194091711.0,-9417213405.0,171513400907.0,193174244270.0,171773247567.0,130234776235.0,90360.0,로보스타,,
00536523,2019,-4513022685.0,-14336618398.0,166636025953.0,177224394730.0,163288128220.0,171513400907.0,90360.0,로보스타,,
00536523,2020,-13225544596.0,-3432000192.0,143057105299.0,133875964153.0,130537833287.0,166636025953.0,90360.0,로보스타,,
00660750,2017,19447699311.0,31049720937.0,135008496627.0,102914200652.0,69894587895.0,72743361661.0,166090.0,하나머티리얼즈,,
00660750,2018,36245777537.0,44291362852.0,248816460320.0,175561922440.0,109103159776.0,135008496627.0,166090.0,하나머티리얼즈,,
00660750,2019,27651938474.0,40329963235.0,295094740356.0,154826023464.0,97559627945.0,248816460320.0,166090.0,하나머티리얼즈,,
00660750,2020,38049768771.0,70924590092.0,352535899381.0,200685453239.0,127497835133.0,295094740356.0,166090.0,하나머티리얼즈,,
00159005,2015,39656775601.0,27547241442.0,678471279693.0,297985729742.0,244718412467.0,646295794296.0,2000.0,생고뱅코리아홀딩스,,
00159005,2016,26493707883.0,40409355454.0,710714634103.0,330637274952.0,269884263895.0,678471279693.0,2000.0,생고뱅코리아홀딩스,,
00159005,2017,139444049635.0,32259544102.0,852872296501.0,345426423688.0,282864715390.0,710714634103.0,2000.0,생고뱅코리아홀딩스,,
00159005,2018,33625362205.0,31899528471.0,748405681678.0,472053516202.0,381980097050.0,852872296501.0,2000.0,생고뱅코리아홀딩스,,
00124540,2015,142037370539.0,685041768584.0,10152059203382.0,9935734305839.0,9207716666193.0,10260218123860.0,47040.0,대우건설,,
00124540,2016,-754927284302.0,358834066904.0,9970246456543.0,11105930097764.0,11010874328882.0,10063706511751.0,47040.0,대우건설,,
00124540,2017,257893627412.0,337412560592.0,8776332435585.0,11766840487669.0,10935113793684.0,9970246456543.0,47040.0,대우건설,,
00124540,2018,297330432031.0,176191450039.0,8733846009952.0,10605493844509.0,9575386038533.0,8776332435585.0,47040.0,대우건설,,
00124540,2019,201239572363.0,-309745995196.0,9697696817049.0,8651852221280.0,7796798426668.0,8733846009952.0,47040.0,대우건설,,
00124540,2020,282603723430.0,408383333985.0,9305916434448.0,8136705736642.0,7136414675329.0,9697696817049.0,47040.0,대우건설,,
00861720,2017,329277456.0,-690574985.0,68988906517.0,53228212108.0,38336582633.0,56503232105.0,181340.0,이즈미디어,,
00861720,2018,3505667564.0,-8780976955.0,81222066849.0,78919135357.0,61425832346.0,68988906517.0,181340.0,이즈미디어,,
00861720,2019,-1767688521.0,8446687414.0,75838633862.0,67147272930.0,57112739711.0,81222066849.0,181340.0,이즈미디어,,
00861720,2020,-17923842760.0,-3403257084.0,51679169650.0,21967038495.0,28018328581.0,75838633862.0,181340.0,이즈미디어,,
01316245,2018,1908745648.0,2567158183.0,3432511552977.0,2180484844883.0,1941278477851.0,,298040.0,효성중공업,,
01316245,2019,16022962032.0,75200087039.0,4000830147806.0,3781445371058.0,3388812828025.0,3432511552977.0,298040.0,효성중공업,,
01316245,2020,-19258017305.0,386562290399.0,3703454378084.0,2983970863029.0,2588585569072.0,4000830147806.0,298040.0,효성중공업,,
00629212,2015,5645457494.0,5334496698.0,60639248634.0,42510671709.0,26753994859.0,52213495713.0,131180.0,딜리,,
00629212,2016,4134824826.0,1199015473.0,58262673046.0,38637657927.0,25050610232.0,60639248634.0,131180.0,딜리,,
00629212,2017,2541071388.0,5041570207.0,61374022873.0,50899906882.0,36414281133.0,58262673046.0,131180.0,딜리,,
00629212,2018,2556100860.0,3243431776.0,62045837943.0,43828702572.0,32048249237.0,61374022873.0,131180.0,딜리,,
00629212,2019,2092005380.0,6045692230.0,63808111506.0,40486466987.0,28742888866.0,62045837943.0,131180.0,딜리,,
00629212,2020,-560736182.0,3626401757.0,61602788614.0,27680416336.0,19056147471.0,63808111506.0,131180.0,딜리,,
00111810,2015,54590416385.0,74916093233.0,1242301736207.0,996816139653.0,,1010731915586.0,3090.0,대웅,,
00111810,2016,34573861962.0,18755841542.0,1467286017881.0,1014965932470.0,,1242301736207.0,3090.0,대웅,,
00111810,2017,85706875010.0,147774279086.0,1549153182270.0,1123956914139.0,,1467286017881.0,3090.0,대웅,,
00111810,2018,32736375658.0,45380803384.0,1592170451755.0,1231290088657.0,,1549153182270.0,3090.0,대웅,,
00111810,2019,71342383271.0,138512224902.0,1668172836674.0,1365679369330.0,,1592170451755.0,3090.0,대웅,,
00111810,2020,118379527222.0,145365812639.0,1837532868394.0,1355337386745.0,,1670891673350.0,3090.0,대웅,,
01259056,2018,-106472184767.0,28999826364.0,112067379066.0,124486560056.0,,12393260978.0,299910.0,애닉,,
01259056,2019,-8127695158.0,-12419972049.0,106207019235.0,100572482241.0,,112067379066.0,299910.0,애닉,,
01259056,2020,-46429462340.0,-16029258337.0,62126835043.0,68295096864.0,,106207019235.0,299910.0,애닉,,
00259545,2015,1504251211.0,67736341854.0,646978974391.0,864031681413.0,765028584852.0,663007536978.0,123040.0,엠에스오토텍,,
00259545,2016,24568916201.0,93868289965.0,630584452434.0,747893633634.0,663270912263.0,646978974391.0,123040.0,엠에스오토텍,,
00259545,2017,-11235379362.0,65278475474.0,608134182572.0,704192244531.0,639676598537.0,630584452434.0,123040.0,엠에스오토텍,,
00259545,2018,5007359591.0,87784557349.0,700687470023.0,891949818780.0,817552578230.0,608134182572.0,123040.0,엠에스오토텍,,
00259545,2019,34841848306.0,159851408919.0,1008067426113.0,1274416674104.0,1134083005039.0,700687470023.0,123040.0,엠에스오토텍,,
00259545,2020,-146013380316.0,66824590227.0,1025310761526.0,1216547736212.0,1106863086149.0,1008067426113.0,123040.0,엠에스오토텍,,
00159209,2015,15012059152.0,11279616849.0,839120534511.0,657603284844.0,516434269354.0,777612449889.0,52690.0,한전기술,,
00159209,2016,22598766244.0,18747541626.0,775474577449.0,506012235393.0,334443961668.0,839120534511.0,52690.0,한전기술,,
00159209,2017,32454111809.0,62577792624.0,762165844164.0,490192813674.0,338096057706.0,775474577449.0,52690.0,한전기술,,
00159209,2018,12936840853.0,81042642323.0,771479986995.0,433700598144.0,296901641414.0,762165844164.0,52690.0,한전기술,,
00159209,2019,26397847129.0,27080820732.0,735206870620.0,448634709421.0,324495588444.0,771479986995.0,52690.0,한전기술,,
00159209,2020,20160083357.0,16825529592.0,700291402115.0,431722625741.0,309712482898.0,735206870620.0,52690.0,한전기술,,
00868705,2015,10239943136.0,1913387313.0,102107341746.0,64870377355.0,37608168503.0,93549979153.0,136540.0,윈스테크넷,,
00868705,2016,8792369695.0,7476098576.0,126136148043.0,73562031084.0,45523279002.0,102107341746.0,136540.0,윈스테크넷,,
00868705,2017,7720533183.0,16377882100.0,133594731996.0,71987776219.0,41782746333.0,126136148043.0,136540.0,윈스테크넷,,
00868705,2018,11500957199.0,1990046670.0,153578806807.0,70658808686.0,35653821112.0,133594731996.0,136540.0,윈스테크넷,,
00868705,2019,14983241021.0,17181063922.0,166991985376.0,82104735025.0,42109778588.0,153578806807.0,136540.0,윈스테크넷,,
00868705,2020,18338256582.0,27742625035.0,177114568426.0,93859708671.0,49960941507.0,166991985376.0,136540.0,윈스테크넷,,
00821607,2015,-3616136702.0,-7150014446.0,70743958824.0,62283135535.0,42488342552.0,76274859360.0,123750.0,알톤,,
00821607,2016,-4510017895.0,-25873844366.0,81903771553.0,52560248298.0,35756654905.0,70743958824.0,123750.0,알톤,,
00821607,2017,-21315788002.0,-66639693.0,59131622316.0,43446205719.0,35727227410.0,81903771553.0,123750.0,알톤,,
00821607,2018,-2281979630.0,1152446905.0,53806356772.0,49080044584.0,38577371021.0,59131622316.0,123750.0,알톤,,
00821607,2019,-12218529961.0,5260075916.0,33706228889.0,31187515552.0,27021713044.0,53806356772.0,123750.0,알톤,,
00821607,2020,5554238670.0,3965358167.0,32903097765.0,44906054307.0,32945974485.0,33706228889.0,123750.0,알톤,,
00155124,2015,1129793133.0,24283838576.0,454722206250.0,574194658718.0,520205530529.0,452378447302.0,10770.0,평화홀딩스,,
00155124,2016,6858026283.0,33392099848.0,455219602950.0,590882479158.0,526192502987.0,454722206250.0,10770.0,평화홀딩스,,
00155124,2017,-5486687969.0,16494783393.0,509012525386.0,550059576727.0,507227127716.0,455219602950.0,10770.0,평화홀딩스,,
00155124,2018,-63596620352.0,-21678097343.0,495396870748.0,556014771463.0,528039222658.0,509012525386.0,10770.0,평화홀딩스,,
00155124,2019,-21766310640.0,-4250110033.0,502912078919.0,581079856300.0,533021198869.0,495396870748.0,10770.0,평화홀딩스,,
00155124,2020,-8444007623.0,24508152350.0,522333834167.0,521111233466.0,475175751201.0,502912078919.0,10770.0,평화홀딩스,,
00258801,2015,78764757714.0,162217476110.0,3188477733309.0,932151827086.0,,2768024898489.0,35720.0,카카오,,
00258801,2016,65455116983.0,317259108666.0,5484117180416.0,1464232790315.0,,3188477733309.0,35720.0,카카오,,
00258801,2017,125093899312.0,371927059524.0,6349428454887.0,1972326479100.0,,5484117180416.0,35720.0,카카오,,
00258801,2018,15888859209.0,491469889907.0,7959542105267.0,2416992440597.0,,6349428454887.0,35720.0,카카오,,
00258801,2019,-341924578348.0,752667420203.0,8737255755774.0,3070111364510.0,,7959542105267.0,35720.0,카카오,,
00258801,2020,168978904480.0,971096476573.0,11954146190738.0,4071392494202.0,,8737369043733.0,35720.0,카카오,,
00297989,2015,795502288.0,-1090505314.0,51801182647.0,32098341511.0,28682446025.0,42352517211.0,46120.0,오르비텍,,
00297989,2016,1993656409.0,891871263.0,68215428494.0,41747970229.0,36758378991.0,51801182647.0,46120.0,오르비텍,,
00297989,2017,2591039504.0,-2254888333.0,114452014461.0,47516202361.0,40324481126.0,68215428494.0,46120.0,오르비텍,,
00297989,2018,3376010434.0,167039626.0,126537694180.0,69213196219.0,60969961256.0,114452014461.0,46120.0,오르비텍,,
00297989,2019,978333446.0,-2905061235.0,126660776308.0,74944340962.0,66458489341.0,126537694180.0,46120.0,오르비텍,,
00297989,2020,-21057746907.0,3350313514.0,100335402106.0,53395113750.0,54319733340.0,126660776308.0,46120.0,오르비텍,,
00357360,2015,3646472579.0,10748084059.0,208943053180.0,289706298249.0,120589205169.0,190088994919.0,69640.0,한세엠케이,,
00357360,2016,5009356469.0,13773304153.0,229748140253.0,318481385174.0,126350811795.0,208943053180.0,69640.0,한세엠케이,,
00357360,2017,7471383835.0,4176630698.0,212873830441.0,328898002869.0,134302438997.0,229748140253.0,69640.0,한세엠케이,,
00357360,2018,4003516688.0,17442514238.0,205628645989.0,322990487095.0,131291936985.0,212873830441.0,69640.0,한세엠케이,,
00357360,2019,-43779306651.0,825010178.0,184743385903.0,307486037849.0,145174697468.0,205628645989.0,69640.0,한세엠케이,,
00357360,2020,-23006381384.0,6373666236.0,149681758411.0,220214372262.0,105098932753.0,184743385903.0,69640.0,한세엠케이,,
00390055,2015,6653133002.0,14338941944.0,170642856961.0,106690657802.0,86174403703.0,165068244696.0,63160.0,종근당바이오,,
00390055,2016,9434614754.0,15500000863.0,180911871791.0,113013402142.0,86625726813.0,170642856961.0,63160.0,종근당바이오,,
00390055,2017,8016298615.0,20445524656.0,179483384030.0,118187072164.0,93301096463.0,180911871791.0,63160.0,종근당바이오,,
00390055,2018,7956187158.0,15535533728.0,184519528650.0,124510019004.0,101090218568.0,179483384030.0,63160.0,종근당바이오,,
00390055,2019,12264879957.0,16990277030.0,233347513272.0,137184188552.0,101010120896.0,184519528650.0,63160.0,종근당바이오,,
00390055,2020,6207398428.0,4824020044.0,283462939665.0,124599959414.0,96735821692.0,233347513272.0,63160.0,종근당바이오,,
00427483,2015,35673701655.0,35887836002.0,944529005072.0,839686478174.0,-537082983390.0,694263907938.0,69620.0,대웅제약,,
00427483,2016,26125870870.0,15377371367.0,1144699985944.0,883920424600.0,-510232177375.0,944529005072.0,69620.0,대웅제약,,
00427483,2017,35436336840.0,103938172740.0,1213524544321.0,960307423040.0,553325207648.0,1144699985944.0,69620.0,대웅제약,,
00427483,2018,-15417244518.0,47499563366.0,1207846351694.0,1031427425529.0,621484738163.0,1213524544321.0,69620.0,대웅제약,,
00427483,2019,28865605844.0,57600275948.0,1245668149263.0,1113425920883.0,635132493527.0,1207846351694.0,69620.0,대웅제약,,
00427483,2020,24148065662.0,100981257110.0,1366907921139.0,1055423689996.0,608481968091.0,1245668149263.0,69620.0,대웅제약,,
00397191,2015,-7033201990.0,-4539058625.0,66674339319.0,20973487695.0,22751443996.0,70320402132.0,68050.0,팬엔터테인먼트,,
00397191,2016,610009727.0,-3826900377.0,70046097632.0,35328272247.0,31027728970.0,66674339319.0,68050.0,팬엔터테인먼트,,
00397191,2017,-1689762865.0,1171374727.0,80214000565.0,42340810421.0,40952908275.0,70046097632.0,68050.0,팬엔터테인먼트,,
00397191,2018,-1037627626.0,-2782965799.0,66165402326.0,13212173668.0,11246220644.0,80214000565.0,68050.0,팬엔터테인먼트,,
00397191,2019,1133304274.0,-12961872205.0,77504362483.0,40218962787.0,36772111770.0,66165402326.0,68050.0,팬엔터테인먼트,,
00397191,2020,1798137535.0,9530223973.0,103115283688.0,24728529099.0,19948347423.0,77504362483.0,68050.0,팬엔터테인먼트,,
00445054,2015,4463534194.0,24884148780.0,394754213963.0,,244315896534.0,384967704327.0,67310.0,하나마이크론,,
00445054,2016,-24516588231.0,32994361376.0,408520469461.0,,227422253268.0,394754213963.0,67310.0,하나마이크론,,
00445054,2017,10434647840.0,38426936508.0,511669698076.0,365813663569.0,312970573771.0,408520469461.0,67310.0,하나마이크론,,
00445054,2018,21646722095.0,44901681249.0,604901999011.0,479948864765.0,388997576619.0,520037566648.0,67310.0,하나마이크론,,
00445054,2019,14505783920.0,71920942500.0,706702383622.0,498198003160.0,409800270771.0,604901999011.0,67310.0,하나마이크론,,
00445054,2020,3632689119.0,82784287819.0,764827233841.0,539460193111.0,443726935105.0,706702383622.0,67310.0,하나마이크론,,
00155638,2015,9293055073.0,9408667048.0,137522138011.0,56079485435.0,41909490007.0,117182202367.0,2230.0,피에스텍,,
00155638,2016,4443465687.0,-476613623.0,145598818930.0,50707843091.0,40655728286.0,137522138011.0,2230.0,피에스텍,,
00155638,2017,11324747505.0,5065310247.0,160860295139.0,70833778535.0,56449268072.0,145598818930.0,2230.0,피에스텍,,
00155638,2018,-313610184.0,3176541040.0,164245868524.0,61651717281.0,50358681245.0,160860295139.0,2230.0,피에스텍,,
00155638,2019,2533315393.0,-571291364.0,168595348287.0,50670722780.0,44460278717.0,164245868524.0,2230.0,피에스텍,,
00155638,2020,434127253.0,2966328459.0,155670854306.0,53223265070.0,47362188071.0,168595348287.0,2230.0,피에스텍,,
00155319,2015,-96181234235.0,7601828931643.0,80408759246293.0,58192344560634.0,51658097330493.0,85252172612786.0,5490.0,POSCO홀딩스,,
00155319,2016,1048168659851.0,5269417624166.0,79762994519614.0,53083512926398.0,46393962164138.0,80408759246293.0,5490.0,POSCO홀딩스,,
00155319,2017,2973469160759.0,5607310243858.0,79024959079531.0,60655099616772.0,52299188579136.0,79762994519614.0,5490.0,POSCO홀딩스,,
00155319,2018,1892064406279.0,5869724523645.0,78248265216732.0,64977777434194.0,57005396339221.0,79024959079531.0,5490.0,POSCO홀딩스,,
00155319,2019,1982637208513.0,6004655014887.0,79058661130791.0,64366847807959.0,58116494431821.0,78248265216732.0,5490.0,POSCO홀딩스,,
00155319,2020,1788152419240.0,8685737215643.0,79086973226376.0,57792795732820.0,53072389981798.0,79058661130791.0,5490.0,POSCO홀딩스,,
00157681,2015,89979153082.0,99483343169.0,1684225304215.0,1161863356527.0,1031099036476.0,1845960480894.0,4000.0,롯데정밀화학,,
00157681,2016,-43547466607.0,65462525082.0,1530938498202.0,1110703817498.0,947934125347.0,1684225304215.0,4000.0,롯데정밀화학,,
00157681,2017,89230834517.0,188834276029.0,1641304450984.0,1159511373950.0,949292894415.0,1530938498202.0,4000.0,롯데정밀화학,,
00157681,2018,214923353210.0,273177219227.0,1700030432754.0,1371695610536.0,1071491562292.0,1641304450984.0,4000.0,롯데정밀화학,,
00157681,2019,168371662088.0,257512347852.0,1792685481726.0,1311271455369.0,1027792534901.0,1700030432754.0,4000.0,롯데정밀화학,,
00157681,2020,198791787650.0,253112488585.0,1874589381747.0,1263635638072.0,1029573955450.0,1792685481726.0,4000.0,롯데정밀화학,,
00939687,2015,19221740950.0,21216210233.0,248608774271.0,254375387820.0,203852884540.0,236739938936.0,163560.0,동일고무벨트,,
00939687,2016,17884550687.0,24241569119.0,276868629408.0,234447615075.0,181831856810.0,248608774271.0,163560.0,동일고무벨트,,
00939687,2017,1097779944.0,5423411023.0,271591039301.0,259785016089.0,212400682339.0,276868629408.0,163560.0,동일고무벨트,,
00939687,2018,10288899060.0,9388751534.0,284848796710.0,262958904457.0,218644099466.0,271591039301.0,163560.0,동일고무벨트,,
00939687,2019,8276757784.0,10271704680.0,281409709035.0,261909973472.0,215508248012.0,284848796710.0,163560.0,동일고무벨트,,
00939687,2020,7276980154.0,22998798414.0,275779245523.0,243181801709.0,198050516741.0,281409709035.0,163560.0,동일고무벨트,,
00540641,2015,15789173353.0,18947043329.0,240378400336.0,135760743799.0,110525889669.0,224095137704.0,84670.0,동양고속,,
00540641,2016,6987799906.0,14759918914.0,237926436649.0,155526430437.0,124383294215.0,240378400336.0,84670.0,동양고속,,
00540641,2017,-1770752295.0,15298821432.0,211678291549.0,141870839210.0,120250722178.0,237926436649.0,84670.0,동양고속,,
00540641,2018,1364957062.0,7886098916.0,195948850657.0,132272992710.0,117884780963.0,211678291549.0,84670.0,동양고속,,
00540641,2019,32744317864.0,14993373529.0,186827240388.0,140473417090.0,120519769097.0,195948850657.0,84670.0,동양고속,,
00540641,2020,-16411366984.0,-24282353833.0,167885900251.0,83541287254.0,95597957065.0,186827240388.0,84670.0,동양고속,,
00684802,2020,21789663019.0,34330327329.0,251588387892.0,285144496396.0,261983099332.0,246434764316.0,244920.0,에이플러스에셋,,
00872984,2015,455879563363.0,,14493751837603.0,13639993101625.0,9843824663720.0,13827456646373.0,139480.0,이마트,,
00872984,2016,381637144670.0,,15428184324979.0,14777876303720.0,10623888223713.0,14493751837603.0,139480.0,이마트,,
00872984,2017,627938626633.0,,16066507597137.0,15876686561466.0,11355363931735.0,15430094605979.0,139480.0,이마트,,
00872984,2018,476179032683.0,,16753863685013.0,17049079116942.0,12452783662020.0,16066507597137.0,139480.0,이마트,,
00872984,2019,223836243277.0,,21094758779809.0,19062879818284.0,14170452435284.0,16753863685013.0,139480.0,이마트,,
00872984,2020,362572647516.0,,22340423719351.0,22033009980862.0,16224206310238.0,21094758779809.0,139480.0,이마트,,
00663669,2015,3522476452.0,9530314070.0,71579016714.0,39669460960.0,29631799554.0,66937257653.0,114630.0,폴라리스우노,,
00663669,2016,343623117.0,4883613784.0,77913606597.0,38998431032.0,28145511783.0,71579016714.0,114630.0,폴라리스우노,,
00663669,2017,-559846284.0,2747549901.0,83936933680.0,38766478896.0,30049411674.0,77913606597.0,114630.0,폴라리스우노,,
00663669,2018,-2290957067.0,2269838114.0,82119489631.0,44546935688.0,36430478712.0,83936933680.0,114630.0,폴라리스우노,,
00663669,2019,-473522336.0,-7349219536.0,71963427583.0,42427954648.0,34768233956.0,82119489631.0,114630.0,폴라리스우노,,
00663669,2020,1759325126.0,7206589863.0,81691440124.0,48889581821.0,36908020600.0,71963427583.0,114630.0,폴라리스우노,,
00385336,2015,7738534802.0,808504140.0,123030384721.0,97172425904.0,64320792394.0,114414652986.0,64240.0,홈캐스트,,
00385336,2016,12115749440.0,9882876997.0,145814349812.0,122054084038.0,81787704785.0,123030384721.0,64240.0,홈캐스트,,
00385336,2017,-17111544065.0,18556639805.0,110199579753.0,40919825162.0,29201437232.0,145814349812.0,64240.0,홈캐스트,,
00385336,2018,-20328280634.0,-6739341586.0,117339740757.0,34279158573.0,28546346301.0,110199579753.0,64240.0,홈캐스트,,
00385336,2019,-14366082850.0,-8292081362.0,96544365927.0,52827378705.0,41164549624.0,117339740757.0,64240.0,홈캐스트,,
00385336,2020,-4640998462.0,-2856784410.0,94669747041.0,40673624902.0,29421409925.0,96544365927.0,64240.0,홈캐스트,,
00103644,2015,2232367063.0,4043332611.0,104292070348.0,119884799477.0,106235571189.0,88102381006.0,42370.0,비츠로테크,,
00103644,2016,-5514404710.0,3212336124.0,98896312031.0,103230045816.0,94607757692.0,104292070348.0,42370.0,비츠로테크,,
00103644,2017,43854428934.0,62679614400.0,279729096350.0,232764175299.0,187140582813.0,102479186507.0,42370.0,비츠로테크,,
00103644,2018,15464753388.0,14074681670.0,337733687054.0,144932588457.0,110944470243.0,321189574194.0,42370.0,비츠로테크,,
00103644,2019,29786930840.0,32963780677.0,367544312787.0,312975670470.0,246288755114.0,337733687054.0,42370.0,비츠로테크,,
00103644,2020,27716925814.0,33974756404.0,409764041991.0,307592214209.0,243285238037.0,367544312787.0,42370.0,비츠로테크,,
00126487,2015,12440487741.0,15662928048.0,333443952379.0,370012003493.0,157616991189.0,322662217698.0,7700.0,F&F 홀딩스,,
00126487,2016,30227910011.0,55810339209.0,305575468102.0,438979655023.0,183380699210.0,333443952379.0,7700.0,F&F 홀딩스,,
00126487,2017,74887835979.0,66641827010.0,400094844688.0,560518176995.0,192230562047.0,305575468102.0,7700.0,F&F 홀딩스,,
00126487,2018,109298573593.0,27308908872.0,495832731537.0,668726803157.0,228071234635.0,400094844688.0,7700.0,F&F 홀딩스,,
00126487,2019,109943278059.0,161619790483.0,684437158364.0,910336565120.0,293361767555.0,495832731537.0,7700.0,F&F 홀딩스,,
00126487,2020,85358337004.0,154603146149.0,817829021444.0,837615841670.0,270776157636.0,684437158364.0,7700.0,F&F 홀딩스,,
00141389,2015,9101117783.0,16102974878.0,359058407518.0,72741485011.0,55471358193.0,347809872257.0,36560.0,KZ정밀,,
00141389,2016,7034223603.0,10324763369.0,361363620948.0,60606219693.0,46226643373.0,359058407518.0,36560.0,KZ정밀,,
00141389,2017,9153760586.0,11341670197.0,370657531515.0,65865904916.0,47468924896.0,361363620948.0,36560.0,KZ정밀,,
00141389,2018,11324024146.0,10592735470.0,336180443126.0,65911373439.0,46220818887.0,370657531515.0,36560.0,KZ정밀,,
00141389,2019,12579038665.0,17505108201.0,335021302894.0,74989866585.0,52933289383.0,336180443126.0,36560.0,KZ정밀,,
00141389,2020,13333112278.0,7964378355.0,326744254891.0,90841011973.0,68281071213.0,335021302894.0,36560.0,KZ정밀,,
00219486,2015,6810191259.0,15878502967.0,217272279916.0,261095043015.0,207927503934.0,208888645431.0,35510.0,신세계I&C,,
00219486,2016,2546300945.0,25452025346.0,220857554745.0,296339095587.0,247790158849.0,217272279916.0,35510.0,신세계I&C,,
00219486,2017,9918387710.0,16472341539.0,227007557414.0,320149548303.0,263644676983.0,220857554745.0,35510.0,신세계I&C,,
00219486,2018,29255441482.0,13753809998.0,305761482138.0,373531201739.0,313141659177.0,227007557414.0,35510.0,신세계I&C,,
00219486,2019,10657452787.0,-2353743258.0,289754542752.0,456039720822.0,388995577934.0,305761482138.0,35510.0,신세계I&C,,
00219486,2020,69575051241.0,37226916946.0,283666197221.0,480307842021.0,412639568278.0,289754542752.0,35510.0,신세계I&C,,
00207375,2015,4147826455.0,7804578517.0,132631818029.0,90230294138.0,39437728287.0,130467535763.0,54670.0,대한뉴팜,,
00207375,2016,-5671317134.0,8751073967.0,130721003218.0,109403128868.0,48458709066.0,132631818029.0,54670.0,대한뉴팜,,
00207375,2017,-20580842443.0,-2424218774.0,121815766202.0,130816028979.0,60837774397.0,130721003218.0,54670.0,대한뉴팜,,
00207375,2018,2454277004.0,20473468768.0,108736648527.0,119527949167.0,56367091175.0,121815766202.0,54670.0,대한뉴팜,,
00207375,2019,15239195220.0,22892527976.0,127905957792.0,134097440468.0,61747387281.0,108736648527.0,54670.0,대한뉴팜,,
00207375,2020,-9926707428.0,13546461405.0,133077121433.0,149512857580.0,72953069442.0,127905957792.0,54670.0,대한뉴팜,,
00623184,2015,1261698275.0,3267294115.0,36876358514.0,26517055055.0,23461617026.0,31697919939.0,192410.0,오늘이엔엠,,
00623184,2016,-3315657112.0,1777340940.0,34259563169.0,15256623149.0,17717234937.0,36876358514.0,192410.0,오늘이엔엠,,
00623184,2017,28328406.0,-7257829549.0,100378313017.0,34493107168.0,24507001266.0,34259563169.0,192410.0,오늘이엔엠,,
00623184,2018,-4702884677.0,-4500994532.0,112689956649.0,32996761463.0,21812030933.0,100378313017.0,192410.0,오늘이엔엠,,
00623184,2019,1121304272.0,5458633733.0,102970317058.0,31303511652.0,16606260259.0,112689956649.0,192410.0,오늘이엔엠,,
00623184,2020,-9768527824.0,-10622408100.0,66434120737.0,13589427437.0,13361583879.0,102970317058.0,192410.0,오늘이엔엠,,
00132725,2015,3265320394.0,-816478005.0,107552970351.0,56047133954.0,37840572508.0,106396073393.0,3080.0,SB성보,,
00132725,2016,75039914110.0,-8419506475.0,194504487395.0,58011680953.0,43153019027.0,107552970351.0,3080.0,SB성보,,
00132725,2017,9272914738.0,4648900960.0,185623185856.0,58368808655.0,46276045707.0,194504487395.0,3080.0,SB성보,,
00132725,2018,6134917258.0,8218157941.0,183365494799.0,49517680999.0,36073827284.0,185623185856.0,3080.0,SB성보,,
00132725,2019,-2868490567.0,-3699046995.0,172441359723.0,41863997583.0,33396252962.0,183365494799.0,3080.0,SB성보,,
00132725,2020,-6003951813.0,-402529451.0,159209819595.0,51733628517.0,42155628780.0,172441359723.0,3080.0,SB성보,,
01276026,2020,-31186052661.0,-18157073447.0,120882557345.0,150581305.0,,35184820324.0,314130.0,지놈앤컴퍼니,,
01358463,2020,117210227.0,243666147.0,20073640874.0,0.0,,19911281422.0,319400.0,현대무벡스,,
01368354,2020,-35149011287.0,39050544054.0,301931443051.0,67844759237.0,55484484235.0,158875940834.0,330860.0,네패스아크,,
00164308,2015,-9783310382.0,,402341426178.0,859411560882.0,635126435870.0,405554415458.0,10090.0,이마트에브리데이,,
01186404,2017,4536199332.0,3511342780.0,35747219967.0,26536904342.0,21104315159.0,9632401323.0,263720.0,디앤씨미디어,,
01186404,2018,4917413308.0,4378481065.0,43639727144.0,32910221877.0,27108766254.0,35747219967.0,263720.0,디앤씨미디어,,
01186404,2019,4852476454.0,5035332419.0,53449595113.0,42139941288.0,-34226189499.0,43639727144.0,263720.0,디앤씨미디어,,
01186404,2020,10867446534.0,12383257527.0,63725229592.0,57733988624.0,44586977050.0,53449595113.0,263720.0,디앤씨미디어,,
00310156,2015,-11981385021.0,-4617685180.0,82001944457.0,17730838347.0,13056656428.0,70404485962.0,49180.0,셀루메드,,
00310156,2016,-37492886398.0,-4279359761.0,69792840577.0,9813992449.0,9207286469.0,82001944457.0,49180.0,셀루메드,,
00310156,2017,-7884454618.0,-5073931997.0,64983515037.0,21608625154.0,12930811110.0,60417578642.0,49180.0,셀루메드,,
00310156,2018,-9846327506.0,-1780865193.0,49579067082.0,10842923670.0,10759452280.0,64983515037.0,49180.0,셀루메드,,
00310156,2019,-37293719966.0,472904143.0,64980479541.0,17921487169.0,15904490368.0,49579067082.0,49180.0,셀루메드,,
00310156,2020,1780777391.0,-3031802643.0,70801157220.0,91517137814.0,76581012016.0,64980479541.0,49180.0,셀루메드,,
00166175,2015,2496801336.0,23293675768.0,154227870274.0,200872222173.0,181883542221.0,169167840619.0,21040.0,대호특수강,,
00166175,2016,5604812272.0,15270503056.0,141186208093.0,185678388358.0,163349720841.0,154227870274.0,21040.0,대호특수강,,
00166175,2017,4014068101.0,9789726896.0,151074016741.0,205306466857.0,184512836300.0,141186208093.0,21040.0,대호특수강,,
00166175,2018,2127650992.0,-1923826976.0,157282805824.0,209863691248.0,192480464775.0,151074016741.0,21040.0,대호특수강,,
00166175,2019,693931198.0,14427410850.0,148023964837.0,204179606306.0,190935857390.0,157282805824.0,21040.0,대호특수강,,
00166175,2020,-26505473006.0,11750407203.0,118292612517.0,141665479166.0,140300754764.0,148023964837.0,21040.0,대호특수강,,
01082348,2017,-4244567116.0,-795797789.0,29656912365.0,8540411807.0,3674651809.0,21570860253.0,226400.0,오스테오닉,,
01082348,2018,-6636572260.0,317534413.0,43998744660.0,9084785718.0,5168048210.0,29656912365.0,226400.0,오스테오닉,,
01082348,2019,498678848.0,-2458117377.0,52317322047.0,11161203802.0,6132117496.0,43998744660.0,226400.0,오스테오닉,,
01082348,2020,-5380648244.0,2751675711.0,63330126697.0,12614550513.0,7119311395.0,52317322047.0,226400.0,오스테오닉,,
00877174,2020,3853416467.0,3538037192.0,34217849283.0,41119890854.0,32130412501.0,17347766482.0,169330.0,엠브레인,,
00119007,2015,11614835025.0,55388488896.0,1168025790402.0,628513607753.0,538079569328.0,1149695431995.0,9580.0,무림P&P,,
00119007,2016,-790942081.0,88266025343.0,1095295628467.0,598616175416.0,540291573005.0,1168025790402.0,9580.0,무림P&P,,
00119007,2017,36478140189.0,105131847626.0,1102417265904.0,607920397432.0,513123033308.0,1095295628467.0,9580.0,무림P&P,,
00119007,2018,69774869430.0,102202342022.0,1355957771091.0,651176103918.0,506476843454.0,1102417265904.0,9580.0,무림P&P,,
00119007,2019,10362657176.0,52225558592.0,1350311527213.0,631256802480.0,534172405813.0,1355957771091.0,9580.0,무림P&P,,
00119007,2020,-7568352483.0,32083140602.0,1430440065855.0,527907655787.0,474944097019.0,1350311527213.0,9580.0,무림P&P,,
00121507,2015,1844928625.0,15044890880.0,295833576311.0,211382336664.0,181082168502.0,298154540644.0,1810.0,무림SP,,
00121507,2016,2579301286.0,19022434202.0,283841869337.0,207075019697.0,176692029069.0,295833576311.0,1810.0,무림SP,,
00121507,2017,10584826887.0,8310643626.0,305110804452.0,203041163071.0,175207534886.0,283841869337.0,1810.0,무림SP,,
00121507,2018,11351058978.0,-9592389263.0,321892003030.0,205437276863.0,182908434612.0,305110804452.0,1810.0,무림SP,,
00121507,2019,1413219584.0,7388104449.0,298741272008.0,137893618119.0,125514647018.0,321892003030.0,1810.0,무림SP,,
00121507,2020,1797956392.0,17109722199.0,296551754037.0,125406771304.0,107920580314.0,298741272008.0,1810.0,무림SP,,
00156956,2015,13316865874.0,16082470881.0,116535368388.0,66481427882.0,,109550500371.0,34950.0,한국기업평가,,
00156956,2016,16871606199.0,16505511546.0,122711459587.0,74261680934.0,,116535368388.0,34950.0,한국기업평가,,
00156956,2017,19326762848.0,22731194105.0,127666773997.0,78518123327.0,,122711459587.0,34950.0,한국기업평가,,
00156956,2018,20233820439.0,22745756364.0,130727075023.0,84153908805.0,,127666773997.0,34950.0,한국기업평가,,
00156956,2019,24756034833.0,32345327777.0,160337154243.0,92749504451.0,,130727075023.0,34950.0,한국기업평가,,
00156956,2020,24163312668.0,30545823955.0,150610875479.0,95884738631.0,,160337154243.0,34950.0,한국기업평가,,
00136086,2015,78554397.0,80723289047.0,2170261009182.0,1156771666829.0,959156066923.0,2157864369488.0,9200.0,무림페이퍼,,
00136086,2016,-1438449454.0,200755872867.0,1904532337833.0,1131454263835.0,985553281326.0,2170261009182.0,9200.0,무림페이퍼,,
00136086,2017,40872688852.0,116132176381.0,1915712277990.0,1034625039480.0,856870814962.0,1904532337833.0,9200.0,무림페이퍼,,
00136086,2018,61526646860.0,85487292112.0,2014259668044.0,1109066893862.0,903107148467.0,1915712277990.0,9200.0,무림페이퍼,,
00136086,2019,-6845806376.0,78289361241.0,2158547899783.0,1123726499677.0,969432964694.0,2014259668044.0,9200.0,무림페이퍼,,
00136086,2020,-37848772323.0,95444755070.0,2194982287950.0,949654848093.0,837819858108.0,2158547899783.0,9200.0,무림페이퍼,,
00317681,2015,969742147.0,4933460866.0,113783500275.0,68592246493.0,42787548385.0,115055909553.0,59210.0,메타바이오메드,,
00317681,2016,748744757.0,5032921805.0,120076739354.0,65783882992.0,42021960392.0,113783500275.0,59210.0,메타바이오메드,,
00317681,2017,-3972463948.0,-248512661.0,119664761242.0,65341013870.0,44635646864.0,120076739354.0,59210.0,메타바이오메드,,
00317681,2018,-1111087324.0,-5282759096.0,97693208152.0,63813054259.0,45687007655.0,119664761242.0,59210.0,메타바이오메드,,
00317681,2019,3572913539.0,2864891456.0,103291752584.0,59391345412.0,33255535543.0,97693208152.0,59210.0,메타바이오메드,,
00317681,2020,-4089686385.0,4861606141.0,107855911929.0,47208701275.0,27078512997.0,103291752584.0,59210.0,메타바이오메드,,
00326731,2015,-5372140420.0,407678862.0,71985447610.0,20833715307.0,8181777223.0,67359505866.0,64550.0,바이오니아,,
00326731,2016,-14418909089.0,-2511535212.0,63709625226.0,21703614699.0,10163474649.0,71985447610.0,64550.0,바이오니아,,
00326731,2017,-9941285943.0,-3902011230.0,58695411475.0,23267735474.0,9651932882.0,56161437212.0,64550.0,바이오니아,,
00326731,2018,-8776082990.0,-8113572202.0,70807117625.0,24077825956.0,11143272770.0,58695411475.0,64550.0,바이오니아,,
00326731,2019,-7419712602.0,-5589453062.0,82099865831.0,36292396635.0,17139514980.0,70807117625.0,64550.0,바이오니아,,
00326731,2020,59188056246.0,95705376696.0,191165848661.0,206987464643.0,44401179096.0,82099865831.0,64550.0,바이오니아,,
00349060,2015,4909437295.0,3466250147.0,52112309446.0,23428387646.0,12752454449.0,44341825679.0,42520.0,한스바이오메드,,
00349060,2016,4771957727.0,-316104470.0,64717086945.0,29047900718.0,15633489177.0,52112309446.0,42520.0,한스바이오메드,,
00349060,2017,8139963042.0,4655413866.0,80190379368.0,39057689433.0,20771676379.0,64717086945.0,42520.0,한스바이오메드,,
00349060,2018,4946675219.0,4262420454.0,91797718482.0,51745897345.0,24469508464.0,80190379368.0,42520.0,한스바이오메드,,
00349060,2019,9510904469.0,6731968526.0,134094823326.0,66990994661.0,26842535533.0,91740744933.0,42520.0,한스바이오메드,,
00349060,2020,-18170842351.0,4567210663.0,131806491291.0,80098456516.0,37583085480.0,134094823326.0,42520.0,한스바이오메드,,
00447007,2017,3338558893.0,8762437113.0,57746356776.0,71357945319.0,28025793339.0,46426011626.0,260660.0,알리코제약,,
00447007,2018,1217704824.0,-2332855844.0,110568379995.0,95337599067.0,36456930791.0,57746356776.0,260660.0,알리코제약,,
00447007,2019,10031138224.0,13133029375.0,118753999995.0,115793215266.0,42322887106.0,110568379995.0,260660.0,알리코제약,,
00447007,2020,8371919524.0,4545964138.0,110287841675.0,124808944034.0,45000615398.0,118753999995.0,260660.0,알리코제약,,
00608440,2020,10041587873.0,9344108449.0,79453958959.0,40633124493.0,24825231179.0,43317257584.0,340570.0,티앤엘,,
00767628,2015,-2425875473.0,-2133735387.0,19428914482.0,4173528189.0,3241025064.0,14148440868.0,138610.0,나이벡,,
00767628,2016,-3027189157.0,-372211186.0,22969642086.0,4804231773.0,4004453274.0,19428914482.0,138610.0,나이벡,,
00767628,2017,-2567612203.0,563218115.0,25750373153.0,6302574592.0,4346584600.0,22969642086.0,138610.0,나이벡,,
00767628,2018,-4146155504.0,-2307210985.0,22317590153.0,5207877219.0,4745811934.0,25750373153.0,138610.0,나이벡,,
00767628,2019,-2726635631.0,-867616136.0,35734879567.0,9287488048.0,5309224210.0,22317590153.0,138610.0,나이벡,,
00767628,2020,-3637626783.0,-501655996.0,53080037349.0,6357110700.0,4616020993.0,35734879567.0,138610.0,나이벡,,
00971726,2018,-604456121.0,1203322118.0,42639445432.0,13958304417.0,8437162512.0,19844279318.0,153710.0,옵티팜,,
00971726,2019,-655331708.0,447468615.0,41719479212.0,13652787134.0,9151104473.0,42639445432.0,153710.0,옵티팜,,
00971726,2020,-2352288196.0,-1616523214.0,41321032454.0,13045853795.0,9536807442.0,41719479212.0,153710.0,옵티팜,,
01063954,2019,-9561056493.0,-4011329346.0,45420145638.0,3845080646.0,3838345239.0,24371975092.0,253840.0,수젠텍,,
01063954,2020,-50828216.0,14332738086.0,72455407141.0,41351848298.0,9859312905.0,45420145638.0,253840.0,수젠텍,,
00226547,2015,-24193398221.0,3217369982.0,75195646146.0,57174841773.0,47575463105.0,92277542760.0,53980.0,오상자이엘,,
00226547,2016,-3713243371.0,5539598864.0,81138714419.0,60762691458.0,52540795013.0,75195646146.0,53980.0,오상자이엘,,
00226547,2017,3040322004.0,-2071236475.0,81524492703.0,66950982136.0,58240561227.0,81138714419.0,53980.0,오상자이엘,,
00226547,2018,-1281950713.0,1599625413.0,83677564115.0,64710674329.0,57862878087.0,81524492703.0,53980.0,오상자이엘,,
00226547,2019,-14791226096.0,2455602709.0,73886372479.0,74222346592.0,67361654096.0,83677564115.0,53980.0,오상자이엘,,
00226547,2020,19592864213.0,5551188163.0,97887874020.0,68977862647.0,64692982544.0,73886372479.0,53980.0,오상자이엘,,
00108038,2015,24778336233.0,21768412968.0,343957221830.0,376543631888.0,320069459065.0,305664451022.0,4250.0,엔피씨,,
00108038,2016,40482479220.0,39205308200.0,399309178223.0,377902986892.0,323387527586.0,343957221830.0,4250.0,엔피씨,,
00108038,2017,11767365133.0,29356180398.0,380369493743.0,386317373119.0,331222538193.0,399309178223.0,4250.0,엔피씨,,
00108038,2018,11848738609.0,38770703359.0,392840423777.0,414890304339.0,359091588234.0,380369493743.0,4250.0,엔피씨,,
00108038,2019,14370309765.0,40289811041.0,403765363181.0,454467518931.0,390541342609.0,392840423777.0,4250.0,엔피씨,,
00108038,2020,18864944430.0,70138975590.0,410578593060.0,431333367387.0,368759400059.0,403765363181.0,4250.0,엔피씨,,
00228059,2015,40509543439.0,50908903229.0,314131464849.0,245020683925.0,109857050001.0,254514939553.0,84110.0,휴온스글로벌,,
00228059,2016,526207281324.0,19383639000.0,557060992756.0,163712232478.0,134815804155.0,314131464849.0,84110.0,휴온스글로벌,,
00228059,2017,48799151488.0,47518191476.0,602890426985.0,325350641892.0,264686090745.0,557060992756.0,84110.0,휴온스글로벌,,
00228059,2018,60762312479.0,53415748364.0,672876686819.0,378687481597.0,310723183541.0,610146419596.0,84110.0,휴온스글로벌,,
00228059,2019,57348918917.0,65546999031.0,742152517077.0,449422998381.0,376510602329.0,672876686819.0,84110.0,휴온스글로벌,,
00228059,2020,91042795103.0,90591629977.0,949022681932.0,523047736598.0,433798963330.0,742152517077.0,84110.0,휴온스글로벌,,
00242934,2015,6770658874.0,12655323214.0,103097340177.0,116159771209.0,95110400910.0,97622371905.0,83550.0,케이엠,,
00242934,2016,3425787448.0,7501776194.0,97539750266.0,109621890574.0,91043755570.0,103097340177.0,83550.0,케이엠,,
00242934,2017,4111212892.0,5980418172.0,101216849428.0,110908794776.0,90891758716.0,97539750266.0,83550.0,케이엠,,
00242934,2018,4578030525.0,2242023490.0,116122560114.0,118311427219.0,97340588053.0,101216849428.0,83550.0,케이엠,,
00242934,2019,6394603942.0,7790900124.0,132219693356.0,127562229644.0,103543692771.0,116122560114.0,83550.0,케이엠,,
00242934,2020,32664289434.0,29410322431.0,171848141945.0,187911322690.0,126783799418.0,132219693356.0,83550.0,케이엠,,
01152470,2017,14730523696.0,26521903542.0,296580573490.0,52383846935.0,,101692680472.0,263750.0,펄어비스,,
01152470,2018,146446177343.0,159275391811.0,712530156692.0,404763991648.0,,296580573490.0,263750.0,펄어비스,,
01152470,2019,157651213701.0,168357272875.0,867391014845.0,535936506392.0,,712530156692.0,263750.0,펄어비스,,
01152470,2020,100853964155.0,157434023396.0,897191642084.0,488768843749.0,,867391014845.0,263750.0,펄어비스,,
00247975,2015,80587127835.0,120367946635.0,731701917451.0,627917400938.0,472111252243.0,574278287856.0,36830.0,솔브레인홀딩스,,
00247975,2016,74520295421.0,141861829528.0,829391036861.0,722520542290.0,549501398510.0,731701917451.0,36830.0,솔브레인홀딩스,,
00247975,2017,43086343687.0,112680736851.0,895949561120.0,775598355835.0,604370298097.0,829391036861.0,36830.0,솔브레인홀딩스,,
00247975,2018,102956627488.0,185742037237.0,1006120382646.0,963424733722.0,725796277922.0,895949561120.0,36830.0,솔브레인홀딩스,,
00247975,2019,119290716527.0,195110976899.0,1159459650316.0,1021271672775.0,766489490561.0,1006120382646.0,36830.0,솔브레인홀딩스,,
00247975,2020,1444437253839.0,70870288619.0,1339377713537.0,,194093373143.0,1159459650316.0,36830.0,솔브레인홀딩스,,
00962393,2020,-18538375487.0,10198128086.0,79055907918.0,48940226902.0,34338349301.0,55664331708.0,318020.0,포인트모바일,,
00763358,2015,207337164.0,2992456776.0,25314429740.0,9164934800.0,5840401630.0,26307345014.0,136510.0,스마트솔루션즈,,
00763358,2016,1621465027.0,-1629653370.0,35536543582.0,12497160311.0,7785722976.0,25314429740.0,136510.0,스마트솔루션즈,,
00763358,2017,3020851276.0,1889464928.0,41702389430.0,25027290448.0,14690804805.0,35536543582.0,136510.0,스마트솔루션즈,,
00763358,2018,962012148.0,-1984263758.0,42447694642.0,21931828737.0,13620849194.0,41702389430.0,136510.0,스마트솔루션즈,,
00763358,2019,-5995718637.0,-8609393393.0,37911975084.0,17083259892.0,13546547446.0,42447694642.0,136510.0,스마트솔루션즈,,
00763358,2020,-10456880579.0,-4315351645.0,29492284615.0,13640677561.0,10190010666.0,37911975084.0,136510.0,스마트솔루션즈,,
00109754,2015,7896700772.0,-989203539.0,281739516791.0,180938863292.0,138332662538.0,266069639679.0,5750.0,대림바스,,
00109754,2016,7358481894.0,10948355699.0,300494197564.0,209090129871.0,160294131377.0,281739516791.0,5750.0,대림바스,,
00109754,2017,6735858990.0,12130859841.0,304673006687.0,232886929854.0,183453694902.0,300494197564.0,5750.0,대림바스,,
00109754,2018,3922309150.0,13011348294.0,301673357508.0,247179476642.0,197340280464.0,304673006687.0,5750.0,대림바스,,
00109754,2019,2026520450.0,1777433892.0,309166165986.0,236449075047.0,187814454381.0,301673357508.0,5750.0,대림바스,,
00109754,2020,-1769021340.0,26639928499.0,326324587789.0,232365627314.0,186357942615.0,309166165986.0,5750.0,대림바스,,
00521390,2016,11007602005.0,7551680832.0,127314768058.0,67407271914.0,35073091301.0,81582530542.0,144960.0,뉴파워프라즈마,,
00521390,2017,18572325368.0,30166716464.0,140509864434.0,104494421639.0,52982743675.0,127314768058.0,144960.0,뉴파워프라즈마,,
00521390,2018,13252598879.0,6650534942.0,143552780020.0,73411627940.0,36539593251.0,140509864434.0,144960.0,뉴파워프라즈마,,
00521390,2019,5296882588.0,4588281392.0,150094736051.0,60165999447.0,32316081538.0,143552780020.0,144960.0,뉴파워프라즈마,,
00521390,2020,30343389957.0,24478546043.0,476930042307.0,108798640957.0,63314678329.0,150094736051.0,144960.0,뉴파워프라즈마,,
00263654,2015,363431083.0,645418561.0,49498623009.0,18335817610.0,9852532512.0,36269210373.0,39200.0,오스코텍,,
00263654,2016,-4400635213.0,-3369209475.0,40813572220.0,3553891396.0,1495578330.0,49498623009.0,39200.0,오스코텍,,
00263654,2017,-6379930998.0,-3689052797.0,40544532973.0,3908490780.0,1679956843.0,28605941919.0,39200.0,오스코텍,,
00263654,2018,4278281889.0,-5077994130.0,70258505276.0,18702671511.0,2437565305.0,40544532973.0,39200.0,오스코텍,,
00263654,2019,-24963194556.0,27468802.0,72393422362.0,4368519899.0,2094622326.0,70258505276.0,39200.0,오스코텍,,
00263654,2020,-2046709557.0,-17881396374.0,76387767596.0,43470793384.0,1893897586.0,72393422362.0,39200.0,오스코텍,,
00983916,2015,1211275504.0,2854044134.0,30523203215.0,6640037996.0,4290228028.0,16941207674.0,187420.0,HLB제넥스,,
00983916,2016,1614859134.0,516085395.0,63225645245.0,7028776603.0,4027562225.0,30523203215.0,187420.0,HLB제넥스,,
00983916,2017,1342559776.0,1363832433.0,70150899864.0,11505972028.0,8113441953.0,63225645245.0,187420.0,HLB제넥스,,
00983916,2018,-2441932226.0,1563614125.0,70334518862.0,11517965664.0,9931590062.0,70150899864.0,187420.0,HLB제넥스,,
00983916,2019,-5522405209.0,-167499536.0,90202498616.0,14941514325.0,11246069988.0,70334518862.0,187420.0,HLB제넥스,,
00983916,2020,-12124660350.0,-2452377296.0,113227402704.0,18769177911.0,12710537289.0,90202498616.0,187420.0,HLB제넥스,,
00256955,2017,8715914724.0,12370084802.0,92489553548.0,105026830101.0,80603340442.0,95741578441.0,55490.0,테이팩스,,
00256955,2018,6199778991.0,4109102164.0,94288519636.0,107459614676.0,88471519950.0,92489553548.0,55490.0,테이팩스,,
00256955,2019,7629754575.0,13121992919.0,145029438741.0,112605437067.0,91890364734.0,160224768567.0,55490.0,테이팩스,,
00256955,2020,13828229758.0,15192383216.0,162605488159.0,118772574550.0,91116800144.0,145029438741.0,55490.0,테이팩스,,
00128412,2015,27043171459.0,18935641490.0,220735909967.0,216511471520.0,96672602406.0,209306205482.0,5500.0,삼진제약,,
00128412,2016,30174331510.0,48657842135.0,227572906698.0,239312893938.0,109965954047.0,220735909967.0,5500.0,삼진제약,,
00128412,2017,35795824754.0,37283674157.0,241847411619.0,245271927859.0,109290238661.0,227572906698.0,5500.0,삼진제약,,
00128412,2018,25526185476.0,30081823678.0,250271903343.0,260016571278.0,117237365604.0,241847411619.0,5500.0,삼진제약,,
00128412,2019,11880756674.0,23633082799.0,244151047503.0,241926177085.0,121212525245.0,252639395630.0,5500.0,삼진제약,,
00128412,2020,27879308247.0,23860500180.0,269033497761.0,235164889488.0,124648844069.0,244151047503.0,5500.0,삼진제약,,
00606770,2015,5768079372.0,6111332501.0,112291538867.0,79163688036.0,34662549301.0,98869321267.0,94850.0,참좋은여행,,
00606770,2016,6905882192.0,20919038861.0,145750962184.0,73515201935.0,24907287482.0,112291538867.0,94850.0,참좋은여행,,
00606770,2017,12165929410.0,18164528248.0,144340764398.0,56507195331.0,1513609841.0,145750962184.0,94850.0,참좋은여행,,
00606770,2018,10236081735.0,8741598869.0,153541308598.0,65012578939.0,,144567918558.0,94850.0,참좋은여행,,
00606770,2019,22889225546.0,10895279721.0,145642689964.0,62056608438.0,,153541308598.0,94850.0,참좋은여행,,
00606770,2020,-2101241556.0,-31486836991.0,99297347761.0,12643421523.0,,145642689964.0,94850.0,참좋은여행,,
00536541,2015,189521071.0,22017289583.0,220544003505.0,107266373827.0,89163970396.0,185490076455.0,86520.0,에코프로,,
00536541,2016,-7236716778.0,3738712635.0,346356773602.0,170483367764.0,141696621355.0,220544003505.0,86520.0,에코프로,,
00536541,2017,-3286685606.0,23652634852.0,448145544274.0,329012474711.0,273769149254.0,346356773602.0,86520.0,에코프로,,
00536541,2018,46206659333.0,12289033556.0,667514759192.0,669407171058.0,561195376473.0,448145544274.0,86520.0,에코프로,,
00536541,2019,37363584377.0,-14998465323.0,927834885423.0,702272500906.0,592082562858.0,667514759192.0,86520.0,에코프로,,
00536541,2020,54182500584.0,159124566581.0,1283164844739.0,946809640015.0,786378678858.0,927834885423.0,86520.0,에코프로,,
00492353,2015,-2879353635.0,630014775.0,52775292105.0,22729935161.0,9255932733.0,38815180108.0,170790.0,파이오링크,,
00492353,2016,-2227640919.0,2005953787.0,48046073069.0,35813841809.0,18983257746.0,52775292105.0,170790.0,파이오링크,,
00492353,2017,-2967703722.0,1957961742.0,44732356661.0,29431876425.0,17339425708.0,48046073069.0,170790.0,파이오링크,,
00492353,2018,362885054.0,892037222.0,46312626264.0,27358728414.0,13304834212.0,44732356661.0,170790.0,파이오링크,,
00492353,2019,5621734185.0,8178198010.0,53356217972.0,35120292984.0,18379247756.0,46312626264.0,170790.0,파이오링크,,
00492353,2020,10675133288.0,6270255435.0,70679855960.0,39838205708.0,19755763769.0,53356217972.0,170790.0,파이오링크,,
00374738,2019,2665962417.0,4806951494.0,17922689724.0,19719477166.0,12922955567.0,14808507018.0,65370.0,위세아이텍,,
00374738,2020,3374737501.0,3508598930.0,41613093753.0,24862449001.0,16945631001.0,17922689724.0,65370.0,위세아이텍,,
01250374,2018,926036571.0,111826887.0,25867810329.0,12067623736.0,7215431031.0,13836291593.0,275630.0,에스에스알,,
01250374,2019,1064865759.0,2467149916.0,26461298209.0,12954945688.0,7830398320.0,25867810329.0,275630.0,에스에스알,,
01250374,2020,56304674.0,2074258905.0,25944966893.0,10339381347.0,6347194120.0,26461298209.0,275630.0,에스에스알,,
00353230,2015,-242457861.0,-5133685.0,5277522393.0,1997986375.0,1983846776.0,4968363534.0,60910.0,프리젠,,
00353230,2016,-1078422391.0,-8446756.0,3788013778.0,2043641793.0,2027694391.0,5277522393.0,60910.0,프리젠,,
00353230,2018,-364383168.0,-103333943.0,3134037115.0,1755672388.0,2094107985.0,3099401863.0,60910.0,프리젠,,
01051472,2020,32964468829.0,-13587563335.0,63977712479.0,1571991617.0,2822180508.0,2387519397.0,229000.0,젠큐릭스,,
00296078,2015,7804343743.0,-30844383301.0,298965609137.0,293175235015.0,253319134893.0,215611419677.0,54620.0,APS,,
00296078,2016,27483960690.0,84600206040.0,566224745961.0,554987946694.0,478403068813.0,298965609137.0,54620.0,APS,,
00296078,2017,670121253014.0,14803785949.0,231782970606.0,87934027389.0,70526330051.0,566224745961.0,54620.0,APS,,
00296078,2018,1166724289.0,-5361867353.0,283203879436.0,28416309699.0,15855201194.0,231782970606.0,54620.0,APS,,
00296078,2019,-4601038289.0,-4095940638.0,297708243544.0,23151385938.0,14685531512.0,283203879436.0,54620.0,APS,,
00296078,2020,-46308607986.0,-8405977345.0,275216520494.0,25345952537.0,12276042066.0,297708243544.0,54620.0,APS,,
00871833,2016,61425867572.0,50777766165.0,367778548247.0,200361532900.0,107369945052.0,232367461102.0,237690.0,에스티팜,,
00871833,2017,44996926435.0,54437468322.0,381504269098.0,202800435362.0,123018338153.0,367778548247.0,237690.0,에스티팜,,
00871833,2018,-9267935047.0,10767299682.0,345505351667.0,97738455805.0,94958770186.0,381504269098.0,237690.0,에스티팜,,
00871833,2019,-18528696163.0,-30516540978.0,341080334763.0,93256824542.0,94884925467.0,345505351667.0,237690.0,에스티팜,,
00871833,2020,-13154954630.0,-20934773251.0,445570131485.0,124108663975.0,104123346570.0,340609824543.0,237690.0,에스티팜,,
00151128,2015,9220391887.0,20757657171.0,429266967922.0,203254231332.0,179003001077.0,429411204119.0,9680.0,모토닉,,
00151128,2016,21748573670.0,9276602603.0,433121254641.0,195300520053.0,178159017384.0,429266967922.0,9680.0,모토닉,,
00151128,2017,12696962259.0,18931725947.0,431546721170.0,211531507486.0,184050964120.0,433121254641.0,9680.0,모토닉,,
00151128,2018,9786975804.0,21845152606.0,434168419258.0,195253284769.0,171556050251.0,431546721170.0,9680.0,모토닉,,
00151128,2019,11354807647.0,29902881260.0,440900555804.0,207639235497.0,181969360211.0,432414223029.0,9680.0,모토닉,,
00151128,2020,14858904600.0,25339542066.0,442437586413.0,178557667313.0,154735728944.0,440900555804.0,9680.0,모토닉,,
00155355,2015,12199866580.0,106415036999.0,975950980498.0,1846488476989.0,1357159368598.0,1053567588638.0,17810.0,풀무원,,
00155355,2016,9977819763.0,57936786188.0,1061384109104.0,2030673097853.0,1489776122547.0,975950980498.0,17810.0,풀무원,,
00155355,2017,30406812727.0,62647958305.0,1103028814900.0,2238114683314.0,1651742341920.0,1061384109104.0,17810.0,풀무원,,
00155355,2018,12638784904.0,59290674268.0,1214578439819.0,2271973131849.0,1712942549299.0,1103028814900.0,17810.0,풀무원,,
00155355,2019,-7535425367.0,85410376723.0,1484556453749.0,2381451203138.0,1791427155384.0,1216938902214.0,17810.0,풀무원,,
00155355,2020,11833778475.0,103960982418.0,1693573176270.0,2311199992424.0,1699705812302.0,1484556453749.0,17810.0,풀무원,,
00300405,2017,-2419994949.0,4252642526.0,90866265330.0,97067185448.0,84091163561.0,100153717087.0,65500.0,오리엔트정공,,
00300405,2018,-12502489966.0,-7551355256.0,105852807758.0,98179111596.0,91080663855.0,90866265330.0,65500.0,오리엔트정공,,
00300405,2019,-4319209200.0,3760182469.0,110170921314.0,97332734732.0,87764918415.0,105852807758.0,65500.0,오리엔트정공,,
00300405,2020,-18187919940.0,1539890530.0,110133991061.0,82203176748.0,76603003609.0,110305678765.0,65500.0,오리엔트정공,,
00150439,2015,5312095544.0,5732688801.0,43050955859.0,43726798032.0,32077079231.0,39435527220.0,3780.0,진양산업,,
00150439,2016,1342364943.0,4782232008.0,46605487331.0,42415292929.0,32281663718.0,43050955859.0,3780.0,진양산업,,
00150439,2017,1664285132.0,4077912660.0,46883258545.0,44821948066.0,38175984397.0,46605487331.0,3780.0,진양산업,,
00150439,2018,2411392972.0,4033858474.0,50695689450.0,59350306224.0,50870865031.0,46883258545.0,3780.0,진양산업,,
00150439,2019,6822508738.0,9375276073.0,54529283571.0,61838249513.0,46651752110.0,50695689450.0,3780.0,진양산업,,
00150439,2020,5136548707.0,8143104451.0,70722583811.0,64314340747.0,49796426035.0,54529283571.0,3780.0,진양산업,,
00277736,2015,2276643434.0,3375645710.0,48151764342.0,89682094616.0,82831817766.0,52037105763.0,46110.0,한일네트웍스,,
00277736,2016,4436114963.0,944291384.0,73976661008.0,122394391846.0,112879143826.0,48151764342.0,46110.0,한일네트웍스,,
00277736,2017,16676144815.0,11311622506.0,82870685279.0,116066757660.0,103946740061.0,73976661008.0,46110.0,한일네트웍스,,
00277736,2018,5101597911.0,2827803649.0,83101263122.0,126602178132.0,114660900297.0,83192237537.0,46110.0,한일네트웍스,,
00277736,2019,7040930585.0,31087108471.0,124872837982.0,121634724628.0,105422263513.0,83101263122.0,46110.0,한일네트웍스,,
00277736,2020,7601948027.0,39108401528.0,135877132637.0,117435554382.0,101326599471.0,124872837982.0,46110.0,한일네트웍스,,
00661847,2015,1209266696.0,37989047346.0,222662316394.0,213693417529.0,197387170287.0,253345300551.0,133820.0,화인베스틸,,
00661847,2016,756909230.0,11399411214.0,226509854130.0,163148526687.0,147194148279.0,222662316394.0,133820.0,화인베스틸,,
00661847,2017,1101225300.0,14631064329.0,215737385379.0,127448022916.0,115471614735.0,226509854130.0,133820.0,화인베스틸,,
00661847,2018,1971120721.0,-12980632116.0,228133466554.0,145091595783.0,129971440579.0,215737385379.0,133820.0,화인베스틸,,
00661847,2019,-7494971168.0,12074305494.0,210800584639.0,134798537606.0,129593758744.0,228133466554.0,133820.0,화인베스틸,,
00661847,2020,-15522705200.0,7423753863.0,177774671321.0,98647266991.0,104330965848.0,210800584639.0,133820.0,화인베스틸,,
00447575,2019,87692889706.0,163099943535.0,443616096080.0,386150386696.0,264740540582.0,361123753424.0,204270.0,제이앤티씨,,
00447575,2020,59349919640.0,93930933746.0,550623582680.0,347772920401.0,248045019049.0,443616096080.0,204270.0,제이앤티씨,,
00480783,2015,-2380266042.0,996016757.0,99375494399.0,77831735516.0,68727015022.0,94365891299.0,91580.0,상신이디피,,
00480783,2016,-1024356439.0,5190233714.0,100910336910.0,76825469601.0,68032252401.0,99375494399.0,91580.0,상신이디피,,
00480783,2017,2440244465.0,13117798392.0,103304460158.0,99827047148.0,85041865216.0,100910336910.0,91580.0,상신이디피,,
00480783,2018,8394461837.0,25227516487.0,142680534563.0,150148161396.0,122684779599.0,103304460158.0,91580.0,상신이디피,,
00480783,2019,4816580636.0,5485572796.0,148101005657.0,141203716504.0,118197337846.0,142680534563.0,91580.0,상신이디피,,
00480783,2020,8640473084.0,22586408959.0,161367320979.0,151713321770.0,118638657043.0,148101005657.0,91580.0,상신이디피,,
00526599,2016,19999696037.0,17601158695.0,187358424018.0,120033552217.0,36745124875.0,150640310848.0,145720.0,덴티움,,
00526599,2017,30293552157.0,21659104763.0,310870929136.0,150645643719.0,44027129549.0,187358424018.0,145720.0,덴티움,,
00526599,2018,34255817898.0,-574593395.0,436826577081.0,186316233652.0,55544785337.0,310870929136.0,145720.0,덴티움,,
00526599,2019,13711060107.0,-11642097629.0,547106597705.0,252587272923.0,85007604217.0,436826577081.0,145720.0,덴티움,,
00526599,2020,22219520047.0,75754918139.0,510235858597.0,229749431321.0,86952384791.0,547106597705.0,145720.0,덴티움,,
00186799,2015,7794879067.0,33354025869.0,860158579464.0,365346871034.0,319631451495.0,764084670952.0,44490.0,태웅,,
00186799,2016,13969352468.0,52201780855.0,976860975659.0,321984454072.0,269518616882.0,860158579464.0,44490.0,태웅,,
00186799,2017,-5959038912.0,1098048823.0,1001617901541.0,304366834330.0,270703264322.0,976860975659.0,44490.0,태웅,,
00186799,2018,-32672540140.0,-66187232810.0,1030652777093.0,289546469985.0,285960591714.0,1001617901541.0,44490.0,태웅,,
00186799,2019,-33804831296.0,-2335623445.0,993302352334.0,374030761756.0,366785651128.0,1030652777093.0,44490.0,태웅,,
00186799,2020,-93651459425.0,40422603805.0,800770744215.0,344403685396.0,316595086233.0,984871018427.0,44490.0,태웅,,
00965813,2016,3096443830.0,1760231203.0,47339503337.0,17042857228.0,7071919063.0,18611335574.0,201490.0,미투온,,
00965813,2017,3057264522.0,2182478999.0,149419199215.0,27209665323.0,12111270364.0,47339503337.0,201490.0,미투온,,
00965813,2018,23340811288.0,30277537190.0,152485030570.0,98771664287.0,28997917032.0,149419199215.0,201490.0,미투온,,
00965813,2019,27868397541.0,47727413932.0,175119533033.0,119101315159.0,35854600882.0,152485030570.0,201490.0,미투온,,
00965813,2020,29423841330.0,32109699648.0,217695946276.0,130704854427.0,37222550367.0,175119533033.0,201490.0,미투온,,
01168143,2016,,68393573.0,633193032.0,521817911.0,344516767.0,356932274.0,900280.0,케이만금세기차륜집단유한공사,,
01168143,2017,114265312.0,99350461.0,851302650.0,633675366.0,423213000.0,633193032.0,900280.0,케이만금세기차륜집단유한공사,,
01168143,2018,127527454.0,94811046.0,1172371875.0,730956141.0,507377176.0,851302650.0,900280.0,케이만금세기차륜집단유한공사,,
01168143,2019,128821612.0,216700013.0,1399329138.0,671161594.0,448185278.0,1172371875.0,900280.0,케이만금세기차륜집단유한공사,,
01168143,2020,115079867.0,139871766.0,1578503351.0,751445166.0,502994453.0,1399329138.0,900280.0,케이만금세기차륜집단유한공사,,
00173698,2015,-8280847720.0,-4505425085.0,79273263656.0,107385562415.0,93417725583.0,91207431507.0,2700.0,신일전자,,
00173698,2016,3759431657.0,7982819174.0,80720575726.0,124454059928.0,96747009077.0,79273263656.0,2700.0,신일전자,,
00173698,2017,9435360897.0,8767604213.0,84786775916.0,144557646198.0,104612442072.0,80720575726.0,2700.0,신일전자,,
00173698,2018,11635679678.0,9870134719.0,102269482166.0,168724539546.0,119231340121.0,84786775916.0,2700.0,신일전자,,
00173698,2019,4298520011.0,-6053246351.0,100086380398.0,145888445031.0,109637541519.0,102269482166.0,2700.0,신일전자,,
00173698,2020,8015379244.0,11924543304.0,110598654315.0,172441514538.0,127634264589.0,100086380398.0,2700.0,신일전자,,
01020524,2016,10812686640.0,9796580724.0,86458486529.0,102001506891.0,26577361440.0,57356346267.0,234920.0,자이글,,
01020524,2017,5155917997.0,7529080664.0,89026530012.0,82503007461.0,23211160792.0,86458486529.0,234920.0,자이글,,
01020524,2018,-6237552557.0,-6504998549.0,94296331855.0,55815251847.0,16887854728.0,89026530012.0,234920.0,자이글,,
01020524,2019,-29913506086.0,-9909518655.0,62583261299.0,29702460010.0,11646766457.0,94296331855.0,234920.0,자이글,,
01020524,2020,865558586.0,1302335183.0,62633539632.0,18040648173.0,9644153370.0,62583261299.0,234920.0,자이글,,
00114792,2015,-224392900000.0,959229202000.0,6895914185000.0,5720334279000.0,5171609147000.0,8853724689000.0,1230.0,동국홀딩스,,
00114792,2016,70775607000.0,888321754000.0,6324651883000.0,5006583137000.0,4354879126000.0,6895914185000.0,1230.0,동국홀딩스,,
00114792,2017,4770110303.0,90171805809.0,6091004172153.0,6049348882989.0,5434126116222.0,6324651883236.0,1230.0,동국홀딩스,,
00114792,2018,-304481652173.0,229429860386.0,5730222156546.0,5964930870893.0,5483287279723.0,6091004172153.0,1230.0,동국홀딩스,,
00114792,2019,-81691128740.0,213476544046.0,5439008436653.0,5658431459389.0,5150266952515.0,5730222156546.0,1230.0,동국홀딩스,,
00114792,2020,69455194791.0,631569644088.0,5418538741502.0,5206191561313.0,4609840343151.0,5439008436653.0,1230.0,동국홀딩스,,
00135999,2015,-2732872243.0,-792605432.0,33700581038.0,3453289434.0,3636442031.0,37107025365.0,1000.0,신라섬유,,
00135999,2016,255892273.0,1079247116.0,32520875404.0,3823664127.0,2345830240.0,33700581038.0,1000.0,신라섬유,,
00135999,2017,408753558.0,1085399996.0,32122070109.0,3996989238.0,2785324308.0,32520875404.0,1000.0,신라섬유,,
00135999,2018,171299165.0,1044626236.0,31856675922.0,4702692231.0,3350259065.0,32122070109.0,1000.0,신라섬유,,
00135999,2019,227501272.0,1037998647.0,32161672434.0,4180812574.0,2900262940.0,31856675922.0,1000.0,신라섬유,,
00135999,2020,347807062.0,1332652528.0,32391838559.0,4179072810.0,2851934333.0,32161672434.0,1000.0,신라섬유,,
00126186,2015,469830680454.0,864766040610.0,6331679124457.0,7853458731256.0,6560850296622.0,5546045160128.0,18260.0,삼성에스디에스,,
00126186,2016,514327713066.0,622817968933.0,6842003858379.0,8180186860839.0,6762393574254.0,6331679124457.0,18260.0,삼성에스디에스,,
00126186,2017,541772277273.0,834847191286.0,7277760879807.0,9299206129920.0,7804602140616.0,6842003858379.0,18260.0,삼성에스디에스,,
00126186,2018,638792258413.0,1196531554170.0,8013849390714.0,10034218901478.0,8369829634622.0,7277760879807.0,18260.0,삼성에스디에스,,
00126186,2019,750448957378.0,893786644757.0,9021235882454.0,10719631804166.0,8925703658997.0,8013849390714.0,18260.0,삼성에스디에스,,
00126186,2020,452908951325.0,979402851889.0,9154919055538.0,11017431525517.0,9327683136712.0,9021235882454.0,18260.0,삼성에스디에스,,
00107987,2015,20453621161.0,87705938660.0,517179022061.0,1183345140970.0,1068812212705.0,520015616105.0,25860.0,남해화학,,
00107987,2016,14402619332.0,56687903198.0,530446810915.0,1096493483985.0,1002909856370.0,516212461837.0,25860.0,남해화학,,
00107987,2017,26703741693.0,30722500336.0,557166534607.0,1122369005650.0,1015440989312.0,530446810915.0,25860.0,남해화학,,
00107987,2018,8350363797.0,7989289525.0,547908233893.0,1242735386432.0,1138316068540.0,557166534607.0,25860.0,남해화학,,
00107987,2019,16040767746.0,45291695689.0,581138671065.0,1187201230766.0,1079615323444.0,547908233893.0,25860.0,남해화학,,
00107987,2020,25044473893.0,52497442953.0,589444547288.0,1009845248219.0,893126377682.0,581138671065.0,25860.0,남해화학,,
00223762,2015,3382864660.0,8499089954.0,90517673550.0,89179162227.0,,83386240651.0,43610.0,KT지니뮤직,,
00223762,2016,8236380407.0,13387464717.0,110079575096.0,111286638023.0,,90517673550.0,43610.0,KT지니뮤직,,
00223762,2017,-3401432142.0,7936700032.0,139493908800.0,155641711618.0,,110079575096.0,43610.0,KT지니뮤직,,
00223762,2018,5937816079.0,3358773124.0,222002409461.0,171232730142.0,,139493908800.0,43610.0,KT지니뮤직,,
00223762,2019,7314176925.0,2915565577.0,233880648315.0,230468779379.0,,222002409461.0,43610.0,KT지니뮤직,,
00223762,2020,9471844621.0,742946855.0,250537976853.0,246967532160.0,,231526334506.0,43610.0,KT지니뮤직,,
00156442,2015,6020486356.0,5165653902.0,92487867679.0,48165255720.0,30065442595.0,87151947254.0,4590.0,한국가구,,
00156442,2016,5743642997.0,4288910956.0,99734024282.0,57492408710.0,38316458336.0,92487867679.0,4590.0,한국가구,,
00156442,2017,5483576518.0,3916056165.0,110825797112.0,54766260042.0,35748699734.0,99734024282.0,4590.0,한국가구,,
00156442,2018,7401466975.0,6471098609.0,134508604950.0,60244251116.0,39332069684.0,110825797112.0,4590.0,한국가구,,
00156442,2019,6068564561.0,3610517049.0,138462057500.0,65652789394.0,43529545207.0,134508604950.0,4590.0,한국가구,,
00156442,2020,9254842348.0,11582619748.0,155635278637.0,75467988265.0,51176864793.0,138462057500.0,4590.0,한국가구,,
00206686,2015,1996435121.0,-5714210929.0,35542100701.0,48058393455.0,45278834300.0,50500517538.0,42040.0,케이피엠테크,,
00206686,2016,-3055981831.0,-5640135762.0,83271028451.0,21916246309.0,21284356149.0,35542100701.0,42040.0,케이피엠테크,,
00206686,2017,-5606172392.0,-3975873543.0,121781611881.0,29040534480.0,27733311683.0,83271028451.0,42040.0,케이피엠테크,,
00206686,2018,32768619411.0,-3199902389.0,199152116478.0,29535232666.0,24633697048.0,121781611881.0,42040.0,케이피엠테크,,
00206686,2019,-35339298873.0,-13568640615.0,162104920335.0,17724886327.0,18260862444.0,199152116478.0,42040.0,케이피엠테크,,
00206686,2020,-9853236817.0,-11020026949.0,168590003541.0,23142591499.0,23584616173.0,162104920335.0,42040.0,케이피엠테크,,
00216647,2015,73014169418.0,73546760723.0,658491252037.0,647382728865.0,428237497867.0,658928797711.0,30530.0,원익홀딩스,,
00216647,2016,198963997320.0,42593340520.0,862635664808.0,294905605408.0,209135215811.0,658491252037.0,30530.0,원익홀딩스,,
00216647,2017,80652243627.0,52899060286.0,1061203408859.0,481986655227.0,342142585840.0,862635664808.0,30530.0,원익홀딩스,,
00216647,2018,96369617518.0,75226928039.0,1209057380780.0,500162428910.0,350418925411.0,1061203408859.0,30530.0,원익홀딩스,,
00216647,2019,48981665695.0,95417772114.0,1225200283131.0,450752790463.0,313872349619.0,1209057380780.0,30530.0,원익홀딩스,,
00216647,2020,96912997365.0,110544902223.0,1607660655673.0,645964626184.0,474557411345.0,1225200283131.0,30530.0,원익홀딩스,,
00222435,2015,-2287128436.0,-4046717190.0,116734084427.0,120816202423.0,112818586452.0,131292920714.0,33050.0,제이엠아이,,
00222435,2016,-1205251490.0,13397967623.0,109986867057.0,111661317972.0,102312907861.0,116734084427.0,33050.0,제이엠아이,,
00222435,2017,509267146.0,5548529063.0,107032674039.0,117723560377.0,112188912635.0,109986867057.0,33050.0,제이엠아이,,
00222435,2018,-3785472507.0,-4492040335.0,103702689344.0,124753911493.0,124501355821.0,107032674039.0,33050.0,제이엠아이,,
00222435,2019,-7980950610.0,-68130208.0,83262380875.0,70128872935.0,67150476813.0,103702689344.0,33050.0,제이엠아이,,
00222435,2020,-7438624539.0,4528538700.0,78401977622.0,56440310099.0,52142185391.0,83262380875.0,33050.0,제이엠아이,,
00267854,2015,5587550908.0,8327889263.0,91802767048.0,136718088315.0,61903748971.0,87913375890.0,14100.0,메디앙스,,
00267854,2016,2691530730.0,9888664408.0,97596889550.0,135940603087.0,64435922793.0,91802767048.0,14100.0,메디앙스,,
00267854,2017,5985273216.0,5430597966.0,99119507899.0,120714399510.0,56398297121.0,97596889550.0,14100.0,메디앙스,,
00267854,2018,3180817896.0,2587288575.0,119530459583.0,107796549076.0,49764471259.0,99119507899.0,14100.0,메디앙스,,
00267854,2019,32341007102.0,10865790507.0,139653596307.0,97313126508.0,52476330139.0,119530459583.0,14100.0,메디앙스,,
00267854,2020,4031966908.0,-5470389900.0,137145759268.0,71978513571.0,37625310249.0,139653596307.0,14100.0,메디앙스,,
00346407,2015,26573174847.0,-5510343858.0,91858522131.0,22428307477.0,17442782574.0,61413742914.0,40350.0,크레오에스지,,
00346407,2016,-23124302034.0,-3433980032.0,110467974364.0,18985336940.0,15868423103.0,91858522131.0,40350.0,크레오에스지,,
00346407,2017,-27157069057.0,-4739326275.0,117709803780.0,12683664481.0,10369840752.0,110467974364.0,40350.0,크레오에스지,,
00346407,2018,-29021439491.0,-7745740190.0,94049807932.0,13915366906.0,11150074830.0,117709803780.0,40350.0,크레오에스지,,
00346407,2019,-24695814534.0,-9819755864.0,96606779554.0,15051779991.0,10110059969.0,94049807932.0,40350.0,크레오에스지,,
00346407,2020,-16464711600.0,-23598255241.0,82836618168.0,9815439519.0,7514301509.0,96477666530.0,40350.0,크레오에스지,,
00657002,2015,2656317147.0,1827954641.0,45723337110.0,35797490044.0,28761631199.0,47412223786.0,200710.0,에이디테크놀로지,,
00657002,2016,-4062429350.0,-1869869108.0,48093280862.0,22667923038.0,21873301665.0,45723337110.0,200710.0,에이디테크놀로지,,
00657002,2017,170261200.0,2903688418.0,49063071782.0,32204669180.0,28585351180.0,48093280862.0,200710.0,에이디테크놀로지,,
00657002,2018,8463156651.0,-8415178827.0,76845126964.0,110264722595.0,92261217235.0,49063071782.0,200710.0,에이디테크놀로지,,
00657002,2019,8004174610.0,17878472184.0,110161796768.0,225809534323.0,207922950345.0,76845126964.0,200710.0,에이디테크놀로지,,
00657002,2020,2840925514.0,12134636650.0,220316128949.0,292360369641.0,268421499736.0,110161796768.0,200710.0,에이디테크놀로지,,
00141671,2015,2787805476.0,3094733907.0,193912595173.0,126262024726.0,79541695068.0,131412318436.0,10470.0,오리콤,,
00141671,2016,4002386474.0,11544561228.0,187450465495.0,161929810515.0,107693576397.0,193912595173.0,10470.0,오리콤,,
00141671,2017,4094040254.0,15211626831.0,207530480287.0,167439882127.0,113467782050.0,187450465495.0,10470.0,오리콤,,
00141671,2018,8935086308.0,15645031177.0,204813558006.0,182757796868.0,124744738501.0,207530480287.0,10470.0,오리콤,,
00141671,2019,5931584534.0,5615456728.0,195640666457.0,198545882077.0,142271615755.0,204813558006.0,10470.0,오리콤,,
00141671,2020,766525093.0,-7726094154.0,172323658779.0,132282413669.0,86153054640.0,195640666457.0,10470.0,오리콤,,
00149354,2015,30557582142.0,8228337616.0,501005738992.0,221832028453.0,151666031582.0,302655737116.0,1630.0,종근당홀딩스,,
00149354,2016,42855759892.0,19403614394.0,705665534663.0,335675556276.0,233146335584.0,501005738992.0,1630.0,종근당홀딩스,,
00149354,2017,67418298119.0,57767652914.0,818863626149.0,450735117692.0,283731826655.0,705665534663.0,1630.0,종근당홀딩스,,
00149354,2018,52811111653.0,37931092400.0,871435736285.0,531114469555.0,328180875897.0,818863626149.0,1630.0,종근당홀딩스,,
00149354,2019,79329792644.0,111279403519.0,1074739604962.0,720644043389.0,391974141962.0,871435736285.0,1630.0,종근당홀딩스,,
00149354,2020,113621663099.0,66553214342.0,1258451805996.0,858118780736.0,444223241568.0,1074739604962.0,1630.0,종근당홀딩스,,
00152862,2015,-75769787008.0,225932859722.0,3291820462346.0,3820812375803.0,3459542013195.0,3578435131338.0,2020.0,코오롱,,
00152862,2016,28414330748.0,136976938862.0,3333623695266.0,3936858958832.0,3481136805855.0,3291820462346.0,2020.0,코오롱,,
00152862,2017,109588666675.0,56209880239.0,3699363238041.0,4392955166163.0,3934642014384.0,3333623695266.0,2020.0,코오롱,,
00152862,2018,1639081866.0,27279318374.0,3480352008852.0,4324491258038.0,3877501623275.0,3688369201800.0,2020.0,코오롱,,
00152862,2019,-22220930243.0,167278173246.0,3618574586543.0,4405957743645.0,3939537585242.0,3473906793584.0,2020.0,코오롱,,
00152862,2020,152515450894.0,333113488260.0,3708134498932.0,4890150536567.0,4292571236914.0,3618574586543.0,2020.0,코오롱,,
00357740,2015,9299723780.0,-2781762743.0,161631760407.0,195466232757.0,164375653479.0,149766139906.0,60250.0,NHN KCP,,
00357740,2016,10170244586.0,22907793832.0,185611493722.0,272132527829.0,238907995183.0,161631760407.0,60250.0,NHN KCP,,
00357740,2017,10202837251.0,18423372337.0,221346639857.0,351989348223.0,305069491424.0,185611493722.0,60250.0,NHN KCP,,
00357740,2018,16780040429.0,28049063392.0,279705508786.0,432658308997.0,380095634692.0,221346639857.0,60250.0,NHN KCP,,
00357740,2019,24475778184.0,73210021015.0,311913209701.0,469897621518.0,402153187502.0,279705508786.0,60250.0,NHN KCP,,
00357740,2020,29888480188.0,59272103399.0,374657171950.0,624840094623.0,546545296815.0,311913209701.0,60250.0,NHN KCP,,
00384762,2015,3503759625.0,8264921727.0,93293969563.0,69895108688.0,58914144304.0,92309822069.0,65690.0,파커스,,
00384762,2016,2536252858.0,11423319761.0,100842274673.0,63854993674.0,52122292185.0,93293969563.0,65690.0,파커스,,
00384762,2017,-2587245117.0,-2484766502.0,118886918315.0,64532486061.0,54336424734.0,100842274673.0,65690.0,파커스,,
00384762,2018,4523593272.0,6188131666.0,120125782119.0,100153884194.0,88528749907.0,118886918315.0,65690.0,파커스,,
00384762,2019,-3785758064.0,4629455720.0,117947378909.0,100770338207.0,95165575816.0,120125782119.0,65690.0,파커스,,
00384762,2020,-8753277931.0,4685049128.0,107505403149.0,78306082046.0,69823449055.0,117947378909.0,65690.0,파커스,,
00466428,2015,-2824996130.0,1928529226.0,55027043205.0,10996730928.0,6424838546.0,38630498435.0,74430.0,아미노로직스,,
00466428,2016,-3741556777.0,4138143067.0,49025730972.0,16365960202.0,11958924573.0,55027043205.0,74430.0,아미노로직스,,
00466428,2017,542128873.0,3000302514.0,49371248728.0,16835419722.0,12946228316.0,49025730972.0,74430.0,아미노로직스,,
00466428,2018,7996263171.0,4558111574.0,56858957553.0,18449736217.0,11366104359.0,49371248728.0,74430.0,아미노로직스,,
00466428,2019,-1200842749.0,3603796697.0,57773776069.0,18980396221.0,15686942974.0,56858957553.0,74430.0,아미노로직스,,
00466428,2020,2139966585.0,1768180927.0,60128523196.0,17650767018.0,10664928752.0,57773776069.0,74430.0,아미노로직스,,
00129509,2015,7946440729.0,5118546965.0,131657889227.0,436704029822.0,419774387113.0,94846279069.0,14130.0,한익스프레스,,
00129509,2016,5413340819.0,3799140337.0,146825372860.0,467922261411.0,452667257448.0,131657889227.0,14130.0,한익스프레스,,
00129509,2017,6688151484.0,1654303592.0,188215329514.0,527872746148.0,510464803404.0,146825372860.0,14130.0,한익스프레스,,
00129509,2018,5264503076.0,6517150226.0,199582549272.0,565826800412.0,548837457507.0,188215329514.0,14130.0,한익스프레스,,
00129509,2019,5785383173.0,32242038464.0,266468434955.0,577355359006.0,556640784720.0,199582549272.0,14130.0,한익스프레스,,
00129509,2020,-1905833208.0,20120682584.0,301687969270.0,615258839122.0,595156623172.0,275847243506.0,14130.0,한익스프레스,,
00223513,2015,1081392613.0,1183143879.0,97526995244.0,144959419004.0,129018344958.0,88631267329.0,33320.0,제이씨현시스템,,
00223513,2016,4592125077.0,4902088228.0,102154120884.0,189796639012.0,166782832311.0,97526995244.0,33320.0,제이씨현시스템,,
00223513,2017,13324215374.0,1577328811.0,113926028910.0,284463567867.0,251772437119.0,102154120884.0,33320.0,제이씨현시스템,,
00223513,2018,9904719267.0,3609881954.0,133252451695.0,274682918159.0,244210227920.0,113926028910.0,33320.0,제이씨현시스템,,
00223513,2019,968199508.0,11728199065.0,130349962278.0,209199780461.0,188589058660.0,133252451695.0,33320.0,제이씨현시스템,,
00223513,2020,10926094503.0,15495319858.0,141651721315.0,239786508930.0,210897614055.0,130349962278.0,33320.0,제이씨현시스템,,
00121534,2015,7778593323.0,13384065941.0,78996051564.0,50386203006.0,36425004877.0,85534838741.0,23150.0,MH에탄올,,
00121534,2016,8144683701.0,12245831103.0,72339672957.0,48897025351.0,33962391577.0,78996051564.0,23150.0,MH에탄올,,
00121534,2017,4308067659.0,3336889864.0,500180085801.0,51977132358.0,37225576038.0,72339672957.0,23150.0,MH에탄올,,
00121534,2018,-12033428348.0,-11269669144.0,440177523335.0,72795863032.0,53524708673.0,500180085801.0,23150.0,MH에탄올,,
00121534,2019,-7552042785.0,11368931341.0,451474450928.0,80879342162.0,54219181377.0,440177523335.0,23150.0,MH에탄올,,
00121534,2020,3802822627.0,18985795759.0,449679365546.0,94645239210.0,59823957916.0,451474450928.0,23150.0,MH에탄올,,
00366845,2015,10686835893.0,24812796849.0,223573384229.0,137506882823.0,98723806601.0,192494203036.0,65130.0,탑엔지니어링,,
00366845,2016,10390803194.0,-1108704541.0,222160484646.0,161030823334.0,113176920825.0,223573384229.0,65130.0,탑엔지니어링,,
00366845,2017,13646716915.0,19411971296.0,462538540630.0,176055994998.0,127845490708.0,222160484646.0,65130.0,탑엔지니어링,,
00366845,2018,32452229881.0,46846533617.0,556986123170.0,917583138495.0,802720045086.0,462538540630.0,65130.0,탑엔지니어링,,
00366845,2019,65760005825.0,48321063641.0,596075357552.0,1305900598482.0,1144321240240.0,556986123170.0,65130.0,탑엔지니어링,,
00366845,2020,-26101645456.0,51702352698.0,618832261487.0,1186101974793.0,1116055330671.0,596075357552.0,65130.0,탑엔지니어링,,
00137252,2015,-34607515779.0,13172898449.0,539326184716.0,494319593512.0,424299496130.0,726249929992.0,8040.0,사조동아원,,
00137252,2016,4848339531.0,46577787092.0,467516374038.0,414598644747.0,347014976043.0,539326184716.0,8040.0,사조동아원,,
00137252,2017,29211408746.0,29753074915.0,489823348145.0,395105058053.0,336679486708.0,467516374038.0,8040.0,사조동아원,,
00137252,2018,15718081613.0,28692646831.0,468191704663.0,422478552300.0,363308081884.0,489823348145.0,8040.0,사조동아원,,
00137252,2019,887403451.0,-4125558513.0,466881522100.0,412225993901.0,366836983646.0,468191704663.0,8040.0,사조동아원,,
00137252,2020,9616138516.0,29247930920.0,446436770794.0,396215666652.0,349170910117.0,466881522100.0,8040.0,사조동아원,,
00140177,2015,166229574312.0,444016125378.0,4735505772307.0,6273142139696.0,5034118116241.0,2920088717488.0,7070.0,GS리테일,,
00140177,2016,273539184683.0,434503795819.0,4721361656921.0,7402005717696.0,6015117323057.0,4735505772307.0,7070.0,GS리테일,,
00140177,2017,115101857483.0,442233686482.0,5092274321040.0,8266567147681.0,6707255114319.0,4721361656921.0,7070.0,GS리테일,,
00140177,2018,132335836633.0,324777732035.0,5098880172660.0,8691612313033.0,6852864326902.0,5092274321040.0,7070.0,GS리테일,,
00140177,2019,143624028195.0,804329097136.0,7054847638519.0,9006928792999.0,7064845658423.0,5098880172660.0,7070.0,GS리테일,,
00140177,2020,154521822927.0,805979740330.0,7177767175769.0,8862318939407.0,7031023135792.0,7049658160416.0,7070.0,GS리테일,,
00150633,2017,45151695662.0,28771871899.0,340368616167.0,602754834475.0,423600263468.0,246487252985.0,13890.0,지누스,,
00150633,2018,43608873371.0,11560384745.0,514784302806.0,621764300551.0,445399918437.0,340368616167.0,13890.0,지누스,,
00150633,2019,72426383855.0,-22055447389.0,755067849936.0,817137676913.0,556943121083.0,514784302806.0,13890.0,지누스,,
00150633,2020,45789825138.0,6977190256.0,896807385623.0,989524781950.0,671970177655.0,755067849936.0,13890.0,지누스,,
00556907,2015,10769637026.0,-21406528998.0,492382629685.0,421924400484.0,339623646496.0,428316206705.0,88800.0,에이스테크,,
00556907,2016,-32198142998.0,40465202730.0,433735836675.0,322117339144.0,270076204016.0,492382629685.0,88800.0,에이스테크,,
00556907,2017,-55570999773.0,-32456279392.0,373477775928.0,351616054697.0,289558206711.0,433735836675.0,88800.0,에이스테크,,
00556907,2018,1235151259.0,21571790131.0,432084799648.0,377316649647.0,288894120273.0,373477775928.0,88800.0,에이스테크,,
00556907,2019,-9694691802.0,-2501163499.0,380498821341.0,378602471828.0,289254079217.0,432084799648.0,88800.0,에이스테크,,
00556907,2020,-83133991549.0,-31956024052.0,352970037999.0,210755097581.0,192231868241.0,380498821341.0,88800.0,에이스테크,,
00665676,2015,5967970034.0,7967553341.0,83795634391.0,80516285143.0,49381084536.0,58620357702.0,127710.0,아시아경제,,
00665676,2016,6836613117.0,11557856901.0,99240545701.0,60334065173.0,28936883102.0,83795634391.0,127710.0,아시아경제,,
00665676,2017,9975159373.0,5392167973.0,129002693279.0,54258165732.0,26156993969.0,99241319501.0,127710.0,아시아경제,,
00665676,2018,29531704517.0,4676028221.0,155657483856.0,38402069633.0,17589175139.0,129002693279.0,127710.0,아시아경제,,
00665676,2019,4083296255.0,-6856347082.0,134950580693.0,38372829802.0,18804253150.0,155657483856.0,127710.0,아시아경제,,
00665676,2020,4322278209.0,9437087314.0,174949807649.0,71847306149.0,43141419829.0,134950580693.0,127710.0,아시아경제,,
00666204,2015,4837511125.0,3012728136.0,45020227106.0,33863187659.0,21543134744.0,25110866175.0,217190.0,제너셈,,
00666204,2016,-1809038582.0,-5669321252.0,50014969522.0,17807553162.0,13279172470.0,45020227106.0,217190.0,제너셈,,
00666204,2017,-6567491550.0,-1676025459.0,44448510256.0,27665506856.0,23379085823.0,50014969522.0,217190.0,제너셈,,
00666204,2018,-7994441237.0,-3651011814.0,46884413060.0,26014333054.0,23092463960.0,44448510256.0,217190.0,제너셈,,
00666204,2019,3082997759.0,5293382568.0,48774952057.0,38688486581.0,24899690978.0,46884413060.0,217190.0,제너셈,,
00666204,2020,-1058529958.0,-4261798620.0,54333770939.0,41941654621.0,30180752684.0,48774952057.0,217190.0,제너셈,,
00799539,2018,9472161395.0,6892747623.0,58440830522.0,56289418833.0,33314789280.0,37733187829.0,122310.0,제노레이,,
00799539,2019,13240018538.0,10654987080.0,78518322510.0,65105755423.0,35909673654.0,58440830522.0,122310.0,제노레이,,
00799539,2020,10172409382.0,8507289268.0,85744967699.0,61688005046.0,35711136827.0,78518322510.0,122310.0,제노레이,,
01105621,2018,,-2262835512.0,28652326970.0,19115789815.0,16082250385.0,23427229925.0,227950.0,엔투텍,,
01105621,2019,-5759923936.0,-2802218978.0,44791106663.0,5903737301.0,7068490625.0,28652326970.0,227950.0,엔투텍,,
01105621,2020,-19546873364.0,3307194056.0,109012107500.0,57475214852.0,47756830512.0,44791106663.0,227950.0,엔투텍,,
01112889,2020,-5684513676.0,-1249326342.0,17752021573.0,8539804266.0,7197710006.0,16355957039.0,239890.0,피엔에이치테크,,
00355089,2015,-1145993287.0,-1566365559.0,13008142152.0,6376186228.0,3615711945.0,13499709075.0,45340.0,토탈소프트,,
00355089,2016,1039513155.0,-510133862.0,15896505024.0,9419277143.0,5197370403.0,13008142152.0,45340.0,토탈소프트,,
00355089,2017,327225624.0,319381501.0,16188430639.0,9746423176.0,6117236821.0,15896505024.0,45340.0,토탈소프트,,
00355089,2018,2802448110.0,1360914196.0,20369434937.0,11629587670.0,6927397750.0,16188430639.0,45340.0,토탈소프트,,
00355089,2019,2577419408.0,558290775.0,21363966302.0,11817221783.0,6249781480.0,20369434937.0,45340.0,토탈소프트,,
00355089,2020,2225044427.0,4125513207.0,24136284087.0,12143403888.0,6877450623.0,21363966302.0,45340.0,토탈소프트,,
00140168,2015,11602352704.0,17886170248.0,482838657672.0,479291300885.0,344459641223.0,398436358252.0,35000.0,HS애드,,
00140168,2016,14944295258.0,13553993529.0,507061895609.0,407958968625.0,263343239726.0,482838657672.0,35000.0,HS애드,,
00140168,2017,14082626525.0,51505237228.0,591065989780.0,501300688225.0,346130356272.0,507061895609.0,35000.0,HS애드,,
00140168,2018,15276268482.0,-42043242049.0,632827969106.0,538206687862.0,368411004199.0,603730626768.0,35000.0,HS애드,,
00140168,2019,15258857126.0,19811630209.0,503688015263.0,542087210968.0,375247011356.0,632827969106.0,35000.0,HS애드,,
00140168,2020,9037544725.0,11029206256.0,530366843134.0,375617022738.0,210919735535.0,503688015263.0,35000.0,HS애드,,
01262458,2017,200734458.0,2348342690.0,348591442562.0,28346256271.0,25131401594.0,,282690.0,동아타이어공업,,
01262458,2018,16180288743.0,22529177677.0,369042711490.0,161313789918.0,140789729102.0,348591442562.0,282690.0,동아타이어공업,,
01262458,2019,24709191609.0,22007963998.0,385817625755.0,155994363874.0,130876829269.0,369042711490.0,282690.0,동아타이어공업,,
01262458,2020,13335120774.0,15009074878.0,395823339051.0,143165580908.0,119398927288.0,385817625755.0,282690.0,동아타이어공업,,
01093007,2016,14719411008.0,25659272354.0,275821751594.0,345137250478.0,309333691375.0,244227148202.0,229640.0,LS에코에너지,,
01093007,2017,14342131028.0,-7410467320.0,285112137571.0,403742015751.0,365916615857.0,275821751594.0,229640.0,LS에코에너지,,
01093007,2018,10727838669.0,20585179456.0,349635787126.0,441272165323.0,405620151237.0,285112137571.0,229640.0,LS에코에너지,,
01093007,2019,17089089433.0,-22782993793.0,359661266694.0,520302892983.0,472053748321.0,349635787126.0,229640.0,LS에코에너지,,
01093007,2020,8283112111.0,-13703004076.0,416558419110.0,579612301477.0,532694701212.0,359661266694.0,229640.0,LS에코에너지,,
01203808,2017,19088064733.0,55712080827.0,468030720270.0,962422667284.0,900346559283.0,,265520.0,AP시스템,,
01203808,2018,25227011908.0,-49247951543.0,420986942846.0,714239792928.0,613068541414.0,468030720270.0,265520.0,AP시스템,,
01203808,2019,9451469310.0,18066603027.0,420965874474.0,462077778626.0,389455738650.0,420986942846.0,265520.0,AP시스템,,
01203808,2020,24951026992.0,63603566505.0,371315018802.0,591795352612.0,493060005724.0,420965874474.0,265520.0,AP시스템,,
00301112,2015,-2133301766.0,-297240054.0,35922983576.0,19754541648.0,19510074569.0,40734259346.0,46390.0,삼화네트웍스,,
00301112,2016,7669221308.0,14257192617.0,44917657813.0,45701998356.0,33714104480.0,35922983576.0,46390.0,삼화네트웍스,,
00301112,2017,708953936.0,4255709036.0,44058837941.0,21001396882.0,19093199151.0,44917657813.0,46390.0,삼화네트웍스,,
00301112,2018,-3069686568.0,-5138514721.0,54810390737.0,12559042727.0,14307388852.0,44058837941.0,46390.0,삼화네트웍스,,
00301112,2019,720921869.0,6551700516.0,43303787276.0,54197930136.0,51970087898.0,54810390737.0,46390.0,삼화네트웍스,,
00301112,2020,-959546106.0,1680388197.0,37985059200.0,29296600231.0,27464451887.0,43303787276.0,46390.0,삼화네트웍스,,
00155258,2015,7825108204.0,28087646753.0,431890799330.0,801646713993.0,720656111816.0,438621813446.0,58430.0,포스코스틸리온,,
00155258,2016,31409663774.0,40694059260.0,405761030163.0,798007442124.0,694692953326.0,431890799330.0,58430.0,포스코스틸리온,,
00155258,2017,17527987704.0,26955227813.0,426747277569.0,912059767981.0,827295079439.0,405761030163.0,58430.0,포스코스틸리온,,
00155258,2018,10804280592.0,14273719026.0,454196338707.0,940305020483.0,884690719076.0,427450400353.0,58430.0,포스코스틸리온,,
00155258,2019,2577866166.0,-11519672274.0,503427114164.0,916744848382.0,868140945593.0,454196338707.0,58430.0,포스코스틸리온,,
00155258,2020,7123645500.0,99466153312.0,485428807404.0,907319457604.0,847463139206.0,503427114164.0,58430.0,포스코스틸리온,,
00155276,2015,32168380149.0,61639938982.0,717505710640.0,1221228000895.0,1108926267178.0,721599926350.0,3670.0,포스코퓨처엠,,
00155276,2016,44528772820.0,85065118800.0,723863094248.0,1117704662075.0,976899637384.0,717505710640.0,3670.0,포스코퓨처엠,,
00155276,2017,103959563440.0,55515266191.0,835840209317.0,1197158860569.0,1041594262328.0,723863094248.0,3670.0,포스코퓨처엠,,
00155276,2018,132752043977.0,84560079551.0,947629179353.0,1383593537088.0,1217607255938.0,835840209317.0,3670.0,포스코퓨처엠,,
00155276,2019,101163401402.0,62778335158.0,1730132565095.0,1483769011914.0,1317236558998.0,947629179353.0,3670.0,포스코퓨처엠,,
00155276,2020,29747509154.0,38284489711.0,2088053324226.0,1566235713095.0,1421843200597.0,1730132565095.0,3670.0,포스코퓨처엠,,
00204208,2015,-13911048750.0,16989663567.0,222831034362.0,274546428118.0,260376569722.0,226081036629.0,27740.0,마니커,,
00204208,2016,1147288554.0,4675746080.0,211971927932.0,229830938213.0,212092834899.0,222831034362.0,27740.0,마니커,,
00204208,2017,-10326698402.0,12257781543.0,251698379740.0,254619689793.0,225282563590.0,211971927932.0,27740.0,마니커,,
00204208,2018,-11226393534.0,3818276686.0,193296431918.0,269057962654.0,246166039612.0,251698379740.0,27740.0,마니커,,
00204208,2019,-17510236300.0,-3370110824.0,183165053726.0,241679712946.0,235075234550.0,193296431918.0,27740.0,마니커,,
00204208,2020,-35169677938.0,-25642309450.0,192098719908.0,214794626683.0,223392723567.0,182992018065.0,27740.0,마니커,,
00377610,2015,207073750996.0,500860651823.0,5191468773720.0,4048202083228.0,3622148855735.0,4141073291032.0,58650.0,세아홀딩스,,
00377610,2016,161892654956.0,382509110849.0,5177866749403.0,4034333362229.0,3661451201453.0,5191468773720.0,58650.0,세아홀딩스,,
00377610,2017,211120898816.0,263457770460.0,5254771564848.0,4794418481981.0,4362146621240.0,5177866749403.0,58650.0,세아홀딩스,,
00377610,2018,64509519931.0,140737274691.0,5453865783668.0,5176889456538.0,4884337051916.0,5254771564848.0,58650.0,세아홀딩스,,
00377610,2019,48464791274.0,365831965025.0,5456657504692.0,4930662596032.0,4669457026740.0,5453865783668.0,58650.0,세아홀딩스,,
00377610,2020,-261540309071.0,456381094337.0,5084932952179.0,4257354741944.0,4062722475260.0,5456657504692.0,58650.0,세아홀딩스,,
01032413,2016,18849483999.0,16403337815.0,250952924476.0,276195590231.0,226698879692.0,229165336917.0,195870.0,해성디에스,,
01032413,2017,23892277175.0,23658688474.0,290423756529.0,325060603312.0,264248205961.0,250952924476.0,195870.0,해성디에스,,
01032413,2018,20727839096.0,36762813333.0,306239933904.0,363290231265.0,306938302836.0,290423756529.0,195870.0,해성디에스,,
01032413,2019,18231057672.0,33520290708.0,326587242970.0,381400317567.0,324346848229.0,306239933904.0,195870.0,해성디에스,,
01032413,2020,29989719980.0,44378902199.0,383211976358.0,458746167572.0,382986577025.0,326587242970.0,195870.0,해성디에스,,
01316254,2018,-23744727900.0,90951670999.0,2534697810959.0,1767487184560.0,1584712960524.0,,298050.0,HS효성첨단소재,,
01316254,2019,-52906924766.0,127016740797.0,2531098756779.0,3053616298735.0,2696624401059.0,2534697810959.0,298050.0,HS효성첨단소재,,
01316254,2020,6810288508.0,312387826215.0,2376593774635.0,2394622898921.0,2185964690885.0,2531098756779.0,298050.0,HS효성첨단소재,,
00927558,2016,-6702365737.0,-3694345897.0,13489045957.0,4844900240.0,9156087150.0,14140676905.0,206650.0,유바이오로직스,,
00927558,2017,-4715309435.0,-2640240979.0,26852411396.0,11567747403.0,12129991194.0,13489045957.0,206650.0,유바이오로직스,,
00927558,2018,3780519903.0,2936794204.0,68237555288.0,24891999062.0,13158593481.0,26852411396.0,206650.0,유바이오로직스,,
00927558,2019,-881624055.0,12878282894.0,92765393274.0,33072579699.0,13164064294.0,68237555288.0,206650.0,유바이오로직스,,
00927558,2020,-60134488690.0,-913537169.0,155955270562.0,28489676012.0,21562489007.0,92765393274.0,206650.0,유바이오로직스,,
00574611,2015,806580521.0,3357516138.0,100290846904.0,48181735486.0,32060826537.0,99988650776.0,99220.0,SDN,,
00574611,2016,-965533759.0,979825503.0,97619933659.0,36206832335.0,24715286922.0,100290846904.0,99220.0,SDN,,
00574611,2017,2736469264.0,-6777027593.0,109412020374.0,52641982575.0,37900220310.0,97619933659.0,99220.0,SDN,,
00574611,2018,1952721839.0,622755652.0,117637069927.0,60887354159.0,45350437558.0,109412020374.0,99220.0,SDN,,
00574611,2019,3993872384.0,7713749782.0,135452089502.0,65023507027.0,47682741473.0,117637069927.0,99220.0,SDN,,
00574611,2020,8358655566.0,17508938505.0,194648774252.0,80000728317.0,64656663039.0,135452089502.0,99220.0,SDN,,
00613318,2015,23977549879.0,5737846973.0,375356133225.0,193112056418.0,126834930556.0,340462067789.0,122870.0,와이지엔터테인먼트,,
00613318,2016,14099412923.0,32448157701.0,486835565057.0,321839059110.0,226832916496.0,375356133225.0,122870.0,와이지엔터테인먼트,,
00613318,2017,11910569345.0,21905965798.0,583599527930.0,349860731337.0,249194280564.0,486835565057.0,122870.0,와이지엔터테인먼트,,
00613318,2018,15944943943.0,22450910984.0,594324154591.0,285846340838.0,200808570802.0,583599527930.0,122870.0,와이지엔터테인먼트,,
00613318,2019,-24642188675.0,59559817666.0,516346905463.0,264459739114.0,184056612084.0,594324154591.0,122870.0,와이지엔터테인먼트,,
00613318,2020,3150284532.0,25765086273.0,542817503814.0,255262402297.0,174470680893.0,516346905463.0,122870.0,와이지엔터테인먼트,,
00127699,2017,-2486159400.0,2498902797.0,105317601289.0,23710740352.0,12875685468.0,106594893741.0,64510.0,유네코,,
00127699,2018,-43381849283.0,-10613106439.0,83116774334.0,14661965796.0,11845393382.0,105317601289.0,64510.0,유네코,,
00127699,2019,-9308105686.0,-3882158147.0,75608367046.0,18720579170.0,13117647273.0,83116774334.0,64510.0,유네코,,
00127699,2020,-28468802561.0,-6402939620.0,49673386244.0,10718072163.0,11497558549.0,75353993457.0,64510.0,유네코,,
00638539,2015,592682555.0,1100732329.0,80272668630.0,42296650150.0,29132443092.0,80027996231.0,126870.0,앤에스,,
00638539,2016,1087740547.0,8192423270.0,103249632351.0,44107100661.0,27417266387.0,80272668630.0,126870.0,앤에스,,
00638539,2017,-5534147979.0,-5659823834.0,123641550058.0,44781756251.0,30511935870.0,103249632351.0,126870.0,앤에스,,
00638539,2018,-7535669801.0,-6866861394.0,155859633255.0,51336069618.0,34468898475.0,123641550058.0,126870.0,앤에스,,
00638539,2019,-25139886926.0,1682506279.0,168006214659.0,59337239005.0,45389598784.0,155859633255.0,126870.0,앤에스,,
00638539,2020,-48566227132.0,-6807773573.0,118776605362.0,45616329746.0,42294282686.0,168006214659.0,126870.0,앤에스,,
00423609,2015,11371548367.0,53629774846.0,706980326807.0,450526355034.0,231717541503.0,653137863832.0,68870.0,LG생명과학,,
00113234,2015,-17563816000.0,-7328788000.0,1541681141000.0,1330415946000.0,1168066063000.0,1561333927000.0,1790.0,대한제당,,
00113234,2016,22601383000.0,86912335000.0,1210586736000.0,1264247251000.0,1105557978000.0,1541681141000.0,1790.0,대한제당,,
00113234,2017,10809977000.0,10536903000.0,1152870713000.0,1274536938000.0,1145838629000.0,1210586736000.0,1790.0,대한제당,,
00113234,2018,9753277000.0,12613990000.0,1135447475000.0,1210088269000.0,1073882217000.0,1152870713000.0,1790.0,대한제당,,
00113234,2019,14430621000.0,8509710000.0,1143146276000.0,1204394671000.0,1073614732000.0,1135447475000.0,1790.0,대한제당,,
00113234,2020,22674699000.0,64757973000.0,1146241857000.0,1214452231000.0,1065560523000.0,1143146276000.0,1790.0,대한제당,,
00140566,2015,-1668227720.0,6327580677.0,129476111554.0,125204545613.0,107671456485.0,134614320751.0,2680.0,한탑,,
00140566,2016,804744885.0,9870098152.0,122419455756.0,128079970077.0,108985695103.0,129505674610.0,2680.0,한탑,,
00140566,2017,903737905.0,3396358829.0,122885640418.0,125094326350.0,107817427455.0,122568170754.0,2680.0,한탑,,
00140566,2018,-3523356464.0,-5295853115.0,137149274011.0,109877403709.0,93029594495.0,122688247937.0,2680.0,한탑,,
00140566,2019,-6664299491.0,-457586288.0,129107317572.0,92248978880.0,81986754171.0,137149274011.0,2680.0,한탑,,
00140566,2020,-16941683845.0,-2755272118.0,140019357965.0,77324076555.0,67127941724.0,126967230333.0,2680.0,한탑,,
00121941,2015,47195417860.0,92397341919.0,2104598661650.0,2635005300502.0,1895278863333.0,1814827132158.0,1680.0,대상,,
00121941,2016,60063308249.0,54766552865.0,2308460528264.0,2855008995855.0,2079304223624.0,2104598661650.0,1680.0,대상,,
00121941,2017,51771863554.0,166193514084.0,2252431436486.0,2968804984474.0,2174498960132.0,2308460528264.0,1680.0,대상,,
00121941,2018,65398472299.0,121562419165.0,2198994807292.0,2956761915895.0,2191806550948.0,2252431436486.0,1680.0,대상,,
00121941,2019,108874638558.0,167274478505.0,2397069212059.0,2963985752603.0,2209563896660.0,2198994807292.0,1680.0,대상,,
00121941,2020,127010738544.0,121067525176.0,2528335046890.0,3113203668119.0,2266114356348.0,2389611801046.0,1680.0,대상,,
00192499,2015,1798483672.0,-18041178209.0,762971787646.0,1062576027529.0,949425918998.0,763462485532.0,27710.0,팜스토리,,
00192499,2016,12896142588.0,85275691585.0,663973268815.0,900486837900.0,796487859272.0,762971787646.0,27710.0,팜스토리,,
00192499,2017,12813397437.0,31028879388.0,567368288319.0,838555170358.0,741162315739.0,663973268815.0,27710.0,팜스토리,,
00192499,2018,-8964393084.0,-67577638368.0,658430459076.0,921642376417.0,821879768815.0,567368288319.0,27710.0,팜스토리,,
00192499,2019,-13759043214.0,28116673053.0,641303795830.0,970847161690.0,867075176568.0,658430459076.0,27710.0,팜스토리,,
00192499,2020,27162749594.0,9955095508.0,654951687457.0,965387032860.0,858236369865.0,645371316639.0,27710.0,팜스토리,,
00241209,2015,-1777271854.0,7485667953.0,126152186644.0,63821318313.0,55917419076.0,119705602300.0,33200.0,모아텍,,
00241209,2016,2851862446.0,3369137328.0,113160820584.0,56642559500.0,47248257888.0,126152186644.0,33200.0,모아텍,,
00241209,2017,-4288629159.0,,83733936170.0,13689574860.0,11588198407.0,113160820584.0,33200.0,모아텍,,
00241209,2018,1100321636.0,2463997322.0,80920976795.0,45468635745.0,37719531154.0,83733936170.0,33200.0,모아텍,,
00241209,2019,897370201.0,2264845625.0,81214750241.0,38650808595.0,32167811193.0,80920976795.0,33200.0,모아텍,,
00241209,2020,-2444075399.0,1633714791.0,79903290918.0,27525034899.0,24957796995.0,81214750241.0,33200.0,모아텍,,
00242378,2015,15463933682.0,73754088128.0,1581003508021.0,1440565474218.0,1204342507596.0,1494403345575.0,35810.0,이지홀딩스,,
00242378,2016,33128128870.0,128782248204.0,1509864201790.0,1401434755285.0,1151443496696.0,1581003508021.0,35810.0,이지홀딩스,,
00242378,2017,50878005275.0,118818103553.0,1480823032669.0,1398088835511.0,1119151439288.0,1509864201790.0,35810.0,이지홀딩스,,
00242378,2018,41687392123.0,10529564264.0,1703702492398.0,1509390785359.0,1220052718543.0,1480823032669.0,35810.0,이지홀딩스,,
00242378,2019,-13028828717.0,107831158575.0,1782657219899.0,1614867961830.0,1354031412247.0,1703702492398.0,35810.0,이지홀딩스,,
00242378,2020,84524594930.0,9381819937.0,1799077124024.0,1608342544027.0,1352092213600.0,1786551705047.0,35810.0,이지홀딩스,,
00370006,2015,926938680.0,-5848491719.0,68370450979.0,64470533013.0,,74350230642.0,52220.0,iMBC,,
00370006,2016,1774105933.0,14305335469.0,70835539837.0,67239151156.0,,68370450979.0,52220.0,iMBC,,
00370006,2017,-175504055.0,3222768279.0,65406292579.0,57402131582.0,,70835539837.0,52220.0,iMBC,,
00370006,2018,-1603631587.0,1241245012.0,62433021885.0,58074993049.0,,65406292579.0,52220.0,iMBC,,
00370006,2019,2274106063.0,12774122869.0,66610004189.0,51552466253.0,,62433021885.0,52220.0,iMBC,,
00370006,2020,1299529747.0,3394937698.0,69532673238.0,43731791255.0,,66610004189.0,52220.0,iMBC,,
00142661,2015,-5522210815.0,5192564025.0,256515295365.0,313894291992.0,262632842498.0,275013700397.0,6980.0,우성,,
00142661,2016,804311403.0,10844646330.0,245949756744.0,275671865184.0,228346551717.0,256515295365.0,6980.0,우성,,
00142661,2017,1046872500.0,1930494216.0,251426742115.0,275453669058.0,229253074612.0,245949756744.0,6980.0,우성,,
00142661,2018,-4217562297.0,-12034181571.0,282202976193.0,289318268898.0,243305945837.0,251426742115.0,6980.0,우성,,
00142661,2019,11867930858.0,-5928914440.0,335926097691.0,340814645722.0,286699010519.0,282202976193.0,6980.0,우성,,
00142661,2020,5715732453.0,13629413383.0,313457406318.0,388558138387.0,323689571635.0,335926097691.0,6980.0,우성,,
00156691,2015,8831541129.0,33522348967.0,381351994565.0,455699544022.0,411428150554.0,388018468014.0,5430.0,한국공항,,
00156691,2016,17437898185.0,39556921348.0,373405153945.0,472598315674.0,419691245465.0,381351994565.0,5430.0,한국공항,,
00156691,2017,22375273256.0,49412701916.0,416391199046.0,485444522904.0,433939292459.0,373405153945.0,5430.0,한국공항,,
00156691,2018,18836150167.0,11718508959.0,424415405157.0,526113112088.0,476241601508.0,416391199046.0,5430.0,한국공항,,
00156691,2019,16263109328.0,39562055237.0,464725240306.0,528998203947.0,482323697554.0,424415405157.0,5430.0,한국공항,,
00156691,2020,-47459465334.0,22704270382.0,425353643316.0,298900583931.0,322954189631.0,464725240306.0,5430.0,한국공항,,
00158149,2015,31213596845.0,37835796723.0,126542699020.0,223816848378.0,146027007162.0,115064148628.0,2960.0,한국쉘석유,,
00158149,2016,27242382225.0,30033068763.0,122973241166.0,210901754844.0,135833738387.0,126542699020.0,2960.0,한국쉘석유,,
00158149,2017,24243287929.0,19663895466.0,130947310148.0,210536209891.0,140876506070.0,122973241166.0,2960.0,한국쉘석유,,
00158149,2018,24960348700.0,29873923140.0,144599597573.0,219753603257.0,144547721467.0,130947310148.0,2960.0,한국쉘석유,,
00158149,2019,21026586664.0,25809950296.0,141114506335.0,211845124856.0,136520230282.0,144599597573.0,2960.0,한국쉘석유,,
00158149,2020,21010633246.0,42498268234.0,148607730718.0,200334946945.0,123113843717.0,141114506335.0,2960.0,한국쉘석유,,
00303794,2015,11469705171.0,86949675617.0,215777685987.0,142003138277.0,117450483182.0,142394840360.0,86980.0,쇼박스,,
00303794,2016,13371305470.0,-5955781143.0,197190687332.0,125931981048.0,100578690325.0,215777685987.0,86980.0,쇼박스,,
00303794,2017,15845912880.0,2544201294.0,203267261164.0,102706677987.0,82468260922.0,197190687332.0,86980.0,쇼박스,,
00303794,2018,4352362751.0,-51873103959.0,179732880599.0,68510507817.0,54843085453.0,203267261164.0,86980.0,쇼박스,,
00303794,2019,3259344790.0,-149056027.0,165251339625.0,78650190860.0,68012162153.0,179732880599.0,86980.0,쇼박스,,
00303794,2020,-2628585769.0,-34401559790.0,150454358713.0,46799889150.0,40156573942.0,165251339625.0,86980.0,쇼박스,,
00127158,2015,1100014712.0,-2182888701.0,40189896789.0,21279199570.0,14086614278.0,28234174258.0,4920.0,씨아이테크,,
00127158,2016,-1530371650.0,-825363177.0,39843703994.0,18515713979.0,12014670126.0,40189896789.0,4920.0,씨아이테크,,
00127158,2017,-11188167903.0,916915101.0,38255017772.0,21725114391.0,13535776147.0,39843703994.0,4920.0,씨아이테크,,
00127158,2018,-3028912686.0,-499829145.0,42991097090.0,32283987279.0,19725317057.0,38255017772.0,4920.0,씨아이테크,,
00127158,2019,-4561923777.0,-241831375.0,56095818486.0,40719367554.0,27784933470.0,42991097090.0,4920.0,씨아이테크,,
00127158,2020,-4705773543.0,-106468374.0,75094282849.0,52331961588.0,36324811357.0,58689706660.0,4920.0,씨아이테크,,
00220622,2015,2853115336.0,8389720089.0,64293773542.0,52780843709.0,42717355213.0,58838489726.0,65710.0,서호전기,,
00220622,2016,8757611688.0,13274531986.0,78554494636.0,59369554367.0,41687780127.0,64293773542.0,65710.0,서호전기,,
00220622,2017,6185310945.0,1194663225.0,76717339738.0,44670865662.0,20791916792.0,78554494636.0,65710.0,서호전기,,
00220622,2018,5417451834.0,12970676616.0,79055545647.0,31190679629.0,16339247846.0,76717339738.0,65710.0,서호전기,,
00220622,2019,15313675598.0,604777654.0,93141622082.0,64884055746.0,41458542247.0,79055545647.0,65710.0,서호전기,,
00220622,2020,6768776170.0,9714129947.0,90166184541.0,65653420252.0,45515078675.0,93141622082.0,65710.0,서호전기,,
00681373,2018,1132202006.0,2914597750.0,36931541350.0,18022795374.0,12839873917.0,29387149931.0,197140.0,디지캡,,
00681373,2019,1177494178.0,2206934569.0,48772865768.0,23851998764.0,16915036416.0,36931541350.0,197140.0,디지캡,,
00681373,2020,1325172723.0,2645607363.0,55581763871.0,32928711304.0,23067712504.0,48291551147.0,197140.0,디지캡,,
01353024,2020,-2255194306.0,659742683.0,41225526167.0,61646874770.0,24710889750.0,32198303911.0,317240.0,TS트릴리온,,
00445841,2015,11013060789.0,6267833973.0,128578862071.0,117801533475.0,80865247677.0,119152926431.0,86960.0,MDS테크,,
00445841,2016,10964225193.0,-157396338.0,146723091797.0,150281100618.0,106165019319.0,128578862071.0,86960.0,MDS테크,,
00445841,2017,9151979900.0,3574545895.0,143216791476.0,148934255158.0,101787953336.0,146723091797.0,86960.0,MDS테크,,
00445841,2018,4978427001.0,20470808939.0,164467252417.0,158945065023.0,105202313503.0,143216791476.0,86960.0,MDS테크,,
00445841,2019,6036226450.0,4945650346.0,154474422688.0,154901982264.0,104469961668.0,164467252417.0,86960.0,MDS테크,,
00445841,2020,2486609782.0,6780771665.0,176748510482.0,146571425184.0,94751404820.0,154474422688.0,86960.0,MDS테크,,
00370255,2015,4300448401.0,9467539367.0,122404388243.0,225459497249.0,206024139186.0,106060657947.0,64520.0,테크엘,,
00370255,2016,1662834210.0,-10712305094.0,124804256534.0,241570556004.0,223858488087.0,122404388243.0,64520.0,테크엘,,
00370255,2017,-23760207830.0,-1338431588.0,95254889969.0,168479538332.0,175703207997.0,124064414815.0,64520.0,테크엘,,
00370255,2018,-28831043141.0,-505206828.0,78019141326.0,92979654999.0,102093235826.0,95254889969.0,64520.0,테크엘,,
00370255,2019,-12929168894.0,126433396.0,76832469632.0,39481096292.0,44904831972.0,78019141326.0,64520.0,테크엘,,
00370255,2020,-17506148831.0,-14816497800.0,41711131156.0,22987923175.0,23227693596.0,76832469632.0,64520.0,테크엘,,
00298447,2015,15620108371.0,39480953659.0,359013564704.0,314002602112.0,256270423965.0,319436612965.0,52710.0,아모텍,,
00298447,2016,16341937371.0,33108321362.0,354239615405.0,295988037062.0,230932905290.0,359013564704.0,52710.0,아모텍,,
00298447,2017,25331267536.0,31597456061.0,394148895494.0,315448056126.0,236110567566.0,354239615405.0,52710.0,아모텍,,
00298447,2018,7117362365.0,22291247387.0,395793762798.0,253421810377.0,201544120301.0,394148895494.0,52710.0,아모텍,,
00298447,2019,363384165.0,2187956483.0,430547774354.0,248551604958.0,199604557511.0,395793762798.0,52710.0,아모텍,,
00298447,2020,-16561273829.0,2436415845.0,435517611657.0,223892692078.0,189988041536.0,430547774354.0,52710.0,아모텍,,
00863038,2019,3090075958.0,-11367681090.0,48729957214.0,42871637196.0,32963557078.0,44115368321.0,313760.0,캐리,,
00863038,2020,320336576.0,5658165551.0,44163414804.0,63238933014.0,48685369230.0,48729957214.0,313760.0,캐리,,
01153105,2020,8518338949.0,6673766312.0,87224736180.0,37555717561.0,22149038111.0,47131780360.0,318410.0,비비씨,,
00149345,2015,6637658925.0,3573605266.0,148992933246.0,113154401835.0,99519535624.0,130588771455.0,2600.0,조흥,,
00149345,2016,8119809341.0,7135194523.0,163459252875.0,129692616093.0,107230604819.0,148992933246.0,2600.0,조흥,,
00149345,2017,11298260172.0,9042687709.0,168471956744.0,162127274232.0,136417227753.0,163459252875.0,2600.0,조흥,,
00149345,2018,8035646463.0,13201778824.0,195310138016.0,168071248617.0,145928100891.0,168471956744.0,2600.0,조흥,,
00149345,2019,7845406539.0,3107464853.0,218025804893.0,195062613315.0,171098975073.0,195310138016.0,2600.0,조흥,,
00149345,2020,7516524122.0,-5422107170.0,248313868671.0,222604295865.0,197183088262.0,218025804893.0,2600.0,조흥,,
00449254,2015,4381170505.0,-4697519646.0,59150807822.0,30512359622.0,22426132324.0,55007687596.0,99320.0,쎄트렉아이,,
00449254,2016,3174530180.0,9150415625.0,69191091618.0,34238374079.0,27326492497.0,59150807822.0,99320.0,쎄트렉아이,,
00449254,2017,5396783327.0,11140296293.0,70595677359.0,42762139356.0,32307526018.0,69191091618.0,99320.0,쎄트렉아이,,
00449254,2018,5065625453.0,246998979.0,77675670199.0,46132147074.0,36054082033.0,70595677359.0,99320.0,쎄트렉아이,,
00449254,2019,7360266789.0,32422739378.0,96315121101.0,70228243004.0,55273887733.0,77675670199.0,99320.0,쎄트렉아이,,
00449254,2020,11860857234.0,13518393829.0,107499549254.0,89227431153.0,68732263859.0,96315121101.0,99320.0,쎄트렉아이,,
00545734,2015,2538479555.0,12342714194.0,159843638426.0,32457291972.0,20528770614.0,54367133229.0,92040.0,아미코젠,,
00545734,2016,1902668993.0,11276966408.0,146330483987.0,68968044744.0,45220054414.0,159843638426.0,92040.0,아미코젠,,
00545734,2017,-3575367952.0,11882053271.0,163514711988.0,73665135174.0,48865367284.0,146330483987.0,92040.0,아미코젠,,
00545734,2018,41447443967.0,2840022742.0,231214349741.0,94521965173.0,63998383721.0,163514711988.0,92040.0,아미코젠,,
00545734,2019,-237003485.0,8760340927.0,241401291315.0,115180889376.0,66685374433.0,231214349741.0,92040.0,아미코젠,,
00545734,2020,32290739286.0,8865817779.0,283367945100.0,115856068707.0,70921225047.0,241401291315.0,92040.0,아미코젠,,
00428321,2016,21448208710.0,35405852240.0,787292521052.0,785512246166.0,478869152756.0,743316679730.0,101530.0,해태제과식품,,
00428321,2017,5394791873.0,54941018323.0,809649811952.0,797373060643.0,502791923374.0,787292521052.0,101530.0,해태제과식품,,
00428321,2018,4878025690.0,50713272324.0,785957425859.0,728392340805.0,479861691869.0,809649811952.0,101530.0,해태제과식품,,
00428321,2019,-27160714480.0,67182696003.0,755701087251.0,703038636959.0,463602836695.0,785957425859.0,101530.0,해태제과식품,,
00428321,2020,27516351576.0,38446683069.0,621172370379.0,563935121095.0,353810744803.0,756850481301.0,101530.0,해태제과식품,,
00397252,2015,1073889703.0,534890959.0,76678644888.0,57536244660.0,49241762351.0,72840333265.0,67000.0,조이시티,,
00397252,2016,-5329638734.0,6028261673.0,58813729180.0,72519303447.0,69447093733.0,76678644888.0,67000.0,조이시티,,
00397252,2017,-11486671619.0,6345483908.0,50633745454.0,92183591392.0,,58813729180.0,67000.0,조이시티,,
00397252,2018,-7941975824.0,-10096267253.0,55167706847.0,87222355657.0,,50633745454.0,67000.0,조이시티,,
00397252,2019,-1895237610.0,2781945038.0,64930896661.0,103135835139.0,,55167706847.0,67000.0,조이시티,,
00397252,2020,11704243185.0,5587543266.0,111274534293.0,165383798991.0,,64930896661.0,67000.0,조이시티,,
00435969,2015,5635159870.0,6885298785.0,82673760579.0,61794723711.0,26295763085.0,78857194256.0,71200.0,인피니트헬스케어,,
00435969,2016,7174766285.0,5744385472.0,90523157945.0,71497682817.0,31932053453.0,82673760579.0,71200.0,인피니트헬스케어,,
00435969,2017,1495848695.0,6492545414.0,90291874336.0,72774153712.0,32289294732.0,90523157945.0,71200.0,인피니트헬스케어,,
00435969,2018,4837011823.0,6646927486.0,92630175953.0,64315329284.0,24824551493.0,90291874336.0,71200.0,인피니트헬스케어,,
00435969,2019,7268999191.0,14904247722.0,106751659629.0,74267024526.0,27448615496.0,92630175953.0,71200.0,인피니트헬스케어,,
00435969,2020,6667445687.0,16154960822.0,119533011202.0,70069398667.0,26402984557.0,106751659629.0,71200.0,인피니트헬스케어,,
00108913,2015,46060281819.0,52285572225.0,820643069774.0,813207844495.0,648794372244.0,842177324636.0,19680.0,대교,,
00108913,2016,41790443445.0,85753129325.0,848138968519.0,820717373381.0,654713696850.0,820643069774.0,19680.0,대교,,
00108913,2017,41618843209.0,92946142866.0,857097479192.0,812203103598.0,651339590134.0,848138968519.0,19680.0,대교,,
00108913,2018,19224517192.0,64180905992.0,830328382202.0,763142133236.0,626714040973.0,857097479192.0,19680.0,대교,,
00108913,2019,17155259928.0,75143252984.0,919873574796.0,761938685823.0,621780549344.0,830328382202.0,19680.0,대교,,
00108913,2020,-18181601393.0,30656266887.0,845161976169.0,627005589815.0,542718015868.0,919873574796.0,19680.0,대교,,
01168684,2017,23846968479.0,-7177964174.0,459453883583.0,286788567809.0,239659321286.0,242035421125.0,253450.0,스튜디오드래곤,,
01168684,2018,35833521799.0,-29054648659.0,512374587654.0,379606273010.0,324044290558.0,459453883583.0,253450.0,스튜디오드래곤,,
01168684,2019,26424613466.0,-12176095691.0,581557107129.0,468660678163.0,420777214171.0,512374587654.0,253450.0,스튜디오드래곤,,
01168684,2020,29619306416.0,5210495083.0,757299504134.0,525729451263.0,450958684749.0,581557107129.0,253450.0,스튜디오드래곤,,
00576798,2018,7553877998.0,12087180628.0,302071990865.0,76871054623.0,62235546834.0,213272441577.0,110990.0,디아이티,,
00576798,2019,13165566651.0,2503154233.0,289657407238.0,118760646916.0,96326720770.0,302071990865.0,110990.0,디아이티,,
00576798,2020,1479348373.0,1445343589.0,337916814920.0,28592794948.0,24033445331.0,289657407238.0,110990.0,디아이티,,
00592653,2015,-7137452865.0,-1783609873.0,119703451741.0,81877472312.0,68104418632.0,110788363458.0,89850.0,유비벨록스,,
00592653,2016,-3065810420.0,4246448882.0,124996029195.0,96448026881.0,73108649309.0,119703451741.0,89850.0,유비벨록스,,
00592653,2017,-10296982026.0,1628726040.0,126996794651.0,99361947085.0,76324858595.0,124996029195.0,89850.0,유비벨록스,,
00592653,2018,-612056074.0,-7979333223.0,289458122152.0,108635626109.0,85219790244.0,126996794651.0,89850.0,유비벨록스,,
00592653,2019,7660303518.0,34601350893.0,291875647927.0,279431721340.0,199598464514.0,295628613993.0,89850.0,유비벨록스,,
00592653,2020,12584787786.0,24133003076.0,317550780871.0,286042640303.0,197927252982.0,291875647927.0,89850.0,유비벨록스,,
00116824,2015,66614889420.0,80936807395.0,1223518090100.0,704734520024.0,457320756508.0,1081069661479.0,640.0,동아쏘시오홀딩스,,
00116824,2016,175690419000.0,30476158118.0,1402215519614.0,726165504518.0,650166842342.0,1223518090100.0,640.0,동아쏘시오홀딩스,,
00116824,2017,32543386669.0,84456509831.0,1459445277379.0,690264581707.0,636890164173.0,1402215519614.0,640.0,동아쏘시오홀딩스,,
00116824,2018,-163889504757.0,58321851922.0,1241932781639.0,707495924243.0,656947152446.0,1459445277379.0,640.0,동아쏘시오홀딩스,,
00116824,2019,19975207429.0,96786624585.0,1358576945107.0,769685605087.0,716862449257.0,1241932781639.0,640.0,동아쏘시오홀딩스,,
00116824,2020,162361991624.0,84572091360.0,1511106332704.0,783315662469.0,732705740312.0,1358576945107.0,640.0,동아쏘시오홀딩스,,
00956930,2015,48573315513.0,42397386670.0,1063538923196.0,580996640246.0,279074087969.0,1081858243284.0,170900.0,동아에스티,,
00956930,2016,10641973308.0,1889532549.0,1066616685611.0,560535398487.0,283769095570.0,1063538923196.0,170900.0,동아에스티,,
00956930,2017,-5395536973.0,51233329788.0,899719381011.0,555026781242.0,275075166605.0,1066616685611.0,170900.0,동아에스티,,
00956930,2018,8008763288.0,50136460834.0,948673011399.0,567433760856.0,274137776947.0,899719381011.0,170900.0,동아에스티,,
00956930,2019,70912712898.0,56254296852.0,1008775745560.0,612310601834.0,300321517663.0,948673011399.0,170900.0,동아에스티,,
00956930,2020,27102951017.0,27031040792.0,980667423900.0,586728126970.0,302387231860.0,1008775745560.0,170900.0,동아에스티,,
00579139,2015,2318480936.0,2469171383.0,35219911109.0,27131081087.0,18829651349.0,23432994010.0,222980.0,한국맥널티,,
00579139,2016,2746852708.0,3516848131.0,37782411542.0,32505046009.0,22024031791.0,35219911109.0,222980.0,한국맥널티,,
00579139,2017,1261621673.0,2485448093.0,40563918629.0,32906558191.0,23113713621.0,37782411542.0,222980.0,한국맥널티,,
00579139,2018,716158106.0,1258494681.0,44301261119.0,33220129058.0,23821630412.0,40563918629.0,222980.0,한국맥널티,,
00579139,2019,-776324073.0,4367750258.0,52878565077.0,42843623830.0,31388606994.0,44301261119.0,222980.0,한국맥널티,,
00579139,2020,4713574554.0,4209360283.0,66981349612.0,49064655506.0,35416854858.0,52878565077.0,222980.0,한국맥널티,,
00855093,2015,19089088270.0,26241598619.0,437278250497.0,603419952408.0,513276973284.0,383056315067.0,136490.0,선진,,
00855093,2016,32701630415.0,49778047726.0,543650884728.0,645348237035.0,523727820087.0,437278250497.0,136490.0,선진,,
00855093,2017,55644518349.0,64587453612.0,686844123544.0,816707303911.0,661074260714.0,543650884728.0,136490.0,선진,,
00855093,2018,18495997523.0,-26140063600.0,917160519320.0,912407251362.0,757464461362.0,686844123544.0,136490.0,선진,,
00855093,2019,20262797014.0,15747435097.0,983329180416.0,1014048908009.0,841593819397.0,917160519320.0,136490.0,선진,,
00855093,2020,85159813085.0,113359484446.0,1119723429162.0,1348089343010.0,1088613775083.0,983329180416.0,136490.0,선진,,
00986898,2019,7235996864.0,5663931658.0,67813317808.0,29952152462.0,7661671647.0,33465236363.0,318010.0,팜스빌,,
00986898,2020,2891474847.0,68675946.0,69037254749.0,39408554232.0,11960426636.0,67813317808.0,318010.0,팜스빌,,
01167056,2016,5753596982.0,12610876392.0,191529281429.0,135065520162.0,74937873282.0,,248170.0,샘표식품,,
01167056,2017,11500054759.0,33502512732.0,195983013689.0,274669188520.0,146889390854.0,191529281429.0,248170.0,샘표식품,,
01167056,2018,17991539477.0,26356920896.0,205518528756.0,275613737851.0,148131633823.0,195983013689.0,248170.0,샘표식품,,
01167056,2019,26815741454.0,42498627998.0,225820989936.0,280808644002.0,149745588261.0,205518528756.0,248170.0,샘표식품,,
01167056,2020,36051756929.0,45979687148.0,268629470251.0,318948778956.0,175878174798.0,225820989936.0,248170.0,샘표식품,,
01205329,2017,13667268856.0,43410607547.0,328674241514.0,344292780991.0,203589725557.0,,264900.0,크라운제과,,
01205329,2018,13681175319.0,25947462045.0,332756097073.0,388532243284.0,246479351543.0,328674241514.0,264900.0,크라운제과,,
01205329,2019,18937764327.0,34505074301.0,332902889749.0,386613876094.0,246518330485.0,332756097073.0,264900.0,크라운제과,,
01205329,2020,16206196525.0,34494696438.0,327040458032.0,381538639859.0,248743828630.0,332902889749.0,264900.0,크라운제과,,
00101488,2015,16751999580.0,43719574132.0,402084368451.0,512031119598.0,352051188652.0,401658956830.0,9450.0,경동나비엔,,
00101488,2016,37469924107.0,61333199801.0,429754701568.0,583252904474.0,382333050968.0,402084368451.0,9450.0,경동나비엔,,
00101488,2017,27019123803.0,20111583211.0,503697209795.0,684660957517.0,446078996352.0,429754701568.0,9450.0,경동나비엔,,
00101488,2018,24748537578.0,-14286091324.0,583595818485.0,726741615298.0,487844378376.0,503697209795.0,9450.0,경동나비엔,,
00101488,2019,27852089787.0,78554867532.0,609808342818.0,774290704230.0,509635845437.0,583595818485.0,9450.0,경동나비엔,,
00101488,2020,41637325058.0,57625119748.0,734688738144.0,873409018805.0,543041981643.0,609808342818.0,9450.0,경동나비엔,,
00158565,2015,18193217973.0,29686686875.0,265095130829.0,190847844968.0,160822443489.0,257918538651.0,17890.0,한국알콜,,
00158565,2016,30087643011.0,43910227277.0,305869190961.0,188568376437.0,152661355394.0,265095130829.0,17890.0,한국알콜,,
00158565,2017,20131506673.0,5173318915.0,328626341572.0,212403477639.0,175379984568.0,305869190961.0,17890.0,한국알콜,,
00158565,2018,28673958497.0,26646931940.0,376499890632.0,255981311076.0,203295738235.0,328626341572.0,17890.0,한국알콜,,
00158565,2019,32051476853.0,14271630012.0,437078589145.0,291435152495.0,232137864834.0,376499890632.0,17890.0,한국알콜,,
00158565,2020,53350640619.0,61766099573.0,494425083176.0,371740813157.0,285217692191.0,437078589145.0,17890.0,한국알콜,,
00184667,2015,12888137141.0,85090692844.0,1384478068348.0,889552236297.0,769322435648.0,1242357452763.0,23410.0,유진기업,,
00184667,2016,60694506143.0,108529315425.0,1519602787841.0,1074645854045.0,893692774741.0,1384478068348.0,23410.0,유진기업,,
00184667,2017,84690605959.0,72765194761.0,3677273732282.0,1299043714906.0,1083924606035.0,1519602787841.0,23410.0,유진기업,,
00184667,2018,26581653497.0,76427708017.0,4135331304887.0,1451043142582.0,1178361276171.0,3688410591185.0,23410.0,유진기업,,
00184667,2019,19602100980.0,46095863182.0,4527888217431.0,1457764778230.0,1185559842194.0,4135331304887.0,23410.0,유진기업,,
00184667,2020,49894997649.0,65386785589.0,4708657424261.0,1443802805328.0,1168826806831.0,4527888217431.0,23410.0,유진기업,,
00200910,2015,1582586134.0,3863867967.0,109937432670.0,136867367306.0,114583282854.0,101772732711.0,31310.0,아이즈비전,,
00200910,2016,3957647395.0,1549392791.0,114884572235.0,159805659298.0,131598335490.0,109937432670.0,31310.0,아이즈비전,,
00200910,2017,5610444247.0,2891601766.0,130894359427.0,167068035124.0,133135978759.0,114884572235.0,31310.0,아이즈비전,,
00200910,2018,10908077020.0,14787629090.0,150804865373.0,160165348836.0,122108883663.0,130894359427.0,31310.0,아이즈비전,,
00200910,2019,-258901456.0,-53925844.0,157431619634.0,131548341744.0,105396670969.0,150804865373.0,31310.0,아이즈비전,,
00200910,2020,15750319942.0,2561975646.0,205594349040.0,135265814435.0,106624661149.0,157431619634.0,31310.0,아이즈비전,,
00125521,2015,68859806892.0,154422373174.0,1548269651535.0,1395133198527.0,1219126437802.0,1379439277444.0,5850.0,에스엘,,
00125521,2016,120841276227.0,97219428005.0,1631322201687.0,1620581390629.0,1403823712894.0,1548269651535.0,5850.0,에스엘,,
00125521,2017,100021665616.0,151218718678.0,1600258897742.0,1489427600601.0,1321406611058.0,1631322201687.0,5850.0,에스엘,,
00125521,2018,25164718201.0,53035423393.0,1709312924255.0,1598634354303.0,1465521758639.0,1600258897742.0,5850.0,에스엘,,
00125521,2019,87092916251.0,-41020562716.0,2273626562455.0,2262212220833.0,2052543751127.0,1730437166330.0,5850.0,에스엘,,
00125521,2020,64203074571.0,162813163148.0,2338956946126.0,2505016886581.0,2250232419789.0,2273626562455.0,5850.0,에스엘,,
00131832,2015,94370549030.0,-65402639598.0,6595000076679.0,5269175684527.0,4658087894679.0,5554776884871.0,6120.0,SK디스커버리,,
00131832,2016,175864769526.0,-32510375486.0,6545936443866.0,6526064902354.0,5771018218325.0,6595000076679.0,6120.0,SK디스커버리,,
00131832,2017,802346168589.0,-130591672858.0,5028014184842.0,6746687324922.0,6331565681941.0,6545936443866.0,6120.0,SK디스커버리,,
00131832,2018,97686062053.0,-158125498532.0,4805607746851.0,6939172192873.0,6619493904755.0,5051598144468.0,6120.0,SK디스커버리,,
00131832,2019,250196740333.0,217534801999.0,5000106971919.0,5021067627852.0,4598432976452.0,4805607746851.0,6120.0,SK디스커버리,,
00131832,2020,355450020247.0,163406194224.0,5621634328840.0,4519464055798.0,4055577894060.0,5000106971919.0,6120.0,SK디스커버리,,
00329093,2015,-12378523800.0,-20491868902.0,29137617923.0,17642711354.0,20530153323.0,70992802006.0,47770.0,코데즈컴바인,,
00329093,2016,1483530378.0,1920067120.0,29020843685.0,16337466969.0,11311917820.0,29137617923.0,47770.0,코데즈컴바인,,
00329093,2017,2133789031.0,2600159311.0,31578877420.0,21234363829.0,10849646661.0,29020843685.0,47770.0,코데즈컴바인,,
00329093,2018,3527073591.0,2773996955.0,64408802757.0,29343055737.0,13803123988.0,31578877420.0,47770.0,코데즈컴바인,,
00329093,2019,6903733112.0,5249131984.0,71633747098.0,35815189680.0,14080733555.0,64408802757.0,47770.0,코데즈컴바인,,
00329093,2020,5654536476.0,4004912290.0,75892546705.0,32485283412.0,13140376205.0,71633747098.0,47770.0,코데즈컴바인,,
00528515,2015,5690100540.0,2990878235.0,92306826340.0,47092327891.0,32416132273.0,86157799347.0,92460.0,한라IMS,,
00528515,2016,3484749016.0,4137045975.0,91257605846.0,42513062142.0,29504979515.0,92306826340.0,92460.0,한라IMS,,
00528515,2017,1911400545.0,3788924894.0,99173676153.0,35378782146.0,25440921722.0,91257605846.0,92460.0,한라IMS,,
00528515,2018,2486505667.0,578404694.0,105176904245.0,32886900157.0,22139062512.0,99173676153.0,92460.0,한라IMS,,
00528515,2019,4364489135.0,-611710327.0,112841733325.0,48373034650.0,34519038898.0,105176904245.0,92460.0,한라IMS,,
00528515,2020,3293088664.0,5815645235.0,129827326973.0,54284074714.0,42161238636.0,112841733325.0,92460.0,한라IMS,,
00442154,2015,3256157962.0,21927521549.0,161635649245.0,171487841403.0,150427203309.0,160602589756.0,126880.0,제이엔케이글로벌,,
00442154,2016,-1718336547.0,-19934645088.0,177017455922.0,143538354491.0,126692458663.0,161635649245.0,126880.0,제이엔케이글로벌,,
00442154,2017,-16451502275.0,-8570546213.0,142466841468.0,119417581834.0,107540308015.0,177017455922.0,126880.0,제이엔케이글로벌,,
00442154,2018,-7273881438.0,15243113125.0,204749324659.0,150460310844.0,134768028421.0,142466841468.0,126880.0,제이엔케이글로벌,,
00442154,2019,7922403611.0,11219907410.0,176697328830.0,225530640827.0,196381768334.0,204749324659.0,126880.0,제이엔케이글로벌,,
00442154,2020,2258217824.0,1780728372.0,189586427847.0,191860473307.0,168130526799.0,176697328830.0,126880.0,제이엔케이글로벌,,
00101549,2015,13277248992.0,18257173247.0,233410410013.0,151893327055.0,61250496065.0,227679293781.0,11040.0,경동제약,,
00101549,2016,16949412043.0,25627598226.0,238488083067.0,158599150940.0,63629895014.0,233410410013.0,11040.0,경동제약,,
00101549,2017,20226268009.0,14787781569.0,251427545260.0,177772468130.0,74431737257.0,238488083067.0,11040.0,경동제약,,
00101549,2018,5318405675.0,33268262835.0,257792240616.0,179316262050.0,74103038576.0,251427545260.0,11040.0,경동제약,,
00101549,2019,22830839294.0,-2780700223.0,287589288618.0,176500194696.0,72190093023.0,257792240616.0,11040.0,경동제약,,
00101549,2020,12872620256.0,17116457730.0,291393608117.0,173827660003.0,74383200582.0,287589288618.0,11040.0,경동제약,,
00103015,2015,1773790445.0,6132817592.0,59197378499.0,47390586387.0,29569633562.0,62174510410.0,14570.0,고려제약,,
00103015,2016,5050061653.0,3962968913.0,63411163873.0,55308132670.0,32572114313.0,59197378499.0,14570.0,고려제약,,
00103015,2017,4683288211.0,447201771.0,66794034912.0,55402563119.0,32481540481.0,63411163873.0,14570.0,고려제약,,
00103015,2018,6562473404.0,5787822938.0,72962057661.0,52027666944.0,31649438010.0,66794034912.0,14570.0,고려제약,,
00103015,2019,3895308944.0,6208534533.0,75849500775.0,55529401853.0,34221225598.0,72962057661.0,14570.0,고려제약,,
00103015,2020,7359653746.0,12330082429.0,83344757478.0,66789304915.0,38099835679.0,75849500775.0,14570.0,고려제약,,
00113128,2015,13776261198.0,19054190978.0,138825442692.0,124276380455.0,84461200067.0,131613230116.0,23910.0,대한약품,,
00113128,2016,17657294432.0,27924477170.0,160306264391.0,139436904028.0,95820424714.0,138825442692.0,23910.0,대한약품,,
00113128,2017,24832362012.0,20454551059.0,184403447940.0,144439321461.0,89650273454.0,160306264391.0,23910.0,대한약품,,
00113128,2018,28518103799.0,44943541449.0,234754644113.0,158720344007.0,98468959281.0,184403447940.0,23910.0,대한약품,,
00113128,2019,28166638987.0,35263602834.0,246851673448.0,168761722331.0,109266254462.0,234754644113.0,23910.0,대한약품,,
00113128,2020,17380798578.0,33627432663.0,253089722426.0,166079878026.0,109543490736.0,246851673448.0,23910.0,대한약품,,
00114686,2017,10943340538.0,9506908152.0,75593405346.0,101124256021.0,40246942097.0,65310824893.0,6620.0,동구바이오제약,,
00114686,2018,4569228530.0,-791203868.0,104278993823.0,104837386961.0,43447174598.0,75593405346.0,6620.0,동구바이오제약,,
00114686,2019,15100532141.0,10139184171.0,132725123457.0,125235187216.0,54546884864.0,104278993823.0,6620.0,동구바이오제약,,
00114686,2020,9140459253.0,7488840266.0,144353430476.0,139215813984.0,58598169754.0,132725123457.0,6620.0,동구바이오제약,,
00114808,2015,27226501986.0,27142707382.0,274799400741.0,259929994536.0,111578302232.0,244165973780.0,86450.0,동국제약,,
00114808,2016,40692830019.0,39412102846.0,325098156843.0,309690117405.0,126780887667.0,274799400741.0,86450.0,동국제약,,
00114808,2017,40867709554.0,28659408270.0,373308018601.0,354767875845.0,145411733050.0,325098156843.0,86450.0,동국제약,,
00114808,2018,49433167050.0,33209233384.0,480244696658.0,400807087433.0,162857876122.0,373308018601.0,86450.0,동국제약,,
00114808,2019,59050118781.0,69482628604.0,544383939658.0,482280354140.0,191445414873.0,480244696658.0,86450.0,동국제약,,
00114808,2020,57880490657.0,59108278938.0,663165455661.0,559103459208.0,221693836855.0,544383939658.0,86450.0,동국제약,,
00455981,2015,1814553943.0,7937792572.0,126660393713.0,70032140060.0,51233490201.0,127266914670.0,80000.0,에스엔유프리시젼,,
00455981,2016,-18144133396.0,-5115662429.0,134145041998.0,57862612172.0,56760092503.0,126660393713.0,80000.0,에스엔유프리시젼,,
00455981,2017,5746381607.0,11775932247.0,149727803192.0,116215631718.0,91301849964.0,134145041998.0,80000.0,에스엔유프리시젼,,
00455981,2018,9825588402.0,20891012792.0,136476918250.0,82572761256.0,58060494188.0,149727803192.0,80000.0,에스엔유프리시젼,,
00455981,2019,7722990996.0,2828247020.0,151973822622.0,64349005396.0,45865683444.0,136476918250.0,80000.0,에스엔유프리시젼,,
00455981,2020,4969593773.0,30967977347.0,150450103668.0,101854315295.0,85056089477.0,151973822622.0,80000.0,에스엔유프리시젼,,
00540863,2015,5703892459.0,6748971059.0,69691968089.0,84422578884.0,53943631612.0,69972236920.0,83450.0,GST,,
00540863,2016,4644375566.0,158726848.0,89405840515.0,90819411808.0,57475832860.0,69691968089.0,83450.0,GST,,
00540863,2017,15756344037.0,17990434192.0,102400669254.0,162835483794.0,106768666678.0,89405840515.0,83450.0,GST,,
00540863,2018,10303467732.0,2345515807.0,105027407551.0,129850197268.0,86354595042.0,102400669254.0,83450.0,GST,,
00540863,2019,17968415861.0,19307760965.0,136751561638.0,168231753765.0,101887447211.0,105027407551.0,83450.0,GST,,
00540863,2020,15490968607.0,19591165996.0,141835535919.0,166880498008.0,105676302770.0,136751561638.0,83450.0,GST,,
00156488,2015,693208031.0,103572539814.0,513959347494.0,438475424770.0,395278464024.0,578697466996.0,5010.0,휴스틸,,
00156488,2016,-556246539.0,-23012359975.0,586849320506.0,364021479381.0,325466716341.0,513959347494.0,5010.0,휴스틸,,
00156488,2017,3685363627.0,-92588842960.0,659077190548.0,690567426306.0,620306146396.0,586849320506.0,5010.0,휴스틸,,
00156488,2018,17184416988.0,113869759681.0,603455401929.0,588768601322.0,543026773127.0,659077190548.0,5010.0,휴스틸,,
00156488,2019,-12543042035.0,8658026023.0,579096387394.0,536988709121.0,520845815887.0,603455401929.0,5010.0,휴스틸,,
00156488,2020,8641225706.0,21158202235.0,604130121809.0,365613120624.0,321900690367.0,579096387394.0,5010.0,휴스틸,,
00614478,2015,11622598005.0,11706215755.0,115899949571.0,42133250133.0,20429095271.0,59164572945.0,200670.0,휴메딕스,,
00614478,2016,10470224079.0,7609285004.0,131158761772.0,47133616792.0,24628285235.0,115899949571.0,200670.0,휴메딕스,,
00614478,2017,13376372740.0,8765496460.0,128628461845.0,54727015692.0,30551670311.0,131158761772.0,200670.0,휴메딕스,,
00614478,2018,10760131566.0,23802879239.0,124465533453.0,64831668744.0,39128662063.0,129739260179.0,200670.0,휴메딕스,,
00614478,2019,12129998566.0,13809722494.0,138421304730.0,78618778772.0,45781267466.0,128275533453.0,200670.0,휴메딕스,,
00614478,2020,17214819355.0,23762116518.0,175646541389.0,98480868087.0,59007007743.0,138421304730.0,200670.0,휴메딕스,,
00656289,2015,8569486927.0,13461940001.0,114370820593.0,77516374451.0,57499318067.0,45346187547.0,222040.0,코스맥스엔비티,,
00656289,2016,17108377667.0,9528005062.0,182991825829.0,120781170476.0,84564550121.0,114370820593.0,222040.0,코스맥스엔비티,,
00656289,2017,6373059456.0,4801842086.0,199405442905.0,136351049282.0,99287911358.0,182991825829.0,222040.0,코스맥스엔비티,,
00656289,2018,7641534416.0,-6708761695.0,275513504281.0,201729211940.0,157004603847.0,199405442905.0,222040.0,코스맥스엔비티,,
00656289,2019,-17722533922.0,-13474570733.0,286152979215.0,194269355371.0,177066685174.0,275513504281.0,222040.0,코스맥스엔비티,,
00656289,2020,-11692928757.0,25509172538.0,304983211260.0,266791324625.0,242496544357.0,286152979215.0,222040.0,코스맥스엔비티,,
00991298,2020,699572374.0,1939421767.0,11861324332.0,11162209380.0,8578151381.0,6338022355.0,189330.0,씨이랩,,
00163761,2015,3395424947.0,-2726123314.0,144766140484.0,176897273594.0,147569203047.0,145953791074.0,9460.0,한창제지,,
00163761,2016,16137522386.0,32058104962.0,152620392348.0,194532815914.0,158929444970.0,144766140484.0,9460.0,한창제지,,
00163761,2017,11823343778.0,18315609073.0,150932867602.0,200923605560.0,163849799533.0,152620392348.0,9460.0,한창제지,,
00163761,2018,9626477212.0,6305158268.0,154683755821.0,200018843787.0,168791696623.0,150932867602.0,9460.0,한창제지,,
00163761,2019,7375908389.0,10410416359.0,171963791952.0,181407722252.0,154395151246.0,154683755821.0,9460.0,한창제지,,
00163761,2020,10589706862.0,20755025706.0,181081553603.0,171478302287.0,135693428133.0,171963791952.0,9460.0,한창제지,,
00106614,2015,18078958680.0,17926403346.0,243973939326.0,122691700639.0,90522675392.0,230626358937.0,92440.0,기신정기,,
00106614,2016,3092935600.0,16951346490.0,242279207287.0,112914454659.0,87978612290.0,243973939326.0,92440.0,기신정기,,
00106614,2017,876983750.0,17772885286.0,235954858759.0,107804655124.0,83746842915.0,242279207287.0,92440.0,기신정기,,
00106614,2018,9674785178.0,7326063821.0,240439614952.0,106415943545.0,85898624890.0,235954858759.0,92440.0,기신정기,,
00106614,2019,15063122956.0,9646721694.0,245756156505.0,118992210077.0,96367913069.0,240439614952.0,92440.0,기신정기,,
00106614,2020,8687792835.0,14913082588.0,251675969698.0,124649549539.0,101470525078.0,245756156505.0,92440.0,기신정기,,
00557933,2015,3261986663.0,13762085554.0,150834580148.0,121729207408.0,70837330511.0,156519479630.0,88790.0,진도,,
00557933,2016,8308762373.0,10921746194.0,149339657689.0,122963036949.0,68441738021.0,150834580148.0,88790.0,진도,,
00557933,2017,9499896161.0,-301107059.0,158369196611.0,128260409958.0,70108015664.0,149339657689.0,88790.0,진도,,
00557933,2018,5597072365.0,2003872603.0,160710501599.0,120088127637.0,66907023986.0,158369196611.0,88790.0,진도,,
00557933,2019,-2731180249.0,5135345294.0,145086134401.0,77872969340.0,46974051302.0,160710501599.0,88790.0,진도,,
00557933,2020,-1810582912.0,12623530642.0,128453979432.0,54469358174.0,30842096119.0,145086134401.0,88790.0,진도,,
01110182,2018,-2574357006.0,-2179328714.0,11176488481.0,512204019.0,293825462.0,4203917279.0,246960.0,SCL사이언스,,
01110182,2019,-3989026096.0,-3263863419.0,17232558358.0,692760039.0,328254948.0,11176488481.0,246960.0,SCL사이언스,,
01110182,2020,-3036081273.0,-2871551570.0,17351020980.0,596188798.0,256860289.0,17232558358.0,246960.0,SCL사이언스,,
00122551,2015,15434817631.0,4219165234.0,170612301486.0,172072593118.0,137292606699.0,163001525854.0,35150.0,백산,,
00122551,2016,21610610555.0,22010527606.0,186773462332.0,200786094448.0,155462654637.0,170612301486.0,35150.0,백산,,
00122551,2017,8718449435.0,23209245814.0,191846950460.0,211371854179.0,166861440043.0,186773462332.0,35150.0,백산,,
00122551,2018,14947471150.0,-7983476660.0,294732635620.0,323119368130.0,262725219539.0,191846950460.0,35150.0,백산,,
00122551,2019,6247666866.0,5770979557.0,330589416820.0,468882611012.0,376665218277.0,294732635620.0,35150.0,백산,,
00122551,2020,-16433339422.0,32681841909.0,291097332698.0,383111246305.0,313284063748.0,330589416820.0,35150.0,백산,,
00140946,2015,56236004315.0,-1273312830.0,90195689161.0,374865356828.0,355270617268.0,178713371692.0,9180.0,한솔로지스틱스,,
00140946,2016,3634224009.0,3697400523.0,97883701319.0,384707101174.0,360147109411.0,90195689161.0,9180.0,한솔로지스틱스,,
00140946,2017,2871191147.0,1627515582.0,91872344375.0,355266668669.0,333317089872.0,97883701319.0,9180.0,한솔로지스틱스,,
00140946,2018,1454232548.0,62254906.0,126782731689.0,434161852578.0,405909460468.0,91872344375.0,9180.0,한솔로지스틱스,,
00140946,2019,5908752720.0,29306240188.0,166754678756.0,460730203265.0,422952738580.0,126782731689.0,9180.0,한솔로지스틱스,,
00140946,2020,8688690534.0,38521444143.0,195971591246.0,509613333363.0,467261760947.0,166754678756.0,9180.0,한솔로지스틱스,,
00139205,2015,8897023164.0,19106090324.0,197854692932.0,197735825802.0,116625848740.0,179070463215.0,1540.0,안국약품,,
00139205,2016,1332871765.0,12622006555.0,196267318486.0,174002376356.0,103615983902.0,197854692932.0,1540.0,안국약품,,
00139205,2017,8192479343.0,17463947310.0,208065057599.0,183599893263.0,91423329954.0,196267318486.0,1540.0,안국약품,,
00139205,2018,13178048403.0,-1201188574.0,212923583230.0,185745621902.0,87959338309.0,208065057599.0,1540.0,안국약품,,
00139205,2019,2141921030.0,22078267188.0,217956961153.0,155851757368.0,77857859893.0,212923583230.0,1540.0,안국약품,,
00139205,2020,-1388355521.0,11189823433.0,206983690194.0,143364217858.0,58471091663.0,217956961153.0,1540.0,안국약품,,
00334615,2018,14672265760.0,12794347532.0,77881826797.0,78442716307.0,51204618201.0,65318509846.0,38710.0,콜마파마,,
00334615,2019,18106954349.0,13447894196.0,103022796273.0,93895187290.0,71218481482.0,77881826797.0,38710.0,콜마파마,,
00334615,2020,6224001376.0,6246418240.0,103827369008.0,88064443444.0,74176389993.0,103022796273.0,38710.0,콜마파마,,
00577016,2016,5168057338.0,6456572718.0,69491058587.0,16254772795.0,,45732393202.0,50960.0,수산아이앤티,,
00577016,2017,4212461828.0,4391639804.0,71373431914.0,16391345341.0,,69491058587.0,50960.0,수산아이앤티,,
00577016,2018,3120145380.0,5175429802.0,74782312512.0,16268526555.0,13618388341.0,71373431914.0,50960.0,수산아이앤티,,
00577016,2019,2903089273.0,5431947065.0,79531986659.0,16000355926.0,13210639412.0,74782312512.0,50960.0,수산아이앤티,,
00577016,2020,2022999998.0,3570395837.0,93084753809.0,22956644521.0,19994706508.0,79531986659.0,50960.0,수산아이앤티,,
00123718,2015,25139405303.0,10297553571.0,253660191485.0,142132090466.0,59287432013.0,236817512308.0,3000.0,부광약품,,
00123718,2016,15807434671.0,-7763106354.0,237634085632.0,138617593782.0,62326535110.0,253660191485.0,3000.0,부광약품,,
00123718,2017,11090626648.0,8562581716.0,236229626452.0,150743453786.0,70114606071.0,237634085632.0,3000.0,부광약품,,
00123718,2018,145657430983.0,6816640978.0,493615375255.0,194223518403.0,79217673604.0,236229626452.0,3000.0,부광약품,,
00123718,2019,-7434843163.0,-23407507615.0,388534557104.0,168193616060.0,83944833679.0,493615375255.0,3000.0,부광약품,,
00123718,2020,-10104662061.0,723168741.0,400968741555.0,169659753508.0,98018538204.0,388534557104.0,3000.0,부광약품,,
00126414,2015,-994391805.0,-4204949293.0,130217682338.0,42164637259.0,30893899557.0,57410354072.0,1360.0,삼성제약,,
00126414,2016,-21617603304.0,-9941381082.0,138284746968.0,48223429864.0,40614195964.0,130217682338.0,1360.0,삼성제약,,
00126414,2017,-7539886825.0,5152396995.0,154194193274.0,41919468821.0,36837629934.0,138284746968.0,1360.0,삼성제약,,
00126414,2018,-2075705824.0,-6520527844.0,160646663782.0,46483649019.0,37894299742.0,154194193274.0,1360.0,삼성제약,,
00126414,2019,6885173793.0,-2434316716.0,168532386233.0,44566363211.0,35167193171.0,160646663782.0,1360.0,삼성제약,,
00126414,2020,-39876978917.0,-2553234930.0,178725958079.0,48269172240.0,37818277876.0,168532386233.0,1360.0,삼성제약,,
00126788,2015,7159938258.0,10806874884.0,152906975021.0,59658043676.0,23147872118.0,145864335357.0,9300.0,삼아제약,,
00126788,2016,9867236495.0,10531677100.0,162273731918.0,65875509907.0,25384411254.0,152906975021.0,9300.0,삼아제약,,
00126788,2017,5801903341.0,5095197036.0,167966454244.0,61792316813.0,23515570110.0,162273731918.0,9300.0,삼아제약,,
00126788,2018,8801182855.0,12755158711.0,173685655991.0,66947399195.0,26129447055.0,167966454244.0,9300.0,삼아제약,,
00126788,2019,10197257854.0,13220565518.0,190780877986.0,71560150104.0,27875565439.0,173685655991.0,9300.0,삼아제약,,
00126788,2020,123851872.0,9407867519.0,182106237487.0,53652808949.0,21283178038.0,190780877986.0,9300.0,삼아제약,,
00136448,2016,4441173636.0,2794295097.0,68808516326.0,58068777730.0,37028790073.0,61103106046.0,2800.0,신신제약,,
00136448,2017,3532402445.0,4568530928.0,78854698564.0,61732958048.0,40038682815.0,68808516326.0,2800.0,신신제약,,
00136448,2018,2809312074.0,774240929.0,107919651219.0,63719957425.0,41524787282.0,78854698564.0,2800.0,신신제약,,
00136448,2019,2023675485.0,-4505635097.0,129237818369.0,67854562425.0,44276023529.0,107919651219.0,2800.0,신신제약,,
00136448,2020,201286429.0,1865186383.0,118134053984.0,67128841180.0,48615321361.0,129237818369.0,2800.0,신신제약,,
00137058,2015,8763517965.0,9563780490.0,87264057578.0,44702921952.0,22647778311.0,79906395614.0,12790.0,신일제약,,
00137058,2016,10038406462.0,4234634861.0,98053303014.0,50212038099.0,26364589259.0,87264057578.0,12790.0,신일제약,,
00137058,2017,8198127312.0,8890712003.0,102521017677.0,50941907434.0,28334230584.0,95242974272.0,12790.0,신일제약,,
00137058,2018,5713846859.0,9194257384.0,106403889234.0,53276933555.0,32390920565.0,102521017677.0,12790.0,신일제약,,
00137058,2019,7256932157.0,12306012719.0,117837500776.0,60648342084.0,35772990214.0,106403889234.0,12790.0,신일제약,,
00137058,2020,7544184576.0,11061654502.0,124809785357.0,61438037702.0,37234201832.0,117837500776.0,12790.0,신일제약,,
00141149,2015,3386324333.0,8801551230.0,193695300687.0,170203311314.0,105381544080.0,178968332700.0,3520.0,영진약품,,
00141149,2016,4202183115.0,3111936502.0,199354384843.0,193133853129.0,121886872368.0,193695300687.0,3520.0,영진약품,,
00141149,2017,1867719952.0,3151782234.0,203846089159.0,195008846804.0,126165137332.0,199354384843.0,3520.0,영진약품,,
00141149,2018,-6100940110.0,1274179077.0,196114247752.0,186408689480.0,124968305860.0,203846089159.0,3520.0,영진약품,,
00141149,2019,5029923813.0,9282594812.0,200445669435.0,220516292415.0,140742813589.0,196114247752.0,3520.0,영진약품,,
00141149,2020,-133121317.0,14497598259.0,188100729627.0,208463639670.0,135000232463.0,200445669435.0,3520.0,영진약품,,
00144818,2015,-7363350835.0,1363384424.0,101400549721.0,62816222711.0,31717190268.0,96264545311.0,220.0,유유제약,,
00144818,2016,-403695248.0,-11683508157.0,104327188394.0,69743374563.0,38870768362.0,101400549721.0,220.0,유유제약,,
00144818,2017,4288526436.0,1335382258.0,121491152534.0,62852074313.0,32866391015.0,111299322065.0,220.0,유유제약,,
00144818,2018,4312109885.0,6110025067.0,135226314806.0,83096445246.0,42459508013.0,121491152534.0,220.0,유유제약,,
00144818,2019,5563342662.0,13185371371.0,137718626620.0,90877644152.0,44267328889.0,135226314806.0,220.0,유유제약,,
00144818,2020,2412605436.0,-2669008815.0,154901006984.0,98119846404.0,52850891789.0,137718626620.0,220.0,유유제약,,
00158963,2015,21721432862.0,25958328354.0,230508700678.0,162045984971.0,74526747868.0,217100750771.0,33270.0,유나이티드,,
00158963,2016,19513764600.0,30021142512.0,234220476738.0,176905089974.0,80075247055.0,230508700678.0,33270.0,유나이티드,,
00158963,2017,27863650607.0,27682926114.0,265796462206.0,197023264153.0,85161743384.0,234220476738.0,33270.0,유나이티드,,
00158963,2018,31672447393.0,36862476781.0,301954581583.0,211935529516.0,86458791331.0,265796462206.0,33270.0,유나이티드,,
00158963,2019,30915946389.0,38154022071.0,331243655541.0,221310874550.0,92723060132.0,301954581583.0,33270.0,유나이티드,,
00158963,2020,26613256986.0,36962044551.0,353433062527.0,215949552653.0,90757558455.0,331243655541.0,33270.0,유나이티드,,
00161046,2015,-1802719896.0,14640167763.0,530587277444.0,358447723787.0,238210290981.0,515487014646.0,2390.0,한독,,
00161046,2016,-7400628917.0,-8501955940.0,622848955577.0,396134013867.0,268623976086.0,530587277444.0,2390.0,한독,,
00161046,2017,3453096049.0,6790746278.0,639346108573.0,417970014012.0,285109721692.0,622848955577.0,2390.0,한독,,
00161046,2018,7062694905.0,29455780145.0,652616126728.0,446731040934.0,288960734043.0,639346108573.0,2390.0,한독,,
00161046,2019,33925732940.0,8798266178.0,748667225874.0,473000099749.0,307002270509.0,652616126728.0,2390.0,한독,,
00161046,2020,26978482119.0,24341172259.0,818926686626.0,503611879693.0,335220616870.0,748667225874.0,2390.0,한독,,
00167192,2015,77791796747.0,39609202753.0,883064033229.0,306141351417.0,187846972428.0,837243995034.0,5720.0,넥센,,
00167192,2016,99387100808.0,22394452009.0,970602746948.0,321408358067.0,179098636541.0,883064033229.0,5720.0,넥센,,
00167192,2017,81842411147.0,-14073633059.0,1085451847674.0,314030027354.0,205618490251.0,970602746948.0,5720.0,넥센,,
00167192,2018,88542209170.0,135605705533.0,3825103266697.0,1360025189266.0,998361048495.0,1085451847674.0,5720.0,넥센,,
00167192,2019,113665524815.0,323292366289.0,4098014996093.0,2291341653602.0,1621747837494.0,3825103266697.0,5720.0,넥센,,
00167192,2020,769301249.0,225619742864.0,4239211984013.0,1968536372991.0,1471040970669.0,4098014996093.0,5720.0,넥센,,
01098792,2018,313437203.0,-5602385508.0,34336248505.0,29229681716.0,17117317142.0,13250794849.0,226340.0,본느,,
01098792,2019,5033952838.0,9977018712.0,41068939751.0,47018567458.0,28961949488.0,34336248505.0,226340.0,본느,,
01098792,2020,-2375171418.0,2981338405.0,54463583212.0,36046399629.0,21588583340.0,41068939751.0,226340.0,본느,,
01181807,2019,6869623675.0,2054323229.0,89005070919.0,81358617157.0,31238793855.0,79266755067.0,308100.0,형지글로벌,,
01181807,2020,4795622398.0,162541158.0,103688306460.0,67274849452.0,26279323040.0,89005070919.0,308100.0,형지글로벌,,
01211232,2019,17134445045.0,8393946592.0,115217984715.0,91102338996.0,63871122804.0,40391379814.0,282880.0,코윈테크,,
01211232,2020,2545914576.0,4790687106.0,127280651124.0,45354760701.0,35523718787.0,115217984715.0,282880.0,코윈테크,,
00157399,2015,28574582778.0,42248749190.0,541196306434.0,652333135853.0,581297731360.0,408384028453.0,4710.0,한솔테크닉스,,
00157399,2016,-46221145069.0,27919540864.0,511496449148.0,807638505966.0,726433264537.0,541196306434.0,4710.0,한솔테크닉스,,
00157399,2017,18682844401.0,41648087606.0,503513318593.0,935255304389.0,834439079528.0,511496449148.0,4710.0,한솔테크닉스,,
00157399,2018,-19920035473.0,22350300134.0,513011860048.0,841899161861.0,751245737882.0,503513318593.0,4710.0,한솔테크닉스,,
00157399,2019,6443823613.0,94751183771.0,495324316163.0,972243351972.0,855294129839.0,513011860048.0,4710.0,한솔테크닉스,,
00157399,2020,26185818033.0,42005049239.0,591392385114.0,1194892147184.0,1043905136527.0,495324316163.0,4710.0,한솔테크닉스,,
00549925,2015,5259335230.0,7772230928.0,129492566155.0,72091946786.0,34865127369.0,80469950296.0,85370.0,루트로닉,,
00549925,2016,5301821271.0,5574884047.0,191711949349.0,84496686275.0,37578424661.0,129492566155.0,85370.0,루트로닉,,
00549925,2017,-7003471582.0,-4404352915.0,196722409167.0,85772313969.0,41254511286.0,191711949349.0,85370.0,루트로닉,,
00549925,2018,-15375355582.0,-7544679048.0,215363142408.0,92141601119.0,46610052612.0,196722409167.0,85370.0,루트로닉,,
00549925,2019,-20370256353.0,-450483298.0,205631186271.0,115256850407.0,52079551165.0,223974870720.0,85370.0,루트로닉,,
00549925,2020,-15367158589.0,12836993075.0,175616978746.0,115564615401.0,52680817838.0,205631186271.0,85370.0,루트로닉,,
00164706,2015,1593782281.0,-2848169696.0,146537771265.0,109829319986.0,67551047357.0,147294278100.0,4310.0,현대약품,,
00164706,2016,1260887361.0,-2746972142.0,150547682195.0,120021835016.0,72883845262.0,146537771265.0,4310.0,현대약품,,
00164706,2017,1458346748.0,-1981203116.0,154616564267.0,130480291095.0,68497094030.0,148228385992.0,4310.0,현대약품,,
00164706,2018,-2106347792.0,3399507837.0,146106458847.0,130790769419.0,70322487877.0,142861479553.0,4310.0,현대약품,,
00164706,2019,1212848477.0,5713714111.0,146414918033.0,134649736198.0,70965686285.0,146106458847.0,4310.0,현대약품,,
00164706,2020,2187063541.0,10804339338.0,157501805798.0,132965511612.0,74643953048.0,146414918033.0,4310.0,현대약품,,
00166573,2015,20509660823.0,15927221678.0,235050405574.0,145397202327.0,72817632052.0,217845029205.0,16580.0,환인제약,,
00166573,2016,16397455148.0,19824042531.0,243441127745.0,141376271501.0,72058031781.0,235050405574.0,16580.0,환인제약,,
00166573,2017,27172311166.0,23479839414.0,274838060050.0,147953429455.0,69107996609.0,243441127745.0,16580.0,환인제약,,
00166573,2018,21517959153.0,17454809808.0,287687354299.0,154664330714.0,75363308745.0,274838060050.0,16580.0,환인제약,,
00166573,2019,18611976727.0,24730950626.0,304884814600.0,159176971647.0,79996292835.0,287687354299.0,16580.0,환인제약,,
00166573,2020,23191297653.0,22754682618.0,329559588261.0,171705404974.0,85103292538.0,304884814600.0,16580.0,환인제약,,
00210740,2015,4111171705.0,2430718574.0,124609115876.0,139079924912.0,96791338068.0,124073019086.0,67080.0,대화제약,,
00210740,2016,3755107416.0,8788498799.0,153803313918.0,142288246527.0,97727442102.0,124609115876.0,67080.0,대화제약,,
00210740,2017,12113154574.0,10943079051.0,165474579031.0,122199862407.0,75879252271.0,153803313918.0,67080.0,대화제약,,
00210740,2018,6353060371.0,10489570272.0,162055375165.0,110142606436.0,64310125986.0,165474579031.0,67080.0,대화제약,,
00210740,2019,9071959890.0,-41072770.0,166145365319.0,114609565676.0,65979290784.0,162055375165.0,67080.0,대화제약,,
00210740,2020,-2483165530.0,2653286587.0,175046785577.0,109345861658.0,66575455921.0,166145365319.0,67080.0,대화제약,,
00216027,2015,-9289100677.0,-4497193969.0,176114856471.0,66539329062.0,36386075395.0,128676934926.0,53030.0,바이넥스,,
00216027,2016,-2942339767.0,3798796994.0,177100024778.0,82108423062.0,51828348330.0,176114856471.0,53030.0,바이넥스,,
00216027,2017,-11518549413.0,8135901454.0,167774068299.0,78026379736.0,49625133151.0,177100024778.0,53030.0,바이넥스,,
00216027,2018,6190915308.0,13560867772.0,190422759427.0,104043177118.0,55793228345.0,167774068299.0,53030.0,바이넥스,,
00216027,2019,8378232649.0,10784653850.0,202782053947.0,125258578553.0,68490565168.0,190422759427.0,53030.0,바이넥스,,
00216027,2020,6348907054.0,19918487086.0,270092026987.0,132976386577.0,69948499793.0,202782053947.0,53030.0,바이넥스,,
00231831,2015,943103171.0,1187102340.0,74347704455.0,50120386794.0,25505229837.0,74046792504.0,34940.0,조아제약,,
00231831,2016,113739816.0,930417636.0,75097367236.0,55550555384.0,28728368987.0,74347704455.0,34940.0,조아제약,,
00231831,2017,1377251852.0,-675508559.0,83518178100.0,58865463497.0,30481176154.0,75097367236.0,34940.0,조아제약,,
00231831,2018,616663145.0,2044330262.0,84040798181.0,63089935346.0,33940029439.0,83518178100.0,34940.0,조아제약,,
00231831,2019,-1121859703.0,4156833095.0,86742091153.0,67536604903.0,37817963171.0,84040798181.0,34940.0,조아제약,,
00231831,2020,-1606060778.0,1921695763.0,82376967154.0,65359759879.0,38951849158.0,86742091153.0,34940.0,조아제약,,
00256043,2015,6326463898.0,8781652758.0,79356291011.0,41414969862.0,20279654041.0,74835090128.0,200780.0,비씨월드제약,,
00256043,2016,6474768683.0,243663509.0,96420404284.0,45657695807.0,22798306519.0,79356291011.0,200780.0,비씨월드제약,,
00256043,2017,8065197994.0,7899693828.0,118341155231.0,50207424013.0,25970410292.0,96420404284.0,200780.0,비씨월드제약,,
00256043,2018,4967076534.0,5287429890.0,158379185010.0,54791756084.0,32962185433.0,118341155231.0,200780.0,비씨월드제약,,
00256043,2019,-1738975694.0,12109512525.0,162170555986.0,51497337124.0,33694137869.0,158379185010.0,200780.0,비씨월드제약,,
00256043,2020,-2194132936.0,-5502425522.0,176925247220.0,57030365933.0,36534716556.0,162170555986.0,200780.0,비씨월드제약,,
00541349,2015,6733913573.0,13364261979.0,466771900807.0,74732429050.0,26840810104.0,411164710439.0,68760.0,셀트리온제약,,
00541349,2016,-21105977950.0,-26209044191.0,442080595613.0,104811184059.0,62850591754.0,422851655007.0,68760.0,셀트리온제약,,
00541349,2017,15714764747.0,-10163098910.0,470269310117.0,135860255627.0,77574644138.0,442080595613.0,68760.0,셀트리온제약,,
00541349,2018,-9388770745.0,14312677458.0,452444114844.0,146880153915.0,106290937409.0,470269310117.0,68760.0,셀트리온제약,,
00541349,2019,8602167882.0,27854830281.0,470980395573.0,173512796760.0,111045995975.0,452444114844.0,68760.0,셀트리온제약,,
00541349,2020,20939675880.0,36246250500.0,548074597598.0,233568477708.0,160404142257.0,470980395573.0,68760.0,셀트리온제약,,
00765851,2020,1867397657.0,404767664.0,106180019148.0,26216391736.0,11066563492.0,107012761461.0,330350.0,위더스제약,,
00359395,2015,256981384.0,1092038791.0,70610000611.0,7695186310.0,638634726.0,70368894648.0,84990.0,헬릭스미스,,
00359395,2016,550028007.0,-307113068.0,227540017711.0,6844031524.0,543482519.0,70610000611.0,84990.0,헬릭스미스,,
00359395,2017,-6495715322.0,-2590537524.0,179383001231.0,3157908593.0,569616494.0,178035867450.0,84990.0,헬릭스미스,,
00359395,2018,-30521894368.0,-13456092710.0,284235779247.0,5280860221.0,2054039584.0,179383001231.0,84990.0,헬릭스미스,,
00359395,2019,-108359903059.0,-41067647406.0,371438506458.0,4454515603.0,4430571436.0,284235779247.0,84990.0,헬릭스미스,,
00359395,2020,-85584138023.0,-48010375715.0,478137237730.0,4304348896.0,1539055440.0,371438506458.0,84990.0,헬릭스미스,,
00937324,2015,656504240787.0,1113695352557.0,9496138131978.0,6428172502457.0,4084045632776.0,8320082168585.0,161390.0,한국타이어앤테크놀로지,,
00937324,2016,879090215731.0,1217766385941.0,9621973238753.0,6621762292163.0,4045028258016.0,9496138131978.0,161390.0,한국타이어앤테크놀로지,,
00937324,2017,606456841401.0,851731235059.0,9518786151144.0,6812857982362.0,4492383668005.0,9621973238753.0,161390.0,한국타이어앤테크놀로지,,
00937324,2018,530380683888.0,1123539949009.0,9796442247019.0,6795088815835.0,4691443619488.0,9518786151144.0,161390.0,한국타이어앤테크놀로지,,
00937324,2019,429614534254.0,760347394662.0,10164607903070.0,6883268577435.0,4961117130614.0,9796442247019.0,161390.0,한국타이어앤테크놀로지,,
00937324,2020,385205382320.0,1290850800312.0,10658547888637.0,6453071785362.0,4550059850398.0,10164607903070.0,161390.0,한국타이어앤테크놀로지,,
01245062,2017,-40176191.0,-34324775.0,179695446.0,2822887.0,1474242.0,24314618.0,950160.0,코오롱티슈진,,
01245062,2018,-29324152.0,-31062753.0,147233191.0,3440200.0,2200428.0,179695446.0,950160.0,코오롱티슈진,,
01245062,2019,-42268273.0,-37624071.0,107563251.0,2619408.0,2400244.0,147233191.0,950160.0,코오롱티슈진,,
01245062,2020,-35412429.0,-32308157.0,66947239.0,3013298.0,2693885.0,107180062.0,950160.0,코오롱티슈진,,
01108099,2015,18175690161.0,9374753612.0,207608549901.0,38042142774.0,32378165920.0,,227840.0,현대코퍼레이션홀딩스,,
01108099,2016,6419811167.0,8141717968.0,210305385330.0,153602805527.0,131111615228.0,207608549901.0,227840.0,현대코퍼레이션홀딩스,,
01108099,2017,12026649196.0,9287737653.0,198540566269.0,145238608937.0,122712185295.0,210305385330.0,227840.0,현대코퍼레이션홀딩스,,
01108099,2018,3734854386.0,-128512156.0,188799168488.0,165419713252.0,141765754408.0,198540566269.0,227840.0,현대코퍼레이션홀딩스,,
01108099,2019,9708951655.0,-763608074.0,241419346296.0,183922452917.0,156573991061.0,188799168488.0,227840.0,현대코퍼레이션홀딩스,,
01108099,2020,17633689858.0,966058502.0,216918775575.0,151595478498.0,125699496727.0,241419346296.0,227840.0,현대코퍼레이션홀딩스,,
01290381,2020,6718842141.0,8666127793.0,59891742535.0,14676376869.0,4345725766.0,27969149026.0,347740.0,피엔케이피부임상연구센타,,
00992871,2015,-6772741415.0,7271990760.0,576286704427.0,592493473515.0,296312148751.0,573754109083.0,185750.0,종근당,,
00992871,2016,40946103409.0,57786120789.0,641698870445.0,831985529732.0,497098888575.0,576286704427.0,185750.0,종근당,,
00992871,2017,53728253675.0,81672834508.0,677205334901.0,884362807619.0,524706461994.0,641698870445.0,185750.0,종근당,,
00992871,2018,41704404583.0,42627762179.0,711494874195.0,956218889275.0,575815576906.0,677205334901.0,185750.0,종근당,,
00992871,2019,52975285302.0,77290596977.0,801352143165.0,1079337661993.0,675059108495.0,711494874195.0,185750.0,종근당,,
00992871,2020,90404889339.0,104323716842.0,946333120173.0,1303005524392.0,813865705432.0,801352143165.0,185750.0,종근당,,
00109310,2015,887150553.0,10035072000.0,166562280308.0,114853907489.0,108048689238.0,144518750166.0,8830.0,대동기어,,
00109310,2016,-3068229935.0,-1259757886.0,164578540752.0,92871383941.0,90031524593.0,166562280308.0,8830.0,대동기어,,
00109310,2017,71532290.0,10871640603.0,183471564648.0,113492983351.0,105187487157.0,164578540752.0,8830.0,대동기어,,
00109310,2018,210445143.0,11265036796.0,172786966675.0,131996657510.0,122810780749.0,183471564648.0,8830.0,대동기어,,
00109310,2019,-557474491.0,6145958855.0,182832448938.0,143079331522.0,133621085429.0,172786966675.0,8830.0,대동기어,,
00109310,2020,2338605626.0,12540679018.0,193003849629.0,156400903600.0,143781327623.0,182832448938.0,8830.0,대동기어,,
00128111,2015,26168326781.0,67707230840.0,204043363004.0,366540217138.0,337107256210.0,290956068229.0,9520.0,포스코엠텍,,
00128111,2016,3119928948.0,32589025866.0,161516564806.0,266528977228.0,239037654794.0,204043363004.0,9520.0,포스코엠텍,,
00128111,2017,9881348343.0,9338480925.0,142854177948.0,257832361349.0,232634939914.0,161516564806.0,9520.0,포스코엠텍,,
00128111,2018,14101413158.0,9844000393.0,122732582737.0,300968993833.0,269877919698.0,142854177948.0,9520.0,포스코엠텍,,
00128111,2019,10576708447.0,8028299929.0,129016969825.0,288697939148.0,262101784677.0,122732582737.0,9520.0,포스코엠텍,,
00128111,2020,9409919553.0,12644335006.0,130303408273.0,255399800061.0,233918902495.0,129016969825.0,9520.0,포스코엠텍,,
00130763,2015,26771411107.0,268290476256.0,1136044054616.0,1011224402133.0,772997912222.0,1180291567187.0,46890.0,서울반도체,,
00130763,2016,37547268630.0,94721381239.0,1090582866887.0,953841045640.0,720102408003.0,1136044054616.0,46890.0,서울반도체,,
00130763,2017,46379003344.0,167257247411.0,1227343902997.0,1110410473953.0,826087782367.0,1090582866887.0,46890.0,서울반도체,,
00130763,2018,62601339283.0,103578627623.0,1293763889127.0,1194179669046.0,870957129237.0,1227343902997.0,46890.0,서울반도체,,
00130763,2019,35836881477.0,169486896717.0,1322136396170.0,1129902381988.0,876232021436.0,1293763889127.0,46890.0,서울반도체,,
00130763,2020,29027319922.0,89794563698.0,1330157955644.0,1153051365589.0,924428599328.0,1322136396170.0,46890.0,서울반도체,,
00219574,2015,10309140367.0,23905379407.0,544562915579.0,199869310099.0,159245570940.0,405561143766.0,44820.0,코스맥스비티아이,,
00219574,2016,24498004576.0,12759533882.0,670707618768.0,266924996312.0,204118750494.0,544562915579.0,44820.0,코스맥스비티아이,,
00219574,2017,5849103746.0,10890467694.0,740812968996.0,298287327227.0,231586382274.0,670707618768.0,44820.0,코스맥스비티아이,,
00219574,2018,12559396609.0,-1358392338.0,879814436602.0,438275251189.0,349578584307.0,740812968996.0,44820.0,코스맥스비티아이,,
00219574,2019,-13904654336.0,-5674823562.0,892716238226.0,468352868367.0,406430032972.0,879814436602.0,44820.0,코스맥스비티아이,,
00219574,2020,-17174579607.0,41467271482.0,881564731266.0,525904306471.0,458486816486.0,892716238226.0,44820.0,코스맥스비티아이,,
00153375,2015,15861306201.0,19350764683.0,479839539933.0,274492534659.0,234531786237.0,466624793870.0,23160.0,태광,,
00153375,2016,7920476317.0,42297005981.0,474731596517.0,244778890097.0,219913439739.0,479839539933.0,23160.0,태광,,
00153375,2017,-16226021493.0,17133762989.0,454010340200.0,184151389022.0,159609081876.0,474731596517.0,23160.0,태광,,
00153375,2018,10028519620.0,5591106143.0,460984821526.0,158648381676.0,135810196976.0,454010340200.0,23160.0,태광,,
00153375,2019,7408922032.0,-30409013876.0,478658612664.0,189754435072.0,167589995088.0,460984821526.0,23160.0,태광,,
00153375,2020,-5041578306.0,48126102857.0,461778573135.0,188404258358.0,169298797253.0,478658612664.0,23160.0,태광,,
00589127,2015,523478572.0,8218406919.0,340459279773.0,209099505094.0,174787209510.0,346623525885.0,92220.0,KEC,,
00589127,2016,75021929.0,30955966757.0,383108805454.0,227690903092.0,193926317446.0,340459279773.0,92220.0,KEC,,
00589127,2017,1365009780.0,12428763832.0,359839157705.0,237212115601.0,201920095872.0,383108805454.0,92220.0,KEC,,
00589127,2018,1752672545.0,27969298410.0,351174342996.0,217374591232.0,185283947650.0,359839157705.0,92220.0,KEC,,
00589127,2019,-19726091295.0,17563716887.0,334212514493.0,201729382347.0,178989964745.0,351174342996.0,92220.0,KEC,,
00589127,2020,-44855951090.0,14230533677.0,368345953226.0,201046480872.0,175236353550.0,334212514493.0,92220.0,KEC,,
01009789,2015,18885577415.0,-6503440453.0,438932111547.0,533342717781.0,445206082773.0,325701557295.0,192820.0,코스맥스,,
01009789,2016,31440053248.0,23468728135.0,665916423820.0,756963564655.0,638858515669.0,438932111547.0,192820.0,코스맥스,,
01009789,2017,15520150514.0,-6616556836.0,934019128620.0,883950013573.0,772054337923.0,665916423820.0,192820.0,코스맥스,,
01009789,2018,21062588320.0,-54592032652.0,1061541156258.0,1259716816059.0,1105005870727.0,934019128620.0,192820.0,코스맥스,,
01009789,2019,18319679109.0,74567223707.0,1204354192976.0,1330652928971.0,1147183004508.0,1061541156258.0,192820.0,코스맥스,,
01009789,2020,-29053381423.0,41459691393.0,1189042897954.0,1382880688515.0,1172041395342.0,1204354192976.0,192820.0,코스맥스,,
01412725,2019,11870980021.0,121737503688.0,495760902227.0,221171085092.0,195524356946.0,,336260.0,두산퓨얼셀,,
01412725,2020,14190288190.0,-76031949379.0,790187905982.0,461838982032.0,411215732695.0,495760902227.0,336260.0,두산퓨얼셀,,
00488402,2019,1454474539.0,65040935180.0,579080907635.0,350639742787.0,280791930690.0,414012877026.0,92190.0,서울바이오시스,,
00488402,2020,19647529507.0,56128000777.0,582882683259.0,431282192489.0,346703782740.0,579080907635.0,92190.0,서울바이오시스,,
00245898,2015,-1459812188.0,-2265925609.0,11858454587.0,15651204541.0,13809739457.0,16140283844.0,50320.0,에스에이치엔엘,,
00245898,2016,-20600478953.0,-9665626519.0,6014476378.0,12721266680.0,11392554264.0,11858454587.0,50320.0,에스에이치엔엘,,
00245898,2017,-5414954232.0,-1763376131.0,6856533860.0,14104294646.0,12205497736.0,6993348078.0,50320.0,에스에이치엔엘,,
00245898,2018,-2451702911.0,-4774408758.0,9588686275.0,6579543722.0,5858825170.0,6856533860.0,50320.0,에스에이치엔엘,,
00245898,2019,-2537892655.0,-3650414468.0,5173839029.0,121410289.0,104216532.0,9588686275.0,50320.0,에스에이치엔엘,,
00245898,2020,248943845.0,-612140277.0,13909448922.0,6877620406.0,4290424806.0,4888567369.0,50320.0,에스에이치엔엘,,
00249894,2015,-8527454229.0,44912663.0,137926051037.0,98884314382.0,62730128203.0,125691163857.0,66700.0,테라젠이텍스,,
00249894,2016,2034746251.0,-8380180202.0,140956495911.0,101283309115.0,70183636828.0,137926051037.0,66700.0,테라젠이텍스,,
00249894,2017,1151420669.0,1776701970.0,145421347098.0,107591868612.0,75090421278.0,140956495911.0,66700.0,테라젠이텍스,,
00249894,2018,-9955199528.0,-18575027929.0,174677523471.0,117474508191.0,88831633255.0,145421347098.0,66700.0,테라젠이텍스,,
00249894,2019,43967005662.0,23626723.0,241498169499.0,138083445013.0,100369820203.0,174677523471.0,66700.0,테라젠이텍스,,
00249894,2020,-9079382857.0,13226849599.0,534885512719.0,143022527418.0,97436058542.0,241498169499.0,66700.0,테라젠이텍스,,
01165155,2016,-34578952.0,-39555008.0,13004989983.0,,,,250060.0,모비스,,
01165155,2017,-2728975999.0,-844067899.0,18034551741.0,2389536199.0,1534282605.0,8217576083.0,250060.0,모비스,,
01165155,2018,-353742229.0,-314906725.0,27598719417.0,2496631788.0,1827190276.0,18034551741.0,250060.0,모비스,,
01165155,2019,-559610514.0,-583547523.0,42509164444.0,12147693467.0,6017856791.0,27598719417.0,250060.0,모비스,,
01165155,2020,123072027.0,2457121477.0,47066275024.0,13892032124.0,6606490933.0,42842729220.0,250060.0,모비스,,
00184889,2015,-7828935894.0,5896033.0,247656464479.0,160792987024.0,146875404943.0,294276051503.0,39020.0,이건홀딩스,,
00184889,2016,3868821644.0,8038041936.0,259623332802.0,162587990425.0,136863449443.0,247656464479.0,39020.0,이건홀딩스,,
00184889,2017,2861768556.0,9255339779.0,257994754278.0,206987238832.0,174774720426.0,259623332802.0,39020.0,이건홀딩스,,
00184889,2018,13493588624.0,6081733673.0,677306290593.0,307715883945.0,261364726399.0,257994754278.0,39020.0,이건홀딩스,,
00184889,2019,4875862669.0,18399863552.0,680251524067.0,470273923702.0,407301664732.0,677306290593.0,39020.0,이건홀딩스,,
00184889,2020,907684863.0,19930560432.0,645319253840.0,413511472671.0,358828187315.0,680251524067.0,39020.0,이건홀딩스,,
00899556,2015,4570711749.0,6098263373.0,49405888644.0,31452807265.0,21438729983.0,45600297972.0,147830.0,제룡산업,,
00899556,2016,8696500522.0,9628423069.0,53985405466.0,35207645150.0,23786615863.0,49405888644.0,147830.0,제룡산업,,
00899556,2017,8266438739.0,-1516471095.0,59171858275.0,34296565491.0,26025208018.0,53985405466.0,147830.0,제룡산업,,
00899556,2018,3229831902.0,1283830099.0,58914389530.0,32042718056.0,24093096784.0,59171858275.0,147830.0,제룡산업,,
00899556,2019,2545029156.0,3808174002.0,61520654089.0,27124377692.0,20679852280.0,58914389530.0,147830.0,제룡산업,,
00899556,2020,5691919897.0,3740302799.0,66150548966.0,26566078792.0,18967544573.0,61520654089.0,147830.0,제룡산업,,
00117966,2015,90155142104.0,27353552756.0,546033823609.0,514966839571.0,385285657143.0,433463150091.0,13120.0,동원개발,,
00117966,2016,97981849746.0,55381990334.0,654000395444.0,534393480582.0,389585732073.0,546033823609.0,13120.0,동원개발,,
00117966,2017,100618005276.0,138759073402.0,703630959391.0,563013433974.0,408223724434.0,654000395444.0,13120.0,동원개발,,
00117966,2018,121942407583.0,108403430336.0,877699704074.0,607890975914.0,435201811917.0,703630959391.0,13120.0,동원개발,,
00117966,2019,84696890660.0,126764361941.0,929793883805.0,642628503117.0,521534438816.0,877699704074.0,13120.0,동원개발,,
00117966,2020,144427889423.0,6332261641.0,1064999817466.0,630615658315.0,424859137816.0,929793883805.0,13120.0,동원개발,,
00122481,2015,2761915244.0,10431287167.0,182474399259.0,113506580988.0,87610654416.0,178476606459.0,14580.0,태경비케이,,
00122481,2016,5330664078.0,4734175703.0,278843708666.0,171527281920.0,132264061927.0,182474399259.0,14580.0,태경비케이,,
00122481,2017,6668278255.0,27339750678.0,263546897748.0,212161978094.0,170085422375.0,278843708666.0,14580.0,태경비케이,,
00122481,2018,5568959769.0,4895455337.0,293751206955.0,212616333198.0,171173342953.0,263546897748.0,14580.0,태경비케이,,
00122481,2019,9812086043.0,47751848070.0,301367427835.0,186439232760.0,148403078759.0,293751206955.0,14580.0,태경비케이,,
00122481,2020,9147909842.0,24039986364.0,295877497920.0,165345269654.0,122163915944.0,301367427835.0,14580.0,태경비케이,,
00162072,2015,6302009311.0,1944981790.0,91984554098.0,62714221612.0,47166479180.0,87406905374.0,11700.0,한신기계공업,,
00162072,2016,6169245344.0,5671005655.0,95118369692.0,62726962059.0,47806165147.0,91984554098.0,11700.0,한신기계공업,,
00162072,2017,4683693730.0,-2575664167.0,90291840782.0,56156160079.0,43730699823.0,95118369692.0,11700.0,한신기계공업,,
00162072,2018,3345605935.0,2786787146.0,90678706217.0,53292377233.0,41981758961.0,90291840782.0,11700.0,한신기계공업,,
00162072,2019,1615228822.0,258754435.0,93965863835.0,52754945336.0,43682179010.0,90678706217.0,11700.0,한신기계공업,,
00162072,2020,3460528542.0,6055807506.0,95212694305.0,51636393234.0,41429212499.0,93965863835.0,11700.0,한신기계공업,,
00121154,2015,5150104395.0,8693407157.0,129054591221.0,134818282131.0,105854943811.0,125539177071.0,9780.0,엠에스씨,,
00121154,2016,9914924890.0,23012166399.0,140341176082.0,135618091350.0,104323255530.0,129054591221.0,9780.0,엠에스씨,,
00121154,2017,11232584375.0,7023555033.0,142432630368.0,141954747090.0,109865344307.0,140341176082.0,9780.0,엠에스씨,,
00121154,2018,10693883063.0,8946319290.0,147757769146.0,144605455443.0,113355762708.0,142432630368.0,9780.0,엠에스씨,,
00121154,2019,11753362178.0,15163104879.0,158200567032.0,149239103603.0,117068925698.0,147757769146.0,9780.0,엠에스씨,,
00121154,2020,8939756391.0,11872722570.0,166617891647.0,146370550220.0,120262262484.0,159523682867.0,9780.0,엠에스씨,,
00141307,2015,89940120819.0,214716684143.0,3987888360796.0,2615383130227.0,2503809713376.0,3895357159276.0,670.0,영풍,,
00141307,2016,127379030632.0,79355359093.0,4134902348882.0,2654083285428.0,2548135587544.0,3987888360796.0,670.0,영풍,,
00141307,2017,272291254719.0,183789099718.0,4803738858844.0,3724854999008.0,3440151906344.0,4134902348882.0,670.0,영풍,,
00141307,2018,46236891607.0,119029754189.0,4721553262766.0,2971432405324.0,2963560834279.0,4803738858844.0,670.0,영풍,,
00141307,2019,207399648612.0,206908090349.0,4832690295550.0,3084133443662.0,2866483411159.0,4721553262766.0,670.0,영풍,,
00141307,2020,85349630880.0,253009737584.0,5000855951482.0,3183432777257.0,3015724439896.0,4832690295550.0,670.0,영풍,,
00158219,2015,-3708552240.0,31587418245.0,223349209860.0,209093609380.0,198972869886.0,235922275904.0,33170.0,시그네틱스,,
00158219,2016,-5873239644.0,4217522837.0,244631977293.0,215682536701.0,214828326074.0,223349209860.0,33170.0,시그네틱스,,
00158219,2017,1615859918.0,41570671074.0,233526543120.0,265632652734.0,255046692496.0,244631977293.0,33170.0,시그네틱스,,
00158219,2018,-6230357983.0,18312481303.0,200399591876.0,250232556120.0,248605707951.0,233526543120.0,33170.0,시그네틱스,,
00158219,2019,-22949225025.0,13036105935.0,182878840086.0,218775439661.0,225632269359.0,200399591876.0,33170.0,시그네틱스,,
00158219,2020,-37334949684.0,6073099100.0,166745909058.0,201544560621.0,208304638613.0,182878840086.0,33170.0,시그네틱스,,
00157991,2015,14505590680.0,13176810557.0,240164601570.0,388817022150.0,332608173955.0,231035732124.0,4090.0,한국석유공업,,
00157991,2016,11815155447.0,5234202749.0,262226686838.0,402717350712.0,345618199493.0,240164601570.0,4090.0,한국석유공업,,
00157991,2017,9869813368.0,6165894600.0,284829420724.0,424489452217.0,370886004455.0,262226686838.0,4090.0,한국석유공업,,
00157991,2018,4299729965.0,-8875040591.0,307288011670.0,481298174980.0,433580589929.0,284829420724.0,4090.0,한국석유공업,,
00157991,2019,-7676789956.0,21492996650.0,292834924073.0,485386596735.0,433755411558.0,307288011670.0,4090.0,한국석유공업,,
00157991,2020,6351446119.0,17089364113.0,316488296609.0,484013218472.0,424012320393.0,292834924073.0,4090.0,한국석유공업,,
00259590,2015,-451563807.0,-1780715989.0,47832856345.0,15698007210.0,,34439524076.0,35620.0,바른손이앤에이,,
00259590,2016,33427710921.0,17305576270.0,68782256529.0,41653823490.0,,47832856345.0,35620.0,바른손이앤에이,,
00259590,2017,-31397624662.0,14750954400.0,72073730490.0,31430347233.0,,68782256529.0,35620.0,바른손이앤에이,,
00259590,2018,80874968503.0,-32194212038.0,113995488141.0,30044466559.0,,72073730490.0,35620.0,바른손이앤에이,,
00259590,2019,-24053157866.0,-20902812548.0,103169274032.0,16975339380.0,,113995488141.0,35620.0,바른손이앤에이,,
00259590,2020,-7569432700.0,2248257441.0,104821778991.0,15206735467.0,,103169274032.0,35620.0,바른손이앤에이,,
00267906,2015,40939264721.0,17130872588.0,391768069797.0,68375489611.0,31893099137.0,389728896073.0,19010.0,베뉴지,,
00267906,2016,12783309005.0,-4470412005.0,413066035704.0,69749224525.0,30893388328.0,391768069797.0,19010.0,베뉴지,,
00267906,2017,-3796773304.0,7837944910.0,436514527766.0,67532565442.0,30753591012.0,413066035704.0,19010.0,베뉴지,,
00267906,2018,1875845381.0,7407811759.0,561297826410.0,52390338283.0,19223923789.0,436514527766.0,19010.0,베뉴지,,
00267906,2019,2347785401.0,7685863830.0,578404447503.0,58970705150.0,22902841542.0,561297826410.0,19010.0,베뉴지,,
00267906,2020,10193827287.0,8750901388.0,578313256460.0,49083339488.0,19376807433.0,577863922956.0,19010.0,베뉴지,,
00203315,2015,19629839802.0,23458711254.0,455951828160.0,349718763817.0,162688232058.0,481081216306.0,36420.0,콘텐트리중앙,,
00203315,2016,22403344239.0,18373753501.0,550190462737.0,335160647081.0,152616441779.0,455951828160.0,36420.0,콘텐트리중앙,,
00203315,2017,10885509875.0,8687940940.0,661939538297.0,420319379288.0,199761805412.0,550190462737.0,36420.0,콘텐트리중앙,,
00203315,2018,25554700332.0,24811484254.0,821203465264.0,511279166205.0,273804545242.0,661939538297.0,36420.0,콘텐트리중앙,,
00203315,2019,10629284402.0,39804795350.0,1161637851755.0,554208374396.0,314483370969.0,821203465264.0,36420.0,콘텐트리중앙,,
00203315,2020,-154022316185.0,39064264081.0,1475541488507.0,363859571681.0,236205363058.0,1161637851755.0,36420.0,콘텐트리중앙,,
01008762,2015,-921927246.0,-68049716846.0,157873952989.0,,,203536414129.0,194480.0,데브시스터즈,,
01008762,2016,-9849263707.0,14474500689.0,149724791976.0,,,157873952989.0,194480.0,데브시스터즈,,
01008762,2017,-16027434532.0,-15089473178.0,142639646801.0,17580168466.0,,149724791976.0,194480.0,데브시스터즈,,
01008762,2018,-18387262703.0,7834978044.0,135459202841.0,35707620107.0,,149164109014.0,194480.0,데브시스터즈,,
01008762,2019,-13898290414.0,-2668219293.0,123408357128.0,37596925140.0,,135459202841.0,194480.0,데브시스터즈,,
01008762,2020,-5903142715.0,-3956709045.0,132189807661.0,70510663671.0,,123408357127.0,194480.0,데브시스터즈,,
00175173,2015,13745441128.0,28363828290.0,284870112399.0,209187050098.0,174803675444.0,266649370411.0,31510.0,오스템,,
00175173,2016,10428160767.0,47922261811.0,258126498712.0,199278596843.0,164436594656.0,284870112399.0,31510.0,오스템,,
00175173,2017,539151793.0,1177604090.0,253510158737.0,179488801368.0,150316294164.0,258126498712.0,31510.0,오스템,,
00175173,2018,-4042374156.0,18202004321.0,236461749348.0,152338949026.0,127905381065.0,253510158737.0,31510.0,오스템,,
00175173,2019,-13915020921.0,28031074742.0,221364227263.0,147018157187.0,120243346901.0,236461749348.0,31510.0,오스템,,
00175173,2020,2274850502.0,16465694496.0,213643952097.0,128164808905.0,108179380288.0,221364227263.0,31510.0,오스템,,
00253985,2015,10768049682.0,12342482261.0,141089858148.0,192608497126.0,167038904790.0,132011877145.0,66620.0,국보디자인,,
00253985,2016,10738135132.0,12706335404.0,158452484979.0,201410031445.0,176586072791.0,141089858148.0,66620.0,국보디자인,,
00253985,2017,13340934632.0,17688039789.0,164381715351.0,270658405481.0,224690293167.0,158452484979.0,66620.0,국보디자인,,
00253985,2018,13872876052.0,2672078271.0,175036783665.0,254259835258.0,216708444330.0,164381715351.0,66620.0,국보디자인,,
00253985,2019,15942955722.0,5879030370.0,222514980002.0,269005976033.0,236763672197.0,175036783665.0,66620.0,국보디자인,,
00253985,2020,20099537688.0,34430453999.0,269228220047.0,288138989209.0,242413420428.0,222514980002.0,66620.0,국보디자인,,
00126779,2015,-3332058127.0,3052222639.0,188596463937.0,124282725379.0,118421464135.0,194141867002.0,6110.0,삼아알미늄,,
00126779,2016,1010773383.0,7048169261.0,187571119413.0,129273896880.0,118217044993.0,188596463937.0,6110.0,삼아알미늄,,
00126779,2017,124245290.0,3555581944.0,191185392829.0,136858720488.0,125705640290.0,187571119413.0,6110.0,삼아알미늄,,
00126779,2018,2768118471.0,6170124255.0,196741659013.0,171318848705.0,155516431256.0,191185392829.0,6110.0,삼아알미늄,,
00126779,2019,4952309285.0,9395811665.0,208472995235.0,191124194318.0,172668595223.0,196741659013.0,6110.0,삼아알미늄,,
00126779,2020,3511621075.0,11375683521.0,207542630255.0,197013476791.0,177371796651.0,208472995235.0,6110.0,삼아알미늄,,
00138516,2015,3087885230.0,,167181556138.0,155608324643.0,136650897409.0,156866199397.0,8700.0,아남전자,,
00138516,2016,2824658303.0,,160088981818.0,167580069338.0,140832523632.0,167181556138.0,8700.0,아남전자,,
00138516,2017,-1729679098.0,2097630907.0,139789131239.0,176293774093.0,150864899795.0,160088981818.0,8700.0,아남전자,,
00138516,2018,-13944144298.0,-4283121707.0,139496188622.0,192311895300.0,180670894286.0,139789131239.0,8700.0,아남전자,,
00138516,2019,376624.0,18249701.0,126550886.0,208701337.0,187648575.0,124761818.0,8700.0,아남전자,,
00138516,2020,4509728.0,-6480467.0,177178532.0,224352656.0,198880221.0,126550886.0,8700.0,아남전자,,
00191472,2015,35579615451.0,42444941046.0,507600642741.0,743948673377.0,652247319052.0,512061535127.0,25000.0,KPX케미칼,,
00191472,2016,34059688219.0,63555427304.0,531964308344.0,647361932266.0,558434534095.0,507600642741.0,25000.0,KPX케미칼,,
00191472,2017,27116333138.0,39339387709.0,548114232165.0,703676901916.0,625382250773.0,531964308344.0,25000.0,KPX케미칼,,
00191472,2018,12016346514.0,21433115284.0,535273094088.0,766681967916.0,696707805482.0,548114232165.0,25000.0,KPX케미칼,,
00191472,2019,42158175661.0,65506712148.0,537885808227.0,765712141954.0,665406762031.0,535273094088.0,25000.0,KPX케미칼,,
00191472,2020,64416144900.0,106652799734.0,637003840185.0,746662323231.0,625866753100.0,537885808227.0,25000.0,KPX케미칼,,
00788773,2015,6778307142.0,-3073842346.0,194047539553.0,65136597357.0,18388369773.0,138453263279.0,96530.0,씨젠,,
00788773,2016,7161246626.0,16557316937.0,207618171163.0,73693589458.0,21256343380.0,194047539553.0,96530.0,씨젠,,
00788773,2017,4050660162.0,19341441174.0,179723663279.0,87662544746.0,29416754591.0,207618171163.0,96530.0,씨젠,,
00788773,2018,10711351009.0,14009661695.0,163806003917.0,102264773396.0,34612233421.0,156753936090.0,96530.0,씨젠,,
00788773,2019,26709827741.0,27140749696.0,195715540240.0,121953286875.0,40660645276.0,163806003917.0,96530.0,씨젠,,
00788773,2020,503147148841.0,383157253783.0,1094574623631.0,1125215548220.0,267524687287.0,195715540240.0,96530.0,씨젠,,
00105961,2015,95091926212.0,678363246058.0,3914337673220.0,6138128790832.0,5365434744179.0,4428761036738.0,11070.0,LG이노텍,,
00105961,2016,4952969520.0,331792630147.0,4323719057894.0,5754565528569.0,5102189608043.0,3914337673220.0,11070.0,LG이노텍,,
00105961,2017,174778425636.0,445980000789.0,5877488986552.0,7641360524432.0,6756693029167.0,4323719057894.0,11070.0,LG이노텍,,
00105961,2018,163100029199.0,1062343411816.0,5756067240947.0,7982103642672.0,7118168180987.0,5877488986552.0,11070.0,LG이노텍,,
00105961,2019,102300470956.0,769041422028.0,5770780509572.0,8302068230724.0,7273147981450.0,5756067240947.0,11070.0,LG이노텍,,
00105961,2020,236127867008.0,950268413751.0,6038600271628.0,9541789540547.0,8251449217961.0,5770780509572.0,11070.0,LG이노텍,,
00415707,2015,-2687090960.0,-4554227111.0,51116244223.0,45306214227.0,36499937639.0,59041549075.0,69410.0,엔텔스,,
00415707,2016,287241532.0,937025198.0,53274545112.0,56460444660.0,44134270771.0,51116244223.0,69410.0,엔텔스,,
00415707,2017,-3532670818.0,3985396360.0,55523372454.0,46939425870.0,36499987140.0,53274545112.0,69410.0,엔텔스,,
00415707,2018,2335852342.0,-967141098.0,56119424062.0,62313287021.0,46303119556.0,55523372454.0,69410.0,엔텔스,,
00415707,2019,2032307496.0,344002299.0,65880953033.0,60229898653.0,42557393876.0,56119424062.0,69410.0,엔텔스,,
00415707,2020,7365716707.0,-5794301472.0,60524428858.0,56691223358.0,38145320527.0,65880953033.0,69410.0,엔텔스,,
00126478,2015,-1212110013347.0,620279375943.0,17301591987466.0,9714441843944.0,10676057968401.0,17122234082586.0,10140.0,삼성중공업,,
00126478,2016,-138776906437.0,-1554754530504.0,17217462678653.0,10414188640168.0,9939108513682.0,17301591987466.0,10140.0,삼성중공업,,
00126478,2017,-340748297267.0,540067546739.0,13818113112135.0,7901235154581.0,8051664380501.0,17217462678653.0,10140.0,삼성중공업,,
00126478,2018,-388188868698.0,165522614156.0,14282891986284.0,5265119547241.0,5269265689491.0,13818113112135.0,10140.0,삼성중공업,,
00126478,2019,-1315353147184.0,-681209310561.0,13600084435896.0,7349656035614.0,7288385519778.0,14282891986284.0,10140.0,삼성중공업,,
00126478,2020,-1492699901584.0,-243903394205.0,12922170785868.0,6860317642496.0,7325859346241.0,13600084435896.0,10140.0,삼성중공업,,
00136378,2015,433181912826.0,278606215573.0,7918168375576.0,2563985167558.0,929379664491.0,7931446085887.0,4170.0,신세계,,
00136378,2016,323364948921.0,338736359970.0,9954538691643.0,2947485624099.0,1057365179013.0,7918168375576.0,4170.0,신세계,,
00136378,2017,213610456649.0,357355145859.0,10151705101969.0,3871416070963.0,1559361691867.0,9954538691643.0,4170.0,신세계,,
00136378,2018,284880100228.0,331265089293.0,11101280507037.0,5185683014096.0,2291608530774.0,10151705101969.0,4170.0,신세계,,
00136378,2019,593123359795.0,789940311999.0,13018488597582.0,6394223581591.0,3125930855467.0,11101280507037.0,4170.0,신세계,,
00136378,2020,-69137654789.0,552374855466.0,12769110974270.0,4769279391849.0,2368829406018.0,13018488597582.0,4170.0,신세계,,
00166519,2015,16010815330.0,25221927384.0,340734967739.0,199324536930.0,164514856766.0,330426535825.0,850.0,화천기공,,
00166519,2016,7151267435.0,18423040325.0,346272695656.0,174778620859.0,146493448700.0,340734967739.0,850.0,화천기공,,
00166519,2017,8714914683.0,6065164856.0,360582907896.0,208441140327.0,171065823188.0,346272695656.0,850.0,화천기공,,
00166519,2018,12656667470.0,8985450656.0,385639759305.0,215559439870.0,178196480585.0,360582907896.0,850.0,화천기공,,
00166519,2019,7454029037.0,17816294774.0,374944125540.0,206476470990.0,168971797125.0,385639759305.0,850.0,화천기공,,
00166519,2020,4515767538.0,13341379474.0,378376164732.0,161745983859.0,136288068014.0,374944125540.0,850.0,화천기공,,
00400121,2015,-2929739101.0,3045115942.0,70020216030.0,21364935547.0,18451370653.0,71489537295.0,69330.0,유아이디,,
00400121,2016,-4859744976.0,2438856616.0,60695801125.0,19242853742.0,15821094569.0,70020216030.0,69330.0,유아이디,,
00400121,2017,-8650932681.0,-1762701649.0,54269133650.0,8921890616.0,9814114843.0,60695801125.0,69330.0,유아이디,,
00400121,2018,-7274469168.0,-2256969736.0,40666509434.0,4885846719.0,5606869492.0,54269133650.0,69330.0,유아이디,,
00400121,2019,-13772738628.0,-6997642933.0,57326296952.0,25786990464.0,26534128056.0,40666509434.0,69330.0,유아이디,,
00400121,2020,-8742040304.0,-3737522488.0,43471919763.0,46610840836.0,44863952108.0,57326296952.0,69330.0,유아이디,,
00166333,2015,-7869493485.0,-9137377137.0,95244946659.0,51972640201.0,53556450162.0,92065463631.0,86250.0,화신테크,,
00166333,2016,-13714733578.0,-5153069805.0,84207635209.0,36054769990.0,41966128352.0,95244946659.0,86250.0,화신테크,,
00166333,2017,-2840219238.0,1239999344.0,78444407810.0,33534600702.0,27962914471.0,84207635209.0,86250.0,화신테크,,
00166333,2018,-7765980107.0,-306450786.0,55357903242.0,25882527843.0,26306534893.0,78444407810.0,86250.0,화신테크,,
00166333,2019,0.0,0.0,0.0,0.0,0.0,55260144642.0,86250.0,화신테크,,
00166333,2020,-8006129674.0,-6723129886.0,48160760362.0,5625081873.0,5339186592.0,0.0,86250.0,화신테크,,
00819374,2015,8484511875.0,43344070923.0,203857810069.0,403847036348.0,354633593394.0,135551568229.0,190510.0,나무가,,
00819374,2016,-4188413287.0,9721203729.0,195912473499.0,292613003297.0,275809267148.0,203857810069.0,190510.0,나무가,,
00819374,2017,-40918809376.0,-43346809781.0,142414319903.0,257564976890.0,269861442197.0,195912473499.0,190510.0,나무가,,
00819374,2018,3585210238.0,25954757222.0,118767660571.0,312824891925.0,294278543473.0,142414319903.0,190510.0,나무가,,
00819374,2019,-585938810.0,10378804596.0,194518538358.0,362063862547.0,341733796741.0,118767660571.0,190510.0,나무가,,
00819374,2020,-7890516422.0,-1894937710.0,183374402089.0,511756135426.0,495889455076.0,194518538358.0,190510.0,나무가,,
01109070,2018,1132106111.0,4752822780.0,46741370860.0,14870382144.0,8148124820.0,36849359858.0,238200.0,비피도,,
01109070,2019,1581977114.0,2649981886.0,48243897602.0,13012639215.0,7553177200.0,46741370860.0,238200.0,비피도,,
01109070,2020,-552822523.0,1867339170.0,51302501859.0,12380832979.0,7907271676.0,48243897602.0,238200.0,비피도,,
00148470,2020,14393215917.0,14794337641.0,133332561591.0,151342827904.0,121392651815.0,101400109936.0,199820.0,제일일렉트릭,,
00103006,2015,18346363930.0,200742673806.0,2425786817262.0,1473202476824.0,1240187336639.0,2522989253877.0,2240.0,고려제강,,
00103006,2016,40289726891.0,116475436037.0,2453092337807.0,1417444526247.0,1186193033635.0,2425786817262.0,2240.0,고려제강,,
00103006,2017,22450876891.0,114006978533.0,2400558034462.0,1550456862874.0,1309674320843.0,2453092337807.0,2240.0,고려제강,,
00103006,2018,1876026611.0,124047822571.0,2387466225171.0,1577235683490.0,1377150595676.0,2400558034462.0,2240.0,고려제강,,
00103006,2019,6058331604.0,81755681191.0,2353652421041.0,1639715935474.0,1439998068839.0,2387466225171.0,2240.0,고려제강,,
00103006,2020,2725914319.0,179495196821.0,2245729071452.0,1397372009900.0,1232982010500.0,2346638058685.0,2240.0,고려제강,,
00105466,2015,-85254746479.0,29003813605.0,838081524431.0,969647511221.0,949437471319.0,1129961181679.0,21320.0,KCC건설,,
00105466,2016,16649075932.0,5561169360.0,902760269704.0,1120735139230.0,1028630143910.0,838081524431.0,21320.0,KCC건설,,
00105466,2017,22483322690.0,102549266760.0,942080848297.0,1326422111953.0,1199075215839.0,902760269704.0,21320.0,KCC건설,,
00105466,2018,24144268990.0,-24968901878.0,969157830353.0,1063627254909.0,968876956850.0,942080848297.0,21320.0,KCC건설,,
00105466,2019,28228638237.0,93731512426.0,1039194850951.0,1642515959742.0,1520477228234.0,969157830353.0,21320.0,KCC건설,,
00105466,2020,37641374138.0,211088664134.0,977535499042.0,1101612749583.0,989841619816.0,1039194850951.0,21320.0,KCC건설,,
00113614,2015,8285307283.0,10569241064.0,225697005652.0,259571056166.0,117758586047.0,225743019001.0,16090.0,대현,,
00113614,2016,46878124841.0,10012763446.0,249699923136.0,280173383316.0,122542498916.0,225697005652.0,16090.0,대현,,
00113614,2017,12478897787.0,-2422477311.0,246853161368.0,283694373213.0,125813031719.0,249699923136.0,16090.0,대현,,
00113614,2018,14958873526.0,16871327590.0,258971501432.0,286316281764.0,124186673178.0,246853161368.0,16090.0,대현,,
00113614,2019,16638710623.0,8947827892.0,263695073006.0,299583978271.0,129912965557.0,258971501432.0,16090.0,대현,,
00113614,2020,9018284054.0,12887405811.0,252923294206.0,253198945620.0,120235389842.0,263695073006.0,16090.0,대현,,
00525934,2015,48450693753.0,44843816183.0,463008331636.0,535837006179.0,423010217682.0,376383183106.0,108320.0,LX세미콘,,
00525934,2016,50680306018.0,49039349139.0,485997742264.0,610043215195.0,479656487063.0,463008331636.0,108320.0,LX세미콘,,
00525934,2017,47064354128.0,32504625180.0,544294125328.0,692761282198.0,540353985480.0,485997742264.0,108320.0,LX세미콘,,
00525934,2018,48960453314.0,27373427451.0,607558305864.0,791818131828.0,598160376164.0,544294125328.0,108320.0,LX세미콘,,
00525934,2019,38538518233.0,20694847797.0,629733290317.0,867122049614.0,654231514747.0,607558305864.0,108320.0,LX세미콘,,
00525934,2020,72528910564.0,82955981196.0,750602338873.0,1161896286020.0,865870102742.0,629733290317.0,108320.0,LX세미콘,,
00146861,2015,20791649198.0,49548554531.0,399278574281.0,267314570152.0,195336518851.0,359580871043.0,33240.0,자화전자,,
00146861,2016,14925983047.0,50359533481.0,426797992648.0,298489508439.0,221565524711.0,399278574281.0,33240.0,자화전자,,
00146861,2017,24899512231.0,38404973678.0,460781745307.0,445631662403.0,353579416904.0,426797992648.0,33240.0,자화전자,,
00146861,2018,-1283171654.0,36485732460.0,352202848661.0,358342442779.0,308887700419.0,460781745307.0,33240.0,자화전자,,
00146861,2019,-280865214.0,22780791378.0,348455186806.0,363027536512.0,321450505070.0,352202848661.0,33240.0,자화전자,,
00146861,2020,-6339609808.0,-25486650795.0,355988092105.0,300686814108.0,273254213158.0,348455186806.0,33240.0,자화전자,,
00317104,2015,17859986935.0,25574370766.0,111434965825.0,115052995182.0,82947516983.0,87924948275.0,171120.0,라이온켐텍,,
00317104,2016,16538173847.0,19407992933.0,127479259916.0,120686730331.0,86771621428.0,111434965825.0,171120.0,라이온켐텍,,
00317104,2017,3788087930.0,8864281736.0,125271866746.0,131372664480.0,109910601357.0,127479259916.0,171120.0,라이온켐텍,,
00317104,2018,1880001112.0,5226114141.0,133717906522.0,137943446876.0,122205028168.0,125271866746.0,171120.0,라이온켐텍,,
00317104,2019,10706647637.0,7026813595.0,132849020190.0,156075491387.0,130400393079.0,133717906522.0,171120.0,라이온켐텍,,
00317104,2020,7703575793.0,22596168569.0,137520124658.0,132570839358.0,103597299026.0,132849020190.0,171120.0,라이온켐텍,,
00346610,2015,-810809634.0,-4413415183.0,77423332727.0,14595946251.0,5185977217.0,35113858642.0,56090.0,시지메드텍,,
00346610,2016,-2076307797.0,-3541342283.0,66161922072.0,11687567981.0,5321096603.0,77423332727.0,56090.0,시지메드텍,,
00346610,2017,-6544946251.0,-1541077540.0,79079450811.0,13293959563.0,9132072476.0,66161922072.0,56090.0,시지메드텍,,
00346610,2018,-14719435572.0,-2954657237.0,74861219328.0,31685937694.0,20842476931.0,79079450811.0,56090.0,시지메드텍,,
00346610,2019,-1890150432.0,-2111813229.0,71080647576.0,34814231567.0,21069754549.0,74861219328.0,56090.0,시지메드텍,,
00346610,2020,-12283183111.0,2150027111.0,64432488990.0,27775058657.0,21591782103.0,71080647576.0,56090.0,시지메드텍,,
00372226,2015,2384223067.0,3362305851.0,193013789831.0,132224416776.0,111684394929.0,179390947403.0,131290.0,티에스이,,
00372226,2016,-13786805333.0,11731856813.0,189314820518.0,126712202718.0,115310462202.0,193013789831.0,131290.0,티에스이,,
00372226,2017,16887315316.0,25661773350.0,206198241191.0,185749435431.0,138060076460.0,189314820518.0,131290.0,티에스이,,
00372226,2018,12802451269.0,28060522844.0,229525154505.0,184431173453.0,139254359221.0,206198241191.0,131290.0,티에스이,,
00372226,2019,15990193671.0,10239301811.0,263601878006.0,191490313556.0,139360310368.0,229525154505.0,131290.0,티에스이,,
00372226,2020,29424361342.0,59958185826.0,301073425681.0,285508585365.0,203329268698.0,263601878006.0,131290.0,티에스이,,
00361488,2015,7786158320.0,16265941426.0,119593382882.0,59369782078.0,39741629503.0,115489037271.0,78000.0,텔코웨어,,
00361488,2016,4503623621.0,4616481911.0,116004471009.0,40894146372.0,24350493545.0,119593382882.0,78000.0,텔코웨어,,
00361488,2017,5300433725.0,9821088126.0,119150756491.0,41401581124.0,25172608052.0,116004471009.0,78000.0,텔코웨어,,
00361488,2018,6343550931.0,8293796725.0,125823444601.0,42145349527.0,24640430454.0,119150756491.0,78000.0,텔코웨어,,
00361488,2019,4283361457.0,-608516768.0,127373937377.0,41789352874.0,27764550544.0,125823444601.0,78000.0,텔코웨어,,
00361488,2020,1867186027.0,326288497.0,123096513916.0,36401942699.0,24342274056.0,127373937377.0,78000.0,텔코웨어,,
00852087,2015,-501471764.0,-401162064.0,22601841001.0,6721128517.0,7489842502.0,23016886567.0,134790.0,시디즈,,
00852087,2016,134078187.0,784598530.0,23017620314.0,9939845245.0,10141148721.0,22601841001.0,134790.0,시디즈,,
00852087,2017,308326900.0,-797467424.0,23322113898.0,12520488308.0,12531084106.0,23017620314.0,134790.0,시디즈,,
00852087,2018,4018580505.0,6790907790.0,72030520714.0,140959206564.0,115882466341.0,23322113898.0,134790.0,시디즈,,
00852087,2019,7814880165.0,17567234356.0,67071397536.0,192881844986.0,154020600443.0,72030520714.0,134790.0,시디즈,,
00852087,2020,17344870141.0,20685028878.0,95773293248.0,227490312481.0,170569742379.0,67071397536.0,134790.0,시디즈,,
00494476,2015,6812043119.0,8238762993.0,290004244376.0,213351977229.0,152594601083.0,183147702105.0,88390.0,이녹스,,
00494476,2016,3153964920.0,-7334912211.0,312762840852.0,232537090399.0,169361748035.0,290004244376.0,88390.0,이녹스,,
00494476,2017,167690486364.0,-3092146053.0,261737626842.0,46130093934.0,35727227410.0,312762840852.0,88390.0,이녹스,,
00494476,2018,-31612083652.0,-3584413153.0,212783415343.0,57752851678.0,38353812021.0,261737626842.0,88390.0,이녹스,,
00494476,2019,-18948157665.0,3161056946.0,200991054683.0,41540048190.0,26585741844.0,212783415343.0,88390.0,이녹스,,
00494476,2020,12373616949.0,2482119663.0,208738154283.0,54360697360.0,33838282567.0,200991054683.0,88390.0,이녹스,,
00535481,2015,7683158032.0,12689776797.0,217301616521.0,261724631870.0,227322551831.0,175777811512.0,109610.0,에스와이,,
00535481,2016,1592119422.0,-11432963601.0,274493159275.0,306116510011.0,270335480451.0,217301616521.0,109610.0,에스와이,,
00535481,2017,489776092.0,342822656.0,342995526787.0,393503261759.0,348807369513.0,274493159275.0,109610.0,에스와이,,
00535481,2018,1452784119.0,-6045933122.0,334983386906.0,419928752170.0,375257995472.0,342995526787.0,109610.0,에스와이,,
00535481,2019,-16233649476.0,6087494882.0,361603998339.0,380109485767.0,350995232171.0,334983386906.0,109610.0,에스와이,,
00535481,2020,-29048695319.0,3575486908.0,346984461029.0,310072568392.0,290314039315.0,361603998339.0,109610.0,에스와이,,
00540447,2015,25941062473.0,26254962206.0,100851904418.0,133524349299.0,81275124137.0,81187125937.0,86390.0,유니테스트,,
00540447,2016,8227595322.0,243930041.0,105027157112.0,116771768688.0,80647637982.0,100851904418.0,86390.0,유니테스트,,
00540447,2017,24045718148.0,32265483443.0,149780160192.0,168553717437.0,107033259546.0,105027157112.0,86390.0,유니테스트,,
00540447,2018,52483750014.0,64354831373.0,189864583622.0,282306034084.0,174099730387.0,149780160192.0,86390.0,유니테스트,,
00540447,2019,25418563824.0,21592144346.0,195733301872.0,198326409512.0,131461917004.0,189864583622.0,86390.0,유니테스트,,
00540447,2020,1228704356.0,3857344979.0,199001486927.0,123472262491.0,88870665767.0,195733301872.0,86390.0,유니테스트,,
00355548,2015,-24722655067.0,-15813596065.0,37507949862.0,7208123936.0,13679029955.0,36809243048.0,53590.0,한국테크놀로지,,
00355548,2016,-10487455458.0,-5905059866.0,38963960067.0,4478416697.0,5067958481.0,37507949862.0,53590.0,한국테크놀로지,,
00355548,2017,-13093965438.0,-12792576087.0,65226071901.0,9629681086.0,6767655727.0,38963960067.0,53590.0,한국테크놀로지,,
00355548,2018,-37486917271.0,-11465031355.0,34762104149.0,11557269694.0,9216848807.0,65226071901.0,53590.0,한국테크놀로지,,
00355548,2019,-17357157160.0,-21232762384.0,167180235696.0,216247925410.0,199001820115.0,34762104149.0,53590.0,한국테크놀로지,,
00355548,2020,-11697343838.0,-17496017392.0,192449935208.0,323148395295.0,285808811985.0,167416564970.0,53590.0,한국테크놀로지,,
00117188,2015,525890997910.0,1334054437596.0,14013177864151.0,12458453529733.0,10429795501306.0,13662073774019.0,4800.0,효성,,
00117188,2016,475401956226.0,1812938835260.0,14120801414917.0,11929113071954.0,9770993714723.0,14013177864151.0,4800.0,효성,,
00117188,2017,340839217054.0,684622052254.0,14534978561488.0,12546410309121.0,10654352129338.0,14120801414917.0,4800.0,효성,,
00117188,2018,3425976747022.0,264011738938.0,6407904915731.0,2991006158183.0,2552510515246.0,14534978561488.0,4800.0,효성,,
00117188,2019,150009464862.0,140833978379.0,6527055213077.0,3373447404431.0,2828597562025.0,6407904915731.0,4800.0,효성,,
00117188,2020,1220252292.0,278194216102.0,4429749879590.0,2782554818809.0,2366560952847.0,6527055213077.0,4800.0,효성,,
00169215,2015,2003468406.0,8791483843.0,37716319476.0,28667714286.0,20060007093.0,36812999703.0,19990.0,에너토크,,
00169215,2016,1971674951.0,643887875.0,42870808538.0,26023692148.0,18361341885.0,37716319476.0,19990.0,에너토크,,
00169215,2017,400111791.0,2630727824.0,42508122830.0,24468473124.0,17980474853.0,42870808538.0,19990.0,에너토크,,
00169215,2018,1333555367.0,3402068260.0,43548600557.0,23055729332.0,16096645662.0,42508122830.0,19990.0,에너토크,,
00169215,2019,488724242.0,2236786957.0,42867116865.0,23483474846.0,16991617840.0,43548600557.0,19990.0,에너토크,,
00169215,2020,445307458.0,2393860265.0,46012905617.0,22944976386.0,16905607665.0,42867116865.0,19990.0,에너토크,,
00187725,2015,7245623449.0,6134547748.0,110081235374.0,110754964697.0,79687204344.0,105861241265.0,15710.0,코콤,,
00187725,2016,7219658782.0,4948272810.0,117782559334.0,113892163819.0,82583453540.0,110081235374.0,15710.0,코콤,,
00187725,2017,10724203878.0,14898480077.0,128890685849.0,143089164291.0,107255681353.0,117782559334.0,15710.0,코콤,,
00187725,2018,13874939071.0,14854290287.0,147620181457.0,163612643435.0,118890556348.0,128890685849.0,15710.0,코콤,,
00187725,2019,8217882876.0,15143317472.0,147422080194.0,133903684002.0,95971868629.0,147620181457.0,15710.0,코콤,,
00187725,2020,7277825185.0,12085718247.0,151268456033.0,118930331790.0,88126827301.0,147422080194.0,15710.0,코콤,,
00131939,2015,4259471342.0,6418885680.0,135947961524.0,93995671726.0,79848136806.0,132827723360.0,7610.0,선도전기,,
00131939,2016,2169220778.0,-9547698037.0,146601413856.0,93949805720.0,83823798458.0,135947961524.0,7610.0,선도전기,,
00131939,2017,1670766374.0,3658773693.0,158151936517.0,108394117885.0,97731369505.0,146601413856.0,7610.0,선도전기,,
00131939,2018,-820208221.0,2466810981.0,149094572406.0,83770850181.0,76418060087.0,158151936517.0,7610.0,선도전기,,
00131939,2019,-2154052672.0,-886559841.0,167027319234.0,89348990459.0,82793151153.0,149094572406.0,7610.0,선도전기,,
00131939,2020,2506054567.0,-4325187978.0,175592014332.0,86174499877.0,76287946081.0,167027319234.0,7610.0,선도전기,,
00159573,2015,10298416472.0,38297935327.0,300739840129.0,315476201899.0,243847630705.0,319386330700.0,970.0,한국주철관공업,,
00159573,2016,14872168448.0,29922597548.0,323376592895.0,333283122925.0,259342659714.0,300739840129.0,970.0,한국주철관공업,,
00159573,2017,24899396691.0,20614599141.0,334728978766.0,387317849128.0,294855814937.0,323376592895.0,970.0,한국주철관공업,,
00159573,2018,11214789113.0,-7423042565.0,340407803294.0,420668006499.0,336778585106.0,334728978766.0,970.0,한국주철관공업,,
00159573,2019,7221415229.0,15114757090.0,351976404892.0,417368938624.0,341828740971.0,340407803294.0,970.0,한국주철관공업,,
00159573,2020,10236924151.0,61741583475.0,357526156760.0,328288630355.0,273094470389.0,356691626729.0,970.0,한국주철관공업,,
00246620,2015,2460455532.0,3671059860.0,38095730089.0,33992779756.0,27490088480.0,36796394197.0,39420.0,케이엘넷,,
00246620,2016,1609996466.0,3270910425.0,40441731083.0,35077238248.0,29575499984.0,38095730089.0,39420.0,케이엘넷,,
00246620,2017,2791929768.0,5141779924.0,39556613723.0,36450494341.0,27211205348.0,40441731083.0,39420.0,케이엘넷,,
00246620,2018,1689448283.0,4591251644.0,41961870712.0,42138235363.0,30546080994.0,39556613723.0,39420.0,케이엘넷,,
00246620,2019,3811868229.0,4585652442.0,44863627111.0,38516789197.0,26693218825.0,41961870712.0,39420.0,케이엘넷,,
00246620,2020,4441951423.0,6802933095.0,46317088998.0,42129577339.0,29150464997.0,44863627111.0,39420.0,케이엘넷,,
00477257,2015,-13333965508.0,15926112066.0,130230820559.0,87049064764.0,79649350938.0,127177630799.0,78650.0,지나인제약,,
00477257,2016,-15579666319.0,10106995867.0,114247136594.0,93027788077.0,87748226213.0,130230820559.0,78650.0,지나인제약,,
00477257,2017,-22658514538.0,1628466587.0,77035216060.0,82030966462.0,81267624033.0,114247136594.0,78650.0,지나인제약,,
00477257,2018,6274646288.0,19217953635.0,75066307732.0,77858949594.0,64692498296.0,77035216060.0,78650.0,지나인제약,,
00477257,2019,-8677540312.0,10800119188.0,97272382334.0,67739919995.0,56597016135.0,75066307732.0,78650.0,지나인제약,,
00477257,2020,-45532062468.0,-20088631847.0,78007062773.0,41550961651.0,64730657910.0,97272382334.0,78650.0,지나인제약,,
00273615,2015,-8960481804.0,180792398.0,97458769400.0,112322747041.0,104603519079.0,127822383832.0,30790.0,비케이탑스,,
00273615,2016,-3967340881.0,-2364034349.0,96432695436.0,94088046639.0,87453554459.0,97458769400.0,30790.0,비케이탑스,,
00273615,2017,-20340254305.0,-6616380876.0,101845855876.0,86262067659.0,80395981718.0,96432695436.0,30790.0,비케이탑스,,
00273615,2018,-16579412055.0,-28254810987.0,190646346383.0,69990785252.0,73884707815.0,101845855876.0,30790.0,비케이탑스,,
00273615,2019,-37041894888.0,-15088674731.0,95502489312.0,55687267836.0,55706409800.0,190646346383.0,30790.0,비케이탑스,,
00273615,2020,-48995223997.0,-16687575886.0,69231084851.0,9857851783.0,8840541274.0,97467794635.0,30790.0,비케이탑스,,
01128622,2016,3944042.0,-53037896.0,10319283243.0,,,,239340.0,이스트에이드,,
01128622,2017,57084480.0,72408303.0,10404094559.0,,,10319283243.0,239340.0,이스트에이드,,
01128622,2019,-11777368589.0,2850106500.0,34473836143.0,24679946565.0,,19137985202.0,239340.0,이스트에이드,,
01128622,2020,779807282.0,2597220552.0,42252345776.0,23814219086.0,,34473836143.0,239340.0,이스트에이드,,
00129642,2015,27384277518.0,38711360659.0,334387253993.0,363028517578.0,272635544492.0,301270271145.0,41650.0,상신브레이크,,
00129642,2016,20184938518.0,32398738072.0,353061765991.0,379554306335.0,287162929849.0,334387253993.0,41650.0,상신브레이크,,
00129642,2017,24136645536.0,29795716258.0,398021129005.0,384512038675.0,286924965987.0,353061765991.0,41650.0,상신브레이크,,
00129642,2018,9918021260.0,17028266897.0,429300583665.0,378699323109.0,293539284286.0,398021129005.0,41650.0,상신브레이크,,
00129642,2019,5490566179.0,7350939286.0,452252699743.0,391905865913.0,305441162382.0,429300583665.0,41650.0,상신브레이크,,
00129642,2020,-2322556075.0,18953800833.0,440014845389.0,349041648196.0,277558825370.0,452252699743.0,41650.0,상신브레이크,,
00137368,2015,-14304555647.0,-11837874110.0,145668273857.0,111453802974.0,112452392048.0,173516995650.0,2870.0,신풍,,
00137368,2016,1158619988.0,7129674631.0,146751018105.0,128631037625.0,111446124667.0,145668273857.0,2870.0,신풍,,
00137368,2017,800025823.0,601101215.0,153484813135.0,144277001535.0,131776055152.0,146751018105.0,2870.0,신풍,,
00137368,2018,8661346452.0,13997698260.0,167283570852.0,154107822162.0,129331591212.0,153484813135.0,2870.0,신풍,,
00137368,2019,19541025649.0,17508723854.0,185645915217.0,156878424610.0,132302544294.0,167283570852.0,2870.0,신풍,,
00137368,2020,32922701545.0,-12071936931.0,107754752018.0,33771091309.0,30702538279.0,185645915217.0,2870.0,신풍,,
00547510,2018,-8056827181.0,-6290853678.0,38739118222.0,1156831630.0,386031026.0,15160520349.0,199800.0,툴젠,,
00547510,2019,-16277597374.0,-9974249260.0,29865281463.0,1125062520.0,442840448.0,38739118222.0,199800.0,툴젠,,
00547510,2020,-14697763778.0,-10070210382.0,30061626660.0,713092877.0,323803805.0,29865281463.0,199800.0,툴젠,,
00573269,2015,5203196242.0,19903109662.0,158937190161.0,307564792656.0,265615308414.0,166430388898.0,96630.0,에스코넥,,
00573269,2016,11044544543.0,31639382207.0,178346875829.0,334554748385.0,284322946849.0,158937190161.0,96630.0,에스코넥,,
00573269,2017,14080476816.0,7691778587.0,169031564099.0,365629927258.0,313350232315.0,178346875829.0,96630.0,에스코넥,,
00573269,2018,14748787939.0,19399610194.0,177107753666.0,367055023869.0,318824284693.0,169031564099.0,96630.0,에스코넥,,
00573269,2019,-12224586568.0,12742356004.0,162129965046.0,254480907848.0,242084674459.0,177107753666.0,96630.0,에스코넥,,
00573269,2020,-42641854035.0,-24791115453.0,164411759665.0,185168278954.0,190522620032.0,162129965046.0,96630.0,에스코넥,,
00657987,2015,10869065448.0,16076681203.0,169539835395.0,127351242799.0,78560067352.0,132580150863.0,122450.0,KX,,
00657987,2016,35617262232.0,40225501776.0,393379483114.0,159467610459.0,89389043428.0,169539835395.0,122450.0,KX,,
00657987,2017,42833959964.0,32576302137.0,537109637676.0,204851528845.0,116196816026.0,393379483114.0,122450.0,KX,,
00657987,2018,67058689084.0,25297924366.0,716153058206.0,192602109854.0,108614097151.0,537109637676.0,122450.0,KX,,
00657987,2019,24602565819.0,51082522883.0,747993901373.0,258032976084.0,148377985539.0,716153058206.0,122450.0,KX,,
00657987,2020,38054214978.0,77056042505.0,792876134748.0,318797515434.0,176286344819.0,747993901373.0,122450.0,KX,,
00675594,2015,3596494058.0,-1676447081.0,93537371939.0,31787850311.0,18986928376.0,81216844995.0,187220.0,디티앤씨,,
00675594,2016,2407706427.0,352548581.0,110710051082.0,40391906421.0,24509581506.0,93537371939.0,187220.0,디티앤씨,,
00675594,2017,4091811481.0,7408318591.0,122555587583.0,49819705285.0,28825401896.0,110710051082.0,187220.0,디티앤씨,,
00675594,2018,1669282659.0,6194093666.0,151417364439.0,59585468199.0,34458390698.0,122555587583.0,187220.0,디티앤씨,,
00675594,2019,-4250362820.0,11036219893.0,179838735359.0,73787517596.0,50421524430.0,151417364439.0,187220.0,디티앤씨,,
00675594,2020,-5198117995.0,7501244747.0,187817887972.0,84437232349.0,59849722129.0,179838735359.0,187220.0,디티앤씨,,
01237540,2017,17296947428.0,22432789848.0,222982054754.0,193104083063.0,139936253079.0,,272290.0,이녹스첨단소재,,
01237540,2018,30467079281.0,51357525331.0,301208584327.0,293115113016.0,219263267411.0,222982054754.0,272290.0,이녹스첨단소재,,
01237540,2019,34540956511.0,44394024568.0,337430507971.0,349330168052.0,262740408324.0,301208584327.0,272290.0,이녹스첨단소재,,
01237540,2020,25225674398.0,32847199491.0,318623157887.0,336257633456.0,254998633501.0,337430507971.0,272290.0,이녹스첨단소재,,
00367604,2015,-7491411029.0,-3745540733.0,23228523875.0,16460155908.0,13523287787.0,26704444568.0,63440.0,SM Life Design,,
00367604,2016,-3568945114.0,-7683507699.0,43573094648.0,11371357118.0,7887109624.0,23228523875.0,63440.0,SM Life Design,,
00367604,2017,753041623.0,4050806273.0,45895630334.0,33280383551.0,26468483024.0,43573094648.0,63440.0,SM Life Design,,
00367604,2018,-2016464895.0,2703219830.0,56362573791.0,20031354198.0,15249856473.0,45895630334.0,63440.0,SM Life Design,,
00367604,2019,-3025656762.0,3945927058.0,60354836630.0,36981225222.0,29263814567.0,56362573791.0,63440.0,SM Life Design,,
00367604,2020,-3047390638.0,-2237844849.0,57189580501.0,29166372655.0,22778298167.0,60354836630.0,63440.0,SM Life Design,,
00125743,2015,3803932562.0,46108187712.0,581173005080.0,688953411851.0,639790264977.0,630402632239.0,4560.0,현대비앤지스틸,,
00125743,2016,21876056773.0,72180854787.0,567742735550.0,660807586778.0,589191075715.0,581173005080.0,4560.0,현대비앤지스틸,,
00125743,2017,19764584907.0,51499656995.0,584566533644.0,725853867852.0,658116819878.0,567742735550.0,4560.0,현대비앤지스틸,,
00125743,2018,19440958519.0,8575534575.0,605619115219.0,712681664626.0,644302750946.0,584566533644.0,4560.0,현대비앤지스틸,,
00125743,2019,21775481082.0,35559460371.0,608637133792.0,733254620862.0,659811067708.0,605619115219.0,4560.0,현대비앤지스틸,,
00125743,2020,23598537552.0,52631491490.0,648496422842.0,680242922739.0,609934621614.0,608637133792.0,4560.0,현대비앤지스틸,,
00656951,2015,3112043673.0,7086189025.0,59516464146.0,40925677755.0,15223596200.0,49284990031.0,90850.0,현대이지웰,,
00656951,2016,-329584390.0,2545963071.0,58520750435.0,52319004395.0,25798222324.0,59516464146.0,90850.0,현대이지웰,,
00656951,2017,2222924324.0,4827234716.0,80265436393.0,58370400999.0,29087053690.0,58520750435.0,90850.0,현대이지웰,,
00656951,2018,1687907560.0,2022443466.0,82686190648.0,73064827129.0,37565079567.0,80265436393.0,90850.0,현대이지웰,,
00656951,2019,4691205782.0,9482524236.0,90207539154.0,82316729867.0,41680693676.0,82686190648.0,90850.0,현대이지웰,,
00656951,2020,7853932659.0,27321080288.0,136292127799.0,87187532332.0,43716849914.0,90207539154.0,90850.0,현대이지웰,,
00130684,2015,44785966852.0,10294667070.0,1436635554146.0,1540271200706.0,1390476700532.0,1626692334345.0,17390.0,서울도시가스,,
00130684,2016,23488364992.0,76829326710.0,1466624997349.0,1272040228186.0,1120777119882.0,1436635554146.0,17390.0,서울도시가스,,
00130684,2017,36571215351.0,44811467142.0,1545885279902.0,1350420752529.0,1189645736961.0,1466624997349.0,17390.0,서울도시가스,,
00130684,2018,41789916991.0,-152893509417.0,1368620519065.0,1388970384158.0,1230722305364.0,1545885279902.0,17390.0,서울도시가스,,
00130684,2019,29464067352.0,211384945797.0,1583402074863.0,1361002172120.0,1175103019795.0,1368620519065.0,17390.0,서울도시가스,,
00130684,2020,131240849416.0,57059466190.0,1689713125758.0,1280710876032.0,1091702741607.0,1583402074863.0,17390.0,서울도시가스,,
00155212,2015,-56259709945.0,72842915211.0,693941423716.0,840545681528.0,742011201701.0,824421069972.0,22100.0,포스코DX,,
00155212,2016,37558729472.0,7423628017.0,662199650758.0,866893880605.0,748695814374.0,693941423716.0,22100.0,포스코DX,,
00155212,2017,41996484797.0,22187000650.0,646301318785.0,950592312530.0,820313449195.0,662199650758.0,22100.0,포스코DX,,
00155212,2018,-34160439018.0,29496407699.0,610232471497.0,927076974004.0,812872650074.0,646301318785.0,22100.0,포스코DX,,
00155212,2019,39675367921.0,63834635178.0,675419399549.0,969787009533.0,838048894684.0,610232471497.0,22100.0,포스코DX,,
00155212,2020,8996905609.0,65554811247.0,684444510737.0,964202340142.0,851001669838.0,675419399549.0,22100.0,포스코DX,,
00250137,2015,8162628592.0,25589330669.0,200521434789.0,120880457261.0,106210064596.0,229532213275.0,65530.0,와이어블,,
00250137,2016,6854421936.0,17049771112.0,153804067402.0,93855995281.0,80958171425.0,200521434789.0,65530.0,와이어블,,
00250137,2017,4119658281.0,19652083555.0,135593948846.0,83104150212.0,74571554941.0,153804067402.0,65530.0,와이어블,,
00250137,2018,1004564576.0,18910582979.0,130811457636.0,65938407344.0,61020592944.0,135593948846.0,65530.0,와이어블,,
00250137,2019,2070820023.0,19142435469.0,149671361076.0,86274637381.0,79620712307.0,130811457636.0,65530.0,와이어블,,
00250137,2020,3011390749.0,24568036053.0,145308181559.0,88960417121.0,80801111736.0,149671361076.0,65530.0,와이어블,,
00261957,2015,481545367.0,9738486966.0,102237296737.0,156702207918.0,141485185356.0,104985798076.0,39740.0,한국정보공학,,
00261957,2016,-11152627031.0,-6757730729.0,85235736293.0,128523178915.0,119066435956.0,102237296737.0,39740.0,한국정보공학,,
00261957,2017,-1312951356.0,1522112975.0,99380103746.0,161555481893.0,146904289096.0,85235736293.0,39740.0,한국정보공학,,
00261957,2018,-9578135119.0,-1241414863.0,63305209976.0,176139686648.0,164119831880.0,99380103746.0,39740.0,한국정보공학,,
00261957,2019,1716720315.0,88280522.0,85133950383.0,161734399200.0,148287897765.0,63305209976.0,39740.0,한국정보공학,,
00261957,2020,-4326706438.0,-140585696.0,76024287070.0,180526857063.0,172080648627.0,85133950383.0,39740.0,한국정보공학,,
00269889,2015,4417066023.0,-1210586825.0,68765918812.0,58420236870.0,33104350295.0,63334993836.0,40160.0,누리플렉스,,
00269889,2016,6493313786.0,17343363135.0,81504821388.0,51323867763.0,27031453992.0,68765918812.0,40160.0,누리플렉스,,
00269889,2017,-5840427914.0,-7632086751.0,139977164962.0,117558807159.0,87678464466.0,81504821388.0,40160.0,누리플렉스,,
00269889,2018,11747611174.0,9665122041.0,128568000478.0,190385731898.0,137757432252.0,139977164962.0,40160.0,누리플렉스,,
00269889,2019,8862079693.0,16441306419.0,128558142048.0,147947450820.0,105786375571.0,128568000478.0,40160.0,누리플렉스,,
00269889,2020,2867013660.0,6362610351.0,123720723464.0,109995673597.0,73775789156.0,128558142048.0,40160.0,누리플렉스,,
01025644,2015,-5754141251.0,-3800023793.0,24982626487.0,1484593341.0,252809796.0,7261395539.0,217730.0,강스템바이오텍,,
01025644,2016,-8300375019.0,-7796613102.0,47441768984.0,842804638.0,57687878.0,24982626487.0,217730.0,강스템바이오텍,,
01025644,2017,-11531948824.0,-10646869182.0,47198978613.0,9132938908.0,5874047317.0,47441768984.0,217730.0,강스템바이오텍,,
01025644,2018,-14294031834.0,-11476851407.0,73194017821.0,9165454310.0,7988194815.0,45914103677.0,217730.0,강스템바이오텍,,
01025644,2019,-26394471529.0,-13321543232.0,113643696823.0,6004583565.0,6428945190.0,73194017821.0,217730.0,강스템바이오텍,,
01025644,2020,-19745798550.0,-13994255275.0,82505287214.0,9137898290.0,8092209591.0,113643696823.0,217730.0,강스템바이오텍,,
00475985,2015,-51363820708.0,-6076535395.0,16097867203.0,14870429292.0,17234211986.0,82078916206.0,48870.0,시너지이노베이션,,
00475985,2016,10572437990.0,-1173540954.0,59673635883.0,17476572647.0,11167476260.0,16097867203.0,48870.0,시너지이노베이션,,
00475985,2017,-12221264439.0,-4868723062.0,106059255332.0,34197705469.0,21386084206.0,59673635883.0,48870.0,시너지이노베이션,,
00475985,2018,-2177598174.0,2814266013.0,122005091528.0,44445903376.0,26088770679.0,106059255332.0,48870.0,시너지이노베이션,,
00475985,2019,4221716122.0,5330402542.0,147294985842.0,54585276130.0,35731477538.0,122005091528.0,48870.0,시너지이노베이션,,
00475985,2020,-19484821300.0,10204322059.0,158312888429.0,68947306406.0,40090172977.0,147294985842.0,48870.0,시너지이노베이션,,
00138598,2015,8811001822.0,8025976602.0,89928215216.0,68371613205.0,52768173255.0,85737874018.0,36010.0,아비코전자,,
00138598,2016,10020184258.0,18941519427.0,94066560626.0,80606921039.0,62026965899.0,89928215216.0,36010.0,아비코전자,,
00138598,2017,7663880138.0,4192434141.0,92972170082.0,84082995787.0,66846520508.0,94066560626.0,36010.0,아비코전자,,
00138598,2018,26152712796.0,9683000409.0,125454749718.0,99846409306.0,85589336436.0,92972170082.0,36010.0,아비코전자,,
00138598,2019,-5058061574.0,5979544971.0,121058799890.0,123321535156.0,116284450891.0,125454749718.0,36010.0,아비코전자,,
00138598,2020,-2672524288.0,7262044657.0,121988087296.0,124119637429.0,115536763898.0,121058799890.0,36010.0,아비코전자,,
00297448,2015,-8403078224.0,-4930601223.0,120261865489.0,44805719907.0,43190586435.0,54847773020.0,41590.0,플래스크,,
00297448,2016,-23734031647.0,-5163957207.0,121047319068.0,80724852887.0,73789231505.0,120261865489.0,41590.0,플래스크,,
00297448,2017,-11150832898.0,16017081999.0,151366918972.0,35808360042.0,33126688995.0,121047319068.0,41590.0,플래스크,,
00297448,2018,-13220026953.0,-7364005734.0,164775831133.0,34081695300.0,31510684843.0,151366918972.0,41590.0,플래스크,,
00297448,2019,-71341361648.0,622710835.0,146731293906.0,18906181689.0,16969515009.0,164775831133.0,41590.0,플래스크,,
00297448,2020,-505351622.0,4000680671.0,132612213452.0,45768226497.0,39012440724.0,147392418983.0,41590.0,플래스크,,
01118281,2020,-4383206653.0,-3493987215.0,10654953978.0,507850952.0,647520600.0,4357313921.0,304840.0,피플바이오,,
00676122,2015,-19365596355.0,8084348984.0,138654702875.0,48588137706.0,48862600445.0,160298571308.0,155960.0,지디,,
00676122,2016,-14644092501.0,5434826921.0,124796200885.0,32216062178.0,36963084583.0,138654702875.0,155960.0,지디,,
00676122,2017,-25014527140.0,229082348.0,101998543281.0,12697986051.0,18906308819.0,124796200885.0,155960.0,지디,,
00676122,2018,-38963373048.0,-5242594762.0,60828363627.0,8127571537.0,15338737931.0,101998543281.0,155960.0,지디,,
01071944,2015,17266081.0,-20367788.0,8496410541.0,0.0,,,218150.0,미래생명자원,,
01071944,2016,59491809.0,76654128.0,8579916452.0,,,8496410541.0,218150.0,미래생명자원,,
01071944,2017,-2000527895.0,4183572733.0,30960327664.0,40926675548.0,34840932694.0,23262171845.0,218150.0,미래생명자원,,
01071944,2018,1776466947.0,-477752131.0,34085139652.0,35199453558.0,28965350429.0,30960327664.0,218150.0,미래생명자원,,
01071944,2019,1029761329.0,3563830798.0,38518767792.0,50079354553.0,43746983334.0,34085139652.0,218150.0,미래생명자원,,
01071944,2020,953202990.0,848311123.0,39064209554.0,47497013583.0,40706894317.0,38518767792.0,218150.0,미래생명자원,,
00164672,2015,-10981157492.0,77409529568.0,505109077171.0,363187663006.0,266222535896.0,469581180772.0,6390.0,한일현대시멘트,,
00164672,2016,-149981642646.0,70997101285.0,519922721072.0,378856008307.0,280022579037.0,505109077171.0,6390.0,한일현대시멘트,,
00164672,2017,61500101974.0,24064767182.0,496107693613.0,348683545590.0,273483667873.0,519922721072.0,6390.0,한일현대시멘트,,
00164672,2018,-29354118506.0,21780731866.0,548944793682.0,339613440250.0,272767032477.0,496107693613.0,6390.0,한일현대시멘트,,
00164672,2019,41318305873.0,40865514951.0,560204794145.0,384112775417.0,299731499895.0,548944793682.0,6390.0,한일현대시멘트,,
00164672,2020,62782323502.0,64655658873.0,562929272004.0,334267703511.0,233950003862.0,560204794145.0,6390.0,한일현대시멘트,,
01263022,2017,27983934658.0,-24964281856.0,1277349524088.0,938735224712.0,769535906862.0,,282330.0,BGF리테일,,
01263022,2018,154186683020.0,345797723349.0,1482568536572.0,5775862323457.0,4756223688566.0,1277349524088.0,282330.0,BGF리테일,,
01263022,2019,151377053549.0,532814863392.0,2172410899706.0,5946068219555.0,4889561258211.0,1482568536572.0,282330.0,BGF리테일,,
01263022,2020,122711267434.0,507341460255.0,2371169598247.0,6181269419288.0,5129513382786.0,2172410899706.0,282330.0,BGF리테일,,
00219097,2015,152841275769.0,359310661975.0,1621622006432.0,4334280041074.0,3434192430747.0,1338474143824.0,27410.0,BGF,,
00219097,2016,184619214839.0,331366504892.0,1917601300008.0,5052617836945.0,4048527549140.0,1621622006432.0,27410.0,BGF,,
00219097,2017,3497875341046.0,384116106715.0,858118604869.0,123842619339.0,45154999147.0,1917601300008.0,27410.0,BGF,,
00219097,2018,47204820813.0,-29202164098.0,1624874724266.0,220593918847.0,100510815182.0,858118604869.0,27410.0,BGF,,
00219097,2019,17515291535.0,13834576609.0,1657381460248.0,240314527185.0,109878250792.0,1624874724266.0,27410.0,BGF,,
00219097,2020,17880953455.0,21350276234.0,1658204361732.0,154381286305.0,86830240244.0,1657381460248.0,27410.0,BGF,,
00161426,2015,177449858131.0,46927261699.0,932024384338.0,776628551410.0,,742795233943.0,8930.0,한미사이언스,,
00161426,2016,7940308277.0,76523442304.0,969248669297.0,665284666051.0,580133110173.0,932024384338.0,8930.0,한미사이언스,,
00161426,2017,30818254865.0,-33681816841.0,938783180220.0,652324367919.0,,969248669297.0,8930.0,한미사이언스,,
00161426,2018,18021624665.0,2701370433.0,916545956275.0,707995356123.0,,938783180220.0,8930.0,한미사이언스,,
00161426,2019,30742878636.0,13024009773.0,910832376933.0,816618823610.0,,916545956275.0,8930.0,한미사이언스,,
00161426,2020,22596604093.0,13817514742.0,923219549324.0,857383419139.0,,910832376933.0,8930.0,한미사이언스,,
01068658,2017,2319186174.0,2708952969.0,54140507248.0,68808885519.0,32848213417.0,44206555405.0,217620.0,선샤인푸드,,
01068658,2018,2609675129.0,2243939386.0,69675606094.0,97013238606.0,45820493332.0,54140507248.0,217620.0,선샤인푸드,,
01068658,2019,1357910857.0,10525576339.0,117030401888.0,125265878545.0,64135868709.0,69675606094.0,217620.0,선샤인푸드,,
01068658,2020,-28072883512.0,-1249199361.0,89616738874.0,80928722907.0,42737728665.0,117030401888.0,217620.0,선샤인푸드,,
00656021,2015,-721166701.0,-222707956.0,42684547960.0,44494084736.0,40246060469.0,35334967278.0,139050.0,비에프랩스,,
00656021,2016,-2655721654.0,-446247085.0,45229451872.0,37514189922.0,33968042939.0,42884834260.0,139050.0,비에프랩스,,
00656021,2017,-9350611300.0,-1479624954.0,54620990851.0,49340104381.0,44093421505.0,45229451872.0,139050.0,비에프랩스,,
00656021,2018,-1065866470.0,-1600900318.0,55805272713.0,38285540532.0,33095846715.0,54620990851.0,139050.0,비에프랩스,,
00656021,2019,-12001532367.0,4263824808.0,182348730197.0,80745441588.0,29803604808.0,55805272713.0,139050.0,비에프랩스,,
00656021,2020,-3216867347.0,11070146365.0,186346780212.0,113650258173.0,31434762133.0,182348730197.0,139050.0,비에프랩스,,
01046203,2015,-6790556048.0,-2959346192.0,23879113571.0,20666173999.0,16877254014.0,8529677802.0,204630.0,로아앤코홀딩스,,
01046203,2016,-569867184.0,-842353337.0,57229480368.0,29076104755.0,21712642954.0,23879113571.0,204630.0,로아앤코홀딩스,,
01046203,2017,-2465152718.0,-9171845993.0,54659441846.0,46522004738.0,47032447541.0,57229480368.0,204630.0,로아앤코홀딩스,,
01046203,2018,-359930994.0,-2748507182.0,58843721642.0,27311088490.0,28528311326.0,54682286977.0,204630.0,로아앤코홀딩스,,
01046203,2019,-5670826187.0,-717461939.0,79274812640.0,40606058762.0,49226529430.0,58843721642.0,204630.0,로아앤코홀딩스,,
01046203,2020,-10561290992.0,-4759724095.0,62033756276.0,14962003987.0,19664421437.0,79274812640.0,204630.0,로아앤코홀딩스,,
01011562,2015,266882032.0,-1259651902.0,49857442757.0,33531360364.0,23455430785.0,46691156982.0,194610.0,우성아이비,,
01011562,2016,200118624.0,-7021514507.0,69444939641.0,33559044555.0,22867778773.0,49857442757.0,194610.0,우성아이비,,
01011562,2017,-22285031817.0,-8057564105.0,52607123654.0,29864576851.0,28284549297.0,69444939641.0,194610.0,우성아이비,,
01011562,2018,-25847800297.0,-7856590954.0,23979121892.0,33951131451.0,42883313892.0,52607123654.0,194610.0,우성아이비,,
00942131,2016,14928810790.0,12758783409.0,88789863510.0,70582567681.0,44841599120.0,34925025091.0,238090.0,앤디포스,,
00942131,2017,8072425304.0,5014662096.0,92726263610.0,52344187839.0,35932121382.0,88789863510.0,238090.0,앤디포스,,
00942131,2018,-13601714887.0,5923583779.0,130369260237.0,47757633857.0,32852659342.0,92726263610.0,238090.0,앤디포스,,
00942131,2019,-1549639367.0,27075194109.0,189924143027.0,84122729146.0,62545094685.0,130369260237.0,238090.0,앤디포스,,
00942131,2020,6297361346.0,6439223817.0,174720728054.0,89033746126.0,62898042963.0,189924143027.0,238090.0,앤디포스,,
00410739,2015,-11440801595.0,-4910569750.0,43873520732.0,21685919075.0,21154393517.0,53134741041.0,57880.0,푸른소나무,,
00410739,2016,-5930602117.0,-4545097467.0,44695041191.0,19040790851.0,13932934090.0,43873520731.0,57880.0,푸른소나무,,
00410739,2017,-18962639275.0,-2844197293.0,42022702797.0,15783076455.0,16111110143.0,44695041191.0,57880.0,푸른소나무,,
00410739,2018,-20750932373.0,-8917531726.0,43454980731.0,6918570392.0,5518130630.0,42022702797.0,57880.0,푸른소나무,,
00410739,2019,-25521283629.0,-13472833143.0,68416699984.0,9387757767.0,8020726873.0,43454980731.0,57880.0,푸른소나무,,
00410739,2020,7978501482.0,-9239930678.0,84598879522.0,25110394249.0,15647779552.0,68416699984.0,57880.0,푸른소나무,,
00148461,2015,2635132484.0,8757762276.0,97389005952.0,86575557581.0,70949727267.0,96649814142.0,1560.0,제일연마,,
00148461,2016,4694959710.0,12055752383.0,98362304568.0,86409643025.0,70752704563.0,97389005952.0,1560.0,제일연마,,
00148461,2017,4016762052.0,6193601735.0,98981772168.0,82451325482.0,65666787981.0,98362304568.0,1560.0,제일연마,,
00148461,2018,5350540760.0,5712098062.0,98371086449.0,82191790225.0,66232020490.0,98981772168.0,1560.0,제일연마,,
00148461,2019,6409656263.0,6872002249.0,102503180318.0,81071832925.0,63831562544.0,101544124093.0,1560.0,제일연마,,
00148461,2020,3270304544.0,10384132631.0,98714751683.0,73164758081.0,59908590312.0,102503180318.0,1560.0,제일연마,,
00385363,2015,1455369201.0,-1324664254.0,58845863601.0,40621163857.0,36229240584.0,50729063341.0,65450.0,빅텍,,
00385363,2016,-822481671.0,-5859136747.0,61832806277.0,38351993330.0,36181893278.0,58845863601.0,65450.0,빅텍,,
00385363,2017,-1085534489.0,6912626819.0,61861299436.0,40828484441.0,38610895216.0,61832806277.0,65450.0,빅텍,,
00385363,2018,849691160.0,11039278837.0,66300860773.0,48767202840.0,42137085977.0,61861299436.0,65450.0,빅텍,,
00385363,2019,1979785136.0,9891438536.0,93617772437.0,48979451597.0,41515213792.0,66300860773.0,65450.0,빅텍,,
00385363,2020,2948377214.0,-5119978487.0,112734680799.0,67286854216.0,59874978117.0,93617772437.0,65450.0,빅텍,,
00119195,2015,5608652157.0,19833109341.0,317187030052.0,223201285434.0,126621906141.0,313073099664.0,20.0,동화약품,,
00119195,2016,26254318411.0,25482187954.0,324604536650.0,237470834801.0,134293445327.0,317187030052.0,20.0,동화약품,,
00119195,2017,47009013175.0,-16519974691.0,367225133428.0,258881616575.0,150798015134.0,324604536650.0,20.0,동화약품,,
00119195,2018,10068112569.0,-4360077740.0,370599242793.0,306602589029.0,190699351637.0,367225133428.0,20.0,동화약품,,
00119195,2019,9393854731.0,13284966205.0,376028553041.0,307150025786.0,185418314591.0,370599242793.0,20.0,동화약품,,
00119195,2020,28715102080.0,52228225089.0,433807800192.0,272075383799.0,133409429487.0,376357481746.0,20.0,동화약품,,
00265421,2015,3948889135.0,10551902193.0,255336119305.0,311647591071.0,278507204645.0,257666159509.0,37330.0,인지디스플레,,
00265421,2016,8488567329.0,27922471977.0,265272291915.0,389840573433.0,356950728199.0,255336119305.0,37330.0,인지디스플레,,
00265421,2017,1324455770.0,31472896966.0,269724156594.0,478778393533.0,451904885628.0,265272291915.0,37330.0,인지디스플레,,
00265421,2018,12152017240.0,19394689338.0,270074527044.0,514409962629.0,467795127059.0,269724156594.0,37330.0,인지디스플레,,
00265421,2019,8555191233.0,41729009077.0,441620560731.0,557843292475.0,505283254327.0,270074527044.0,37330.0,인지디스플레,,
00265421,2020,22186888872.0,45558438986.0,455172628721.0,764493333373.0,694371558669.0,441620560731.0,37330.0,인지디스플레,,
00106623,2015,326873817247.0,626486943460.0,6683131754662.0,7884188370663.0,7043088645964.0,5937316944022.0,11210.0,현대위아,,
00106623,2016,130726808351.0,354613088920.0,7022079143075.0,7589447382673.0,7012733093582.0,6683131754662.0,11210.0,현대위아,,
00106623,2017,-63003629949.0,72711409571.0,7193681978019.0,7487391747448.0,7193349181632.0,7022079143075.0,11210.0,현대위아,,
00106623,2018,-55561248376.0,-113336962971.0,7107447377503.0,7880481391244.0,7578404207209.0,7193681978019.0,11210.0,현대위아,,
00106623,2019,55207000000.0,444220000000.0,6774339000000.0,7314626000000.0,6917930000000.0,7107447000000.0,11210.0,현대위아,,
00106623,2020,53672000000.0,189148000000.0,7719906000000.0,6592242000000.0,6241325000000.0,6774339000000.0,11210.0,현대위아,,
00172228,2015,-5565352033.0,23963006627.0,310948107565.0,250254925774.0,231822368183.0,324613902712.0,85310.0,엔케이,,
00172228,2016,-33173584704.0,12628473012.0,252420279129.0,164591201429.0,169332648243.0,310948107565.0,85310.0,엔케이,,
00172228,2017,-6725238814.0,5884757817.0,241293976704.0,121800023281.0,107128032536.0,252420279129.0,85310.0,엔케이,,
00172228,2018,-29345858872.0,-7145058898.0,205486073644.0,108432788355.0,109608719644.0,241293976704.0,85310.0,엔케이,,
00172228,2019,-26616958075.0,-5386111432.0,145821945173.0,108452405773.0,97086498603.0,205486073644.0,85310.0,엔케이,,
00172228,2020,-35681064.0,-5702123263.0,140196785702.0,69364010171.0,61222194690.0,146944851790.0,85310.0,엔케이,,
00416414,2015,1360343372.0,1916264219.0,33210149368.0,16181652516.0,11191714449.0,33483188832.0,89140.0,넥스턴앤롤코리아,,
00416414,2016,17172997943.0,15257139610.0,98533684035.0,74373033994.0,49737305931.0,33210149368.0,89140.0,넥스턴앤롤코리아,,
00416414,2017,6779439552.0,5083542933.0,94752880764.0,43707617682.0,30152563066.0,98533684035.0,89140.0,넥스턴앤롤코리아,,
00416414,2018,5548997526.0,9626670239.0,113520279953.0,26649697076.0,18044506657.0,94752880764.0,89140.0,넥스턴앤롤코리아,,
00416414,2019,5757744620.0,2735157339.0,105169656641.0,32446754392.0,24854899863.0,113520279953.0,89140.0,넥스턴앤롤코리아,,
00416414,2020,-2436285610.0,235942266.0,99350919991.0,9685363631.0,7517121288.0,105169656641.0,89140.0,넥스턴앤롤코리아,,
00659161,2015,1571076784.0,9974548138.0,71188260990.0,55440223882.0,46427173042.0,39268761071.0,160980.0,싸이맥스,,
00659161,2016,6347688270.0,-1031121956.0,90619079164.0,73175922314.0,60047710071.0,71188260990.0,160980.0,싸이맥스,,
00659161,2017,17567274546.0,7595749219.0,147866098270.0,164085573217.0,130927990758.0,90619079164.0,160980.0,싸이맥스,,
00659161,2018,13334730763.0,20977064770.0,137272927599.0,133459368536.0,105252597167.0,147866098270.0,160980.0,싸이맥스,,
00659161,2019,3170300869.0,651713873.0,150525334723.0,83475335219.0,71063821793.0,137272927599.0,160980.0,싸이맥스,,
00659161,2020,22994085063.0,26148853149.0,190560458939.0,172938448248.0,134034185306.0,150525334723.0,160980.0,싸이맥스,,
00631518,2015,867676735000.0,4085705058000.0,31359835736000.0,48356320414000.0,44196843778000.0,35101313814000.0,96770.0,SK이노베이션,,
00631518,2016,1721434289000.0,3677753976000.0,32581330983000.0,39520538747000.0,34561748471000.0,31359835736000.0,96770.0,SK이노베이션,,
00631518,2017,2145101728000.0,2180164479000.0,34243603274000.0,46260932050000.0,40905218929000.0,32581330983000.0,96770.0,SK이노베이션,,
00631518,2018,1709984041000.0,1728062366000.0,36085384070000.0,54510898386000.0,50529216158000.0,34250146490000.0,96770.0,SK이노베이션,,
00631518,2019,65774590000.0,1825833804000.0,39526056607000.0,49876534172000.0,46745610183000.0,35853382513000.0,96770.0,SK이노베이션,,
00631518,2020,,2850843672000.0,38498146106000.0,34164529332000.0,34642971373000.0,39534500042000.0,96770.0,SK이노베이션,,
00204642,2015,3631552000.0,4339639161.0,108218025980.0,41125285713.0,30046586475.0,104247658200.0,33830.0,티비씨,,
00204642,2016,2650259616.0,2430790959.0,110509715859.0,38827003192.0,28855499755.0,108218025980.0,33830.0,티비씨,,
00204642,2017,3067237882.0,7485013040.0,114357796591.0,42211579776.0,31007131545.0,110509715859.0,33830.0,티비씨,,
00204642,2018,3382631663.0,633087862.0,116772500002.0,40608939114.0,30435981912.0,114357796591.0,33830.0,티비씨,,
00204642,2019,5567951492.0,1754645939.0,121715438696.0,49281263228.0,36176909997.0,116772500002.0,33830.0,티비씨,,
00204642,2020,3767801849.0,6353478017.0,119624621981.0,35291791914.0,25390953258.0,121715438696.0,33830.0,티비씨,,
00288495,2015,4278643386.0,7011605271.0,145260431758.0,119503143472.0,109278702364.0,138292288664.0,60560.0,HC홈센타,,
00288495,2016,15827394630.0,4024441860.0,387264679901.0,95729698687.0,88159282945.0,145260431758.0,60560.0,HC홈센타,,
00288495,2017,-57535926413.0,14283853893.0,358129507063.0,234365787448.0,212629505468.0,387264679901.0,60560.0,HC홈센타,,
00288495,2018,-35454760560.0,10394209275.0,323876954295.0,239013119097.0,221850182171.0,358129507063.0,60560.0,HC홈센타,,
00288495,2019,-222700821.0,14014265690.0,328954147344.0,265646361935.0,239805959246.0,323876954295.0,60560.0,HC홈센타,,
00288495,2020,6477322918.0,25798912160.0,358780169394.0,255899764293.0,227186012260.0,328954147344.0,60560.0,HC홈센타,,
00568461,2015,10108678280.0,11298817465.0,84808539497.0,40267561481.0,23128028902.0,46430294818.0,225530.0,HC보광산업,,
00568461,2016,10206934622.0,11643384636.0,87769270339.0,47698115068.0,31925043620.0,84808539497.0,225530.0,HC보광산업,,
00568461,2017,9119014040.0,13827318290.0,90402463860.0,42039497263.0,28812645708.0,87769270339.0,225530.0,HC보광산업,,
00568461,2018,4565476182.0,5295646436.0,92460531417.0,37337946383.0,29305064629.0,90402463860.0,225530.0,HC보광산업,,
00568461,2019,6263681875.0,12731418970.0,100570886256.0,49767221780.0,37469420151.0,92460531417.0,225530.0,HC보광산업,,
00568461,2020,8582617930.0,13752910269.0,136002602685.0,56898163497.0,41667928616.0,100570886256.0,225530.0,HC보광산업,,
00938688,2015,252377000.0,1898353000.0,10185069000.0,6026301000.0,4313196000.0,8361807000.0,950110.0,SBI핀테크솔루션즈,,
00938688,2016,445101000.0,511990000.0,10654215000.0,7160816000.0,5173198000.0,10185069000.0,950110.0,SBI핀테크솔루션즈,,
00938688,2017,366148000.0,1695626000.0,12210257000.0,8076636000.0,5934453000.0,10654215000.0,950110.0,SBI핀테크솔루션즈,,
00938688,2018,798409000.0,8691250000.0,25029200000.0,13016802000.0,7944292000.0,12210257000.0,950110.0,SBI핀테크솔루션즈,,
00938688,2019,940501000.0,2194200000.0,29796824000.0,7849624000.0,2234556000.0,25029200000.0,950110.0,SBI핀테크솔루션즈,,
00938688,2020,850589000.0,-5395540000.0,24204128000.0,8700453000.0,2418722000.0,29796824000.0,950110.0,SBI핀테크솔루션즈,,
00203847,2015,664777637.0,2936569223.0,47883443851.0,30074322650.0,27540864433.0,53599346904.0,60480.0,국일신동,,
00203847,2016,382724901.0,4395456199.0,45148560241.0,27699446138.0,25363398693.0,47883443851.0,60480.0,국일신동,,
00203847,2017,2978285457.0,2045774769.0,47608413153.0,33305117667.0,27570849649.0,45148560241.0,60480.0,국일신동,,
00203847,2018,1012330354.0,-448595426.0,47313454173.0,29257233168.0,26399443059.0,47608413153.0,60480.0,국일신동,,
00203847,2019,-103389833.0,938744350.0,53370196257.0,28614669284.0,26690604771.0,47313454173.0,60480.0,국일신동,,
00203847,2020,93734187.0,1515918548.0,52300668356.0,25189340421.0,23384788820.0,53370196257.0,60480.0,국일신동,,
00104810,2015,-5231989522.0,-4225882821.0,112954009622.0,205477211412.0,165927838985.0,120208040618.0,7720.0,소노스퀘어,,
00104810,2016,-1596418057.0,3923114504.0,149046294658.0,217451477540.0,173193280994.0,112954009622.0,7720.0,소노스퀘어,,
00104810,2017,17627422712.0,12771358547.0,419082042880.0,235523369066.0,192521667190.0,149046294658.0,7720.0,소노스퀘어,,
00104810,2018,-7952844356.0,33146807533.0,412281944022.0,280961738485.0,226088286993.0,419082042880.0,7720.0,소노스퀘어,,
00104810,2019,63292506130.0,16304235328.0,243679256254.0,218566638667.0,180486620477.0,412281944022.0,7720.0,소노스퀘어,,
00104810,2020,-4172694054.0,-16155495888.0,228658655183.0,129378712463.0,108775695301.0,243679256254.0,7720.0,소노스퀘어,,
00125974,2015,-632958231812.0,14940463976.0,1786124862963.0,528046340351.0,528157186297.0,2217130885640.0,1470.0,삼부토건,,
00125974,2016,261442370960.0,97879818623.0,425668794861.0,390337422991.0,391299910547.0,1786124862963.0,1470.0,삼부토건,,
00125974,2017,-40427319704.0,3650424439.0,390366998964.0,280423782241.0,280715370169.0,425668794861.0,1470.0,삼부토건,,
00125974,2018,-73282725714.0,-17833573029.0,382789732400.0,177427227023.0,160328628512.0,390366998964.0,1470.0,삼부토건,,
00125974,2019,7421711533.0,-10280054299.0,390385063359.0,226287328070.0,208958897338.0,382789732400.0,1470.0,삼부토건,,
00125974,2020,-21137963361.0,-27202580548.0,458484438831.0,379362245615.0,350113800106.0,390385063359.0,1470.0,삼부토건,,
00375931,2015,-1763997141.0,-6642237430.0,291543980234.0,97222704681.0,74077155202.0,287893635255.0,60150.0,인선이엔티,,
00375931,2016,472466823.0,8740021598.0,301046945571.0,135518950239.0,101462555546.0,291543980234.0,60150.0,인선이엔티,,
00375931,2017,3151192012.0,9321623095.0,298345137471.0,160280182183.0,121392406280.0,301046945571.0,60150.0,인선이엔티,,
00375931,2018,15475259519.0,32772783293.0,315621572854.0,175954965244.0,135494696794.0,298345137471.0,60150.0,인선이엔티,,
00375931,2019,16641556431.0,29105860539.0,347152595541.0,183949123627.0,137744191501.0,315621572854.0,60150.0,인선이엔티,,
00375931,2020,35504252166.0,62036012622.0,486281449840.0,208566539421.0,141480481393.0,347152595541.0,60150.0,인선이엔티,,
01397903,2020,-8227766832.0,-5428245835.0,49393359420.0,2479277042.0,1551713762.0,13439205778.0,354200.0,엔젠바이오,,
00519252,2015,-24676332660.0,-29763897410.0,67701532271.0,24744323481.0,35043388143.0,106921364359.0,89230.0,THE E&M,,
00519252,2016,3764122009.0,2312500898.0,68317951980.0,15331346976.0,8080730723.0,66717897517.0,89230.0,THE E&M,,
00519252,2017,-18409958979.0,1140444015.0,62198072165.0,13590205437.0,5481515190.0,68317951980.0,89230.0,THE E&M,,
00519252,2018,18271440367.0,4394900975.0,68647745510.0,30860279561.0,11257986859.0,62198072165.0,89230.0,THE E&M,,
00519252,2019,-4015741709.0,8412794069.0,97692113863.0,44757416275.0,9752028416.0,68647745510.0,89230.0,THE E&M,,
00519252,2020,-23612848455.0,2102261548.0,121322112252.0,60779612320.0,40240704558.0,97692113863.0,89230.0,THE E&M,,
00145914,2015,2594408724.0,5051278967.0,121879240405.0,84759602612.0,60612344960.0,122234831514.0,17250.0,인터엠,,
00145914,2016,195113532.0,10857242349.0,131901859579.0,88514404160.0,63401933625.0,121879240405.0,17250.0,인터엠,,
00145914,2017,1964616599.0,2371126315.0,125916858265.0,98939666824.0,70804216749.0,128259451596.0,17250.0,인터엠,,
00145914,2018,-5686280568.0,10168655836.0,118855159660.0,102567497879.0,75142545882.0,125916858265.0,17250.0,인터엠,,
00145914,2019,-7470835946.0,-322178709.0,113109846680.0,85902318034.0,63068815264.0,118914297065.0,17250.0,인터엠,,
00145914,2020,-18530422613.0,1967225674.0,91296070051.0,63355185912.0,54085430290.0,112405835239.0,17250.0,인터엠,,
00208134,2015,6887061457.0,9856236446.0,189932201610.0,62748443507.0,41792935047.0,184616132827.0,58400.0,KNN,,
00208134,2016,6891426263.0,16165517071.0,198501634670.0,61824765964.0,42451996689.0,189932201610.0,58400.0,KNN,,
00208134,2017,9600543293.0,6955074254.0,202687242993.0,65355374649.0,40589218236.0,198501634670.0,58400.0,KNN,,
00208134,2018,7840466706.0,12515806037.0,206896822379.0,64113045626.0,39431436475.0,202687242993.0,58400.0,KNN,,
00208134,2019,8126480571.0,12040821789.0,210159419660.0,71120187421.0,43266959006.0,206896822379.0,58400.0,KNN,,
00208134,2020,6194524671.0,11330381470.0,213817505931.0,57331562092.0,33501699918.0,210159419660.0,58400.0,KNN,,
01099667,2016,22451711315.0,13455660022.0,68592467063.0,104692209447.0,39311520605.0,42159897103.0,217480.0,에스디생명공학,,
01099667,2017,13459906290.0,-7092251777.0,128073430531.0,127402378629.0,58060829665.0,68592467063.0,217480.0,에스디생명공학,,
01099667,2018,8452717951.0,-19898947380.0,153453130643.0,156623549969.0,80724849755.0,128073430531.0,217480.0,에스디생명공학,,
01099667,2019,-19628120615.0,6738328311.0,137235392278.0,156259210060.0,105545064038.0,150157174212.0,217480.0,에스디생명공학,,
01099667,2020,-9765160630.0,-4579509576.0,146262464310.0,140725431479.0,89165115053.0,137235392278.0,217480.0,에스디생명공학,,
00667425,2015,-2128691480.0,5369726958.0,57150596843.0,21648874681.0,23141831020.0,63861548564.0,200470.0,에이팩트,,
00667425,2016,-3683559072.0,4749399164.0,49413798076.0,15878385391.0,17273050572.0,57150596843.0,200470.0,에이팩트,,
00667425,2017,862863783.0,7117353383.0,68891169545.0,22643453722.0,18302312815.0,49413798076.0,200470.0,에이팩트,,
00667425,2018,14818028418.0,28971975389.0,123162048634.0,47115234857.0,28134823002.0,68891169545.0,200470.0,에이팩트,,
00667425,2019,4189305524.0,16068948360.0,127408208191.0,46841016909.0,33172202835.0,123162048634.0,200470.0,에이팩트,,
00667425,2020,6660107319.0,20606457961.0,130423466871.0,49630031668.0,39690549470.0,127408208191.0,200470.0,에이팩트,,
00121969,2015,4711154735.0,-11295012206.0,403709398715.0,410707049281.0,366737174463.0,328101532622.0,23960.0,에쓰씨엔지니어링,,
00121969,2016,-22206688700.0,1630594542.0,405773645850.0,310315230594.0,287800454974.0,403709398715.0,23960.0,에쓰씨엔지니어링,,
00121969,2017,-14438801779.0,16045209763.0,374160400223.0,251692538291.0,224372096260.0,405773645850.0,23960.0,에쓰씨엔지니어링,,
00121969,2018,13621633767.0,36849604969.0,104579533110.0,214350887599.0,186475183619.0,374160400223.0,23960.0,에쓰씨엔지니어링,,
00121969,2019,-4376261902.0,-44857138881.0,373872724597.0,240133541113.0,204672627955.0,367044258031.0,23960.0,에쓰씨엔지니어링,,
00121969,2020,-1126870522.0,18517163235.0,68596639829.0,72469645414.0,64147210161.0,373872724597.0,23960.0,에쓰씨엔지니어링,,
00977650,2015,-5373875528.0,-7953238261.0,32368511445.0,2513084443.0,785102458.0,7650598889.0,182400.0,엔케이젠바이오텍코리아,,
00977650,2016,-4837497223.0,-10240909406.0,67511554239.0,6875849190.0,1457861597.0,32368511445.0,182400.0,엔케이젠바이오텍코리아,,
00977650,2017,-16631716360.0,-15264842684.0,54044210552.0,4829585004.0,1485379217.0,67511554239.0,182400.0,엔케이젠바이오텍코리아,,
00977650,2018,-20453004593.0,-12513968891.0,70564687641.0,6268827447.0,1599038294.0,54044210552.0,182400.0,엔케이젠바이오텍코리아,,
00977650,2019,-11429234400.0,-18244012736.0,182158965194.0,8749217674.0,2353169615.0,70564687641.0,182400.0,엔케이젠바이오텍코리아,,
00977650,2020,-41439889162.0,-34717316123.0,205307526403.0,10371545183.0,3079793916.0,182158965194.0,182400.0,엔케이젠바이오텍코리아,,
00440712,2015,-739691919.0,920606465.0,22525573152.0,15165609636.0,12631953344.0,34784837633.0,73570.0,리튬포어스,,
00440712,2016,-11298279369.0,-5498975355.0,40535256134.0,4764944110.0,5462645296.0,22525573152.0,73570.0,리튬포어스,,
00440712,2017,-10843899492.0,-4539347889.0,30613446442.0,12072601421.0,10732722817.0,40535256134.0,73570.0,리튬포어스,,
00440712,2018,-16886627427.0,-3761069019.0,93185372215.0,19277933838.0,10259603431.0,30613446442.0,73570.0,리튬포어스,,
00440712,2019,1401101180.0,-3734415789.0,52816652433.0,24052131711.0,16416777404.0,93185372215.0,73570.0,리튬포어스,,
00440712,2020,-3270768758.0,7784363756.0,50603504266.0,25375539988.0,16538323167.0,52816652433.0,73570.0,리튬포어스,,
00103635,2015,9223596830.0,-2663711513.0,146338755219.0,237222890199.0,178239093422.0,244886480182.0,14200.0,광림,,
00103635,2016,-1896520639.0,3288372275.0,229596736668.0,87302966868.0,75002298557.0,146338755219.0,14200.0,광림,,
00103635,2017,-23602050751.0,-15250031710.0,208058302783.0,135191558190.0,131160374440.0,228758316563.0,14200.0,광림,,
00103635,2018,-28445677511.0,-13294713353.0,187812629277.0,136595300124.0,122536263614.0,208058302783.0,14200.0,광림,,
00103635,2019,-6622398731.0,-10889786531.0,254239319515.0,145864183870.0,134964602473.0,192388109277.0,14200.0,광림,,
00103635,2020,-23823892882.0,25092529757.0,212123388225.0,161220310215.0,137114490156.0,256663950993.0,14200.0,광림,,
00128980,2015,8188774709.0,45216472984.0,234678030283.0,266875785478.0,242306420255.0,198353328874.0,10960.0,삼호개발,,
00128980,2016,16001320570.0,16768174162.0,245439371406.0,274457790701.0,243437120737.0,234678030283.0,10960.0,삼호개발,,
00128980,2017,21433773515.0,5453260803.0,256370728071.0,265716559898.0,229105755198.0,245439371406.0,10960.0,삼호개발,,
00128980,2018,20631657345.0,6971260809.0,276893452936.0,298667874279.0,261550488156.0,256370728071.0,10960.0,삼호개발,,
00128980,2019,21526295802.0,30248227029.0,298782147397.0,364581695864.0,327126320970.0,276893452936.0,10960.0,삼호개발,,
00128980,2020,18777147046.0,-5601264863.0,312804375927.0,363379547441.0,336514816765.0,298782147397.0,10960.0,삼호개발,,
00291860,2015,7607619547.0,3640485963.0,65173385464.0,31254241126.0,16714400355.0,53794071913.0,44060.0,조광아이엘아이,,
00291860,2016,3516038143.0,8742895934.0,61830318467.0,24499975045.0,14232231881.0,65173385464.0,44060.0,조광아이엘아이,,
00291860,2017,3328379211.0,4433174700.0,59138918983.0,20369537495.0,10411329342.0,61830318467.0,44060.0,조광아이엘아이,,
00291860,2018,4774151859.0,3236289182.0,63793557271.0,24602134522.0,13196402943.0,59138918983.0,44060.0,조광아이엘아이,,
00291860,2019,3553194669.0,7865102975.0,93386669721.0,24534302780.0,14223273089.0,63793557271.0,44060.0,조광아이엘아이,,
00291860,2020,-3708192696.0,2053816922.0,113098228721.0,34450302060.0,19880988671.0,93386669721.0,44060.0,조광아이엘아이,,
00159616,2015,-1750899329509.0,-74372146286.0,27260140610258.0,16204318150763.0,13646660617300.0,27551906512303.0,34020.0,두산에너빌리티,,
00159616,2016,-215524785947.0,967566785961.0,24832568190355.0,13892680512183.0,11477492314794.0,27260140610258.0,34020.0,두산에너빌리티,,
00159616,2017,-197950236801.0,429324784710.0,24929774707934.0,14518845928726.0,12109308753730.0,24832568190355.0,34020.0,두산에너빌리티,,
00159616,2018,-430071231297.0,989560098943.0,24810203016469.0,14743600024720.0,12175126402782.0,24929774707934.0,34020.0,두산에너빌리티,,
00159616,2019,-223649869387.0,433679709050.0,24774211975046.0,15570428849347.0,13052822098136.0,24810203016469.0,34020.0,두산에너빌리티,,
00159616,2020,-622554709114.0,295223700800.0,25567174291104.0,15243824665369.0,12933407472387.0,24774211975046.0,34020.0,두산에너빌리티,,
00164742,2015,6509165000000.0,1248415000000.0,165367946000000.0,91958736000000.0,73701296000000.0,147225117000000.0,5380.0,현대자동차,,
00164742,2016,5719653000000.0,996964000000.0,178835928000000.0,93649024000000.0,75959720000000.0,165367946000000.0,5380.0,현대자동차,,
00164742,2017,4546400000000.0,3922421000000.0,178199454000000.0,96376079000000.0,78798172000000.0,178835928000000.0,5380.0,현대자동차,,
00164742,2018,1645019000000.0,3764265000000.0,180655752000000.0,96812609000000.0,81670479000000.0,178199454000000.0,5380.0,현대자동차,,
00164742,2019,3185646000000.0,419784000000.0,194512220000000.0,105746422000000.0,88091409000000.0,180655752000000.0,5380.0,현대자동차,,
00164742,2020,1924553000000.0,-409807000000.0,209344212000000.0,103997601000000.0,85515931000000.0,194512220000000.0,5380.0,현대자동차,,
01310269,2018,229852940958.0,454640184509.0,4863355063497.0,2792736856185.0,2343795463908.0,,294870.0,IPARK현대산업개발,,
01310269,2019,413669803493.0,-119988850843.0,4409550765094.0,4216489503536.0,3462844508252.0,4863355063497.0,294870.0,IPARK현대산업개발,,
01310269,2020,220205212182.0,-258907141040.0,6116097910011.0,3670224980413.0,2885152256608.0,4409550765094.0,294870.0,IPARK현대산업개발,,
00524421,2015,12457174000.0,-3026495331.0,120616313739.0,100346778178.0,79497676729.0,110604045021.0,95610.0,테스,,
00524421,2016,31255902629.0,22488472838.0,184848258552.0,178907933853.0,130822456692.0,120616313739.0,95610.0,테스,,
00524421,2017,54275100210.0,36660872092.0,242492886589.0,275790382366.0,198373047844.0,184848258552.0,95610.0,테스,,
00524421,2018,42433037048.0,36003158458.0,241823485941.0,287069351271.0,210784363197.0,242492886589.0,95610.0,테스,,
00524421,2019,9749999534.0,34057046472.0,247901531213.0,178374963637.0,148908296140.0,241823485941.0,95610.0,테스,,
00524421,2020,30018544886.0,24772274256.0,274869980924.0,245967498959.0,193934174380.0,247901531213.0,95610.0,테스,,
00966168,2018,4653261683.0,1998491032.0,46285006673.0,56626160573.0,40435554248.0,34409066428.0,263690.0,디알젬,,
00966168,2019,5470785723.0,2980443460.0,63046253043.0,60087400881.0,42685256292.0,46285006674.0,263690.0,디알젬,,
00966168,2020,19987824023.0,10092455925.0,72630874891.0,106603707644.0,67816979483.0,63046253043.0,263690.0,디알젬,,
01259418,2018,3405284563.0,3356793124.0,37073363455.0,20620188221.0,13197338921.0,11402079615.0,290670.0,대보마그네틱,,
01259418,2019,3825057866.0,1698421118.0,62215458470.0,23870074916.0,15521230138.0,37073363455.0,290670.0,대보마그네틱,,
01259418,2020,-1163261956.0,3163158102.0,64661133777.0,15797067814.0,12164632716.0,62215458470.0,290670.0,대보마그네틱,,
00486875,2019,3418596741.0,9182722114.0,102405412251.0,117909006753.0,101531026257.0,92824931771.0,103840.0,우양,,
00486875,2020,4065241878.0,8517484830.0,122381127295.0,133059335213.0,114455428405.0,102405412251.0,103840.0,우양,,
00356370,2015,470362045450.0,637804646876.0,4214636963591.0,5328492268366.0,2226175065424.0,3828347996665.0,51900.0,LG생활건강,,
00356370,2016,579239822062.0,713435543563.0,4502162481976.0,6094059406134.0,2434038196159.0,4214636963591.0,51900.0,LG생활건강,,
00356370,2017,618549514889.0,735477193004.0,4777969500138.0,6270463509780.0,2460927029869.0,4502162481976.0,51900.0,LG생활건강,,
00356370,2018,692278706347.0,817116843804.0,5275874284165.0,6747536801608.0,2696414092278.0,4778519960712.0,51900.0,LG생활건강,,
00356370,2019,788173092234.0,1139641474935.0,6493669662971.0,7685424230297.0,2917246274571.0,5275874284165.0,51900.0,LG생활건강,,
00356370,2020,813101140024.0,1004842472035.0,6801415783710.0,7844506057131.0,2962930553558.0,6493669662971.0,51900.0,LG생활건강,,
00220109,2015,-6987543224.0,-4163979507.0,53542135211.0,22432074200.0,16473803780.0,56356090324.0,43100.0,알파AI,,
00220109,2016,-8010522207.0,-6201963691.0,49187150805.0,23721925349.0,17384658073.0,53542135211.0,43100.0,알파AI,,
00220109,2017,-8521580111.0,-8344603256.0,64743115135.0,23210534901.0,17440761000.0,49187150805.0,43100.0,알파AI,,
00220109,2018,-15360070782.0,-7603683292.0,75095792663.0,22540749209.0,19664632933.0,64743115135.0,43100.0,알파AI,,
00220109,2019,-18787613830.0,-6738677244.0,56455026504.0,21441926445.0,15099178924.0,75095792663.0,43100.0,알파AI,,
00220109,2020,1636534479.0,-4079524658.0,57177491288.0,22854033648.0,12667879872.0,56455026504.0,43100.0,알파AI,,
00560982,2018,1347615450.0,1026181826.0,52865195169.0,10525412237.0,3512213048.0,7377803110.0,86820.0,바이오솔루션,,
00560982,2019,-697543378.0,-2555983198.0,51807476425.0,8882482372.0,2980945886.0,52865195169.0,86820.0,바이오솔루션,,
00560982,2020,-1799737787.0,-1686260451.0,49798245831.0,7744193458.0,3443894267.0,51807476425.0,86820.0,바이오솔루션,,
01267967,2019,-6297072610.0,-5121610048.0,23210223546.0,3926070709.0,4086288160.0,11704259585.0,305090.0,마이크로디지탈,,
01267967,2020,-10468628621.0,-5807188705.0,20788836549.0,2290186872.0,4745732859.0,23210223546.0,305090.0,마이크로디지탈,,
00693554,2015,12220611662.0,27225869200.0,550696126272.0,658977656178.0,622579748156.0,571072897648.0,104480.0,티케이케미칼,,
00693554,2016,7739562038.0,10437342780.0,642762217934.0,612392890284.0,579103508805.0,550696126272.0,104480.0,티케이케미칼,,
00693554,2017,20210360931.0,39957010732.0,631962163817.0,714390502472.0,673993295545.0,642762217934.0,104480.0,티케이케미칼,,
00693554,2018,28284309271.0,17831758293.0,683205858406.0,789034200929.0,710805424039.0,631962163817.0,104480.0,티케이케미칼,,
00693554,2019,9491937859.0,234939897.0,680221626652.0,620804113751.0,583585000852.0,683205858406.0,104480.0,티케이케미칼,,
00693554,2020,-1355367304.0,14174050976.0,678929481218.0,429302695293.0,419021262922.0,680221626652.0,104480.0,티케이케미칼,,
00349097,2015,72986739961.0,157762636660.0,711294112570.0,660956583374.0,,683008719882.0,53210.0,케이티스카이라이프,,
00349097,2016,68863322695.0,155398874244.0,777948019150.0,665053007449.0,,711294112570.0,53210.0,케이티스카이라이프,,
00349097,2017,57314012635.0,99269319775.0,792893053830.0,685821509172.0,,777948019150.0,53210.0,케이티스카이라이프,,
00349097,2018,52010216054.0,183474568331.0,816001169633.0,690820835670.0,,792893053830.0,53210.0,케이티스카이라이프,,
00349097,2019,56007736739.0,152548955427.0,848276023038.0,694637002537.0,,816001169633.0,53210.0,케이티스카이라이프,,
00349097,2020,58190149540.0,160179034723.0,919475827664.0,698715355151.0,,848276023038.0,53210.0,케이티스카이라이프,,
00422895,2015,25728288678.0,28608108924.0,527906656347.0,187041021949.0,76998424124.0,512623544298.0,67830.0,세이브존I&C,,
00422895,2016,27084468939.0,49257225165.0,553360022922.0,182950926207.0,74209816839.0,527906656347.0,67830.0,세이브존I&C,,
00422895,2017,28854034748.0,31423404939.0,562561980589.0,178421682411.0,72644091853.0,553360022922.0,67830.0,세이브존I&C,,
00422895,2018,25422810764.0,9289492734.0,575796681461.0,173949543348.0,71700875482.0,562561980589.0,67830.0,세이브존I&C,,
00422895,2019,22262341287.0,26234271046.0,579249830322.0,159226620544.0,64823496319.0,575796681461.0,67830.0,세이브존I&C,,
00422895,2020,9909637433.0,5975259975.0,559381457129.0,134723061553.0,61996957535.0,579249830322.0,67830.0,세이브존I&C,,
00122205,2015,-20341502372.0,-4522089443.0,26672162762.0,29285587224.0,19475079862.0,55215989201.0,18700.0,졸스,,
00122205,2016,8337358910.0,-2588766821.0,29041271261.0,16560068059.0,9484345232.0,26672162762.0,18700.0,졸스,,
00122205,2017,-1286912546.0,-6329776067.0,40851312050.0,4612329361.0,2367002362.0,29041271261.0,18700.0,졸스,,
00122205,2018,-5722897133.0,-1007052115.0,41829498886.0,9663299951.0,,40851312050.0,18700.0,졸스,,
00122205,2019,-10710695268.0,-6711771572.0,39243970593.0,6551086031.0,,41829498886.0,18700.0,졸스,,
00122205,2020,-8975052240.0,-973935233.0,51748769027.0,26174528617.0,,54992970269.0,18700.0,졸스,,
00372873,2015,15040763865.0,6527254448.0,211279655061.0,461098333579.0,454855084116.0,216233937212.0,58860.0,KTis,,
00372873,2016,9990998820.0,19259605562.0,221406432943.0,436729583787.0,423547359930.0,211279655061.0,58860.0,KTis,,
00372873,2017,8336872023.0,15207479429.0,223818296471.0,438130711025.0,427051226996.0,221406432943.0,58860.0,KTis,,
00372873,2018,7900863406.0,5330172887.0,229246050186.0,450826030691.0,441830567662.0,223818296471.0,58860.0,KTis,,
00372873,2019,9203428102.0,36631752142.0,311822912174.0,451026612732.0,437269287291.0,229246050186.0,58860.0,KTis,,
00372873,2020,7387478525.0,22365938114.0,294288884757.0,453639144631.0,444636282611.0,311822912174.0,58860.0,KTis,,
00537832,2015,-1080402643.0,-2257762540.0,29892173152.0,14452725284.0,11866103998.0,28965970664.0,94940.0,푸른로보틱스,,
00537832,2016,433504115.0,910348875.0,28976418744.0,19016678346.0,15379293040.0,29892173152.0,94940.0,푸른로보틱스,,
00537832,2017,851821758.0,1760024342.0,31675792782.0,21527372457.0,16656500830.0,28976418744.0,94940.0,푸른로보틱스,,
00537832,2018,1313940536.0,-1286243007.0,34014268088.0,24947320340.0,19308655688.0,31675792782.0,94940.0,푸른로보틱스,,
00537832,2019,597558956.0,2044473138.0,35570056478.0,23398104034.0,17803056840.0,34014268088.0,94940.0,푸른로보틱스,,
00537832,2020,969105220.0,1633613100.0,38407400816.0,23662752265.0,19010945608.0,35570056478.0,94940.0,푸른로보틱스,,
00372882,2015,13533559746.0,26124114997.0,346998299659.0,1065846503212.0,,303735131400.0,58850.0,KTcs,,
00372882,2016,7854633081.0,9266991809.0,322769885360.0,953674070191.0,,346998299659.0,58850.0,KTcs,,
00372882,2017,7385006232.0,13882740090.0,348333929724.0,967759847887.0,,322769885360.0,58850.0,KTcs,,
00372882,2018,11401358026.0,12722541089.0,350279654978.0,1016085167247.0,,348333929724.0,58850.0,KTcs,,
00372882,2019,7530106676.0,25007703663.0,378104045980.0,944861712920.0,,350279654978.0,58850.0,KTcs,,
00372882,2020,11323278275.0,50440106447.0,384918648498.0,931703674263.0,,378104045980.0,58850.0,KTcs,,
00571483,2015,1879697777.0,4005114347.0,74704701755.0,59415535092.0,39685934298.0,70278101656.0,138080.0,오이솔루션,,
00571483,2016,6127339664.0,-4712751612.0,89927713437.0,79719995613.0,53089192157.0,74704701755.0,138080.0,오이솔루션,,
00571483,2017,-1785943146.0,4071840356.0,96055949800.0,76593767350.0,53973466745.0,89927713437.0,138080.0,오이솔루션,,
00571483,2018,2583695298.0,1141014192.0,99152430161.0,81504310126.0,54106029617.0,96055949800.0,138080.0,오이솔루션,,
00571483,2019,46065235863.0,42731858479.0,184366984034.0,210283059020.0,122834724445.0,99152430161.0,138080.0,오이솔루션,,
00571483,2020,12352046635.0,25837511087.0,195184393025.0,103177709919.0,62685609218.0,184366984034.0,138080.0,오이솔루션,,
00356839,2015,3610554495.0,1638096985.0,47650418316.0,17800884090.0,15091720543.0,45123117133.0,54180.0,메디콕스,,
00356839,2016,1034067566.0,1822260376.0,47501945952.0,19522153560.0,16154006593.0,47650418316.0,54180.0,메디콕스,,
00356839,2017,-12945187237.0,522299958.0,55276578051.0,16025310279.0,14694221513.0,47501945952.0,54180.0,메디콕스,,
00356839,2018,-1784025390.0,-3326817252.0,52453345824.0,13971222866.0,13146146087.0,55276578051.0,54180.0,메디콕스,,
00356839,2019,-2068065571.0,-1762939174.0,59153079720.0,10353414535.0,8511560001.0,56061812834.0,54180.0,메디콕스,,
00356839,2020,-8582863803.0,-4336221281.0,84890096506.0,16190177636.0,14038829715.0,59153079720.0,54180.0,메디콕스,,
00100939,2015,40256389005.0,28745823049.0,522260144956.0,293873095070.0,237630684100.0,490785440147.0,860.0,강남제비스코,,
00100939,2016,34680194992.0,25595811374.0,560934377186.0,290286260750.0,230999845093.0,522260144956.0,860.0,강남제비스코,,
00100939,2017,23186504359.0,25389706761.0,584684282138.0,300025162299.0,251348019686.0,560934377186.0,860.0,강남제비스코,,
00100939,2018,38842325064.0,10276336139.0,657866049667.0,307020826321.0,269154922587.0,584684282138.0,860.0,강남제비스코,,
00100939,2019,17412513511.0,11189248224.0,672270312827.0,332539412854.0,291721311589.0,657866049667.0,860.0,강남제비스코,,
00100939,2020,25067503622.0,30540525895.0,712155828911.0,340807352504.0,298412645414.0,672270312827.0,860.0,강남제비스코,,
00135777,2015,-23453091033.0,20637713420.0,375615481159.0,319572697985.0,281491930760.0,401780754551.0,16590.0,신대양제지,,
00135777,2016,16988254016.0,-1880244349.0,362737226587.0,252519997434.0,224888154920.0,375615481159.0,16590.0,신대양제지,,
00135777,2017,27163786750.0,19125410860.0,725767415927.0,512805673153.0,448256439092.0,362737226587.0,16590.0,신대양제지,,
00135777,2018,98437569504.0,137275757667.0,746772367343.0,709355684857.0,524695375475.0,725767415927.0,16590.0,신대양제지,,
00135777,2019,72267791568.0,104387372823.0,768604072999.0,646815209246.0,482585824002.0,746772367343.0,16590.0,신대양제지,,
00135777,2020,45706345974.0,98169484148.0,809132235371.0,609205004357.0,474578134816.0,768604072999.0,16590.0,신대양제지,,
00229021,2015,-10695602161.0,-12254257974.0,164013621149.0,256519349869.0,235720580371.0,175381511667.0,33230.0,인성정보,,
00229021,2016,1167675970.0,14415253301.0,156669020445.0,252677492492.0,223896775487.0,164013621149.0,33230.0,인성정보,,
00229021,2017,-3737487066.0,3328272142.0,144741960739.0,255835607747.0,226267180415.0,156669020445.0,33230.0,인성정보,,
00229021,2018,-376954285.0,-10272246405.0,171535852514.0,258032877257.0,226369682040.0,144741960739.0,33230.0,인성정보,,
00229021,2019,-351863462.0,-488640691.0,182909906190.0,246656143894.0,216182672000.0,171535852514.0,33230.0,인성정보,,
00229021,2020,-6676848877.0,15369220490.0,182574580668.0,241992992281.0,213706331965.0,182909906190.0,33230.0,인성정보,,
00146296,2015,-2587786687.0,-1328162251.0,80302650054.0,39677898434.0,34184556683.0,81397962123.0,7110.0,일신석재,,
00146296,2016,-2242720835.0,-566875593.0,78264674064.0,42050477148.0,37947287623.0,80302650054.0,7110.0,일신석재,,
00146296,2017,169045910.0,-485439914.0,77760844991.0,52702961231.0,44709608588.0,78264674064.0,7110.0,일신석재,,
00146296,2018,413276655.0,530501867.0,80179666813.0,54141723680.0,44255882034.0,77760844991.0,7110.0,일신석재,,
00146296,2019,909319769.0,211535949.0,87279198703.0,66657756123.0,56528211151.0,80179666813.0,7110.0,일신석재,,
00146296,2020,634642148.0,10700817909.0,94043686094.0,58742051912.0,49039873063.0,87279198703.0,7110.0,일신석재,,
00562360,2015,-42839511875.0,-3624968102.0,136686092832.0,199648368561.0,212723366627.0,178606724948.0,97780.0,에코볼트,,
00562360,2016,-3986087444.0,18797449197.0,183228091735.0,139482357862.0,133339292443.0,136686092832.0,97780.0,에코볼트,,
00562360,2017,7844283479.0,16980052736.0,197749257420.0,168217687109.0,144634316156.0,183228091735.0,97780.0,에코볼트,,
00562360,2018,8459847710.0,16056790963.0,341707804773.0,141385799462.0,113561217769.0,197749257420.0,97780.0,에코볼트,,
00562360,2019,-13938111885.0,22683378541.0,349790576868.0,168039893487.0,140388895074.0,341707804773.0,97780.0,에코볼트,,
00562360,2020,25787337027.0,39073860977.0,439984174211.0,216345614533.0,182196930792.0,349790576868.0,97780.0,에코볼트,,
01219155,2019,1025691053.0,-1010878584.0,47211442144.0,19776649084.0,15222930147.0,32286515263.0,311390.0,네오크레마,,
01219155,2020,1366683371.0,1826805704.0,49174775406.0,29821100539.0,21930589549.0,47211442144.0,311390.0,네오크레마,,
01326279,2018,-131024522.0,-156888962.0,9841878318.0,0.0,,,307180.0,아이엘,,
01326279,2019,-2726421870.0,-791999050.0,27215218749.0,20281482358.0,15082127387.0,11148253838.0,307180.0,아이엘,,
01326279,2020,-4858488311.0,-4365878887.0,40166963676.0,17552541649.0,15089887086.0,27215218749.0,307180.0,아이엘,,
00114154,2015,2692080695.0,29251657278.0,419423210870.0,956709477038.0,937356764219.0,217036944537.0,24900.0,디와이덕양,,
00114154,2016,-930466295.0,-4550002442.0,410285388641.0,1050169762359.0,1028794996222.0,419423210870.0,24900.0,디와이덕양,,
00114154,2017,1333154321.0,38149378137.0,429003471684.0,1046535624319.0,1025799342705.0,410285388641.0,24900.0,디와이덕양,,
00114154,2018,-2234401046.0,48360187967.0,526312200719.0,1292215902827.0,1269895294478.0,429003471684.0,24900.0,디와이덕양,,
00114154,2019,-19681358953.0,7123653630.0,506308534267.0,1359423500652.0,1345384268467.0,526312200719.0,24900.0,디와이덕양,,
00114154,2020,-8997096301.0,25295673275.0,513044313543.0,1292024988196.0,1274620119488.0,509568545937.0,24900.0,디와이덕양,,
00390408,2015,-6133926425.0,-10184742673.0,28574773832.0,19115991998.0,17355902565.0,18242150419.0,64090.0,인크레더블버즈,,
00390408,2016,-15761170571.0,-3694785186.0,20395111666.0,54679134820.0,56458414031.0,28574773832.0,64090.0,인크레더블버즈,,
00390408,2017,8208761913.0,10164180624.0,100752645074.0,77374491092.0,64156337306.0,20395111666.0,64090.0,인크레더블버즈,,
00390408,2018,3708824655.0,-10130830803.0,151707133369.0,102914917918.0,79401273686.0,100752645074.0,64090.0,인크레더블버즈,,
00390408,2019,-44869518431.0,-2055251035.0,86585035697.0,34123438916.0,31362823548.0,151707133369.0,64090.0,인크레더블버즈,,
00390408,2020,-40294400127.0,2344853366.0,42282606463.0,30236805271.0,30940797137.0,86585035697.0,64090.0,인크레더블버즈,,
00154426,2015,3821010058.0,34635244510.0,255675961419.0,106178241906.0,98811856329.0,103486906320.0,3560.0,아이에이치큐,,
00154426,2016,4223112975.0,42181532624.0,256634714001.0,109404922575.0,98181962507.0,255675961419.0,3560.0,아이에이치큐,,
00154426,2017,2637301016.0,61792005429.0,255079897921.0,126795065081.0,,256634714001.0,3560.0,아이에이치큐,,
00154426,2018,-9896706726.0,40524687497.0,231274871519.0,109447250511.0,,255079897921.0,3560.0,아이에이치큐,,
00154426,2019,-66279161242.0,40622829480.0,165807958847.0,99287415456.0,,231274871519.0,3560.0,아이에이치큐,,
00154426,2020,-18248434484.0,39922694990.0,146319857109.0,81049278892.0,,165807958847.0,3560.0,아이에이치큐,,
00137207,2015,1153446917.0,-8465496642.0,48498086687.0,13734440807.0,11480541831.0,40767618221.0,11330.0,유니켐,,
00137207,2016,1748564352.0,-18122515123.0,66903488425.0,36760723498.0,30799027849.0,48498086687.0,11330.0,유니켐,,
00137207,2017,5871002742.0,2074523388.0,92818715133.0,66051124871.0,58121713815.0,66903488425.0,11330.0,유니켐,,
00137207,2018,11708886010.0,-6829114241.0,118585016203.0,83645367896.0,63238122289.0,92818715133.0,11330.0,유니켐,,
00137207,2019,16186989973.0,5869890234.0,169681995778.0,108791123335.0,83151988330.0,118585016203.0,11330.0,유니켐,,
00137207,2020,11193674808.0,19201728310.0,285803950387.0,126248781741.0,99965164832.0,169681995778.0,11330.0,유니켐,,
00109268,2015,-4794480492.0,21108315722.0,58050527737.0,92348516423.0,90585867229.0,89155072119.0,48470.0,대동스틸,,
00109268,2016,4323490500.0,-2119772644.0,62713387029.0,68177745653.0,60675074772.0,58050527737.0,48470.0,대동스틸,,
00109268,2017,6150199061.0,428874075.0,79369589288.0,90505698365.0,81181769585.0,62713387029.0,48470.0,대동스틸,,
00109268,2018,46829890.0,5765521940.0,73640710966.0,101539495517.0,98014563109.0,79369589288.0,48470.0,대동스틸,,
00109268,2019,312615240.0,-1380376375.0,78314976745.0,113290547142.0,109013952105.0,73640710966.0,48470.0,대동스틸,,
00109268,2020,199067665.0,5165114874.0,80048655245.0,106357816216.0,100946694125.0,78314976745.0,48470.0,대동스틸,,
00426086,2015,34222746290.0,66495553746.0,710593241495.0,600426024393.0,510665000273.0,742872576192.0,69260.0,티케이지휴켐스,,
00426086,2016,39903580904.0,115486242792.0,748874586773.0,598231741629.0,467856365368.0,710593241495.0,69260.0,티케이지휴켐스,,
00426086,2017,110056577047.0,156380803858.0,881579304986.0,715764958205.0,508012315058.0,748874586773.0,69260.0,티케이지휴켐스,,
00426086,2018,105081366416.0,116631222671.0,864734491355.0,762875403818.0,586525867855.0,881579304986.0,69260.0,티케이지휴켐스,,
00426086,2019,70312286238.0,107282552223.0,913867790900.0,659772632121.0,516768585972.0,864734491355.0,69260.0,티케이지휴켐스,,
00426086,2020,49786680527.0,90693584321.0,866585514790.0,593511362369.0,463902577161.0,913867790900.0,69260.0,티케이지휴켐스,,
00303703,2015,-8761188387.0,-9507974907.0,60832587107.0,54836921127.0,53004575240.0,123273983569.0,65770.0,CS,,
00303703,2016,-7827814514.0,-1042518174.0,54944739302.0,48504591736.0,40768501634.0,60832587107.0,65770.0,CS,,
00303703,2017,1000562988.0,1432798476.0,50170234705.0,43330916249.0,35686651868.0,54944739302.0,65770.0,CS,,
00303703,2018,4097741008.0,1418214339.0,32509181753.0,58746314097.0,50502495150.0,50170234705.0,65770.0,CS,,
00303703,2019,-538357258.0,957112403.0,27188933425.0,32157823692.0,27379428414.0,32509181753.0,65770.0,CS,,
00303703,2020,178546528.0,1336687073.0,28341912333.0,42958085137.0,36719915799.0,27188933425.0,65770.0,CS,,
00336817,2015,-2364844168.0,-769585307.0,24847347567.0,17713121042.0,13822617366.0,21434451667.0,47920.0,HLB제약,,
00336817,2016,577412481.0,-213111047.0,41237832162.0,20346369906.0,14857252269.0,24847347567.0,47920.0,HLB제약,,
00336817,2017,-5446970341.0,-784295486.0,39846375740.0,15557534921.0,12754438121.0,41237832162.0,47920.0,HLB제약,,
00336817,2018,-7059643303.0,-1777386923.0,36423231487.0,20540681648.0,16075210932.0,39846375740.0,47920.0,HLB제약,,
00336817,2019,472653508.0,1353306704.0,45845868904.0,36099922821.0,18058052442.0,36423231487.0,47920.0,HLB제약,,
00336817,2020,-74840343024.0,-402628900.0,111419821899.0,40571187383.0,18222228241.0,45845868904.0,47920.0,HLB제약,,
00899459,2016,14666168133.0,8367263311.0,190357988386.0,98457313563.0,58123974947.0,94080084554.0,228850.0,레이언스,,
00899459,2017,14396760306.0,20616770169.0,196450492242.0,106517566268.0,65981621429.0,190357988386.0,228850.0,레이언스,,
00899459,2018,15566221397.0,14701751499.0,201132165399.0,116389468831.0,71051514361.0,196450492242.0,228850.0,레이언스,,
00899459,2019,13826669441.0,9452886919.0,232073460396.0,126174797528.0,75270868299.0,201132165399.0,228850.0,레이언스,,
00899459,2020,-4076790984.0,23254417215.0,224719736932.0,101523890805.0,64699959337.0,232073460396.0,228850.0,레이언스,,
00522007,2018,33019995241.0,23481871541.0,272079008480.0,257887298836.0,87989417283.0,211025527784.0,110790.0,크리스에프앤씨,,
00522007,2019,24828970917.0,25828799075.0,277284706670.0,259452904819.0,87719163790.0,272079008480.0,110790.0,크리스에프앤씨,,
00522007,2020,38619198757.0,62169970255.0,313582434934.0,292421815327.0,96551701771.0,277284706670.0,110790.0,크리스에프앤씨,,
00108649,2015,1392604684.0,-1781164039.0,93579239998.0,86740197026.0,67987711444.0,87136906267.0,48770.0,TPC로보틱스,,
00108649,2016,-4531082416.0,-341075316.0,88493721932.0,92337670761.0,77874384808.0,82728227814.0,48770.0,TPC로보틱스,,
00108649,2017,4092461641.0,908868925.0,94580825015.0,101897096759.0,81001648787.0,88493721932.0,48770.0,TPC로보틱스,,
00108649,2018,4147038841.0,853556057.0,112779862926.0,104628102381.0,85856134617.0,94580825015.0,48770.0,TPC로보틱스,,
00108649,2019,-4060322176.0,1327609049.0,108184723137.0,101092281101.0,84861701073.0,112779862926.0,48770.0,TPC로보틱스,,
00108649,2020,4137408249.0,4828853056.0,105270245379.0,88558514973.0,70812517525.0,108184723137.0,48770.0,TPC로보틱스,,
00287812,2015,8951502732.0,11704293571.0,131799788429.0,38256652908.0,16905271792.0,149023718031.0,38870.0,에코심플렉스,,
00287812,2016,-9830932067.0,-2686473139.0,116787686034.0,18971809622.0,14576304564.0,131799788429.0,38870.0,에코심플렉스,,
00287812,2017,-21876220567.0,-6180659145.0,110443550396.0,31671940055.0,25726155288.0,116787686034.0,38870.0,에코심플렉스,,
00287812,2018,-2864627601.0,1149217384.0,124022274023.0,21982008262.0,15518055911.0,110443550396.0,38870.0,에코심플렉스,,
00287812,2019,7107006508.0,56852602232.0,74587722839.0,17268699860.0,12688371225.0,124022274023.0,38870.0,에코심플렉스,,
00287812,2020,5636509510.0,724910554.0,76105281194.0,18177903689.0,13899351285.0,74587722839.0,38870.0,에코심플렉스,,
00526951,2015,1645017758.0,3123769196.0,167257514440.0,106194678631.0,92620506224.0,168213023096.0,95190.0,신화프리텍,,
00526951,2016,-6816801415.0,3859993253.0,174637560081.0,102552272512.0,96363821473.0,167257514440.0,95190.0,신화프리텍,,
00526951,2017,-2432946996.0,9699562221.0,197028667517.0,104620011624.0,95871138122.0,174637560081.0,95190.0,신화프리텍,,
00526951,2018,-2725062345.0,6844642781.0,181940514252.0,107484471848.0,96858278679.0,197028667517.0,95190.0,신화프리텍,,
00526951,2019,-15952100809.0,-3056963681.0,185095105173.0,84821800245.0,85635618134.0,181940514252.0,95190.0,신화프리텍,,
00526951,2020,-2413618076.0,7156132327.0,185761197199.0,76777094606.0,71233889392.0,185095105173.0,95190.0,신화프리텍,,
00149770,2015,1182032553.0,4007350729.0,77370623681.0,90446909719.0,69261773755.0,73844821116.0,440.0,중앙에너비스,,
00149770,2016,1362227208.0,3436997238.0,77535141052.0,91628325947.0,69986695061.0,77370623681.0,440.0,중앙에너비스,,
00149770,2017,1597261613.0,1838539692.0,60493561837.0,70818896796.0,58635726266.0,64566805621.0,440.0,중앙에너비스,,
00149770,2018,889990373.0,2102429844.0,58743738214.0,76133493867.0,63437336497.0,60493561837.0,440.0,중앙에너비스,,
00149770,2019,615333077.0,983260736.0,61575390254.0,65702344320.0,53921816113.0,58743738214.0,440.0,중앙에너비스,,
00149770,2020,19200785212.0,2492069615.0,71325526765.0,53564699255.0,42974238393.0,61575390254.0,440.0,중앙에너비스,,
00197759,2015,2154074157.0,-8445759708.0,70111791765.0,25548219641.0,18175534276.0,64768918099.0,25560.0,미래산업,,
00197759,2016,-9489043794.0,-8581896318.0,84503325321.0,23311149481.0,19690861018.0,70111791765.0,25560.0,미래산업,,
00197759,2017,-13656995244.0,-930661252.0,84456716952.0,34478510840.0,30253862758.0,84503325321.0,25560.0,미래산업,,
00197759,2018,-13301480100.0,-1531649226.0,68651324006.0,34499215727.0,35482331635.0,84456716952.0,25560.0,미래산업,,
00197759,2019,-6153578881.0,-2206411839.0,74810112068.0,27691977186.0,22602708684.0,68651324006.0,25560.0,미래산업,,
00197759,2020,-6722372567.0,-683396325.0,95757333089.0,41560381733.0,32927713306.0,74810112068.0,25560.0,미래산업,,
00962922,2015,-2637912141.0,-1606480153.0,15899409708.0,3730979754.0,3149813101.0,16873443626.0,222110.0,팬젠,,
00962922,2016,-5125184059.0,-4345361285.0,37398440082.0,1461474776.0,3698715533.0,15899409708.0,222110.0,팬젠,,
00962922,2017,-7015593262.0,-657836556.0,35592681974.0,2372815922.0,3847038619.0,37398440082.0,222110.0,팬젠,,
00962922,2018,-4630125556.0,-5610441456.0,45609711679.0,5679471336.0,5161896456.0,35592681974.0,222110.0,팬젠,,
00962922,2019,-8937570680.0,-3662195914.0,39082939146.0,2881328518.0,4978689191.0,45609711679.0,222110.0,팬젠,,
00962922,2020,-4355980315.0,-4680879592.0,36308882180.0,6191154710.0,4818049409.0,39082939146.0,222110.0,팬젠,,
00146232,2015,1924846596.0,-11881886518.0,257478728990.0,231102049121.0,210271875109.0,264739219328.0,13360.0,일성건설,,
00146232,2016,2075354358.0,21080179326.0,277457543697.0,285793827105.0,260746574645.0,258991786396.0,13360.0,일성건설,,
00146232,2017,-12023578920.0,-3374826818.0,305298893598.0,420833666559.0,388616106663.0,277457543697.0,13360.0,일성건설,,
00146232,2018,2428823928.0,21493936567.0,308746514657.0,364018221190.0,334889855991.0,305298893598.0,13360.0,일성건설,,
00146232,2019,1855543961.0,-34795663666.0,350862592958.0,375818803491.0,349988709991.0,308746514657.0,13360.0,일성건설,,
00146232,2020,2863990501.0,30719579195.0,298510507954.0,340961877712.0,310951480822.0,350862592958.0,13360.0,일성건설,,
00298377,2015,1353260409.0,2204274913.0,106330629530.0,18015129351.0,14884587455.0,108292148104.0,40910.0,아이씨디,,
00298377,2016,10353733703.0,-9107735078.0,241202452407.0,230909153870.0,200621283550.0,119251151652.0,40910.0,아이씨디,,
00298377,2017,24892031710.0,-11482727868.0,237851633330.0,311847747945.0,256124646625.0,241202452407.0,40910.0,아이씨디,,
00298377,2018,29833627101.0,29834566251.0,191224176544.0,233974936899.0,175720516026.0,236230285569.0,40910.0,아이씨디,,
00298377,2019,11151768378.0,23965782108.0,203772358055.0,121604632064.0,87255802557.0,191224176544.0,40910.0,아이씨디,,
00298377,2020,33458701926.0,49529874165.0,233099358269.0,308965253531.0,224781980341.0,203772358055.0,40910.0,아이씨디,,
00638487,2015,852026716.0,1444224045.0,41073018796.0,25287012650.0,11725108381.0,32980460742.0,150900.0,파수AI,,
00638487,2016,-12140875797.0,-992528067.0,38277139322.0,21443571411.0,13717125523.0,41073018796.0,150900.0,파수AI,,
00638487,2017,555315716.0,-552521810.0,41606670787.0,29288075055.0,11147423759.0,38277139322.0,150900.0,파수AI,,
00638487,2018,975182936.0,-1956233186.0,45961523256.0,32243433001.0,11786794085.0,41606670787.0,150900.0,파수AI,,
00638487,2019,-4500123680.0,5708074960.0,47277311318.0,35364080497.0,17931693437.0,45961523256.0,150900.0,파수AI,,
00638487,2020,-751917610.0,7762305990.0,46443033310.0,36405888030.0,14928938554.0,47277311318.0,150900.0,파수AI,,
00809429,2015,5952769508.0,3898693415.0,59529750540.0,26128455449.0,17936099966.0,51510013039.0,123840.0,뉴온,,
00809429,2016,13818393583.0,-833443255.0,109850607744.0,19941436782.0,15466865279.0,59529750540.0,123840.0,뉴온,,
00809429,2017,21953768733.0,-3034998188.0,161579284907.0,22873827084.0,19368987704.0,109850607744.0,123840.0,뉴온,,
00809429,2018,-14560373172.0,-3906330384.0,158533589439.0,51064090029.0,39108586224.0,161579284907.0,123840.0,뉴온,,
00809429,2019,-31586945790.0,2867889078.0,122792471055.0,26220460955.0,22998918913.0,158533589439.0,123840.0,뉴온,,
00809429,2020,7978689619.0,-4213612522.0,156038722433.0,15667649492.0,16516667719.0,122792471055.0,123840.0,뉴온,,
01182408,2019,627526282.0,6102141642.0,21126082496.0,19738973639.0,4848194141.0,13311788985.0,258790.0,소프트캠프,,
01182408,2020,1828700533.0,1101361619.0,21098349126.0,18925356487.0,4605561790.0,21126082496.0,258790.0,소프트캠프,,
00153524,2015,-12334614921.0,11793841755.0,621990367241.0,350351464678.0,303699253236.0,562807092953.0,11280.0,태림포장,,
00153524,2016,-58376300710.0,3275049402.0,728839658898.0,377902760048.0,329233158241.0,621990367241.0,11280.0,태림포장,,
00153524,2017,-677419846.0,29988401863.0,633207636684.0,565689392504.0,500718196390.0,728839658898.0,11280.0,태림포장,,
00153524,2018,28676652889.0,69230930147.0,606842051866.0,608654278591.0,507940997221.0,633207636684.0,11280.0,태림포장,,
00153524,2019,21694174107.0,52318975941.0,566299272981.0,572946202942.0,482282809797.0,606842051866.0,11280.0,태림포장,,
00153524,2020,4544661356.0,42912819619.0,566786153602.0,562012033561.0,481878309511.0,566299272981.0,11280.0,태림포장,,
00362441,2018,55228434571.0,45593036204.0,829071190950.0,1424858710213.0,1279323282648.0,803956394194.0,307950.0,현대오토에버,,
00362441,2019,56872512361.0,80202344907.0,1026696505989.0,1571817874618.0,1408162395796.0,829071190950.0,307950.0,현대오토에버,,
00362441,2020,60786032656.0,115616622185.0,1077027006934.0,1562592548507.0,1392222339833.0,1026696505989.0,307950.0,현대오토에버,,
00111704,2015,-2209243774876.0,-843000007803.0,18880345263274.0,15443611050832.0,17019177495076.0,17735815981361.0,42660.0,한화오션,,
00111704,2016,-2789487511318.0,-531006613869.0,15064829698698.0,12819220833774.0,13449556684207.0,18880345263274.0,42660.0,한화오션,,
00111704,2017,645758362568.0,-1019899304099.0,11446752722738.0,11101818030373.0,9557731174695.0,15064829698698.0,42660.0,한화오션,,
00111704,2018,320051707063.0,725140996177.0,11918521521052.0,9644383546545.0,8892718090737.0,11446752722738.0,42660.0,한화오션,,
00111704,2019,-46485191069.0,2542127053852.0,11276078800189.0,8358744818823.0,7889790146771.0,11918521521052.0,42660.0,한화오션,,
00111704,2020,86572614374.0,-458467494666.0,10320774853795.0,7030175197162.0,6634249125946.0,11276078800189.0,42660.0,한화오션,,
00169048,2015,216540565.0,1040872654.0,58354657250.0,15301017600.0,10767897380.0,56795639579.0,3580.0,HLB글로벌,,
00169048,2016,-2299974758.0,-1985564446.0,57821448591.0,18255840702.0,11878175600.0,58354657250.0,3580.0,HLB글로벌,,
00169048,2017,-739374733.0,598786290.0,74925487031.0,15686212200.0,12387805928.0,57821448591.0,3580.0,HLB글로벌,,
00169048,2018,-11915112891.0,572706697.0,159993622385.0,13237690408.0,10861279370.0,74925487031.0,3580.0,HLB글로벌,,
00169048,2019,-22868904682.0,-6417304365.0,129401748880.0,35025713235.0,19903110869.0,159993622385.0,3580.0,HLB글로벌,,
00169048,2020,-30074655356.0,-13329683188.0,130769262935.0,35376821510.0,30702621751.0,129401748880.0,3580.0,HLB글로벌,,
01117246,2020,856713204.0,-1687990545.0,36415742194.0,29162085873.0,23538035678.0,28516985178.0,278990.0,EMB,,
00645089,2015,4949614098.0,1445161300.0,94336866378.0,60863074749.0,,70400549883.0,104200.0,NHN벅스,,
00645089,2016,-3833960189.0,-4860946087.0,95677069126.0,73029717674.0,,94336866378.0,104200.0,NHN벅스,,
00645089,2017,-5353884126.0,-10740103388.0,91004398091.0,92820905169.0,,95677069126.0,104200.0,NHN벅스,,
00645089,2018,5219618063.0,3993461967.0,90437495803.0,89652082575.0,,91004398091.0,104200.0,NHN벅스,,
00645089,2019,4121733824.0,10801424423.0,99589700116.0,84847822034.0,,90437495803.0,104200.0,NHN벅스,,
00645089,2020,-4474237723.0,2054585069.0,87952924227.0,68720426014.0,,99589700116.0,104200.0,NHN벅스,,
01210190,2020,8154813308.0,9642704849.0,40751220934.0,43726831777.0,,27542814944.0,348030.0,모비릭스,,
00238977,2015,8312695891.0,16321797839.0,136556800297.0,118771438297.0,93635928696.0,131699688546.0,134780.0,에스엠화진,,
00238977,2016,10031977308.0,13567736950.0,134352057516.0,113266461417.0,91314536894.0,136556800297.0,134780.0,에스엠화진,,
00238977,2017,-6640235934.0,15252563140.0,126623637845.0,89049286122.0,72046840118.0,134352057516.0,134780.0,에스엠화진,,
00238977,2018,-23875084898.0,-5740730843.0,116257625652.0,79590239552.0,67563785968.0,126623637845.0,134780.0,에스엠화진,,
00238977,2019,-23875084898.0,-5740730843.0,116257625652.0,79590239552.0,67563785968.0,126623637845.0,134780.0,에스엠화진,,
00238977,2020,-23589391521.0,-5574929584.0,53477952559.0,29178279776.0,31646300453.0,59008911203.0,134780.0,에스엠화진,,
00983934,2019,4981293774.0,8528325966.0,95666665340.0,106436331048.0,59274613315.0,68986867000.0,289010.0,아이스크림에듀,,
00983934,2020,750124810.0,-2025660581.0,99812769916.0,115520448106.0,66337143641.0,95666665340.0,289010.0,아이스크림에듀,,
00117577,2015,177107597217.0,482078532918.0,2998838792923.0,2382377301315.0,1267654383680.0,2932519219270.0,1800.0,오리온홀딩스,,
00117577,2016,249049643991.0,340626404934.0,2908864464708.0,2386269282408.0,1235596513271.0,2998838792923.0,1800.0,오리온홀딩스,,
00117577,2017,1486406463796.0,-8784025368.0,4302849629124.0,112748277933.0,85244091657.0,2908864464708.0,1800.0,오리온홀딩스,,
00117577,2018,118294877940.0,350515236757.0,4342134127722.0,1997682828008.0,1100287563880.0,4302849629124.0,1800.0,오리온홀딩스,,
00117577,2019,156389780756.0,342587759965.0,4366333653455.0,2103591289157.0,1175362310441.0,4342134127722.0,1800.0,오리온홀딩스,,
00117577,2020,218531878719.0,420303273309.0,4497550946110.0,2280487378280.0,1317085603639.0,4366333653455.0,1800.0,오리온홀딩스,,
00351375,2015,945319274.0,4630517164.0,28221754798.0,35061345554.0,24606539680.0,26465224612.0,60260.0,뉴보텍,,
00351375,2016,616181233.0,1213238812.0,31291657345.0,35898522121.0,23950713219.0,28221754798.0,60260.0,뉴보텍,,
00351375,2017,-950459292.0,-2521646063.0,30896817028.0,41019670243.0,30467821506.0,31291657345.0,60260.0,뉴보텍,,
00351375,2018,-1880017727.0,-993235787.0,30303893533.0,39973361798.0,29082417060.0,30896817028.0,60260.0,뉴보텍,,
00351375,2019,1803528537.0,4538348167.0,46232673453.0,41769159681.0,29856385191.0,30303893533.0,60260.0,뉴보텍,,
00351375,2020,-5568608711.0,-1872508470.0,53356558903.0,42551789035.0,35169781237.0,46232673453.0,60260.0,뉴보텍,,
00791209,2015,-7752774455.0,-3558414881.0,16405118147.0,11450627553.0,10529146159.0,19672573787.0,118000.0,메타케어,,
00791209,2016,-8620667204.0,-4851448725.0,28844768027.0,11232856464.0,11893267373.0,16405118147.0,118000.0,메타케어,,
00791209,2017,-2903862151.0,-12687553541.0,36741414673.0,36880327354.0,32968435558.0,28844768027.0,118000.0,메타케어,,
00791209,2018,-12109841592.0,-2708019619.0,61440299651.0,34471966030.0,32511578772.0,36741414673.0,118000.0,메타케어,,
00791209,2019,-4806226997.0,1244910381.0,69804707697.0,56155488904.0,51853327135.0,61440299651.0,118000.0,메타케어,,
00791209,2020,11221115165.0,3794995862.0,138292817270.0,26895986464.0,24433357921.0,69804707697.0,118000.0,메타케어,,
00627029,2015,-15328714425.0,-2467205195.0,41600894593.0,35491020803.0,33491166155.0,49546448533.0,99520.0,DGI,,
00627029,2016,-6938378136.0,1639944266.0,25572864699.0,24517261276.0,18848111428.0,41600894593.0,99520.0,DGI,,
00627029,2017,-337113556.0,-3931535407.0,27909279937.0,31094348791.0,22775542332.0,25572864699.0,99520.0,DGI,,
00627029,2018,-1917861409.0,457581289.0,20596414484.0,27666210201.0,22984841391.0,27909279937.0,99520.0,DGI,,
00627029,2019,-5005679235.0,-531481300.0,22007317088.0,31861191505.0,26918913256.0,20596414484.0,99520.0,DGI,,
00627029,2020,-6945516250.0,-7007594470.0,44943673184.0,29958304344.0,23446916499.0,22007317088.0,99520.0,DGI,,
00580065,2015,-3503788080.0,7140111672.0,114692621856.0,67628330811.0,51507767186.0,125308406567.0,101160.0,월덱스,,
00580065,2016,495098745.0,6147829922.0,114841662432.0,69470428499.0,51959046626.0,114692621856.0,101160.0,월덱스,,
00580065,2017,6906007827.0,13420693366.0,109817234274.0,88763718986.0,64042371047.0,114841662432.0,101160.0,월덱스,,
00580065,2018,17522203767.0,12180031365.0,131780710747.0,105542799816.0,70187005404.0,109817234274.0,101160.0,월덱스,,
00580065,2019,19422023095.0,28049045862.0,149727469597.0,117442639301.0,79345893021.0,131780710747.0,101160.0,월덱스,,
00580065,2020,21785604274.0,24586116089.0,170256063952.0,155682273423.0,104516406853.0,149727469597.0,101160.0,월덱스,,
00231044,2015,-10649362563.0,955533924.0,80588628088.0,39739564511.0,29107378460.0,95230909123.0,32820.0,우리기술,,
00231044,2016,4986482464.0,4123009859.0,82328277892.0,31453884900.0,19344909762.0,80588628088.0,32820.0,우리기술,,
00231044,2017,3265238605.0,5686592023.0,85218107870.0,30179282151.0,16967949902.0,82328277892.0,32820.0,우리기술,,
00231044,2018,-8340145633.0,696393768.0,91614306833.0,28192114567.0,22028821120.0,85218107870.0,32820.0,우리기술,,
00231044,2019,-11358506283.0,-10031601170.0,104000980844.0,32592805465.0,28821363208.0,91614306833.0,32820.0,우리기술,,
00231044,2020,-1411519470.0,789650076.0,118299501230.0,49911171537.0,35567716725.0,104288316102.0,32820.0,우리기술,,
00113544,2015,-15624198731.0,-4987873401.0,516448517653.0,135360923722.0,134700792254.0,523871825630.0,3830.0,대한화섬,,
00113544,2016,15337504071.0,15724476074.0,483677416755.0,104629273873.0,98901474405.0,516448517653.0,3830.0,대한화섬,,
00113544,2017,20411062089.0,5519970188.0,558937149019.0,110839357991.0,98123038603.0,483677416755.0,3830.0,대한화섬,,
00113544,2018,44246505494.0,3688515358.0,583452286186.0,107660511859.0,99679113707.0,558937149019.0,3830.0,대한화섬,,
00113544,2019,22519885179.0,9180374538.0,609361575519.0,114236033693.0,102942115158.0,583452286186.0,3830.0,대한화섬,,
00113544,2020,16203021238.0,13239567378.0,722306185177.0,86893259068.0,77516379915.0,609361575519.0,3830.0,대한화섬,,
00163673,2015,-122140000000.0,58760000000.0,2646968000000.0,1292145000000.0,1188913000000.0,2722203000000.0,3480.0,한진중공업홀딩스,,
00163673,2016,-457246000000.0,25623000000.0,2109958000000.0,299984000000.0,257701000000.0,2585756000000.0,3480.0,한진중공업홀딩스,,
00163673,2017,-159629000000.0,35046000000.0,1918648000000.0,906723000000.0,968479000000.0,2277519000000.0,3480.0,한진중공업홀딩스,,
00163673,2018,-270000000.0,57164000000.0,1873603000000.0,946003000000.0,918344000000.0,1918648000000.0,3480.0,한진중공업홀딩스,,
00163673,2019,30355000000.0,67014000000.0,1860663000000.0,877642000000.0,839220000000.0,1873603000000.0,3480.0,한진중공업홀딩스,,
00163673,2020,-3605000000.0,78032000000.0,1837185000000.0,759207000000.0,744818000000.0,1860663000000.0,3480.0,한진중공업홀딩스,,
00624998,2015,2924746438.0,3763702275.0,87010772370.0,73705694437.0,52183566959.0,75502975281.0,123330.0,제닉,,
00624998,2016,1225309385.0,1925351188.0,101564361279.0,89667858260.0,64373198085.0,87010772370.0,123330.0,제닉,,
00624998,2017,-7467254434.0,-4086666337.0,93382565765.0,64690430225.0,52363884412.0,101564361279.0,123330.0,제닉,,
00624998,2018,-15322553689.0,-8903208543.0,73312096030.0,69027048067.0,61525706809.0,93382565765.0,123330.0,제닉,,
00624998,2019,-11959234709.0,1376916588.0,58148661688.0,52261354591.0,46249248791.0,73312096030.0,123330.0,제닉,,
00624998,2020,-4353442753.0,212663507.0,50097357462.0,42131838169.0,33036165582.0,58148661688.0,123330.0,제닉,,
00128607,2015,12520584501.0,13864532601.0,129367700326.0,126743718923.0,85371331807.0,118759765636.0,24950.0,삼천리자전거,,
00128607,2016,6465356832.0,-5324757214.0,160770840550.0,142772045569.0,97068468274.0,129367700326.0,24950.0,삼천리자전거,,
00128607,2017,3340529017.0,4496521364.0,167136245562.0,111058055985.0,73864615578.0,160770840550.0,24950.0,삼천리자전거,,
00128607,2018,-15363203879.0,-8101990682.0,161804733705.0,79612479299.0,53449170396.0,167136245562.0,24950.0,삼천리자전거,,
00128607,2019,-8322500308.0,4174308818.0,146726691011.0,87105783517.0,64079344645.0,161804733705.0,24950.0,삼천리자전거,,
00128607,2020,13156700821.0,13849569644.0,126893302002.0,120849937238.0,79361687982.0,146726691011.0,24950.0,삼천리자전거,,
00206039,2015,8175313623.0,-8622987520.0,146327096510.0,291240518174.0,271844041933.0,137170494917.0,39240.0,경남스틸,,
00206039,2016,839290302.0,18934423336.0,130501358012.0,265518715079.0,251245661231.0,146327096510.0,39240.0,경남스틸,,
00206039,2017,4254725593.0,-758435950.0,148087552264.0,286980520049.0,270742158786.0,130501358012.0,39240.0,경남스틸,,
00206039,2018,5376211415.0,22829980649.0,141729071439.0,274946877327.0,259617808918.0,148087552264.0,39240.0,경남스틸,,
00206039,2019,4638327702.0,10915652389.0,141926690622.0,318211302641.0,302698235927.0,141729071439.0,39240.0,경남스틸,,
00206039,2020,2976949512.0,8411730495.0,138711489998.0,297524763598.0,283880430597.0,141926690622.0,39240.0,경남스틸,,
00163716,2015,-635087000.0,-10792000818.0,67607183866.0,17167064630.0,10214946525.0,44038163550.0,5110.0,한창,,
00163716,2016,4347837876.0,11092695751.0,82275229102.0,50460142278.0,38052305558.0,67607183866.0,5110.0,한창,,
00163716,2017,4424189263.0,9764402047.0,103882929174.0,112028726382.0,93060040014.0,82275229102.0,5110.0,한창,,
00163716,2018,1542836017.0,-11225253099.0,106233877672.0,99100977612.0,79946868052.0,103882929174.0,5110.0,한창,,
00163716,2019,-1808270962.0,10160070990.0,91847934347.0,69033370727.0,50109515426.0,106233877672.0,5110.0,한창,,
00163716,2020,-22329524421.0,-13890914681.0,117760361319.0,35824105606.0,25558872556.0,91847934347.0,5110.0,한창,,
01412822,2019,4493418770.0,20949949722.0,494200175438.0,69994767555.0,46395659683.0,,336370.0,솔루스첨단소재,,
01412822,2020,-11038453090.0,-30759347913.0,841168486543.0,290163176318.0,193425892496.0,494200175438.0,336370.0,솔루스첨단소재,,
00232821,2015,-16363212163.0,552017546.0,75826535753.0,20574074992.0,17035362220.0,96490084458.0,36170.0,에이치엠넥스,,
00232821,2016,603062658.0,4368177646.0,69188583602.0,17665254707.0,12523403009.0,75826535753.0,36170.0,에이치엠넥스,,
00232821,2017,-855751580.0,3275936749.0,95146781482.0,16593461728.0,11761122451.0,69188583602.0,36170.0,에이치엠넥스,,
00232821,2018,-2337633330.0,1744607588.0,111447884210.0,14413626051.0,11424745415.0,95146781482.0,36170.0,에이치엠넥스,,
00232821,2019,-13773633320.0,1686508384.0,102245081929.0,13489258844.0,10619268444.0,111447884210.0,36170.0,에이치엠넥스,,
00232821,2020,-11564598169.0,-1296827742.0,105224655226.0,13574213725.0,11061395137.0,102245081929.0,36170.0,에이치엠넥스,,
00110431,2015,226859542.0,-22077431.0,127679624999.0,76945005888.0,32064173015.0,126989598438.0,67290.0,JW신약,,
00110431,2016,-499119133.0,743199723.0,143606102630.0,83384684293.0,36392821216.0,127679624999.0,67290.0,JW신약,,
00110431,2017,-6083659428.0,-2496072835.0,123356679369.0,76842747509.0,38585451024.0,139478855982.0,67290.0,JW신약,,
00110431,2018,-7523431121.0,7404487929.0,109205556537.0,91776092096.0,47725170586.0,123356679369.0,67290.0,JW신약,,
00110431,2019,1444483376.0,4309216379.0,136854613098.0,102531447449.0,54978831292.0,109205556537.0,67290.0,JW신약,,
00110431,2020,-6451174260.0,4099245567.0,96327182404.0,103802657003.0,58648441504.0,136854613098.0,67290.0,JW신약,,
00608316,2015,-1258088068.0,898124810.0,40599675851.0,41604516068.0,31046182442.0,40799790231.0,131220.0,대한과학,,
00608316,2016,2248140561.0,4123203417.0,40753772993.0,46070952727.0,34454415059.0,40599675851.0,131220.0,대한과학,,
00608316,2017,1346157192.0,4580725035.0,36895656184.0,41364830422.0,29555629924.0,40753772993.0,131220.0,대한과학,,
00608316,2018,2516974858.0,3756671104.0,39034817944.0,47055603332.0,34462766573.0,36895656184.0,131220.0,대한과학,,
00608316,2019,1949876633.0,2438782485.0,44443512724.0,55165315655.0,41172486075.0,39034817944.0,131220.0,대한과학,,
00608316,2020,2751897204.0,5345969691.0,44962230414.0,61508211611.0,46050439314.0,44443512724.0,131220.0,대한과학,,
00860730,2015,6866115870.0,1424879069.0,59293462810.0,52814336101.0,43264632619.0,82010553082.0,140910.0,에이자기관리부동산투자회사,,
00860730,2016,4498411190.0,29329148361.0,31906745112.0,33570169558.0,23739226808.0,59293462810.0,140910.0,에이자기관리부동산투자회사,,
00860730,2017,-877432607.0,-48037116181.0,68745347950.0,509008911.0,,31906745112.0,140910.0,에이자기관리부동산투자회사,,
00860730,2018,3566629207.0,12111391652.0,86204474320.0,22766202184.0,15890902305.0,68745347950.0,140910.0,에이자기관리부동산투자회사,,
00860730,2019,7352654844.0,-905442389.0,92116263389.0,60871450483.0,45139591297.0,86204474320.0,140910.0,에이자기관리부동산투자회사,,
00860730,2020,6680022873.0,49306784325.0,43097233430.0,53496484424.0,41863164753.0,92116263389.0,140910.0,에이자기관리부동산투자회사,,
00632845,2018,4486045974.0,1995928470.0,98461419870.0,92775359629.0,,100337495831.0,104620.0,노랑풍선,,
00632845,2019,-1655832934.0,6411000010.0,114981929224.0,76779803060.0,,98461419870.0,104620.0,노랑풍선,,
00632845,2020,-5901271545.0,-22148131691.0,79594957602.0,19959493919.0,,114981929224.0,104620.0,노랑풍선,,
00977641,2015,2822832214.0,339511752.0,45861701851.0,,5889517138.0,53398463164.0,149980.0,하이로닉,,
00977641,2016,595147724.0,500838867.0,44722987914.0,,5540659203.0,45861701851.0,149980.0,하이로닉,,
00977641,2017,762581128.0,1444674521.0,50030989454.0,18132156405.0,6256898020.0,44722987914.0,149980.0,하이로닉,,
00977641,2018,140762967.0,-1459807791.0,43012662487.0,20327715936.0,8403755429.0,50030989454.0,149980.0,하이로닉,,
00977641,2019,3048462456.0,4292744974.0,46866860664.0,20128482777.0,8128615622.0,43012662487.0,149980.0,하이로닉,,
00977641,2020,3216733485.0,4108681021.0,44757846015.0,12985881782.0,4920628921.0,46866860664.0,149980.0,하이로닉,,
01063556,2017,-1740592997.0,-617958851.0,12348113767.0,20555767246.0,1299106231.0,9163927433.0,233990.0,질경이,,
01063556,2018,-3040862212.0,-329726312.0,13242650164.0,21533549800.0,3364785870.0,12348113767.0,233990.0,질경이,,
01063556,2019,-1300363894.0,87804479.0,9846087430.0,22909827614.0,4438230401.0,13242650164.0,233990.0,질경이,,
01063556,2020,-1146181205.0,-965460561.0,8445845201.0,12278775877.0,3416175750.0,9846087430.0,233990.0,질경이,,
00127200,2015,13828335981.0,30872625793.0,486762191679.0,221276798834.0,187697287874.0,481517084027.0,5680.0,삼영전자공업,,
00127200,2016,13207680772.0,21721904383.0,492573625878.0,214931095558.0,182925419798.0,486762191679.0,5680.0,삼영전자공업,,
00127200,2017,10579642863.0,14718410005.0,497600533268.0,229376304638.0,198327304655.0,492573625878.0,5680.0,삼영전자공업,,
00127200,2018,15130040013.0,11567944044.0,508021433074.0,249682908214.0,215243914524.0,497600533268.0,5680.0,삼영전자공업,,
00127200,2019,8554284980.0,22485829021.0,502682602784.0,200957322185.0,176195211253.0,508021433074.0,5680.0,삼영전자공업,,
00127200,2020,11424172220.0,20481142075.0,513873621850.0,200568030314.0,171520561562.0,502682602784.0,5680.0,삼영전자공업,,
01166109,2019,-2981987375.0,4996271200.0,48570876673.0,58932975175.0,40341622657.0,35681342022.0,250930.0,예선테크,,
01166109,2020,1687945728.0,-1039780229.0,70118373201.0,57336533079.0,41830336343.0,48570876673.0,250930.0,예선테크,,
00124799,2015,24383598795.0,35899222409.0,903081489979.0,905167749745.0,775138094423.0,1212461372376.0,7160.0,사조산업,,
00124799,2016,30055720674.0,38318422894.0,1010707866232.0,702112597817.0,605209532934.0,903081489979.0,7160.0,사조산업,,
00124799,2017,54127597976.0,66405115460.0,1057266169659.0,816027206701.0,706779307833.0,1010707866232.0,7160.0,사조산업,,
00124799,2018,41196834515.0,16442562871.0,1175998144636.0,782090587232.0,688994638918.0,1057266169659.0,7160.0,사조산업,,
00124799,2019,-14445128812.0,36530381306.0,1137411085874.0,735428242744.0,678930013307.0,1175998144636.0,7160.0,사조산업,,
00124799,2020,12133246358.0,55288538563.0,1087398591007.0,621927419953.0,567117655545.0,1137411085874.0,7160.0,사조산업,,
00260657,2015,-8406756246.0,671802009.0,76725771954.0,50383419123.0,30683707882.0,94874561331.0,36220.0,오상헬스케어,,
00260657,2017,8848437748.0,-460330576.0,78820370718.0,54339923230.0,36546427849.0,78478668027.0,36220.0,오상헬스케어,,
00260657,2018,2146291155.0,971802033.0,81161511766.0,56145505371.0,38029078803.0,78820370718.0,36220.0,오상헬스케어,,
00260657,2020,124996259146.0,101161764562.0,244715665149.0,257967344456.0,67604911521.0,91874017794.0,36220.0,오상헬스케어,,
00264714,2015,11296046144.0,41929341611.0,1086138690513.0,913193254644.0,766559212395.0,1012835164259.0,40610.0,SG&G,,
00264714,2016,25731973804.0,47622396515.0,1279921140165.0,1199996426288.0,1022498084168.0,1086138690513.0,40610.0,SG&G,,
00264714,2017,-1419803838.0,107083121032.0,1234294673697.0,1217586996656.0,1058210800970.0,1288045559720.0,40610.0,SG&G,,
00264714,2018,-5935397905.0,-24160863825.0,1223906290256.0,1088824262465.0,947836188781.0,1234294673697.0,40610.0,SG&G,,
00264714,2019,3372457292.0,44255297411.0,1121522423866.0,938887548402.0,800057367570.0,1223906290256.0,40610.0,SG&G,,
00264714,2020,26567091077.0,202764174.0,331120273758.0,40389407736.0,36509941106.0,1121522423866.0,40610.0,SG&G,,
00361008,2015,-125442489291.0,-44145127108.0,1406041510684.0,693645086189.0,694797317070.0,1540296587633.0,82740.0,한화엔진,,
00361008,2016,-181226463337.0,4541869696.0,1356449525065.0,802916582708.0,761285101081.0,1406041510684.0,82740.0,한화엔진,,
00361008,2017,-10343239654.0,-69384651452.0,1231347086984.0,768870296519.0,713894999529.0,1356449525065.0,82740.0,한화엔진,,
00361008,2018,-18680215762.0,18438513226.0,743406486181.0,511302114055.0,509442436452.0,1231347086984.0,82740.0,한화엔진,,
00361008,2019,-41444357903.0,-64742927585.0,830139139349.0,674278133124.0,663569005391.0,743406486181.0,82740.0,한화엔진,,
00361008,2020,6048165320.0,83800097942.0,723300346064.0,829994723288.0,776694904387.0,830139139349.0,82740.0,한화엔진,,
00201450,2015,17141927591.0,-53176047737.0,1033758137281.0,632145881647.0,,887193336706.0,68400.0,에스케이렌터카,,
00201450,2016,6830557286.0,-71954546097.0,1157648505789.0,647644443688.0,,1033758137281.0,68400.0,에스케이렌터카,,
00201450,2017,12271400812.0,-49589026733.0,1216524910571.0,636765265938.0,,1157648505789.0,68400.0,에스케이렌터카,,
00201450,2018,3295366951.0,-25344892322.0,1173209251233.0,652521822123.0,,1212164509643.0,68400.0,에스케이렌터카,,
00201450,2019,16301183725.0,-54939756666.0,1645170543768.0,640883398984.0,,1173209251233.0,68400.0,에스케이렌터카,,
00201450,2020,18190877964.0,-123803503190.0,2227147661818.0,863467690572.0,,1645170543768.0,68400.0,에스케이렌터카,,
00177320,2015,4550440765.0,7662522576.0,32418567138.0,31025902631.0,20776870772.0,27790966495.0,36480.0,대성미생물,,
00177320,2016,4494824849.0,3521009489.0,35607494375.0,30801318691.0,20582690187.0,32418567138.0,36480.0,대성미생물,,
00177320,2017,1557554002.0,1680635720.0,34782458784.0,24043374255.0,16815820687.0,35607494375.0,36480.0,대성미생물,,
00177320,2018,3170130267.0,3136456276.0,38098477474.0,25097137621.0,16864981940.0,34782458784.0,36480.0,대성미생물,,
00177320,2019,2471116608.0,2315464262.0,51027757523.0,25133939937.0,16690947261.0,38098477474.0,36480.0,대성미생물,,
00177320,2020,1518642515.0,3236338773.0,62262934876.0,24800990358.0,16760197791.0,51027757523.0,36480.0,대성미생물,,
00384887,2015,-3043122659.0,16655143199.0,172053764334.0,179934202317.0,167092355967.0,184201078031.0,71670.0,에이테크솔루션,,
00384887,2016,1284565024.0,16581476749.0,159801563434.0,229079837993.0,206176167197.0,172053764334.0,71670.0,에이테크솔루션,,
00384887,2017,-467720050.0,7512897949.0,166862522497.0,212932769571.0,195554086829.0,159801563434.0,71670.0,에이테크솔루션,,
00384887,2018,652059954.0,-1374098203.0,176520982563.0,193979393080.0,175940957161.0,166862522497.0,71670.0,에이테크솔루션,,
00384887,2019,1545515323.0,5898991628.0,188963883412.0,228200652929.0,205919011546.0,176520982563.0,71670.0,에이테크솔루션,,
00384887,2020,2910691944.0,15660696788.0,182295397611.0,240114700312.0,217098637758.0,188963883412.0,71670.0,에이테크솔루션,,
00549891,2015,12810953922.0,11957000821.0,249422702426.0,30233597535.0,6889441712.0,61978670175.0,214370.0,케어젠,,
00549891,2016,11369732033.0,-15957721199.0,230681994725.0,30904870647.0,8234933159.0,,214370.0,케어젠,,
00549891,2017,18229326873.0,47878709695.0,221822603101.0,46531030175.0,12337893026.0,230681994725.0,214370.0,케어젠,,
00549891,2018,16251788540.0,-6821342120.0,218938147534.0,51211119937.0,18360871554.0,221822603101.0,214370.0,케어젠,,
00549891,2019,28019473514.0,69659446950.0,231847040571.0,64698623362.0,11003474850.0,218938147534.0,214370.0,케어젠,,
00549891,2020,31449220782.0,30775990492.0,216556145567.0,60295113424.0,11650626488.0,231847040571.0,214370.0,케어젠,,
00495554,2015,3896016727.0,-6932102577.0,180285966155.0,456097955470.0,440230209652.0,204634247733.0,90740.0,와이앤넥스트,,
00495554,2016,-837956868.0,12532259524.0,149291310742.0,398021215390.0,379659894144.0,180285966155.0,90740.0,와이앤넥스트,,
00495554,2017,-18341547631.0,11446544283.0,125821571367.0,271957133419.0,270411638397.0,149291310742.0,90740.0,와이앤넥스트,,
00495554,2018,1149337109.0,9222653677.0,133825838055.0,287318791557.0,271324399683.0,125821571367.0,90740.0,와이앤넥스트,,
00495554,2019,6448239409.0,17693096814.0,237655059159.0,316139181732.0,294853638759.0,133825838055.0,90740.0,와이앤넥스트,,
00495554,2020,-92353972887.0,-7603513358.0,135975086511.0,267171122566.0,254709694400.0,237655059159.0,90740.0,와이앤넥스트,,
00990262,2018,730471572.0,3765783642.0,13115938588.0,21566238489.0,14229054234.0,12075223820.0,150440.0,피노텍,,
00990262,2019,-1737108570.0,-5688146043.0,15965336395.0,16094369196.0,11930868172.0,13115938588.0,150440.0,피노텍,,
00990262,2020,-990980507.0,2901525304.0,15857578397.0,8643716684.0,6631724211.0,16009161215.0,150440.0,피노텍,,
00152589,2015,6237299107.0,3075294867.0,121613974955.0,136517442372.0,57006670137.0,114446178259.0,27050.0,코리아나,,
00152589,2016,4066481895.0,6375478801.0,118519737995.0,124019612212.0,52755829825.0,121613974955.0,27050.0,코리아나,,
00152589,2017,1769137498.0,7446051739.0,121097693765.0,111708970137.0,44457133193.0,118519737995.0,27050.0,코리아나,,
00152589,2018,1654415782.0,5087949047.0,122612031443.0,115727727331.0,49693441717.0,121097693765.0,27050.0,코리아나,,
00152589,2019,513457036.0,6518828280.0,122298260047.0,117202281512.0,64070756207.0,122612031443.0,27050.0,코리아나,,
00152589,2020,-538794173.0,1112215065.0,114172898312.0,86658437013.0,46587116600.0,122298260047.0,27050.0,코리아나,,
00145738,2015,-1806577839.0,-5968932519.0,81521838533.0,40965394572.0,33550636156.0,113588184106.0,24810.0,이화전기공업,,
00145738,2016,-4343398403.0,-488126360.0,92039550123.0,45745866083.0,37277826632.0,81521838533.0,24810.0,이화전기공업,,
00145738,2017,5642020352.0,3310141827.0,113001103909.0,47381130495.0,37887420177.0,92039550123.0,24810.0,이화전기공업,,
00145738,2018,-1967363728.0,-12638403533.0,204447459569.0,42045721673.0,37118179016.0,113001103909.0,24810.0,이화전기공업,,
00145738,2019,75694752.0,14653141002.0,226073916755.0,56846634960.0,47897565191.0,204447459569.0,24810.0,이화전기공업,,
00145738,2020,-19919222286.0,-5324615433.0,255456838717.0,53295891764.0,48037886947.0,226073916755.0,24810.0,이화전기공업,,
00579980,2019,41666847581.0,41333846849.0,430519931206.0,397697086094.0,299381020868.0,240843668816.0,84850.0,아이티엠반도체,,
00579980,2020,14679637389.0,29628069389.0,436355434000.0,391052584601.0,315135396030.0,430519931206.0,84850.0,아이티엠반도체,,
00497631,2015,782324720.0,4417851419.0,124342524494.0,93233988705.0,84744508475.0,115828919341.0,81150.0,티플랙스,,
00497631,2016,1377881895.0,-699894558.0,129188170692.0,100401650548.0,91681705825.0,124342524494.0,81150.0,티플랙스,,
00497631,2017,2859251075.0,-1561323390.0,134805426278.0,117694298190.0,108856057174.0,129188170692.0,81150.0,티플랙스,,
00497631,2018,2106447552.0,3304725163.0,133205474611.0,121665672868.0,112945135315.0,134805426278.0,81150.0,티플랙스,,
00497631,2019,2219506088.0,3583392772.0,151967839559.0,131217032534.0,122051620284.0,133205474611.0,81150.0,티플랙스,,
00497631,2020,3793887345.0,7262798051.0,149129294684.0,132616586031.0,122894988664.0,151967839559.0,81150.0,티플랙스,,
00874803,2015,8807917137.0,4598527651.0,42107092947.0,36467603327.0,18823687488.0,36448424558.0,211270.0,AP위성,,
00874803,2016,5955122853.0,-1361572663.0,85989622302.0,24891104313.0,16191745430.0,42107092947.0,211270.0,AP위성,,
00874803,2017,65521281.0,7102551778.0,103715771342.0,30047518280.0,22212544239.0,85989622302.0,211270.0,AP위성,,
00874803,2018,-664742250.0,-1059430145.0,99703730899.0,42843708317.0,36987999470.0,103715771342.0,211270.0,AP위성,,
00874803,2019,713709314.0,7119962177.0,102642812999.0,45653106268.0,32208449755.0,99703730899.0,211270.0,AP위성,,
00874803,2020,-1361421642.0,15507478599.0,112747417633.0,45379281619.0,34446527593.0,102642812999.0,211270.0,AP위성,,
00875237,2020,32104681031.0,74827612430.0,124010226246.0,157926068273.0,71005872371.0,55286167085.0,352700.0,씨앤투스,,
01325979,2018,7030155697.0,14979000168.0,1054118541154.0,433409063446.0,400700656976.0,,306200.0,세아제강,,
01325979,2019,24851986944.0,65871438866.0,1028798817353.0,1227180212283.0,1116640909088.0,1054118541154.0,306200.0,세아제강,,
01325979,2020,33059458451.0,70165935587.0,1052052851837.0,1150466164558.0,1026023508584.0,1028798817353.0,306200.0,세아제강,,
00115676,2015,-48068314520.0,90342175482.0,2890468535790.0,2320792156552.0,2074097509502.0,3393941145702.0,16380.0,KG스틸,,
00115676,2016,-72710584483.0,317476564371.0,2823220555702.0,2328039348201.0,2032527035222.0,2890468535790.0,16380.0,KG스틸,,
00115676,2017,-124509402923.0,183130967439.0,2684673883371.0,2596196910511.0,2430128747412.0,2823220555702.0,16380.0,KG스틸,,
00115676,2018,-66060478504.0,-8222718087.0,2506058873996.0,2545097237645.0,2454692968816.0,2552471978263.0,16380.0,KG스틸,,
00115676,2019,-33537540472.0,-169803209911.0,2355272181531.0,2428250197414.0,2289326318593.0,2506058873996.0,16380.0,KG스틸,,
00115676,2020,66893129338.0,130038502401.0,2257720824135.0,2342443590900.0,2132672808127.0,2355272181531.0,16380.0,KG스틸,,
00225742,2015,4144954602.0,16294983588.0,160313878701.0,66418207200.0,55758689708.0,111876658401.0,60370.0,LS마린솔루션,,
00225742,2016,5145917875.0,10071508788.0,156993479735.0,83959505964.0,71398914512.0,160313878701.0,60370.0,LS마린솔루션,,
00225742,2017,8242548460.0,29415640207.0,142796538646.0,73738393176.0,59432222050.0,156993479735.0,60370.0,LS마린솔루션,,
00225742,2018,-4286227452.0,-984725803.0,130714615829.0,61278284017.0,62265419202.0,142796538646.0,60370.0,LS마린솔루션,,
00225742,2019,486032423.0,17982030834.0,120947251035.0,55167640962.0,48805009242.0,130714615829.0,60370.0,LS마린솔루션,,
00225742,2020,1197007978.0,-1636965249.0,116812532468.0,52225722453.0,51535992941.0,120947251035.0,60370.0,LS마린솔루션,,
00120030,2015,29476718638.0,-7759524551.0,13005492988073.0,10572620348180.0,10025035483206.0,13094708930347.0,6360.0,GS건설,,
00120030,2016,-20431464417.0,81209580341.0,13376589310291.0,11035596402664.0,10547356619018.0,13005492988073.0,6360.0,GS건설,,
00120030,2017,-163676081910.0,-205488511524.0,13696614623700.0,11679456006382.0,10876113911216.0,13376589310291.0,6360.0,GS건설,,
00120030,2018,587434395163.0,1032946850397.0,12033275312727.0,13139372923261.0,11511807548164.0,13696614623700.0,6360.0,GS건설,,
00120030,2019,447479242607.0,759268850595.0,13171205734337.0,10416589201821.0,9018721377045.0,12033275312727.0,6360.0,GS건설,,
00120030,2020,329675683016.0,553879345019.0,13770677888907.0,10122930837450.0,8587843235436.0,13171205734337.0,6360.0,GS건설,,
00245694,2018,4214585483.0,4818671835.0,145441308308.0,13448740335.0,,130818867570.0,111710.0,남화산업,,
00245694,2019,3080123012.0,6565412168.0,147317586842.0,15007014542.0,,145441308308.0,111710.0,남화산업,,
00245694,2020,6610197685.0,8442605836.0,153225911806.0,17713931824.0,,147317586842.0,111710.0,남화산업,,
00128555,2015,37223888439.0,194007173054.0,3543526900029.0,3667872078940.0,3340482340857.0,3659823478411.0,4690.0,삼천리,,
00128555,2016,20057055252.0,329878874930.0,3690167117600.0,3063254300572.0,2767060884607.0,3543526900029.0,4690.0,삼천리,,
00128555,2017,5128383168.0,100258622907.0,3704259229453.0,3295097685509.0,2976575844547.0,3690167117600.0,4690.0,삼천리,,
00128555,2018,26603771046.0,125020395517.0,3699411189487.0,3458139501166.0,3109806792353.0,3704259229453.0,4690.0,삼천리,,
00128555,2019,35974986020.0,317059914452.0,3912362194864.0,3461627492922.0,3098981460672.0,3699411189487.0,4690.0,삼천리,,
00128555,2020,27252090370.0,100270561568.0,3859947627781.0,3213828580349.0,2828065400006.0,3912362194864.0,4690.0,삼천리,,
00255275,2015,6840427302.0,16849817859.0,113213790285.0,145657335800.0,118399847623.0,119847705570.0,78150.0,HB테크놀러지,,
00255275,2016,29384760405.0,50901808549.0,200705613464.0,270465702282.0,211117348589.0,113213790285.0,78150.0,HB테크놀러지,,
00255275,2017,37781093548.0,49862309968.0,200161636220.0,285223838016.0,211233865880.0,200705613464.0,78150.0,HB테크놀러지,,
00255275,2018,8114958890.0,-7309857565.0,246035425785.0,273910965443.0,243921964508.0,200161636220.0,78150.0,HB테크놀러지,,
00255275,2019,5755801285.0,9505538688.0,286110809289.0,280566410814.0,242956070461.0,246035425785.0,78150.0,HB테크놀러지,,
00255275,2020,826876756.0,16255984520.0,281426235199.0,274248087787.0,242129799473.0,286110809289.0,78150.0,HB테크놀러지,,
00134510,2015,19812036261.0,28673486012.0,914404459150.0,1199065672323.0,1051327067205.0,858809961341.0,33530.0,SJG세종,,
00134510,2016,13821381337.0,81731491806.0,952518535473.0,1154386863205.0,1002979621348.0,914404459150.0,33530.0,SJG세종,,
00134510,2017,-7572689908.0,-12818862161.0,900553567979.0,1035914242887.0,923228058715.0,952518535473.0,33530.0,SJG세종,,
00134510,2018,-19354678386.0,34006352566.0,871007601480.0,1099512616095.0,986668957569.0,900553567979.0,33530.0,SJG세종,,
00134510,2019,1918380843.0,70937481153.0,996027850575.0,1221703004122.0,1086167543352.0,871007601480.0,33530.0,SJG세종,,
00134510,2020,-21850776814.0,34462644427.0,1158750683420.0,1182774447663.0,1067700606383.0,996027850575.0,33530.0,SJG세종,,
00166315,2015,-24566392940.0,29120537911.0,900499508379.0,1251698928140.0,1137013999783.0,927526528217.0,10690.0,화신,,
00166315,2016,48217843737.0,57568258410.0,964142090284.0,1249725574186.0,1112026773852.0,900499508379.0,10690.0,화신,,
00166315,2017,-30941150066.0,-20144172785.0,846408268927.0,1066933942166.0,1006045301294.0,964142090284.0,10690.0,화신,,
00166315,2018,-57119792225.0,7174538594.0,828226155325.0,1075815800265.0,1029940529798.0,846408268927.0,10690.0,화신,,
00166315,2019,6622598513.0,81767376883.0,808403060806.0,1164322416812.0,1090492355419.0,828226155325.0,10690.0,화신,,
00166315,2020,-54248883110.0,39627393805.0,822660475416.0,1085541981389.0,1028521343497.0,808403060806.0,10690.0,화신,,
00415327,2015,3254318427.0,9930040356.0,62102500727.0,34604971506.0,22392315826.0,60598561678.0,72020.0,중앙백신,,
00415327,2016,6209262466.0,7710362672.0,73542679667.0,37899733054.0,21023489908.0,62102500727.0,72020.0,중앙백신,,
00415327,2017,4579465281.0,7561921921.0,81623822763.0,31866533951.0,16727092999.0,73542679667.0,72020.0,중앙백신,,
00415327,2018,3454194482.0,5709321472.0,96743996084.0,33152986676.0,19484496722.0,81623822763.0,72020.0,중앙백신,,
00415327,2019,1854212616.0,8298645713.0,96567449922.0,32902915074.0,18950964867.0,96743996084.0,72020.0,중앙백신,,
00415327,2020,3163789038.0,8315703526.0,104979265875.0,36317531924.0,19471383281.0,96567449922.0,72020.0,중앙백신,,
00191588,2015,15838537103.0,23513632333.0,223484364623.0,272320966657.0,240915608013.0,211168967333.0,23000.0,삼원강재,,
00191588,2016,14205976984.0,12576415731.0,234265073984.0,268398547826.0,241389293359.0,223484364623.0,23000.0,삼원강재,,
00191588,2017,10996330668.0,29748403736.0,245605264134.0,276173443776.0,253300135735.0,234265073984.0,23000.0,삼원강재,,
00191588,2018,11932056648.0,10518810126.0,253757378233.0,286791821436.0,263181966178.0,245605264134.0,23000.0,삼원강재,,
00191588,2019,10433347560.0,18743751950.0,249461227874.0,269337437512.0,248421759000.0,253757378233.0,23000.0,삼원강재,,
00191588,2020,8119325113.0,11763797666.0,257974236468.0,245989278870.0,225870851069.0,249461227874.0,23000.0,삼원강재,,
00222532,2015,59676898564.0,368235044724.0,2000272843281.0,1182612870217.0,760139529540.0,2170450142849.0,37560.0,LG헬로비전,,
00222532,2016,21512792639.0,275776258507.0,1840191674866.0,1100634800031.0,739318772826.0,2000272843281.0,37560.0,LG헬로비전,,
00222532,2017,28882737680.0,281258258755.0,1868155224355.0,1119895014270.0,723035306671.0,1840191674866.0,37560.0,LG헬로비전,,
00222532,2018,39690621314.0,262556593054.0,1935138661550.0,1178041257956.0,1099738008483.0,1868155224355.0,37560.0,LG헬로비전,,
00222532,2019,-94231348080.0,250434425417.0,1790671377931.0,1112180458963.0,1065333554308.0,1936966228657.0,37560.0,LG헬로비전,,
00222532,2020,-312793599147.0,218615356521.0,1472721455548.0,1057934695627.0,1016612558300.0,1790671377931.0,37560.0,LG헬로비전,,
00524786,2015,2361915218.0,2366876603.0,94423944938.0,55123526062.0,40970778497.0,96611902711.0,86670.0,비엠티,,
00524786,2016,-1188135635.0,6819673237.0,94337400537.0,41125175679.0,31127911063.0,94423944938.0,86670.0,비엠티,,
00524786,2017,3061278644.0,8365437661.0,97251591506.0,63638731266.0,44779145739.0,94337400537.0,86670.0,비엠티,,
00524786,2018,6931938869.0,-5303077890.0,110016675241.0,76878608639.0,54114954034.0,97251591506.0,86670.0,비엠티,,
00524786,2019,5385385129.0,10455424283.0,117489333545.0,74362153244.0,54685889566.0,110016675241.0,86670.0,비엠티,,
00524786,2020,4005082001.0,2919444949.0,147938631173.0,89620822090.0,66217080950.0,117489333545.0,86670.0,비엠티,,
00300548,2015,28826959821.0,14824788645.0,379216031090.0,694209637183.0,534883807669.0,345197898416.0,79430.0,현대리바트,,
00300548,2016,33163882596.0,5452470431.0,419856717596.0,735644904668.0,564738571896.0,379216031090.0,79430.0,현대리바트,,
00300548,2017,36954157941.0,21030579395.0,682759227266.0,888417178480.0,690556059070.0,419856717596.0,79430.0,현대리바트,,
00300548,2018,38881124433.0,6802314818.0,678896575415.0,1351703359765.0,1121192055870.0,682759227266.0,79430.0,현대리바트,,
00300548,2019,19465668792.0,95644957197.0,752808371990.0,1237572970655.0,1023938595161.0,678896575415.0,79430.0,현대리바트,,
00300548,2020,26592767692.0,105415308802.0,803314893273.0,1384629640359.0,1134578626522.0,752808371990.0,79430.0,현대리바트,,
00406046,2015,-4918845781.0,3891700804.0,1419848488937.0,1057213056108.0,975613758034.0,1486441146022.0,71970.0,HD현대마린엔진,,
00406046,2016,-718303975537.0,-6869907013.0,849906703009.0,416489347427.0,528517913436.0,1419848488937.0,71970.0,HD현대마린엔진,,
00406046,2017,735481672640.0,7415608004.0,744314393355.0,252436193526.0,215929915919.0,849906703009.0,71970.0,HD현대마린엔진,,
00406046,2018,-104718213039.0,11573442685.0,567197922629.0,214807698669.0,214280567943.0,744314393355.0,71970.0,HD현대마린엔진,,
00406046,2019,-35895796697.0,-13371473660.0,447548959282.0,253982739416.0,240633884366.0,567197922629.0,71970.0,HD현대마린엔진,,
00406046,2020,1103386004.0,15239525401.0,467363345753.0,247959833753.0,220242415229.0,447548959282.0,71970.0,HD현대마린엔진,,
00530185,2015,29047930652.0,38679849847.0,221554089167.0,311850324940.0,235503143705.0,186276429460.0,102710.0,이엔에프테크놀로지,,
00530185,2016,21631581155.0,45134756677.0,255574341414.0,334284649808.0,254132532917.0,221554089167.0,102710.0,이엔에프테크놀로지,,
00530185,2017,26009440995.0,32896058815.0,265199698961.0,387027300537.0,304349229696.0,255574341414.0,102710.0,이엔에프테크놀로지,,
00530185,2018,29013501030.0,30725983691.0,310659266363.0,425448060680.0,349635498727.0,265199698961.0,102710.0,이엔에프테크놀로지,,
00530185,2019,46731623774.0,61247086424.0,386226183928.0,481013218709.0,373821810509.0,310659266363.0,102710.0,이엔에프테크놀로지,,
00530185,2020,47431531418.0,74018479528.0,463470436782.0,486607222656.0,368911880357.0,386226183928.0,102710.0,이엔에프테크놀로지,,
00244561,2015,42995246986.0,-17283547470.0,2106702048896.0,3536848758212.0,3149191042984.0,1920350950723.0,35080.0,그래디언트,,
00244561,2016,-39011241277.0,115110644777.0,2073537017616.0,3845761388042.0,3422959058679.0,2106702048896.0,35080.0,그래디언트,,
00244561,2017,-63634928207.0,185478374498.0,1804533355415.0,3541486628889.0,3155796411777.0,2073537017616.0,35080.0,그래디언트,,
00244561,2018,-4194663514.0,89690569873.0,1809664488424.0,3440906299642.0,3085740378502.0,1804533355415.0,35080.0,그래디언트,,
00244561,2019,6507368439.0,136435672411.0,1780051910640.0,3412333826299.0,3033401433636.0,1809664488424.0,35080.0,그래디언트,,
00244561,2020,-25807835226.0,-69055959508.0,1602860077556.0,3169208083792.0,2901736361903.0,1780051910640.0,35080.0,그래디언트,,
01015160,2020,9295789998.0,-6913352827.0,104877509881.0,37354123248.0,32355899864.0,54577414391.0,332570.0,PS일렉트로닉스,,
00235147,2015,3582119109.0,7216277297.0,60585506595.0,93390676235.0,82120004188.0,62170392747.0,73070.0,에이팸,,
00235147,2016,5276675542.0,11418395422.0,67282420693.0,81686182334.0,69535860734.0,60585506595.0,73070.0,에이팸,,
00235147,2017,7908143722.0,2609169291.0,122608331853.0,82326519591.0,66232195746.0,67282420693.0,73070.0,에이팸,,
00235147,2018,-1196498944.0,2180868134.0,139724107705.0,76202953135.0,60467962789.0,122608331853.0,73070.0,에이팸,,
00235147,2019,-57655976060.0,-6245260795.0,119641376858.0,50587575557.0,43519080680.0,139724107705.0,73070.0,에이팸,,
00235147,2020,-8935891667.0,-6411256395.0,103027880479.0,18443072019.0,22119595817.0,119641376858.0,73070.0,에이팸,,
00377018,2015,-13369109392.0,-1508026282.0,151757531730.0,61576391469.0,72269409035.0,131923500249.0,49080.0,기가레인,,
00377018,2016,-10347329156.0,-1748284115.0,155732002680.0,75445070644.0,74497863788.0,151757531730.0,49080.0,기가레인,,
00377018,2017,-920800797.0,-3057023734.0,181628352308.0,100131227118.0,82715768327.0,155732002680.0,49080.0,기가레인,,
00377018,2018,-21635992104.0,-9812083661.0,179113947371.0,124772204502.0,106042765238.0,181628352308.0,49080.0,기가레인,,
00377018,2019,-46059977348.0,8012780083.0,117798197633.0,72769410676.0,85455615467.0,179113947371.0,49080.0,기가레인,,
00377018,2020,-25803273658.0,-3184088383.0,104198043734.0,44278597847.0,46319140699.0,117225843618.0,49080.0,기가레인,,
00671376,2018,37880339387.0,31416023991.0,430876192915.0,731788990522.0,621250146130.0,225771172080.0,91810.0,트리니티항공,,
00671376,2019,-43209991671.0,131060220998.0,807758306612.0,810449906103.0,755366251136.0,430876192915.0,91810.0,트리니티항공,,
00671376,2020,-137870544994.0,-64981158847.0,705789065275.0,269217606930.0,406346659224.0,807758306612.0,91810.0,트리니티항공,,
01214248,2018,2137855601.0,7898888831.0,58916506488.0,87218814490.0,21549425586.0,23901054759.0,270870.0,뉴트리,,
01214248,2019,9467872989.0,7493242157.0,77528522092.0,125146821028.0,28564410869.0,58916506488.0,270870.0,뉴트리,,
01214248,2020,19419954993.0,4345773115.0,102182485456.0,190109486720.0,41445412094.0,77528522092.0,270870.0,뉴트리,,
01101722,2018,-2789489675.0,942279944.0,25502435076.0,38337461801.0,31005256588.0,36567372982.0,226440.0,시스네오텍,,
01101722,2019,350503705.0,-869711029.0,38668164569.0,21519922718.0,16807575300.0,25502435076.0,226440.0,시스네오텍,,
01101722,2020,-598201374.0,-8160833276.0,48507803505.0,19343729084.0,15101187700.0,38668164569.0,226440.0,시스네오텍,,
00359261,2015,2779159003.0,5023502638.0,62769573497.0,53934855935.0,43970736113.0,57551708486.0,72950.0,빛샘전자,,
00359261,2016,2963963292.0,4073869926.0,62994436320.0,58552618281.0,48396712588.0,62769573497.0,72950.0,빛샘전자,,
00359261,2017,3698044323.0,5214498293.0,64856521567.0,56410451499.0,44684860454.0,62994436320.0,72950.0,빛샘전자,,
00359261,2018,1708665990.0,3875885338.0,65635233833.0,47402504001.0,38859294266.0,64856521567.0,72950.0,빛샘전자,,
00359261,2019,1884222249.0,7304558282.0,66623518892.0,46442405592.0,38623226377.0,65635233833.0,72950.0,빛샘전자,,
00359261,2020,1057578129.0,4516111978.0,79473947589.0,47463473724.0,39375178828.0,66623518892.0,72950.0,빛샘전자,,
00178790,2015,17582934492.0,26540091339.0,256366231103.0,464070302711.0,417645338532.0,232231371254.0,79960.0,동양이엔피,,
00178790,2016,15144660740.0,15515503047.0,261081777914.0,440562192995.0,397672948347.0,256366231103.0,79960.0,동양이엔피,,
00178790,2017,8734088921.0,24845031565.0,269559466072.0,424716583955.0,384247088330.0,261081777914.0,79960.0,동양이엔피,,
00178790,2018,5139940175.0,-18084017354.0,265792733613.0,391106835533.0,357006439423.0,269559466072.0,79960.0,동양이엔피,,
00178790,2019,25596454704.0,26342313116.0,287167920414.0,482668664656.0,413817160034.0,265792733613.0,79960.0,동양이엔피,,
00178790,2020,23505237583.0,74723701446.0,326757584525.0,461424349616.0,393218478694.0,287167920414.0,79960.0,동양이엔피,,
00410915,2015,12930562049.0,-14148163696.0,125648034713.0,54756256643.0,32286963406.0,81634995582.0,63170.0,서울옥션,,
00410915,2016,6624599527.0,1870491419.0,131560666193.0,50852668597.0,32026895577.0,125648034713.0,63170.0,서울옥션,,
00410915,2017,3055687031.0,14539172848.0,154338745076.0,54167584153.0,36058544801.0,131560666193.0,63170.0,서울옥션,,
00410915,2018,7084634045.0,-501396220.0,205299710433.0,62044837709.0,36723089189.0,154338745076.0,63170.0,서울옥션,,
00410915,2019,-8742191968.0,-1092651041.0,172774839028.0,45092705155.0,27769683351.0,205299710433.0,63170.0,서울옥션,,
00410915,2020,-2716110473.0,-10110723424.0,147990736066.0,28850755678.0,19604152068.0,172774839028.0,63170.0,서울옥션,,
00155692,2015,-25876981223.0,-15413867863.0,958083383401.0,1893541260636.0,1770009361734.0,863881151406.0,37400.0,우리엔터프라이즈,,
00155692,2016,-67836225649.0,-3662988501.0,873937394639.0,1563934952005.0,1483827860573.0,958083383401.0,37400.0,우리엔터프라이즈,,
00155692,2017,-23280042465.0,30199583689.0,682753087965.0,1496166598634.0,1419959743314.0,888889565929.0,37400.0,우리엔터프라이즈,,
00155692,2018,-35260613388.0,10586574238.0,676603114380.0,1302291027145.0,1243633401900.0,682753087965.0,37400.0,우리엔터프라이즈,,
00155692,2019,5398647998.0,65163249869.0,674989562825.0,1697725763779.0,1602264562045.0,676603114380.0,37400.0,우리엔터프라이즈,,
00155692,2020,17325186172.0,70179997224.0,712415027053.0,1646993774192.0,1539971352123.0,674989562825.0,37400.0,우리엔터프라이즈,,
00308896,2015,631685043.0,-2883223117.0,39438707815.0,29929259013.0,24246047322.0,38784668193.0,68940.0,셀피글로벌,,
00308896,2016,249933719.0,1428760294.0,41542875972.0,24657739983.0,18394434755.0,39438707815.0,68940.0,셀피글로벌,,
00308896,2017,-9736883327.0,-2998946468.0,29821380026.0,27191581036.0,21020599779.0,41542875972.0,68940.0,셀피글로벌,,
00308896,2018,-2714528294.0,-516477354.0,27480264671.0,24088357114.0,19388334896.0,29821380026.0,68940.0,셀피글로벌,,
00308896,2019,6709220.0,237732856.0,35940955039.0,24722106229.0,18805694255.0,27480264671.0,68940.0,셀피글로벌,,
00308896,2020,-3258438135.0,-107007796.0,35258454994.0,27772933812.0,23898464811.0,35865846993.0,68940.0,셀피글로벌,,
00643656,2015,-21269436315.0,68280020.0,95696371070.0,30254916779.0,38143896157.0,107961982333.0,101730.0,위메이드맥스,,
00643656,2016,-1720481344.0,-2984708312.0,92089024131.0,31507434483.0,35557788740.0,95696371070.0,101730.0,위메이드맥스,,
00643656,2017,-11950874848.0,-8391313850.0,82306971465.0,32167674320.0,,92089024131.0,101730.0,위메이드맥스,,
00643656,2018,-41717459026.0,-12213246394.0,41403529102.0,28752746500.0,,82306971465.0,101730.0,위메이드맥스,,
00643656,2019,-15993264636.0,-7364020838.0,27174430371.0,30487911610.0,,41403529102.0,101730.0,위메이드맥스,,
00643656,2020,-10007969719.0,-4886535186.0,42138278034.0,37921102963.0,,27174430371.0,101730.0,위메이드맥스,,
00635134,2015,253666762000.0,1154573133000.0,13751265058000.0,12924472295000.0,10038444150000.0,13382531013000.0,97950.0,CJ제일제당,,
00635134,2016,353548750000.0,800141934000.0,15766238539000.0,14563257246000.0,11275152096000.0,13751265058000.0,97950.0,CJ제일제당,,
00635134,2017,412797743000.0,1180837049000.0,16868123895000.0,16477174023000.0,12922488246000.0,15766238539000.0,97950.0,CJ제일제당,,
00635134,2018,925388625000.0,471425123000.0,19497022884000.0,18670059989000.0,15126473806000.0,16868123895000.0,97950.0,CJ제일제당,,
00635134,2019,191028303000.0,2143095681000.0,26280632351000.0,22352462296000.0,18069283521000.0,19497022884000.0,97950.0,CJ제일제당,,
00635134,2020,786425538000.0,2001752173000.0,25611892185000.0,24245725654000.0,19059312372000.0,26280632351000.0,97950.0,CJ제일제당,,
01113754,2016,6448196595.0,7259589651.0,35792751505.0,34987669560.0,25618406877.0,13445887745.0,241790.0,티이엠씨씨엔에스,,
01113754,2017,8988764191.0,2301034786.0,60367740228.0,56032967071.0,41230606419.0,35792751505.0,241790.0,티이엠씨씨엔에스,,
01113754,2018,14077175154.0,29320757987.0,81317164522.0,94181913976.0,71111467158.0,60367740228.0,241790.0,티이엠씨씨엔에스,,
01113754,2019,11383539413.0,1144179970.0,81136732304.0,75770273062.0,56612763142.0,81317164522.0,241790.0,티이엠씨씨엔에스,,
01113754,2020,15451435802.0,6280672557.0,97255340322.0,91634634388.0,68395744969.0,81136732304.0,241790.0,티이엠씨씨엔에스,,
00759513,2015,71162000000.0,92644000000.0,2251751000000.0,2768561000000.0,2009672000000.0,2057065000000.0,108670.0,LX하우시스,,
00759513,2016,74748000000.0,152222000000.0,2285896000000.0,2928337000000.0,2133198000000.0,2251751000000.0,108670.0,LX하우시스,,
00759513,2017,67855000000.0,27431000000.0,2582431000000.0,3256451000000.0,2461187000000.0,2285896000000.0,108670.0,LX하우시스,,
00759513,2018,-53127000000.0,140663000000.0,2509714000000.0,3266496000000.0,2535790000000.0,2582431000000.0,108670.0,LX하우시스,,
00759513,2019,11565000000.0,344803000000.0,2565579000000.0,3186807000000.0,2440053000000.0,2509714000000.0,108670.0,LX하우시스,,
00759513,2020,-79466000000.0,463875000000.0,2385372000000.0,3038037000000.0,2284830000000.0,2565579000000.0,108670.0,LX하우시스,,
01144569,2018,1739631000.0,-13157256000.0,65625538000.0,39686597000.0,32550035000.0,45090397000.0,257370.0,피엔티엠에스,,
01144569,2019,504333074.0,1507097928.0,66256203865.0,35008402968.0,28095857622.0,65625538347.0,257370.0,피엔티엠에스,,
01144569,2020,-9899766719.0,-11363717539.0,59778221524.0,17465053041.0,18763290184.0,66256203865.0,257370.0,피엔티엠에스,,
01267170,2017,-9884563958.0,-10668500259.0,1912414948043.0,87836375138.0,75145447419.0,,285130.0,SK케미칼,,
01267170,2018,-16419747980.0,67370210693.0,1950805010838.0,1367719213257.0,1095287319601.0,1912414948043.0,285130.0,SK케미칼,,
01267170,2019,5021553809.0,122134530442.0,2131709150029.0,1427185610647.0,1101175047703.0,1950805010838.0,285130.0,SK케미칼,,
01267170,2020,255161209775.0,247009579324.0,2119966956886.0,1214709208859.0,864396627211.0,2131709150029.0,285130.0,SK케미칼,,
00127042,2015,10526522550.0,-20506156203.0,313703174047.0,215039310282.0,197459624227.0,299010189551.0,2170.0,SYTS,,
00127042,2016,22854085931.0,43535226412.0,289192370564.0,195767305623.0,158513836553.0,313703174047.0,2170.0,SYTS,,
00127042,2017,24930147894.0,32694129021.0,310769522056.0,170589473972.0,135211937710.0,289192370564.0,2170.0,SYTS,,
00127042,2018,25294532466.0,42698338346.0,327534347156.0,183198269259.0,145980697049.0,310769522056.0,2170.0,SYTS,,
00127042,2019,44199831595.0,52179026971.0,371695422735.0,192107452643.0,135672127602.0,327534347156.0,2170.0,SYTS,,
00127042,2020,49909670126.0,40654969298.0,422110653043.0,198417051270.0,133225591635.0,371695422735.0,2170.0,SYTS,,
00137915,2015,3027018981.0,24421925927.0,85673251454.0,73298443723.0,66396942446.0,79092863493.0,7820.0,엠엑스로보틱스,,
00137915,2016,-12933415245.0,-18252556311.0,59712919485.0,50388628353.0,58920644021.0,85673251454.0,7820.0,엠엑스로보틱스,,
00137915,2017,-1832609374.0,-7715169073.0,99113904890.0,72414808384.0,67480615730.0,59712919485.0,7820.0,엠엑스로보틱스,,
00137915,2018,960553178.0,-4425233301.0,105559787678.0,93475185255.0,88203025229.0,99113904890.0,7820.0,엠엑스로보틱스,,
00137915,2019,4591969319.0,-4962076004.0,106789669253.0,128073312142.0,116916617981.0,105559787678.0,7820.0,엠엑스로보틱스,,
00137915,2020,-636365811.0,18672965862.0,92894961096.0,104035816132.0,94061580224.0,99760642433.0,7820.0,엠엑스로보틱스,,
00670766,2020,9955745318.0,9664004056.0,66333353214.0,33222849475.0,14114293645.0,43027199588.0,347890.0,엠엑스온,,
00255044,2015,8781579296.0,5811411989.0,63370762142.0,78671419219.0,61888734890.0,54480298933.0,39010.0,현대에이치티,,
00255044,2016,10517326163.0,6422532003.0,71811887264.0,87831813172.0,68603248874.0,63370762142.0,39010.0,현대에이치티,,
00255044,2017,15283576815.0,14469108503.0,100631142568.0,117354960611.0,90244998284.0,71811887264.0,39010.0,현대에이치티,,
00255044,2018,17049151519.0,27413792617.0,111225278826.0,127334792988.0,96751837755.0,100631142568.0,39010.0,현대에이치티,,
00255044,2019,10660182897.0,4200309910.0,109199698484.0,104552529917.0,83753759455.0,111225278826.0,39010.0,현대에이치티,,
00255044,2020,9133611108.0,10272982825.0,108270891622.0,103683133331.0,83421668882.0,109199698484.0,39010.0,현대에이치티,,
00869272,2015,156335320.0,3207059275.0,36531035400.0,42012276063.0,30685449861.0,40338138335.0,189860.0,서전기전,,
00869272,2016,1387664622.0,3359416989.0,40735424584.0,50190070479.0,36498548646.0,36531035400.0,189860.0,서전기전,,
00869272,2017,2791479085.0,-522035897.0,43583060144.0,50168944237.0,,40735424584.0,189860.0,서전기전,,
00869272,2018,3367829681.0,5535729760.0,52452887671.0,57324256918.0,43833004871.0,43583060144.0,189860.0,서전기전,,
00869272,2019,1336273935.0,2780476212.0,56704265998.0,61071315171.0,49681009227.0,52452887671.0,189860.0,서전기전,,
00869272,2020,2538524188.0,8015604637.0,56110222067.0,,,56704265998.0,189860.0,서전기전,,
00219361,2015,3768097474.0,3796044175.0,150214049244.0,12378050411.0,,146653377177.0,34810.0,해성산업,,
00219361,2016,6280950278.0,1707104051.0,160450208440.0,12107550843.0,,150214049244.0,34810.0,해성산업,,
00219361,2017,3398980769.0,663842085.0,170032917321.0,12199589117.0,,160450208440.0,34810.0,해성산업,,
00219361,2018,756650916.0,5091744944.0,191672501223.0,14931053302.0,,170032917321.0,34810.0,해성산업,,
00219361,2019,2324752114.0,5811443919.0,212307071603.0,20260094584.0,,191672501223.0,34810.0,해성산업,,
00219361,2020,348547310875.0,47223375493.0,1292501602470.0,479399472887.0,401974051685.0,212307071603.0,34810.0,해성산업,,
00217743,2015,3920580280.0,2823690738.0,66713615121.0,45834125219.0,38279985506.0,68086080265.0,39610.0,화성밸브,,
00217743,2016,1988885442.0,400298605.0,68792538312.0,50312416533.0,41915901187.0,66713615121.0,39610.0,화성밸브,,
00217743,2017,1663532025.0,-625307658.0,80790965280.0,43665262314.0,36741692956.0,75174363133.0,39610.0,화성밸브,,
00217743,2018,2971551069.0,192516431.0,86761068313.0,66212546671.0,55543237011.0,80790965280.0,39610.0,화성밸브,,
00217743,2019,2933255870.0,5255587715.0,95949613856.0,68101152761.0,57807367180.0,86761068313.0,39610.0,화성밸브,,
00217743,2020,1240263670.0,5183235513.0,101649910858.0,58928953795.0,49688808741.0,95949613856.0,39610.0,화성밸브,,
01189438,2019,4553784011.0,5182233944.0,61530651819.0,46039644588.0,,43741173655.0,278650.0,HLB바이오스텝,,
01189438,2020,8589193809.0,11464129421.0,74215354900.0,58519826412.0,,61530651819.0,278650.0,HLB바이오스텝,,
00454946,2015,3536459587.0,15396342107.0,218566708029.0,219885612174.0,208686659323.0,196396573320.0,83420.0,그린케미칼,,
00454946,2016,2874116798.0,15456653125.0,206368678238.0,243610799826.0,230363624779.0,218566708029.0,83420.0,그린케미칼,,
00454946,2017,2522644030.0,13657590636.0,195270243385.0,253655650934.0,240391215545.0,206368678238.0,83420.0,그린케미칼,,
00454946,2018,2513016259.0,14938789165.0,189074021670.0,254122104712.0,242703694765.0,195270243385.0,83420.0,그린케미칼,,
00454946,2019,5580405806.0,22132359583.0,186816236262.0,231874452551.0,216244885689.0,189074021670.0,83420.0,그린케미칼,,
00454946,2020,10340154230.0,33026228479.0,176839792647.0,242398001117.0,219195155135.0,186816236262.0,83420.0,그린케미칼,,
00123143,2015,20301086032.0,17114340723.0,330928386395.0,401350239837.0,232362655241.0,282409340598.0,3850.0,보령,,
00123143,2016,5614105349.0,9363178136.0,397900572885.0,409140006900.0,232534503442.0,330928386395.0,3850.0,보령,,
00123143,2017,56478219064.0,-24263565301.0,402516282572.0,422721051680.0,254903781262.0,397900572885.0,3850.0,보령,,
00123143,2018,20306902104.0,38913967699.0,450017572611.0,460401670473.0,271787836062.0,402516282572.0,3850.0,보령,,
00123143,2019,32221802685.0,46998848988.0,507628914110.0,524268670098.0,301274025841.0,450017572611.0,3850.0,보령,,
00123143,2020,26859761918.0,44740976180.0,647993966270.0,561866592451.0,330424994809.0,507628914110.0,3850.0,보령,,
01259311,2018,6049473262.0,4572792870.0,51749378618.0,52960551415.0,34401631211.0,9279295211.0,290720.0,푸드나무,,
01259311,2019,4453856111.0,2992508801.0,56821288191.0,64782145714.0,40846967287.0,51749378618.0,290720.0,푸드나무,,
01259311,2020,6293077626.0,5360228928.0,66469647940.0,117153997478.0,75793027499.0,56821288191.0,290720.0,푸드나무,,
00156150,2015,-5835561307.0,-4206371204.0,54818530708.0,54523149681.0,51205542210.0,61769828618.0,19490.0,엑시큐어하이트론,,
00156150,2016,3012814380.0,-8884201119.0,63889677915.0,41132053816.0,39129019542.0,54818530708.0,19490.0,엑시큐어하이트론,,
00156150,2017,-11370253297.0,-11031844410.0,57881576889.0,37570264508.0,37593769206.0,63889677915.0,19490.0,엑시큐어하이트론,,
00156150,2018,717134252.0,-7931441737.0,64127489023.0,40770079433.0,32885096401.0,57881576889.0,19490.0,엑시큐어하이트론,,
00156150,2019,-17825443493.0,-8217430831.0,55580995978.0,34695367805.0,38196249616.0,64127489023.0,19490.0,엑시큐어하이트론,,
00156150,2020,-21530596904.0,-10038391337.0,61361479296.0,27273277378.0,37438383329.0,55580995978.0,19490.0,엑시큐어하이트론,,
00259934,2015,3414579007.0,31271323999.0,223076312657.0,319261869542.0,268282506152.0,190954683698.0,36000.0,예림당,,
00259934,2016,6604275616.0,46470696112.0,245465737268.0,452752394365.0,377043269803.0,223076312657.0,36000.0,예림당,,
00259934,2017,36151840091.0,114438927883.0,367011321806.0,643302705867.0,526823352203.0,245465737268.0,36000.0,예림당,,
00259934,2018,32812536160.0,33770340197.0,596881312686.0,761109382456.0,640998596286.0,367011321806.0,36000.0,예림당,,
00259934,2019,-48960613513.0,122618636003.0,962926086901.0,835889330958.0,776482983443.0,596881312686.0,36000.0,예림당,,
00259934,2020,-141429918220.0,-62897806305.0,859048051795.0,293577129541.0,423207720010.0,962926086901.0,36000.0,예림당,,
00144252,2015,-3246313382.0,,163957107841.0,100482100312.0,86367885843.0,176787596003.0,910.0,유니온,,
00144252,2016,182964936.0,,164337625596.0,92313119408.0,77904485216.0,163957107841.0,910.0,유니온,,
00144252,2017,1868853229.0,12214399230.0,363299898424.0,181139044376.0,155462072878.0,164337625596.0,910.0,유니온,,
00144252,2018,-60367215733.0,-4498818086.0,306580015637.0,208863124669.0,182005904184.0,363299898424.0,910.0,유니온,,
00144252,2019,-12637321810.0,16251866425.0,325173584878.0,212431081894.0,173354762447.0,306580015637.0,910.0,유니온,,
00144252,2020,15437191489.0,15846024757.0,354433760157.0,189192653011.0,156068717423.0,325173584878.0,910.0,유니온,,
00160843,2015,126733352404.0,152722221358.0,984643711741.0,666594986583.0,436915515281.0,984876636138.0,990.0,DB하이텍,,
00160843,2016,88344017895.0,248312191117.0,986788572274.0,773140180180.0,483129939120.0,984643711741.0,990.0,DB하이텍,,
00160843,2017,110175088512.0,183124083374.0,993950720396.0,679737743507.0,426170592097.0,986788572274.0,990.0,DB하이텍,,
00160843,2018,86828767655.0,180343534220.0,1066533839753.0,669279136472.0,453942754545.0,993950720396.0,990.0,DB하이텍,,
00160843,2019,104637012339.0,161078351164.0,1088889809571.0,807416422918.0,513292636950.0,1066533839753.0,990.0,DB하이텍,,
00160843,2020,166025591077.0,309982629774.0,1178581197181.0,935919766484.0,577034943664.0,1088889809571.0,990.0,DB하이텍,,
00626464,2015,6387648194.0,3116359732.0,88801505305.0,110279624249.0,96503262878.0,80725642872.0,119850.0,지엔씨에너지,,
00626464,2016,6920904850.0,5622060791.0,98000592881.0,116438228472.0,101823741891.0,88801505305.0,119850.0,지엔씨에너지,,
00626464,2017,5829871616.0,13094843617.0,114247941036.0,96667917678.0,85505244220.0,98000592881.0,119850.0,지엔씨에너지,,
00626464,2018,7429658239.0,9582355627.0,127220629864.0,126053838911.0,111709095275.0,114247941036.0,119850.0,지엔씨에너지,,
00626464,2019,8129795956.0,94383759.0,142435514467.0,168346051875.0,150637863627.0,127220629864.0,119850.0,지엔씨에너지,,
00626464,2020,612889981.0,17286039533.0,145954552994.0,161020775732.0,145562270569.0,142435514467.0,119850.0,지엔씨에너지,,
00687711,2015,53619386854.0,104742639514.0,896577601066.0,684536729310.0,581873258667.0,901950212103.0,104700.0,한국철강,,
00687711,2016,46547075622.0,78001228569.0,941767001676.0,663369313509.0,570297415562.0,896577601066.0,104700.0,한국철강,,
00687711,2017,-43375901738.0,94224725878.0,885882135696.0,738870355911.0,656543299324.0,941767001676.0,104700.0,한국철강,,
00687711,2018,12172908609.0,48587568257.0,909037196041.0,777466326315.0,715009837418.0,885882135696.0,104700.0,한국철강,,
00687711,2019,19084151579.0,14265310790.0,873216580016.0,719102310725.0,672690607251.0,909037196041.0,104700.0,한국철강,,
00687711,2020,-8461145003.0,93181037014.0,868775457581.0,633382163909.0,540729161901.0,873216580016.0,104700.0,한국철강,,
01214743,2020,40386639767.0,43556792250.0,258461732887.0,290883711864.0,92906975474.0,133543917303.0,298540.0,더네이쳐홀딩스,,
00624518,2015,9384533356.0,18587411412.0,89980200555.0,69881989420.0,47760121231.0,78021387332.0,154040.0,다산솔루에타,,
00624518,2016,-3448008545.0,14997934785.0,165524301772.0,140395877882.0,119942871132.0,89980200555.0,154040.0,다산솔루에타,,
00624518,2017,8999184.0,-1023566131.0,201892912725.0,155927911906.0,130981421062.0,165524301772.0,154040.0,다산솔루에타,,
00624518,2018,-16426484934.0,3071204356.0,212054430801.0,227297064310.0,195767814829.0,204394199941.0,154040.0,다산솔루에타,,
00624518,2019,-3403117680.0,7976315547.0,185747167306.0,256338425431.0,218789789982.0,212054430801.0,154040.0,다산솔루에타,,
00624518,2020,-15536260224.0,19860110876.0,195260091972.0,226275685904.0,190356730482.0,185747167306.0,154040.0,다산솔루에타,,
00493185,2015,4638885571.0,3069070987.0,74826156753.0,70009866636.0,57050899170.0,51031240220.0,90470.0,제이스로보틱스,,
00493185,2016,11856365912.0,48221534550.0,147314237311.0,150786216199.0,122624601803.0,74826156753.0,90470.0,제이스로보틱스,,
00493185,2017,74149097615.0,62741723056.0,181942499592.0,570820559864.0,450780574129.0,147314237311.0,90470.0,제이스로보틱스,,
00493185,2018,8017218337.0,-37127732429.0,143329236987.0,126230076718.0,104675777323.0,181942499592.0,90470.0,제이스로보틱스,,
00493185,2019,1054683478.0,-8335193224.0,152785428776.0,126892959898.0,109312376396.0,143329236987.0,90470.0,제이스로보틱스,,
00493185,2020,-14573706709.0,8684107726.0,146674142384.0,114448675591.0,108659579423.0,152785428776.0,90470.0,제이스로보틱스,,
01065679,2017,4207934185.0,3956512218.0,81611341267.0,68524871838.0,27683467786.0,68335487075.0,215790.0,이노인스트루먼트,,
01065679,2018,-4238834723.0,-3770255156.0,119041867942.0,49905326726.0,21469587799.0,81611341267.0,215790.0,이노인스트루먼트,,
01065679,2019,-24312764924.0,-481770581.0,106078446017.0,43493970434.0,25681449778.0,119041867942.0,215790.0,이노인스트루먼트,,
01065679,2020,5301985104.0,4310086511.0,110412094547.0,42038228152.0,18158802955.0,106078446017.0,215790.0,이노인스트루먼트,,
01329957,2020,-3316510780.0,9459523107.0,57802440447.0,80623075680.0,66104639486.0,49943684609.0,307750.0,국전,,
00911955,2015,83670055770.0,69256085624.0,388023925369.0,309561739661.0,119427962054.0,154767278208.0,226320.0,잇츠한불,,
00911955,2016,58347858262.0,21300854485.0,368859153174.0,267335120631.0,103345663949.0,388023925369.0,226320.0,잇츠한불,,
00911955,2017,42011737114.0,28794289616.0,562415774226.0,245737422749.0,90394518375.0,539360571204.0,226320.0,잇츠한불,,
00911955,2018,18555764161.0,3870030307.0,535580626315.0,214122093008.0,84499067545.0,562415774226.0,226320.0,잇츠한불,,
00911955,2019,7436709217.0,19791190218.0,539412881125.0,204458439131.0,90624371699.0,535580626315.0,226320.0,잇츠한불,,
00911955,2020,-3502062310.0,13443045945.0,508119345418.0,146378358748.0,67339277099.0,539412881125.0,226320.0,잇츠한불,,
00160302,2015,-121885266369.0,-2074000480.0,630470682848.0,250018822650.0,262665654456.0,808936620606.0,5420.0,코스모화학,,
00160302,2016,-72508542332.0,-16849409554.0,478103824810.0,286513279156.0,271804667007.0,630470682848.0,5420.0,코스모화학,,
00160302,2017,27336842189.0,-34927652482.0,454835931389.0,431646979845.0,382993015228.0,478103824810.0,5420.0,코스모화학,,
00160302,2018,-8839040731.0,703243705.0,492981418503.0,678093565558.0,641968558922.0,454835931389.0,5420.0,코스모화학,,
00160302,2019,-14545817092.0,7761913163.0,517011539183.0,406823039948.0,382710861512.0,492981418503.0,5420.0,코스모화학,,
00160302,2020,-15620904455.0,3929989052.0,668524454552.0,355501971405.0,320554873474.0,517011539183.0,5420.0,코스모화학,,
00158015,2015,4940164767.0,14176347131.0,150755671382.0,142182083122.0,126581193765.0,156378156019.0,25550.0,한국선재,,
00158015,2016,2493030758.0,3388850714.0,166355847528.0,153374570062.0,131785162937.0,150755671382.0,25550.0,한국선재,,
00158015,2017,3926570595.0,-3777626923.0,182356939600.0,166652791973.0,145403012239.0,166355847528.0,25550.0,한국선재,,
00158015,2018,6813160255.0,5019192702.0,234583248362.0,192671343720.0,170460729755.0,182356939600.0,25550.0,한국선재,,
00158015,2019,3087714973.0,2258648514.0,229003496262.0,185477688991.0,161658863712.0,234583248362.0,25550.0,한국선재,,
00158015,2020,2096427737.0,18665121647.0,221030666583.0,187157908494.0,163299390958.0,229003496262.0,25550.0,한국선재,,
00117726,2017,9407410412.0,18050818780.0,298561506748.0,294191369180.0,252366498141.0,285129228550.0,92780.0,DYP,,
00117726,2018,11742226421.0,18558775267.0,317620788335.0,332214344582.0,289163155599.0,298561506748.0,92780.0,DYP,,
00117726,2019,10005403174.0,26529757925.0,350293855447.0,364751921572.0,317662806146.0,317620788335.0,92780.0,DYP,,
00117726,2020,-7062393912.0,21287880370.0,346056812079.0,321549087227.0,283695138466.0,350293855447.0,92780.0,DYP,,
01146822,2020,5137807654.0,9097175603.0,29801051915.0,15270479176.0,5099284792.0,21000317153.0,262840.0,아이퀘스트,,
00122472,2015,-13684823571.0,19549542560.0,309667229375.0,129196822657.0,103747045904.0,449205564508.0,1340.0,PKC,,
00122472,2016,2368277461.0,34411168326.0,280792568151.0,134659356047.0,105957366090.0,316352542391.0,1340.0,PKC,,
00122472,2017,6337613428.0,16283125765.0,280019986771.0,144980615731.0,111924144357.0,280792568151.0,1340.0,PKC,,
00122472,2018,22324784416.0,35062029513.0,297711550154.0,175487656897.0,118740039017.0,280019986771.0,1340.0,PKC,,
00122472,2019,16028599124.0,30524834194.0,328845192767.0,168389466315.0,119978564051.0,297711550154.0,1340.0,PKC,,
00122472,2020,10145917483.0,21915553339.0,322745474988.0,171324548992.0,128566527575.0,328845192767.0,1340.0,PKC,,
00606886,2017,-5666427603.0,-6106175523.0,36804545500.0,26133210513.0,21970840230.0,36669927862.0,183490.0,엔지켐생명과학,,
00606886,2018,-14420230902.0,-13524531987.0,67045474396.0,31034039114.0,26769278393.0,36804545500.0,183490.0,엔지켐생명과학,,
00606886,2019,-16879076540.0,-15095427506.0,84991166472.0,31468723444.0,28804277222.0,67045474396.0,183490.0,엔지켐생명과학,,
00606886,2020,-17506927997.0,-14020851848.0,123802205798.0,25818432585.0,23998879657.0,84991166472.0,183490.0,엔지켐생명과학,,
01110076,2016,-2161601370.0,-310613139.0,9600949207.0,8281760122.0,6557047719.0,6035160341.0,230980.0,비유테크놀러지,,
01110076,2017,-77874664.0,791361655.0,41781272639.0,8199432051.0,7421390838.0,9600949207.0,230980.0,비유테크놀러지,,
01110076,2018,-584401222.0,4479820688.0,58799883202.0,37534312410.0,34137320257.0,48118400365.0,230980.0,비유테크놀러지,,
01110076,2019,-11556949267.0,-1333029016.0,33494933664.0,13058814782.0,11134056450.0,58799883202.0,230980.0,비유테크놀러지,,
01110076,2020,-664013392.0,791687233.0,44062084730.0,10559369085.0,7870318701.0,33494933664.0,230980.0,비유테크놀러지,,
01430475,2020,7162190378.0,109632099427.0,1040811889496.0,24513055226.0,,,357120.0,코람코라이프인프라리츠,,
00154329,2015,-17325283923.0,1228463320.0,611246571930.0,842559230460.0,718307459060.0,601877690505.0,7980.0,TP,,
00154329,2016,-53314935808.0,38893352954.0,553742011491.0,864658855272.0,791855192525.0,611246571930.0,7980.0,TP,,
00154329,2017,9917160801.0,21344116958.0,531201348022.0,922195888986.0,776534578569.0,553742011491.0,7980.0,TP,,
00154329,2018,10381488234.0,14622262860.0,556510004319.0,972052002529.0,811059223506.0,531201348022.0,7980.0,TP,,
00154329,2019,11233484475.0,-8694382590.0,613319315927.0,971638980129.0,799112974427.0,556510004319.0,7980.0,TP,,
00154329,2020,-12389206913.0,26710754695.0,675981152946.0,785040341658.0,675894446667.0,613319315927.0,7980.0,TP,,
00164478,2015,663778000000.0,596001000000.0,19350103000000.0,19233180000000.0,17508138000000.0,18244600000000.0,720.0,현대건설,,
00164478,2016,731713000000.0,1086520000000.0,19873443000000.0,18825015000000.0,16895275000000.0,19350103000000.0,720.0,현대건설,,
00164478,2017,371564000000.0,514404000000.0,18431902000000.0,16887090000000.0,15108126000000.0,19873443000000.0,720.0,현대건설,,
00164478,2018,535303000000.0,249524000000.0,18054609000000.0,16730894000000.0,15069747000000.0,18431902000000.0,720.0,현대건설,,
00164478,2019,573331000000.0,478916000000.0,18226972000000.0,17278792000000.0,15552887000000.0,18054609000000.0,720.0,현대건설,,
00164478,2020,227697000000.0,1729721000000.0,17939274000000.0,16970859000000.0,15573996000000.0,18226972000000.0,720.0,현대건설,,
00401731,2015,249143000000.0,2618775000000.0,36313896000000.0,56509008000000.0,43635063000000.0,37068420000000.0,66570.0,LG전자,,
00401731,2016,126315000000.0,3157990000000.0,37855269000000.0,55367033000000.0,41630293000000.0,36313896000000.0,66570.0,LG전자,,
00401731,2017,1869518000000.0,2166270000000.0,41220959000000.0,61396284000000.0,46737563000000.0,37855269000000.0,66570.0,LG전자,,
00401731,2018,1472814000000.0,4541566000000.0,44328443000000.0,61341664000000.0,46260620000000.0,41220959000000.0,66570.0,LG전자,,
00401731,2019,179948000000.0,3689164000000.0,44859875000000.0,62306175000000.0,46970606000000.0,44328443000000.0,66570.0,LG전자,,
00401731,2020,2063790000000.0,4628576000000.0,48204227000000.0,63262046000000.0,46945103000000.0,44859875000000.0,66570.0,LG전자,,
00189538,2015,-6160265991.0,766761932.0,54614638976.0,65582244805.0,56148814960.0,68750157719.0,32580.0,피델릭스,,
00189538,2016,-9203945720.0,441993306.0,47918555345.0,56465191636.0,48749526912.0,54614638976.0,32580.0,피델릭스,,
00189538,2017,490826058.0,-576178947.0,52092081712.0,61153253220.0,50532877670.0,47918555345.0,32580.0,피델릭스,,
00189538,2018,3540701902.0,-3385492983.0,64508924315.0,75433664909.0,62569263738.0,52092081712.0,32580.0,피델릭스,,
00189538,2019,-1217543832.0,-3701206117.0,68738428712.0,56029896098.0,47369992413.0,64508924315.0,32580.0,피델릭스,,
00189538,2020,-5154590605.0,15709977501.0,59909148422.0,58691305487.0,53151961885.0,68738428712.0,32580.0,피델릭스,,
01060744,2015,22086003199.0,114911915205.0,1445355205662.0,1511653094803.0,1209761375295.0,,213500.0,한솔제지,,
01060744,2016,42599085289.0,154422187333.0,1413123724615.0,1530538821992.0,1188220354759.0,1445355205662.0,213500.0,한솔제지,,
01060744,2017,41967363648.0,104506556957.0,1741025633228.0,1757140296097.0,1456093910172.0,1413123724615.0,213500.0,한솔제지,,
01060744,2018,38096152432.0,124064312456.0,1802836469122.0,1792348189359.0,1471064905229.0,1741025633228.0,213500.0,한솔제지,,
01060744,2019,40023860413.0,199444976776.0,1743277584645.0,1912587772758.0,1571134979334.0,1792727847682.0,213500.0,한솔제지,,
01060744,2020,59268596924.0,125208594087.0,1739627806890.0,1509871173052.0,1209186946030.0,1743277584645.0,213500.0,한솔제지,,
00463342,2015,-870028109.0,10462018408.0,91363579017.0,45065875065.0,36660647600.0,109045599964.0,41910.0,폴라리스AI파마,,
00463342,2016,4147832173.0,8186985631.0,97473231007.0,43397039784.0,31724777972.0,91363579017.0,41910.0,폴라리스AI파마,,
00463342,2017,1514425645.0,7132257627.0,96850990594.0,38213540654.0,27115220436.0,97473231007.0,41910.0,폴라리스AI파마,,
00463342,2018,6589688738.0,7249600416.0,98344935763.0,40335856954.0,30490402852.0,94954729867.0,41910.0,폴라리스AI파마,,
00463342,2019,15227983950.0,4289946325.0,116425610938.0,46489682257.0,33488948710.0,98344935763.0,41910.0,폴라리스AI파마,,
00463342,2020,10956870937.0,4708662304.0,123148773562.0,61323524052.0,43953382531.0,116425610938.0,41910.0,폴라리스AI파마,,
01060814,2017,27939000000.0,54107000000.0,497394000000.0,333440000000.0,258063000000.0,491953000000.0,272550.0,삼양패키징,,
01060814,2018,21418000000.0,42528000000.0,545964000000.0,366292000000.0,294739000000.0,497394000000.0,272550.0,삼양패키징,,
01060814,2019,28386000000.0,61793000000.0,563858000000.0,375442000000.0,296443000000.0,545964000000.0,272550.0,삼양패키징,,
01060814,2020,32297000000.0,73185000000.0,564505000000.0,367569000000.0,277020000000.0,563858000000.0,272550.0,삼양패키징,,
01316227,2018,31498302811.0,115684004678.0,3138844258698.0,3359085918310.0,3103320275153.0,,298020.0,효성티앤씨,,
01316227,2019,122022892754.0,349544530966.0,3224306571635.0,5983144766137.0,5419331752645.0,3138844258698.0,298020.0,효성티앤씨,,
01316227,2020,168272055112.0,564818284458.0,2824127677639.0,5161616999627.0,4663096947072.0,3224306571635.0,298020.0,효성티앤씨,,
01063884,2015,55509201.0,-32875859.0,11910385798.0,0.0,0.0,,215090.0,솔디펜스,,
01063884,2016,93422303.0,135105572.0,12046635298.0,0.0,0.0,11910385798.0,215090.0,솔디펜스,,
01063884,2017,77320284.0,128623644.0,12160301362.0,,42651576.0,12046635298.0,215090.0,솔디펜스,,
01063884,2018,-1555238453.0,1142669439.0,30350834984.0,20783644449.0,16865764522.0,19883845081.0,215090.0,솔디펜스,,
01063884,2019,-5782474883.0,-3262547590.0,22265438517.0,17795671934.0,16742585974.0,30350834984.0,215090.0,솔디펜스,,
01063884,2020,-2972461548.0,1236059772.0,32252407334.0,18407726540.0,13303173538.0,22265438517.0,215090.0,솔디펜스,,
00353018,2015,420975417.0,-4968459459.0,50669500859.0,23408911753.0,15065626398.0,42842916197.0,58530.0,헬스커넥트,,
00353018,2016,69107046.0,-12256649210.0,94693328220.0,59798411527.0,41657455795.0,50669500859.0,58530.0,헬스커넥트,,
00353018,2017,-23768813061.0,-19169302990.0,131715726881.0,96694384226.0,83867946528.0,94693328220.0,58530.0,헬스커넥트,,
00353018,2018,-22377109573.0,-837351979.0,166491906722.0,70689132653.0,58981663220.0,131715726881.0,58530.0,헬스커넥트,,
00353018,2019,-24929147432.0,5421402299.0,152329511059.0,41111222331.0,23476670189.0,171434545177.0,58530.0,헬스커넥트,,
00353018,2020,-6879349326.0,5767715103.0,132550261785.0,20059239058.0,6638663243.0,147847148411.0,58530.0,헬스커넥트,,
01153293,2019,-10644155311.0,-6422835816.0,38698295319.0,229534331.0,56487060.0,9423020516.0,322510.0,제이엘케이,,
01153293,2020,-7637096089.0,-4116260232.0,46553183502.0,4489991489.0,12023983065.0,38698295319.0,322510.0,제이엘케이,,
00561866,2015,12548485602.0,72209303484.0,756469839406.0,407085372489.0,217450353529.0,795747542056.0,115390.0,락앤락,,
00561866,2016,46975527091.0,82986642225.0,750896977724.0,425063515117.0,220698428417.0,756469839406.0,115390.0,락앤락,,
00561866,2017,34933559985.0,35103678560.0,724665258082.0,417407199297.0,216524613029.0,750896977724.0,115390.0,락앤락,,
00561866,2018,30432115950.0,50977826894.0,739351255215.0,434348760174.0,240338995903.0,724665258082.0,115390.0,락앤락,,
00561866,2019,16377107778.0,40645653899.0,799933632133.0,485992890534.0,272634487875.0,739351255215.0,115390.0,락앤락,,
00561866,2020,11755551266.0,78822609475.0,783185018158.0,501984850630.0,278322895833.0,799933632133.0,115390.0,락앤락,,
00659684,2016,3310396797.0,8902725811.0,100203874447.0,101228633294.0,85074410552.0,81223297845.0,174880.0,장원테크,,
00659684,2017,-3135563017.0,7123482664.0,89240627246.0,88636333767.0,76168587550.0,100203874447.0,174880.0,장원테크,,
00659684,2018,9187435144.0,10746232950.0,102570897912.0,118254864121.0,97243628986.0,89240627246.0,174880.0,장원테크,,
00659684,2019,-4995657844.0,6932795527.0,167185270652.0,94837169073.0,86831060853.0,102570897912.0,174880.0,장원테크,,
00659684,2020,-66009514443.0,-9512356718.0,136195655295.0,47777055985.0,55307163384.0,166903279275.0,174880.0,장원테크,,
00306454,2015,4987821746.0,8459407799.0,65783224611.0,32405585357.0,,58926963272.0,53300.0,한국정보인증,,
00306454,2016,5860964298.0,9485880376.0,88029815101.0,34922137985.0,,65783224611.0,53300.0,한국정보인증,,
00306454,2017,5511046771.0,9555648800.0,93375453331.0,36125041562.0,,88029815101.0,53300.0,한국정보인증,,
00306454,2018,7850786558.0,10152617478.0,100615835354.0,38912668638.0,,93375453331.0,53300.0,한국정보인증,,
00306454,2019,7140226287.0,10770935383.0,109192282975.0,42606442732.0,,100615835354.0,53300.0,한국정보인증,,
00306454,2020,9753009769.0,13936270816.0,118767768657.0,45712275943.0,,109192282975.0,53300.0,한국정보인증,,
00648721,2015,27029932476.0,2204845585.0,316196095837.0,260094044515.0,202305296998.0,304511815856.0,100840.0,SNT에너지,,
00648721,2016,1659741761.0,35017764689.0,348042345547.0,254089906364.0,204980318523.0,316196095837.0,100840.0,SNT에너지,,
00648721,2017,4581776727.0,-5579426260.0,300266693299.0,184091944565.0,146050314924.0,348042345547.0,100840.0,SNT에너지,,
00648721,2018,1825479187.0,14435813480.0,280991533997.0,139516395746.0,118750223942.0,300266693299.0,100840.0,SNT에너지,,
00648721,2019,15452272592.0,-40064824091.0,333897234560.0,213326726381.0,177635077023.0,280991533997.0,100840.0,SNT에너지,,
00648721,2020,9787540652.0,70341150830.0,335351656753.0,237399736036.0,197311149078.0,333897234560.0,100840.0,SNT에너지,,
00493510,2015,-1628512812.0,-1219982958.0,120349409888.0,120624038142.0,111409418490.0,101289139155.0,85670.0,뉴프렉스,,
00493510,2016,-2492082556.0,14632416988.0,107094374488.0,145216488660.0,134146461429.0,120349409888.0,85670.0,뉴프렉스,,
00493510,2017,4313976008.0,9792968177.0,118913433526.0,152715761208.0,135492168103.0,107094374488.0,85670.0,뉴프렉스,,
00493510,2018,7370622259.0,13188441712.0,144998447194.0,195502399484.0,172692306725.0,118913433526.0,85670.0,뉴프렉스,,
00493510,2019,-9634357398.0,11355093758.0,137433890140.0,128250920619.0,124862126074.0,144998447194.0,85670.0,뉴프렉스,,
00493510,2020,-9350535383.0,-629692088.0,135598580643.0,148601521410.0,146448037826.0,137433890140.0,85670.0,뉴프렉스,,
00799070,2015,19388464.0,-51967203.0,1287415596.0,662148883.0,488639300.0,1166288592.0,900110.0,딥커머스,,
00799070,2016,-55085699.0,23423313.0,1243061666.0,621692699.0,458252009.0,1287415596.0,900110.0,딥커머스,,
00799070,2017,16660433.0,58811619.0,1285317486.0,589559112.0,445299431.0,1243061666.0,900110.0,딥커머스,,
00799070,2018,20762002.0,2651292.0,1279890935.0,558767298.0,422288444.0,1285317486.0,900110.0,딥커머스,,
00799070,2019,18606170.0,57722803.0,1300635886.0,542805218.0,409258723.0,1279890935.0,900110.0,딥커머스,,
00799070,2020,-5476242.0,178646269.0,1294607168.0,219690834.0,164311289.0,1300635886.0,900110.0,딥커머스,,
00971090,2017,747316106.0,-6708455162.0,61475210223.0,30086064022.0,23521723576.0,36431963383.0,263540.0,어스앤에어로스페이스,,
00971090,2018,-2063066178.0,-4058638276.0,70479382530.0,31186868688.0,31912733854.0,61475210223.0,263540.0,어스앤에어로스페이스,,
00971090,2019,-33093324929.0,-502012786.0,41897759376.0,26308493847.0,40884615856.0,66027623340.0,263540.0,어스앤에어로스페이스,,
00971090,2020,-7724034246.0,387814249.0,34869658682.0,16801151852.0,19433874591.0,41897759376.0,263540.0,어스앤에어로스페이스,,
00109514,2015,2688288407.0,33209616171.0,146705005365.0,288870360441.0,254242146892.0,115512018892.0,4870.0,티웨이홀딩스,,
00109514,2016,3588147935.0,39889338352.0,175552057463.0,411870541153.0,358757988232.0,146705005365.0,4870.0,티웨이홀딩스,,
00109514,2017,37114719781.0,115898985976.0,296444250151.0,612787406772.0,512431345035.0,175552057463.0,4870.0,티웨이홀딩스,,
00109514,2018,33829535572.0,27496534376.0,497537191967.0,737489327781.0,628822465794.0,301349741116.0,4870.0,티웨이홀딩스,,
00109514,2019,-47661884441.0,125916130525.0,871001110157.0,817530536898.0,764496130073.0,497537191967.0,4870.0,티웨이홀딩스,,
00109514,2020,-144397271647.0,-66675981177.0,766137054522.0,276908903766.0,414941548948.0,871001110157.0,4870.0,티웨이홀딩스,,
01238169,2017,76680272181.0,193241820102.0,2257997919856.0,1117220559284.0,593476571583.0,,271560.0,오리온,,
01238169,2018,143026319852.0,400594003581.0,2351350662439.0,1926947888826.0,1049975126121.0,2257997919856.0,271560.0,오리온,,
01238169,2019,220467907564.0,347826332867.0,2452307263966.0,2023296057252.0,1110079910326.0,2351350662439.0,271560.0,오리온,,
01238169,2020,274562274378.0,460996136975.0,2665406433687.0,2229819933633.0,1276757945973.0,2452307263966.0,271560.0,오리온,,
00923826,2015,2059726218.0,12635155471.0,67563919922.0,43867257129.0,36787265766.0,63915451986.0,178780.0,일월지엠엘,,
00923826,2016,-11407575805.0,-12623025527.0,64254403509.0,28350453430.0,34503507946.0,67563919922.0,178780.0,일월지엠엘,,
00923826,2017,-18555067084.0,2503310729.0,82530414718.0,31989693181.0,31055952589.0,64254403508.0,178780.0,일월지엠엘,,
00923826,2018,-28755092121.0,-1473828073.0,55853722594.0,52577681062.0,53484519431.0,82530414718.0,178780.0,일월지엠엘,,
00923826,2019,-5752289671.0,-11799083433.0,41962990835.0,43391257005.0,43283320701.0,55853722594.0,178780.0,일월지엠엘,,
00923826,2020,-18270048359.0,-5489938022.0,29512624072.0,35061212739.0,31860785690.0,41962990835.0,178780.0,일월지엠엘,,
00134176,2015,625009337.0,1175925567.0,36979513705.0,39587325056.0,35275750162.0,36222786024.0,13000.0,세우글로벌,,
00134176,2016,428964334.0,-331860857.0,39207914464.0,42383385204.0,38871721870.0,36979513705.0,13000.0,세우글로벌,,
00134176,2017,446713229.0,-1441192993.0,40346906622.0,36413805451.0,32454212531.0,39207914464.0,13000.0,세우글로벌,,
00134176,2018,528299060.0,4600037971.0,43410663224.0,32240479595.0,28983853287.0,40346906622.0,13000.0,세우글로벌,,
00134176,2019,82817639.0,5417374156.0,45520999151.0,27468834782.0,23669860662.0,43410663224.0,13000.0,세우글로벌,,
00134176,2020,3096620696.0,2360261150.0,47098886356.0,27452348123.0,23587723747.0,45520999151.0,13000.0,세우글로벌,,
00113225,2015,35923673666.0,111794403510.0,635458248703.0,889656319821.0,773779892056.0,776610882206.0,84010.0,대한제강,,
00113225,2016,39837946600.0,40920608993.0,669562189666.0,897912292889.0,788520415079.0,635458248703.0,84010.0,대한제강,,
00113225,2017,29626726047.0,93295895901.0,753638611690.0,1228533936027.0,1122330566380.0,669562189666.0,84010.0,대한제강,,
00113225,2018,-17788071881.0,-16641282079.0,657105859875.0,1135523821977.0,1074517002530.0,753638611690.0,84010.0,대한제강,,
00113225,2019,29622525674.0,28714751103.0,635231706471.0,1021712425889.0,937185816034.0,657105859875.0,84010.0,대한제강,,
00113225,2020,53080079020.0,198130756038.0,944860967703.0,1096134815196.0,960572319350.0,635231706471.0,84010.0,대한제강,,
00545929,2015,-1426677194.0,-1642633914.0,142100585608.0,32519853392.0,4896215247.0,114111695719.0,95700.0,제넥신,,
00545929,2016,-25030754249.0,-3394230417.0,198711948014.0,11351915014.0,4778502451.0,142100585608.0,95700.0,제넥신,,
00545929,2017,-19329560416.0,-26104449145.0,140733591926.0,28454503371.0,10692380694.0,158592921799.0,95700.0,제넥신,,
00545929,2018,-34066759817.0,-20054235453.0,374811155132.0,12881557482.0,6326822144.0,140733591926.0,95700.0,제넥신,,
00545929,2019,-16509197492.0,-41571708994.0,358176683376.0,11303045030.0,3849754115.0,374811155132.0,95700.0,제넥신,,
00545929,2020,27535895606.0,-22690958697.0,596907820763.0,18543494616.0,6866700951.0,358176683376.0,95700.0,제넥신,,
00339391,2019,72896109675.0,408620564116.0,2409244539695.0,1545983879623.0,1310510602044.0,1901538061358.0,272210.0,한화시스템,,
00339391,2020,93580544300.0,174791239735.0,2695070123421.0,1642854571594.0,1395324672962.0,2409244539695.0,272210.0,한화시스템,,
01075126,2015,5078206021.0,-3573127570.0,34769729620.0,59356193658.0,49913673812.0,17076804522.0,223310.0,사토시홀딩스,,
01075126,2016,-2248496771.0,-6407128486.0,31830799627.0,32856767945.0,30008590249.0,34769729620.0,223310.0,사토시홀딩스,,
01075126,2017,-27635431323.0,-11014593167.0,55926340744.0,15183137605.0,16202683215.0,31830799627.0,223310.0,사토시홀딩스,,
01075126,2018,-25253936582.0,-10990491043.0,66456582238.0,16095117219.0,13241830797.0,55926340744.0,223310.0,사토시홀딩스,,
01075126,2019,-2899961780.0,335766536.0,40535220661.0,9051493564.0,6838482689.0,66456582238.0,223310.0,사토시홀딩스,,
01075126,2020,-9759845705.0,-10771472695.0,31816541865.0,10174799516.0,9466500507.0,40535220661.0,223310.0,사토시홀딩스,,
00838500,2015,41423863.0,-15895478.0,512143989.0,392886712.0,312416625.0,416191574.0,900140.0,엘브이엠씨,,
00838500,2016,35861487.0,3017897.0,571038885.0,338068515.0,270781248.0,512143989.0,900140.0,엘브이엠씨,,
00838500,2017,12009934.0,15656832.0,588596844.0,294692321.0,251075702.0,571038885.0,900140.0,엘브이엠씨,,
00838500,2018,-44567702.0,623896.0,584618139.0,267223938.0,262907752.0,588596844.0,900140.0,엘브이엠씨,,
00838500,2019,-47698788.0,22856518.0,586325742.0,312056446.0,289930890.0,584618139.0,900140.0,엘브이엠씨,,
00838500,2020,-20811101.0,59241339.0,595274738.0,232369136.0,201708847.0,586325742.0,900140.0,엘브이엠씨,,
00129989,2015,-24713789351.0,10087542307.0,222555115718.0,133424044655.0,129362327921.0,265168969959.0,5070.0,코스모신소재,,
00129989,2016,1385218859.0,10695909803.0,229677053505.0,190281005201.0,175649825730.0,222555115718.0,5070.0,코스모신소재,,
00129989,2017,8223956143.0,-1246928640.0,197678365794.0,314604636517.0,290562476422.0,229677053505.0,5070.0,코스모신소재,,
00129989,2018,10446693485.0,9723610061.0,237347906353.0,534011298221.0,501442824905.0,197678365794.0,5070.0,코스모신소재,,
00129989,2019,-1800133133.0,29181674.0,264756490424.0,243904528628.0,231752978382.0,237347906353.0,5070.0,코스모신소재,,
00129989,2020,11736404500.0,-1878940666.0,362322681514.0,204252718287.0,175948767601.0,264756490424.0,5070.0,코스모신소재,,
01109937,2018,-4693360482.0,-5660266897.0,31103287446.0,974315125.0,692859079.0,9466499690.0,246710.0,티앤알바이오팹,,
01109937,2019,-6250991952.0,-5173677065.0,27087659765.0,1287125787.0,678304420.0,31103287446.0,246710.0,티앤알바이오팹,,
01109937,2020,-5604364797.0,-8375666412.0,48505160267.0,6805106846.0,4146001648.0,27087659765.0,246710.0,티앤알바이오팹,,
00163345,2015,13186937060.0,-13076501591.0,276200610518.0,203671199560.0,180662766986.0,365853366320.0,12030.0,DB,,
00163345,2016,-20712778808.0,14350199143.0,214971053784.0,204809968492.0,177059334822.0,276200610518.0,12030.0,DB,,
00163345,2017,-776258396.0,7959587055.0,193495948361.0,199529518864.0,174803275552.0,214971053784.0,12030.0,DB,,
00163345,2018,-3975419555.0,6756873010.0,288416200594.0,237112635578.0,202065914852.0,197512862328.0,12030.0,DB,,
00163345,2019,4404485641.0,31005214654.0,363158130330.0,238505592826.0,182396061305.0,288416200594.0,12030.0,DB,,
00163345,2020,6271086203.0,18194187310.0,472491491069.0,272445840062.0,209303873970.0,363158130330.0,12030.0,DB,,
00411048,2015,7373238102.0,14325151929.0,96314118563.0,51210649038.0,32275128750.0,84430571007.0,101490.0,에스앤에스텍,,
00411048,2016,8961484839.0,12666553664.0,120973699715.0,54012868260.0,38100393268.0,96314118563.0,101490.0,에스앤에스텍,,
00411048,2017,3131677816.0,9521947437.0,120963274072.0,53899316762.0,42636917179.0,120973699715.0,101490.0,에스앤에스텍,,
00411048,2018,4622717852.0,12315420818.0,123812953756.0,61016169663.0,46555455810.0,120963274072.0,101490.0,에스앤에스텍,,
00411048,2019,10098863172.0,8735925287.0,135575183770.0,84466767631.0,62054531309.0,123812953756.0,101490.0,에스앤에스텍,,
00411048,2020,10996462169.0,6796353279.0,185990770110.0,87374363277.0,64298037297.0,135575183770.0,101490.0,에스앤에스텍,,
00148276,2015,81740960908.0,102393207951.0,1866861901980.0,2806713644157.0,1858043483920.0,1843852103644.0,30000.0,제일기획,,
00148276,2016,90648134120.0,101351735630.0,2151431626766.0,3232593889361.0,2235158836559.0,1866861901980.0,30000.0,제일기획,,
00148276,2017,128372886212.0,39090197987.0,2238293234650.0,3374986899177.0,2362441115653.0,2151431626766.0,30000.0,제일기획,,
00148276,2018,131868993213.0,224014016081.0,2172078163752.0,3477880993833.0,2395130442154.0,2238293234650.0,30000.0,제일기획,,
00148276,2019,139453304163.0,200015098571.0,2252767351901.0,3421672988229.0,2256743751011.0,2172078163752.0,30000.0,제일기획,,
00148276,2020,158280183551.0,219474826502.0,2242463952194.0,2747921881024.0,1643465292786.0,2252767351901.0,30000.0,제일기획,,
00365989,2016,14321286191.0,-18994098071.0,928945970110.0,210702134547.0,161737461645.0,970650678560.0,70960.0,모나용평,,
00365989,2017,16953249948.0,17809537341.0,868156494402.0,209677450085.0,162350743018.0,928945970110.0,70960.0,모나용평,,
00365989,2018,10185942358.0,52504906327.0,812775928478.0,181388590837.0,139835124569.0,868156494402.0,70960.0,모나용평,,
00365989,2019,-13791548187.0,23600745630.0,849935618519.0,129431260375.0,116153201698.0,812775928478.0,70960.0,모나용평,,
00365989,2020,-17562112952.0,50920804509.0,911905132370.0,127417725262.0,118308328939.0,849935618519.0,70960.0,모나용평,,
00128315,2015,26926664968.0,40013882514.0,331886199344.0,831807277998.0,788484806959.0,94419847565.0,37460.0,삼지전자,,
00128315,2016,38468337750.0,18170497317.0,376148518952.0,1101581286777.0,1037763431720.0,332298544769.0,37460.0,삼지전자,,
00128315,2017,43665649714.0,3335204505.0,468085551610.0,1304640081338.0,1223713223672.0,376148518952.0,37460.0,삼지전자,,
00128315,2018,29747535174.0,-20867255979.0,567955325356.0,1439625525008.0,1368241299254.0,468085551610.0,37460.0,삼지전자,,
00128315,2019,33948422104.0,48604577101.0,559512184799.0,1494980608036.0,1422989322293.0,567955325356.0,37460.0,삼지전자,,
00128315,2020,49770199350.0,17110882268.0,613137085709.0,1589477394910.0,1505758726750.0,559512184799.0,37460.0,삼지전자,,
00146560,2015,8577330458.0,27705954827.0,416109168064.0,304829511895.0,264459122830.0,316081673890.0,19540.0,일지테크,,
00146560,2016,18929657814.0,36303852242.0,416302907987.0,343246622615.0,295114899720.0,416109168064.0,19540.0,일지테크,,
00146560,2017,8168306705.0,57800245563.0,364128721464.0,261122251733.0,241562069494.0,416302907987.0,19540.0,일지테크,,
00146560,2018,-3448334217.0,53329200042.0,344835984815.0,228507868755.0,211463035410.0,364128721464.0,19540.0,일지테크,,
00146560,2019,-4279362085.0,31621002981.0,349635527584.0,191126790633.0,189899818797.0,344835984815.0,19540.0,일지테크,,
00146560,2020,-12613313641.0,18506769072.0,355905991893.0,191662429196.0,186370582413.0,349635527584.0,19540.0,일지테크,,
00105101,2015,19434108909.0,54594295278.0,1264603089638.0,1200695485415.0,1078975766899.0,1346602637820.0,15360.0,INVENI,,
00105101,2016,49172964971.0,35526690635.0,1286056959221.0,1051315418146.0,922847569603.0,1264603089638.0,15360.0,INVENI,,
00105101,2017,27073983161.0,84843311218.0,1434974395040.0,1115181077006.0,978640110421.0,1286056959221.0,15360.0,INVENI,,
00105101,2018,10688729309.0,-21208927395.0,1520633167860.0,1095366215128.0,947938176622.0,1434974395040.0,15360.0,INVENI,,
00105101,2019,22132121430.0,98649092696.0,1544289720044.0,1108191971411.0,962002705117.0,1464606961484.0,15360.0,INVENI,,
00105101,2020,-77910988000.0,-31724145000.0,1564088965000.0,1122374039000.0,973055997000.0,1544289720000.0,15360.0,INVENI,,
00101752,2015,-2142465766.0,3532102241.0,99714046083.0,83421402670.0,73529931717.0,123114940149.0,25880.0,케이씨피드,,
00101752,2016,754703457.0,2353176462.0,106278381652.0,80776776057.0,69025306263.0,99714046083.0,25880.0,케이씨피드,,
00101752,2017,6752740415.0,7617872021.0,105511177616.0,79688312099.0,67253631135.0,106278381652.0,25880.0,케이씨피드,,
00101752,2018,1009158687.0,-2922065403.0,105192755694.0,63728023982.0,54813425374.0,105511177616.0,25880.0,케이씨피드,,
00101752,2019,-6494753325.0,352454686.0,101474746729.0,64298802930.0,55015860255.0,105192755694.0,25880.0,케이씨피드,,
00101752,2020,1108004094.0,2829197080.0,101408842507.0,65740379713.0,56021137953.0,101474746729.0,25880.0,케이씨피드,,
00309503,2015,259193000000.0,59852000000.0,2808158000000.0,3039737000000.0,2531359000000.0,2108950000000.0,47810.0,한국항공우주,,
00309503,2016,264801000000.0,145285000000.0,2980840000000.0,2946331000000.0,2489733000000.0,2808158000000.0,47810.0,한국항공우주,,
00309503,2017,-235185852776.0,104641673897.0,3166223008512.0,2072249142312.0,2097187494232.0,2980840123007.0,47810.0,한국항공우주,,
00309503,2018,55539464108.0,137662903329.0,3755863511022.0,2786023511399.0,2411539106275.0,3193402965183.0,47810.0,한국항공우주,,
00309503,2019,168292166221.0,354538677109.0,4367135608525.0,3110157574663.0,2630153573728.0,3755863511022.0,47810.0,한국항공우주,,
00309503,2020,72313949881.0,732407852813.0,5159070657348.0,2825136012824.0,2493250074388.0,4367135608525.0,47810.0,한국항공우주,,
00161462,2015,10322517516.0,14528380195.0,68286966393.0,24954858228.0,11335225343.0,54508295275.0,21080.0,에이티넘인베스트,,
00161462,2016,5437782017.0,-8209914053.0,67894115011.0,13243744922.0,6569900563.0,68286966393.0,21080.0,에이티넘인베스트,,
00161462,2017,8721282994.0,6229704800.0,78653355026.0,25126863839.0,12824224294.0,67894115011.0,21080.0,에이티넘인베스트,,
00161462,2018,7019155300.0,1364664168.0,78550231521.0,17116885300.0,9095550746.0,78653355026.0,21080.0,에이티넘인베스트,,
00161462,2019,6747625333.0,4261127243.0,84118566091.0,21441291926.0,12911009515.0,78550231521.0,21080.0,에이티넘인베스트,,
00161462,2020,14623142213.0,14590039100.0,100402504439.0,32189109435.0,14990198137.0,84118566091.0,21080.0,에이티넘인베스트,,
00245472,2015,13166446665.0,23193470945.0,103404277762.0,61929727546.0,37394542072.0,91065078297.0,64760.0,티씨케이,,
00245472,2016,22741013525.0,24861362871.0,131531604499.0,89446645383.0,51017418956.0,103404277762.0,64760.0,티씨케이,,
00245472,2017,37299877925.0,39629342416.0,168791619662.0,130310059922.0,69090382146.0,131531604499.0,64760.0,티씨케이,,
00245472,2018,46856951859.0,39614872739.0,214136832170.0,170518829644.0,89405973927.0,168791619662.0,64760.0,티씨케이,,
00245472,2019,46830053413.0,36219244898.0,250869537055.0,171378813887.0,96725033860.0,214136832170.0,64760.0,티씨케이,,
00245472,2020,60513889853.0,65884382110.0,308578502890.0,228209744995.0,129340882641.0,250869537055.0,64760.0,티씨케이,,
00363769,2015,9394231382.0,26262941282.0,186860381465.0,152512434955.0,,129791372090.0,63570.0,NICE인프라,,
00363769,2016,13213147314.0,25454026225.0,221789132046.0,215501525209.0,,186860381465.0,63570.0,NICE인프라,,
00363769,2017,16431081832.0,39003089776.0,381285562633.0,241043735702.0,,221789132046.0,63570.0,NICE인프라,,
00363769,2018,12284404983.0,19810171638.0,410851152184.0,294423482228.0,,381285562633.0,63570.0,NICE인프라,,
00363769,2019,2831127216.0,51609154322.0,455809891618.0,282876178141.0,,410851152184.0,63570.0,NICE인프라,,
00363769,2020,2026846471.0,52709652305.0,477935593609.0,272225156759.0,,453948524789.0,63570.0,NICE인프라,,
01182240,2017,3995096824.0,4025662604.0,18038706025.0,35286004621.0,10425920449.0,13957756218.0,267790.0,배럴,,
01182240,2018,4393256798.0,1891737832.0,41379987447.0,50068539590.0,18662001247.0,18038706025.0,267790.0,배럴,,
01182240,2019,6877841978.0,7296362633.0,58348026898.0,59946895502.0,22480110441.0,41379987447.0,267790.0,배럴,,
01182240,2020,-6197409500.0,-8665377103.0,49396981542.0,26697239538.0,13305207742.0,58348026898.0,267790.0,배럴,,
00162461,2015,180415766483.0,1209290994751.0,13852619722836.0,8036991362167.0,6540636626588.0,12597023733415.0,9830.0,한화솔루션,,
00162461,2016,770943675548.0,1151003611390.0,13817913129303.0,9258832683954.0,7211218409715.0,13852619722836.0,9830.0,한화솔루션,,
00162461,2017,834534179123.0,916231863267.0,13649487899740.0,9341813226373.0,7386273362233.0,13817913129303.0,9830.0,한화솔루션,,
00162461,2018,160444990066.0,726704240219.0,15231475447557.0,9046041904194.0,7458561971983.0,13649487899740.0,9830.0,한화솔루션,,
00162461,2019,-248864999187.0,1206117680069.0,15681128868341.0,9503286226445.0,7732133978062.0,15231475447557.0,9830.0,한화솔루션,,
00162461,2020,301722374169.0,1069541687095.0,15137319821657.0,9195008128360.0,7269115499108.0,15681128868341.0,9830.0,한화솔루션,,
00763701,2019,12879367892.0,11718200963.0,169235826798.0,65559473832.0,52126966355.0,113931476382.0,234340.0,헥토파이낸셜,,
00763701,2020,11276135263.0,29620674619.0,208655360229.0,78110259569.0,67452423762.0,169235826798.0,234340.0,헥토파이낸셜,,
01135057,2019,5699384890.0,5414860371.0,106715710488.0,66937567029.0,30865216365.0,38973486884.0,234690.0,녹십자웰빙,,
01135057,2020,1529212303.0,-6192577352.0,114571117122.0,75603023351.0,36411407610.0,106715710488.0,234690.0,녹십자웰빙,,
01246034,2018,-9634327505.0,-8184039170.0,35920415977.0,5653092956.0,1476785097.0,10207611174.0,290660.0,다이나믹솔루션,,
01246034,2019,-15875138935.0,-13920285403.0,47016455033.0,12311250556.0,9084639191.0,35920415977.0,290660.0,다이나믹솔루션,,
01246034,2020,-15103130489.0,-9061195966.0,57906923776.0,18624676609.0,16099412530.0,47016455033.0,290660.0,다이나믹솔루션,,
00831428,2015,10298069581.0,11078701662.0,73140409002.0,38559068133.0,15390725631.0,67394448658.0,131030.0,옵투스제약,,
00831428,2016,11495820248.0,12038463709.0,83848426646.0,44719857450.0,19604819280.0,73140409002.0,131030.0,옵투스제약,,
00831428,2017,12878978670.0,18300740917.0,94570544972.0,49808081553.0,22127426811.0,83848426646.0,131030.0,옵투스제약,,
00831428,2018,10002748815.0,15045830597.0,103905345010.0,49624684186.0,22489984964.0,94570544972.0,131030.0,옵투스제약,,
00831428,2019,14595868949.0,16829603031.0,118968820159.0,60441370505.0,23518646975.0,103905345010.0,131030.0,옵투스제약,,
00831428,2020,14405009514.0,17445555199.0,129896759964.0,60826955332.0,22502999898.0,118968820159.0,131030.0,옵투스제약,,
00137289,2015,38956549832.0,25230322295.0,342272505853.0,635525312105.0,563167006879.0,366149843554.0,41520.0,이엘씨,,
00137289,2016,2875225230.0,52136195512.0,333799019961.0,306022429705.0,280780110810.0,342272505853.0,41520.0,이엘씨,,
00137289,2017,-15659820323.0,-22166238717.0,273192452808.0,344006410929.0,324162409469.0,333799019961.0,41520.0,이엘씨,,
00137289,2018,8225843921.0,-32177934048.0,312948282751.0,367070174188.0,335288020831.0,273192452808.0,41520.0,이엘씨,,
00137289,2019,-586008266.0,72442788797.0,237250055726.0,277051024909.0,260992059327.0,312948282751.0,41520.0,이엘씨,,
00137289,2020,8283565618.0,30915361888.0,260743520016.0,245148533280.0,207147427084.0,237250055726.0,41520.0,이엘씨,,
00520887,2015,16872546060.0,40155530523.0,235171218606.0,143846023299.0,75356913480.0,245737967635.0,100220.0,비상교육,,
00520887,2016,25618213872.0,51238792447.0,239728293524.0,143872245856.0,66375936464.0,235171218606.0,100220.0,비상교육,,
00520887,2017,18059171268.0,14596732605.0,256314376380.0,145635804061.0,70135864087.0,239728293524.0,100220.0,비상교육,,
00520887,2018,2327868672.0,17487495938.0,254277214624.0,161921532042.0,85089832113.0,256314376380.0,100220.0,비상교육,,
00520887,2019,11156442161.0,26941940971.0,286170370038.0,199386233396.0,95992403769.0,254277214624.0,100220.0,비상교육,,
00520887,2020,-14904335734.0,18940087811.0,263230581094.0,172313769654.0,88663293200.0,286170370038.0,100220.0,비상교육,,
00302582,2015,9835870350.0,,229525463285.0,217935251522.0,184794753707.0,208916770354.0,71850.0,캐스텍코리아,,
00302582,2016,7429423210.0,,243371092231.0,226605078685.0,194520198589.0,229525463285.0,71850.0,캐스텍코리아,,
00302582,2017,2890995962.0,7440283648.0,261098687443.0,209549600104.0,185966277702.0,243371092231.0,71850.0,캐스텍코리아,,
00302582,2018,1069467355.0,9127147825.0,290374345616.0,207721128066.0,189753862232.0,261098687443.0,71850.0,캐스텍코리아,,
00302582,2019,-5731532742.0,7830250873.0,292991021484.0,190066501477.0,176945685090.0,290374345616.0,71850.0,캐스텍코리아,,
00302582,2020,-18345226559.0,7315144118.0,251347372410.0,137648741238.0,134112369633.0,292991021484.0,71850.0,캐스텍코리아,,
00158501,2015,155434905019.0,317901524207.0,1394426507092.0,1799570545493.0,1263417750093.0,1460060972214.0,12750.0,에스원,,
00158501,2016,140545797702.0,273180864514.0,1460376646689.0,1830176817492.0,1280843141393.0,1394426507092.0,12750.0,에스원,,
00158501,2017,143326119882.0,294205564106.0,1581536979425.0,1942266128227.0,1375981177734.0,1460376646689.0,12750.0,에스원,,
00158501,2018,102968774594.0,236971524260.0,1682854294128.0,2018339270821.0,1471226712524.0,1581536979425.0,12750.0,에스원,,
00158501,2019,146641281537.0,279831501105.0,1794959719010.0,2151521516402.0,1607782232754.0,1682854294128.0,12750.0,에스원,,
00158501,2020,142089584874.0,346419033180.0,1906689693022.0,2223340509340.0,1672120747514.0,1794959719010.0,12750.0,에스원,,
00159786,2015,70874808888.0,-3550004480.0,1036809018544.0,708217608563.0,550270820931.0,831508123489.0,14830.0,유니드,,
00159786,2016,48473432352.0,182916488289.0,1046784996510.0,740883521442.0,563459509249.0,1036809018544.0,14830.0,유니드,,
00159786,2017,41086407999.0,-18991154722.0,1113148608424.0,762387352155.0,576050472941.0,1046784996510.0,14830.0,유니드,,
00159786,2018,35973646301.0,54950769003.0,1111856122230.0,814007810102.0,639074715697.0,1113148608424.0,14830.0,유니드,,
00159786,2019,67465575939.0,72484062136.0,1076285813831.0,875163630213.0,684418605571.0,1111856122230.0,14830.0,유니드,,
00159786,2020,76818319159.0,157896474092.0,1120794922952.0,890460358535.0,684560248627.0,1076285813831.0,14830.0,유니드,,
00508274,2015,10750574590.0,8772095855.0,141019035854.0,109591037132.0,75684731442.0,138971552697.0,81000.0,일진다이아,,
00508274,2016,4659206655.0,11776023773.0,146481851671.0,108408481999.0,79849608929.0,141019035854.0,81000.0,일진다이아,,
00508274,2017,7360954993.0,14629227125.0,156935533384.0,123684952824.0,90554254659.0,146481851671.0,81000.0,일진다이아,,
00508274,2018,7683631248.0,14361527865.0,159895729538.0,133959367594.0,94848434730.0,156935533384.0,81000.0,일진다이아,,
00508274,2019,12768968128.0,40311047554.0,249110385049.0,161062349881.0,113969091932.0,159895729538.0,81000.0,일진다이아,,
00508274,2020,7255841309.0,8840947051.0,247688526423.0,168656785984.0,120562021771.0,249819007978.0,81000.0,일진다이아,,
00544452,2018,5065502394.0,7277466629.0,728182494390.0,17324241976.0,,583886148727.0,88260.0,이리츠코크렙,,
00544452,2019,6616279228.0,10061875167.0,720143143351.0,21038879491.0,,725452242978.0,88260.0,이리츠코크렙,,
00544452,2020,6814080938.0,11665417840.0,713030329378.0,21179550414.0,,716304109432.0,88260.0,이리츠코크렙,,
00683469,2015,8334408120.0,26722775155.0,735434079471.0,714649868649.0,635297729893.0,794512025856.0,103590.0,일진전기,,
00683469,2016,1419328969.0,-10011054240.0,728757944901.0,678079933020.0,604195297495.0,735434079471.0,103590.0,일진전기,,
00683469,2017,-2087995661.0,4514660935.0,756774591469.0,761984401339.0,687351369868.0,728757944901.0,103590.0,일진전기,,
00683469,2018,-14444780541.0,-17987477246.0,778631600959.0,731430723855.0,665784063379.0,756774591469.0,103590.0,일진전기,,
00683469,2019,3604463098.0,25541035645.0,780849822476.0,668304096799.0,605392389189.0,778631600959.0,103590.0,일진전기,,
00683469,2020,4818812413.0,57664627757.0,790379091642.0,707930789714.0,634594295702.0,780849822476.0,103590.0,일진전기,,
01234297,2017,17196934795.0,32966098375.0,220199885689.0,208335667577.0,169703148192.0,,268280.0,미원에스씨,,
01234297,2018,35974080468.0,21541804109.0,276673706089.0,360434684734.0,296285368874.0,220199885689.0,268280.0,미원에스씨,,
01234297,2019,39565303971.0,68882982047.0,311855158584.0,377850724297.0,305667242567.0,276673706089.0,268280.0,미원에스씨,,
01234297,2020,34665653172.0,70382676860.0,327103636590.0,371989561446.0,296077027024.0,311855158584.0,268280.0,미원에스씨,,
00200275,2015,-3642659245.0,-18021859029.0,304515079681.0,117434969522.0,115121001004.0,340150424920.0,40300.0,YTN,,
00200275,2016,3465478245.0,15587649096.0,312406624587.0,130755833604.0,119116477130.0,304515079681.0,40300.0,YTN,,
00200275,2017,4537489911.0,21332336362.0,298989298187.0,131050998797.0,122034042984.0,312406624587.0,40300.0,YTN,,
00200275,2018,690807090.0,15808599135.0,285962213139.0,132360035619.0,124038855899.0,298989298187.0,40300.0,YTN,,
00200275,2019,-3308954951.0,12716759231.0,282069114250.0,130801036385.0,123040665292.0,285962213139.0,40300.0,YTN,,
00200275,2020,7999188999.0,23085234551.0,298300105265.0,133102172088.0,123305613865.0,282069114250.0,40300.0,YTN,,
01049167,2020,-5775657716.0,-18678764585.0,70959517068.0,45671908243.0,24752834971.0,25030808314.0,214610.0,롤링스톤,,
00413046,2015,158281750300.0,77566858430.0,2748230541703.0,603412768883.0,234568715130.0,2322385038800.0,68270.0,셀트리온,,
00413046,2016,149418660913.0,230113413112.0,2883847406229.0,670580961669.0,279930482311.0,2641170265374.0,68270.0,셀트리온,,
00413046,2017,377725080593.0,485980718131.0,3294095985833.0,949079965214.0,251246091740.0,2883847406229.0,68270.0,셀트리온,,
00413046,2018,237476360558.0,364786083261.0,3503108204930.0,982074959799.0,431166901291.0,3294095985833.0,68270.0,셀트리온,,
00413046,2019,301442694249.0,473993887712.0,3859646629058.0,1128459877886.0,494966173576.0,3503108204930.0,68270.0,셀트리온,,
00413046,2020,525702909620.0,350746671970.0,5020121254019.0,1849115532111.0,821451542911.0,3859646629058.0,68270.0,셀트리온,,
00228536,2015,12145605093.0,40495368632.0,285417032509.0,327817238937.0,268882030045.0,311323451221.0,41440.0,현대에버다임,,
00228536,2016,17485208833.0,47208215320.0,262385472687.0,337351568047.0,273542230076.0,285417032509.0,41440.0,현대에버다임,,
00228536,2017,17597101335.0,-2305143980.0,273598043433.0,340266775411.0,275463226656.0,262385472687.0,41440.0,현대에버다임,,
00228536,2018,10138349936.0,14020954910.0,269379041150.0,311160552571.0,259300226020.0,273598043433.0,41440.0,현대에버다임,,
00228536,2019,1160130152.0,-2571703912.0,280365328171.0,248611599382.0,213362624575.0,269379041150.0,41440.0,현대에버다임,,
00228536,2020,-7109651637.0,36051804062.0,249858941521.0,263485823228.0,231160127273.0,280365328171.0,41440.0,현대에버다임,,
00480756,2015,-8131723569.0,-4846554192.0,45294012905.0,25799504497.0,24074449172.0,40584083341.0,96040.0,이트론,,
00480756,2016,-9797162963.0,-4008842670.0,57919896350.0,25705832616.0,23786910464.0,45294012905.0,96040.0,이트론,,
00480756,2017,-1863753241.0,926878185.0,53109109429.0,15563155382.0,13654359970.0,57919896350.0,96040.0,이트론,,
00480756,2018,-6233930211.0,-1178680230.0,47028711448.0,8470642442.0,7974460330.0,53109109429.0,96040.0,이트론,,
00480756,2019,-7563620009.0,-10685017331.0,104807008618.0,28980983511.0,26309312528.0,47028711448.0,96040.0,이트론,,
00480756,2020,-15226106720.0,2698747789.0,111812006555.0,41349066553.0,36108693127.0,104807008618.0,96040.0,이트론,,
00144720,2015,1617386691.0,14899284697.0,97047071746.0,127936189790.0,114304197389.0,105462905431.0,11690.0,와이투솔루션,,
00144720,2016,-5113503759.0,3065166991.0,102085749916.0,97923870458.0,92762435021.0,97047071746.0,11690.0,와이투솔루션,,
00144720,2017,4108937318.0,-3887379812.0,202054861500.0,112119451246.0,105538925212.0,102085749916.0,11690.0,와이투솔루션,,
00144720,2018,-29972348837.0,-2094917060.0,194186138096.0,91081443405.0,95791627273.0,202054861500.0,11690.0,와이투솔루션,,
00144720,2019,-9501426298.0,-14839894860.0,206907486761.0,108289227485.0,101043895426.0,194186138096.0,11690.0,와이투솔루션,,
00144720,2020,-43044842825.0,-15004748528.0,113153493123.0,107392165469.0,100437681708.0,194784384230.0,11690.0,와이투솔루션,,
00203290,2015,1043683336.0,26535547415.0,499515755003.0,299567094916.0,227206232987.0,378190350479.0,24720.0,콜마홀딩스,,
00203290,2016,51001541543.0,25257525875.0,567569888187.0,330438588906.0,249385648523.0,499515755003.0,24720.0,콜마홀딩스,,
00203290,2017,51663997610.0,68303392336.0,746857715191.0,490565263213.0,382473889489.0,567569888187.0,24720.0,콜마홀딩스,,
00203290,2018,90232664180.0,38455787298.0,881687299219.0,561696121306.0,430074276626.0,746857715191.0,24720.0,콜마홀딩스,,
00203290,2019,72236250997.0,84102124993.0,1095090642159.0,593433802381.0,455419311923.0,881687299219.0,24720.0,콜마홀딩스,,
00203290,2020,155093196201.0,83326142690.0,1218505783282.0,675480246344.0,525189975239.0,1091947071919.0,24720.0,콜마홀딩스,,
00816696,2017,3213832621.0,8876899418.0,28973762237.0,54524508664.0,39675265768.0,10924574544.0,136660.0,큐엠씨,,
00816696,2018,2250950664.0,5592551372.0,39952114877.0,37567267273.0,26059900746.0,28973762237.0,136660.0,큐엠씨,,
00816696,2019,-8526275688.0,-5645135560.0,43465717690.0,5274376146.0,9021172880.0,39952114877.0,136660.0,큐엠씨,,
00297934,2015,170328249.0,-3913866350.0,48492541136.0,197723189373.0,189224546335.0,47974643080.0,51380.0,피씨디렉트,,
00297934,2016,1265588185.0,-494972249.0,49726869709.0,208137845972.0,197763844377.0,48492541136.0,51380.0,피씨디렉트,,
00297934,2017,3003717231.0,1142648421.0,53639610437.0,227418000684.0,216016870989.0,49726869709.0,51380.0,피씨디렉트,,
00297934,2018,3333269580.0,3587122084.0,56591738984.0,240055037962.0,225573782300.0,53639610437.0,51380.0,피씨디렉트,,
00297934,2019,3771347685.0,-8118517124.0,67604517331.0,278615749834.0,261977422291.0,56591738984.0,51380.0,피씨디렉트,,
00297934,2020,6082191246.0,4727706691.0,81428734723.0,313462867187.0,293547818702.0,67604517331.0,51380.0,피씨디렉트,,
00161709,2015,29995075156.0,36433165756.0,401495530311.0,243624842789.0,179706232779.0,374686987153.0,16800.0,퍼시스,,
00161709,2016,23186786148.0,23834690568.0,416488335033.0,231594907471.0,174470754919.0,401495530311.0,16800.0,퍼시스,,
00161709,2017,22061157737.0,22145609388.0,436794587978.0,289460886458.0,211830551544.0,416488335033.0,16800.0,퍼시스,,
00161709,2018,45495149012.0,52331263678.0,484172255243.0,315669242386.0,229240926521.0,436794587978.0,16800.0,퍼시스,,
00161709,2019,33958311829.0,23687875112.0,481827215370.0,304749764010.0,223052542104.0,484172255243.0,16800.0,퍼시스,,
00161709,2020,34048680855.0,41294667474.0,498942806587.0,286852628750.0,208272651419.0,481827215370.0,16800.0,퍼시스,,
00304076,2020,13657228794.0,15380665484.0,237465157616.0,326895260659.0,279288359879.0,196685502068.0,53080.0,케이엔솔,,
00165583,2015,103521434.0,186209653186.0,3509763919674.0,4695070331311.0,4178657105864.0,3658165075982.0,17940.0,E1,,
00165583,2016,-37939686335.0,28158361879.0,3544179098101.0,3995900596772.0,3582869802967.0,3509763919674.0,17940.0,E1,,
00165583,2017,86762513307.0,-128972187167.0,3460084197490.0,4408216434613.0,3975025036410.0,3544179098101.0,17940.0,E1,,
00165583,2018,79242176252.0,184738744613.0,3565388941484.0,4630199430898.0,4336804825577.0,3460084197670.0,17940.0,E1,,
00165583,2019,-52402496505.0,54693465173.0,3594979133031.0,4608269823064.0,4219075198829.0,3565388941484.0,17940.0,E1,,
00165583,2020,56330568928.0,175086208080.0,3731448422489.0,3927554236615.0,3613110784640.0,3594979133031.0,17940.0,E1,,
00309831,2015,5670445845.0,20421814598.0,176819975994.0,397125104497.0,358281145698.0,200605067942.0,61040.0,알에프텍,,
00309831,2016,9756218619.0,18825708475.0,175342561994.0,321992442984.0,286558297663.0,176819975994.0,61040.0,알에프텍,,
00309831,2017,3734459104.0,-771358355.0,185953927685.0,287143153551.0,254839929155.0,175096178058.0,61040.0,알에프텍,,
00309831,2018,6606559723.0,12041201668.0,177047175172.0,240344983312.0,214576131394.0,185953927685.0,61040.0,알에프텍,,
00309831,2019,-1807468461.0,12224597657.0,254270323424.0,284492014820.0,244194527918.0,177047175172.0,61040.0,알에프텍,,
00309831,2020,-30890488794.0,14409960640.0,247026122013.0,257857914707.0,218954916618.0,250164543498.0,61040.0,알에프텍,,
00363927,2015,5176907221.0,9193176709.0,65622770122.0,53139373649.0,14663784975.0,60446382534.0,53290.0,NE능률,,
00363927,2016,5261282042.0,5943927087.0,73655413149.0,53488426721.0,16549891056.0,65622770122.0,53290.0,NE능률,,
00363927,2017,726538345.0,2378964093.0,90041623426.0,57481262831.0,16519107772.0,73655413149.0,53290.0,NE능률,,
00363927,2018,-4365086543.0,56851050.0,94960503158.0,85990356996.0,27643671195.0,90041623426.0,53290.0,NE능률,,
00363927,2019,720336607.0,6315039980.0,92271600999.0,84632801802.0,26544734301.0,94960503158.0,53290.0,NE능률,,
00363927,2020,971935501.0,8576186579.0,89083697146.0,75363857066.0,26052477271.0,92271600999.0,53290.0,NE능률,,
00225159,2015,116419931110.0,120263343904.0,2169311304718.0,1612746929364.0,1331347190583.0,2039388864116.0,36530.0,SNT홀딩스,,
00225159,2016,10146567992.0,143865684865.0,2210178424697.0,1537700275440.0,1336617769188.0,2169311304718.0,36530.0,SNT홀딩스,,
00225159,2017,25863066051.0,104208803561.0,2146174938062.0,1508152131540.0,1303372403284.0,2210178424697.0,36530.0,SNT홀딩스,,
00225159,2018,73732316535.0,128942883726.0,2113834573475.0,1401307482223.0,1221120348495.0,2146174938062.0,36530.0,SNT홀딩스,,
00225159,2019,124509305329.0,89185851418.0,2236679025435.0,1512114564701.0,1284171398283.0,2113834573475.0,36530.0,SNT홀딩스,,
00225159,2020,77889419554.0,261292398515.0,2270485739579.0,1435754699186.0,1227111969669.0,2236679025435.0,36530.0,SNT홀딩스,,
00407814,2015,-5141977073.0,-4726573168.0,127284549684.0,9765711626.0,13615092240.0,106051985075.0,83790.0,CG인바이츠,,
00407814,2016,-3766382233.0,-8302347089.0,128666439474.0,14524948953.0,4856542886.0,127284549684.0,83790.0,CG인바이츠,,
00407814,2017,-8575453171.0,1632902774.0,119465137585.0,12175117573.0,3333318558.0,128666439474.0,83790.0,CG인바이츠,,
00407814,2018,6907591479.0,-1206721920.0,256919699177.0,13887490840.0,2902000976.0,119465137585.0,83790.0,CG인바이츠,,
00407814,2019,-38091103252.0,-7137542832.0,379189387374.0,14006559473.0,9200412094.0,256919699177.0,83790.0,CG인바이츠,,
00407814,2020,-12011959839.0,-16384882272.0,316960077321.0,30223479985.0,17312240725.0,379189387554.0,83790.0,CG인바이츠,,
00486370,2015,1174805682.0,3252598199.0,115469943606.0,140848892520.0,122816881840.0,112591960349.0,80470.0,성창오토텍,,
00486370,2016,1523907284.0,8883267686.0,117662520968.0,152715602971.0,132883033380.0,115469943606.0,80470.0,성창오토텍,,
00486370,2017,-1288740071.0,7651753636.0,106028645369.0,142953914454.0,125453456992.0,117662520968.0,80470.0,성창오토텍,,
00486370,2018,-3053271865.0,2679420972.0,109296757111.0,130670808827.0,114493399753.0,106028645369.0,80470.0,성창오토텍,,
00486370,2019,-140764471.0,6091554602.0,110875097718.0,132801198931.0,117625485160.0,109296757111.0,80470.0,성창오토텍,,
00486370,2020,-211032623.0,14867576957.0,122034844725.0,125502343333.0,111467460083.0,110875097718.0,80470.0,성창오토텍,,
00633835,2015,-260925000000.0,257547000000.0,5914637000000.0,3115473000000.0,3004437000000.0,6470284000000.0,97230.0,HJ중공업,,
00633835,2016,-334446000000.0,-36763000000.0,5256464000000.0,2813271000000.0,2753545000000.0,5754767000000.0,97230.0,HJ중공업,,
00633835,2017,-277978000000.0,385461000000.0,4206655000000.0,2452314000000.0,2431066000000.0,5278868000000.0,97230.0,HJ중공업,,
00633835,2018,-1283647000000.0,420195000000.0,2733620000000.0,1697869000000.0,1557089000000.0,4206655000000.0,97230.0,HJ중공업,,
00633835,2019,306169000000.0,155934000000.0,2470222000000.0,1628751000000.0,1451267000000.0,2733620000000.0,97230.0,HJ중공업,,
00633835,2020,78346000000.0,264454000000.0,2193855000000.0,1695815000000.0,1565344000000.0,2470222000000.0,97230.0,HJ중공업,,
00523936,2020,-2275306568.0,3008723423.0,66013819514.0,21082359622.0,18560913779.0,53601903070.0,297890.0,HB솔루션,,
00706715,2015,30646259614.0,40393821705.0,224340447358.0,270442314879.0,207986948382.0,203526514346.0,107590.0,미원홀딩스,,
00706715,2016,34515223058.0,55433381920.0,254837540017.0,287756594496.0,217883307680.0,224340447358.0,107590.0,미원홀딩스,,
00706715,2017,12731678922.0,-8952784324.0,163827189553.0,117568146310.0,95296275197.0,254837540017.0,107590.0,미원홀딩스,,
00706715,2018,9740481883.0,9020838178.0,222015478847.0,141970840097.0,122186709174.0,163827189553.0,107590.0,미원홀딩스,,
00706715,2019,16268199700.0,-1598963274.0,315171349686.0,188376778923.0,161429172476.0,222015478847.0,107590.0,미원홀딩스,,
00706715,2020,23673458480.0,25040686521.0,331257262740.0,288971437201.0,242577588969.0,315171349686.0,107590.0,미원홀딩스,,
00104519,2015,-4043772778.0,-837022198.0,83085438266.0,91618544938.0,85746775891.0,91005502138.0,1140.0,국보,,
00104519,2016,-4187272305.0,507313863.0,81308887366.0,87333325845.0,79591801813.0,83085438266.0,1140.0,국보,,
00104519,2017,-2889794181.0,-3103505484.0,73270170253.0,78255521546.0,72337682963.0,81308887366.0,1140.0,국보,,
00104519,2018,-3999571864.0,-6078157313.0,48188112711.0,71549827901.0,67935984832.0,73270170253.0,1140.0,국보,,
00104519,2019,-6676273731.0,-9899692299.0,115356448465.0,89087334122.0,71346936527.0,48188112711.0,1140.0,국보,,
00104519,2020,-20527205181.0,-10627274662.0,90823630562.0,109928740663.0,78435499061.0,115356448465.0,1140.0,국보,,
00157104,2015,284949889.0,7108404427.0,157202276798.0,42269860520.0,35667712269.0,139373323601.0,8110.0,대동전자,,
00157104,2016,-2092540171.0,4253444085.0,166137829398.0,38026432512.0,30591134424.0,157202276798.0,8110.0,대동전자,,
00157104,2017,2196871520.0,3484937222.0,160876565587.0,41630042846.0,31425293301.0,166137829398.0,8110.0,대동전자,,
00157104,2018,680177676.0,5608456202.0,164138409022.0,39811400333.0,31491590073.0,160876565587.0,8110.0,대동전자,,
00157104,2019,3456272945.0,5436553411.0,170960180122.0,47995434831.0,39095722130.0,164138409022.0,8110.0,대동전자,,
00157104,2020,4539137893.0,12104895670.0,179047186303.0,45012675883.0,34833190634.0,170960180122.0,8110.0,대동전자,,
00552859,2015,-4311250046.0,-4296735956.0,50347290780.0,16781578015.0,13539881457.0,58518033961.0,115450.0,HLB테라퓨틱스,,
00552859,2016,-5397176099.0,-2716319717.0,51648095716.0,17710432259.0,14415099825.0,50347290780.0,115450.0,HLB테라퓨틱스,,
00552859,2017,-5215100630.0,-4659523364.0,62711128487.0,17152269925.0,14590157568.0,51648095716.0,115450.0,HLB테라퓨틱스,,
00552859,2018,4195639642.0,-3525982522.0,107657274452.0,46357029294.0,40148092232.0,62711128487.0,115450.0,HLB테라퓨틱스,,
00552859,2019,-17179910320.0,-5543219589.0,139519007523.0,58966186158.0,53467688052.0,107657274452.0,115450.0,HLB테라퓨틱스,,
00552859,2020,-17400547675.0,-11650879327.0,121938305504.0,42929780550.0,36351419723.0,139519007523.0,115450.0,HLB테라퓨틱스,,
00862853,2019,6589775891.0,4962155157.0,97299209198.0,38572319649.0,,90006397154.0,237820.0,플레이디,,
00862853,2020,1487712627.0,514264043.0,119883450074.0,29306229210.0,,97299209198.0,237820.0,플레이디,,
00919966,2016,-74037961067.0,-197977105251.0,284127918504.0,5292317531.0,52116532127.0,153027747429.0,215600.0,신라젠,,
00919966,2017,-57020831505.0,33829312717.0,234954188168.0,6864849467.0,,284127918504.0,215600.0,신라젠,,
00919966,2018,-56236181150.0,-48426046323.0,193193204355.0,7712024811.0,,234954188168.0,215600.0,신라젠,,
00919966,2019,-113199973347.0,-6537975318.0,69745029861.0,9068581313.0,,193193204355.0,215600.0,신라젠,,
00919966,2020,-47824888873.0,-22941343199.0,47423224925.0,1669716316.0,,69745029861.0,215600.0,신라젠,,
00970453,2015,12877827172.0,16022957583.0,169306027218.0,37454866933.0,11687167336.0,44385116846.0,214450.0,파마리서치,,
00970453,2016,13827125122.0,8161008603.0,179332279585.0,45953114757.0,15116236049.0,169306027218.0,214450.0,파마리서치,,
00970453,2017,12516689358.0,8555285204.0,189033645763.0,54469757891.0,18404889784.0,179332279585.0,214450.0,파마리서치,,
00970453,2018,11265361636.0,5203397418.0,258188071762.0,64280682056.0,26063677467.0,189033645763.0,214450.0,파마리서치,,
00970453,2019,14850657503.0,19272275069.0,269925427473.0,83871642044.0,33766128502.0,258188071762.0,214450.0,파마리서치,,
00970453,2020,32452222466.0,32391668890.0,319831469290.0,108745921878.0,35849536638.0,269925427473.0,214450.0,파마리서치,,
01038693,2016,-11580169.0,20676075.0,11955109007.0,0.0,,11942950987.0,203650.0,드림시큐리티,,
01038693,2017,-1595965451.0,-648654291.0,24242344379.0,24768401880.0,18119750209.0,18912844272.0,203650.0,드림시큐리티,,
01038693,2018,3139200345.0,3163414641.0,27006031314.0,28316767323.0,19922718213.0,24242344379.0,203650.0,드림시큐리티,,
01038693,2019,2526905862.0,2341753253.0,77347109851.0,28815881240.0,21022203304.0,27006031314.0,203650.0,드림시큐리티,,
01038693,2020,6177768498.0,11791308508.0,281660207890.0,158408332970.0,105118201802.0,77347109851.0,203650.0,드림시큐리티,,
01067516,2015,36533154720.0,44345997353.0,178132252912.0,201560388983.0,80622893069.0,,215000.0,골프존,,
01067516,2016,36536248216.0,35237010756.0,187914226044.0,216964341591.0,87427908291.0,178132252912.0,215000.0,골프존,,
01067516,2017,79392003923.0,80376887466.0,253672418837.0,200105320596.0,69036405291.0,187914226044.0,215000.0,골프존,,
01067516,2018,20419448832.0,32883975505.0,254057807512.0,198705194136.0,77580937914.0,253672418837.0,215000.0,골프존,,
01067516,2019,16213887662.0,39501603372.0,312587282698.0,247018098993.0,93859565309.0,254057807512.0,215000.0,골프존,,
01067516,2020,37497361119.0,87402396258.0,367293667416.0,298524085458.0,111875927994.0,312587282698.0,215000.0,골프존,,
00945208,2015,590542567.0,994096476.0,58393618832.0,40713758072.0,36336800929.0,38080216035.0,161570.0,더미동,,
00945208,2016,-3098361974.0,-3952288358.0,53455517466.0,28872692641.0,27836525938.0,58393618832.0,161570.0,더미동,,
00945208,2017,-3582198541.0,-4139020477.0,47059771136.0,28157405828.0,25594527303.0,53455517466.0,161570.0,더미동,,
00945208,2018,-12540175974.0,-1664227557.0,33966457482.0,19602893878.0,18497557193.0,47059771136.0,161570.0,더미동,,
00945208,2019,-3337756701.0,-1439954864.0,35112640718.0,24883150246.0,23612760754.0,33966457482.0,161570.0,더미동,,
00945208,2020,-6915710448.0,-3816466089.0,22077355897.0,26994123555.0,25391171831.0,35112640718.0,161570.0,더미동,,
01185566,2017,685114029.0,-3071303692.0,27274039081.0,27120408716.0,22822799735.0,15559457434.0,263920.0,휴엠앤씨,,
01185566,2018,-66820454.0,3992891175.0,32822274446.0,23388721418.0,18730266205.0,27274039081.0,263920.0,휴엠앤씨,,
01185566,2019,-5069758445.0,-8443860924.0,88369871241.0,24964389302.0,18409790818.0,32822274446.0,263920.0,휴엠앤씨,,
01185566,2020,-37787144555.0,3967066727.0,52966026806.0,36205150314.0,32562392044.0,88369871241.0,263920.0,휴엠앤씨,,
00788737,2015,-357617748.0,1037945347.0,19710186731.0,7485120600.0,2569935500.0,19653013935.0,134060.0,이퓨쳐,,
00788737,2016,188200095.0,1551717529.0,21322071093.0,8525054831.0,2889115072.0,19710186731.0,134060.0,이퓨쳐,,
00788737,2017,-579692092.0,1710231382.0,19675309411.0,8584772168.0,3097922121.0,21322071093.0,134060.0,이퓨쳐,,
00788737,2018,333233874.0,1881518045.0,20536452162.0,9828717883.0,3669524160.0,19675309411.0,134060.0,이퓨쳐,,
00788737,2019,1713287847.0,3078643470.0,23119508687.0,10686877389.0,3752553640.0,20536452162.0,134060.0,이퓨쳐,,
00788737,2020,536862414.0,1003993482.0,21659304449.0,10738282817.0,3559658404.0,23119508687.0,134060.0,이퓨쳐,,
00803425,2015,15305498812.0,24909241040.0,268874478741.0,310584637550.0,252830643213.0,236293554428.0,123410.0,코리아에프티,,
00803425,2016,12546511301.0,19948180796.0,304064215044.0,366664069747.0,304409694984.0,268874478741.0,123410.0,코리아에프티,,
00803425,2017,2290769259.0,26465418779.0,327074019518.0,348133702446.0,298121379397.0,304064215044.0,123410.0,코리아에프티,,
00803425,2018,3984063744.0,21921188321.0,334118357181.0,387982325725.0,336002816497.0,327074019518.0,123410.0,코리아에프티,,
00803425,2019,5684939064.0,26613194001.0,332861086539.0,438688445830.0,379579786655.0,334118357181.0,123410.0,코리아에프티,,
00803425,2020,3913566599.0,14245459756.0,363850483823.0,409681152431.0,353619401445.0,332861086539.0,123410.0,코리아에프티,,
00180263,2015,8900792090.0,-5741556111.0,180865055791.0,172780392905.0,97959838578.0,97019630103.0,16100.0,리더스코스메틱,,
00180263,2016,7723802310.0,26965222095.0,190623988894.0,181307216305.0,113934497176.0,180865055791.0,16100.0,리더스코스메틱,,
00180263,2017,-7918235336.0,5338827972.0,192932507292.0,139934810045.0,96496452625.0,190623988894.0,16100.0,리더스코스메틱,,
00180263,2018,-13738957352.0,-3513554636.0,164066897728.0,139186289354.0,90198370396.0,192932507292.0,16100.0,리더스코스메틱,,
00180263,2019,-57757715555.0,-17810061097.0,132912017759.0,95635455639.0,68137791471.0,164066897728.0,16100.0,리더스코스메틱,,
00180263,2020,17055779182.0,-5221152661.0,146587000891.0,93719510015.0,72120996128.0,132912017759.0,16100.0,리더스코스메틱,,
00340917,2015,56829273492.0,,952430434472.0,1931040795613.0,1394153872401.0,897092470160.0,49770.0,동원F&B,,
00340917,2016,53721001689.0,,1092285975724.0,2241255930227.0,1655392222124.0,952430434472.0,49770.0,동원F&B,,
00340917,2017,51367559616.0,,1369136235414.0,2552621331497.0,1935107468025.0,1085412018286.0,49770.0,동원F&B,,
00340917,2018,56737051469.0,,1403607395274.0,2802526253207.0,2189230574024.0,1369136235414.0,49770.0,동원F&B,,
00340917,2019,65664358088.0,,1573514559381.0,3030257743369.0,2348562579315.0,1403607395274.0,49770.0,동원F&B,,
00340917,2020,77931257143.0,,1683934672593.0,3170259266523.0,2449533285599.0,1573514559381.0,49770.0,동원F&B,,
00653194,2015,-2556157527.0,-1972232576.0,27111073870.0,11117034413.0,8206298983.0,9552415561.0,109960.0,앱토크롬,,
00653194,2016,-22839272418.0,-9714518850.0,15611981615.0,15423602676.0,12748047049.0,27111073870.0,109960.0,앱토크롬,,
00653194,2017,-3973318255.0,850154799.0,141748553001.0,11242042129.0,8599194082.0,15611981615.0,109960.0,앱토크롬,,
00653194,2018,8604202666.0,4362693751.0,237929700985.0,19416757031.0,14215432859.0,141748553001.0,109960.0,앱토크롬,,
00653194,2019,-6847696321.0,986074301.0,218360722686.0,21901096281.0,15360233766.0,237929700985.0,109960.0,앱토크롬,,
00653194,2020,11059353987.0,3386121930.0,236889381191.0,10318783471.0,7832830481.0,218360722686.0,109960.0,앱토크롬,,
00888347,2015,33928905953.0,19763817909.0,233571917075.0,65065577112.0,26561102809.0,97249646946.0,145020.0,휴젤,,
00888347,2016,50900866847.0,45140518832.0,294302739625.0,124189443779.0,29789638852.0,233571917075.0,145020.0,휴젤,,
00888347,2017,81350587843.0,64192204618.0,820929775306.0,182085496975.0,39973426437.0,294302739625.0,145020.0,휴젤,,
00888347,2018,75657188325.0,65796485202.0,918266455814.0,182391609421.0,51007346565.0,820929775306.0,145020.0,휴젤,,
00888347,2019,50278332948.0,76994954935.0,894690013619.0,204567625227.0,60622507568.0,918266455814.0,145020.0,휴젤,,
00888347,2020,45316091400.0,74302498142.0,956344165833.0,211038348381.0,62253226283.0,894690013619.0,145020.0,휴젤,,
00136165,2015,7622868534.0,6325957676.0,135276071727.0,101327628248.0,78286341983.0,129039712433.0,13810.0,스페코,,
00136165,2016,4764017809.0,7475254872.0,106010011578.0,84304230910.0,66219841489.0,135276071727.0,13810.0,스페코,,
00136165,2017,-349493144.0,6258709158.0,99135240373.0,68786455745.0,56123226436.0,106010011578.0,13810.0,스페코,,
00136165,2018,-6197605833.0,991904248.0,81647417494.0,54900825783.0,49223783702.0,99135240373.0,13810.0,스페코,,
00136165,2019,9856239466.0,7389254647.0,87795562225.0,74708315349.0,61199225907.0,81647417494.0,13810.0,스페코,,
00136165,2020,9966315065.0,4972311901.0,92782213830.0,78770053425.0,59269484016.0,87795562225.0,13810.0,스페코,,
01511558,2020,-25809275.0,-26568171.0,87908944.0,0.0,-26498652.0,104739750.0,950220.0,네오이뮨텍,,
00141626,2015,-1786090410.0,1603027677.0,148764894270.0,93709381143.0,77161906010.0,139630720799.0,2630.0,오리엔트바이오,,
00141626,2016,-2515768163.0,912428522.0,175642242599.0,105049545518.0,88964053998.0,148764894270.0,2630.0,오리엔트바이오,,
00141626,2017,-24840852116.0,-4652574745.0,172626052617.0,109019002321.0,100648064137.0,175642242599.0,2630.0,오리엔트바이오,,
00141626,2018,-16210720245.0,-1966434154.0,190030912914.0,121207763258.0,106283138910.0,165875687725.0,2630.0,오리엔트바이오,,
00141626,2019,-28331573129.0,-11539791131.0,86662352264.0,31583112844.0,27362556470.0,190030912914.0,2630.0,오리엔트바이오,,
00141626,2020,-11644021627.0,-4671820919.0,72105395016.0,37699312899.0,30499740834.0,84088996364.0,2630.0,오리엔트바이오,,
00113207,2015,-68345948000.0,-120770868000.0,1552803066000.0,1688712586000.0,1524947734000.0,1873492658000.0,1440.0,대한전선,,
00113207,2016,-15882820000.0,-5635442000.0,1315810316000.0,1374010600000.0,1221072843000.0,1552803066000.0,1440.0,대한전선,,
00113207,2017,-48769981000.0,31862603000.0,1335623183000.0,1587602185000.0,1453585375000.0,1364242167000.0,1440.0,대한전선,,
00113207,2018,-5873191000.0,14354540000.0,1172944859000.0,1648815011000.0,1524446106000.0,1307860246000.0,1440.0,대한전선,,
00113207,2019,-12627729000.0,79182422000.0,1235075989000.0,1554739981000.0,1455652502000.0,1172944859000.0,1440.0,대한전선,,
00113207,2020,2683898000.0,16661768000.0,1199462928000.0,1596841749000.0,1467435073000.0,1235075989000.0,1440.0,대한전선,,
00896753,2015,-15677961184.0,-8983318603.0,61946563607.0,20996868335.0,8479923853.0,44149639280.0,159910.0,에코글로우,,
00896753,2016,-11977597716.0,644703531.0,58877147548.0,38353434690.0,21955496734.0,61946563607.0,159910.0,에코글로우,,
00896753,2017,-18673168828.0,-4937200965.0,50212554643.0,29874487385.0,21753703010.0,58877147548.0,159910.0,에코글로우,,
00896753,2018,-13362031645.0,-2390835373.0,57479951426.0,31663745676.0,25261502949.0,50212554643.0,159910.0,에코글로우,,
00896753,2019,-6314553492.0,-3634261535.0,51689280652.0,20974332943.0,18782431449.0,57479951426.0,159910.0,에코글로우,,
00896753,2020,-27851328179.0,-16806024464.0,18311389127.0,26347857039.0,21997491778.0,51689280652.0,159910.0,에코글로우,,
01201970,2020,-13146601162.0,-7933850363.0,43760077691.0,9820006963.0,8029677422.0,26935607774.0,352770.0,셀레스트라,,
01316236,2018,20394860671.0,76768064089.0,1653249379272.0,1116772144102.0,1002169250785.0,,298000.0,효성화학,,
01316236,2019,87823448279.0,163249196133.0,2063516498234.0,1812470395896.0,1568884840997.0,1653249379272.0,298000.0,효성화학,,
01316236,2020,-11616487928.0,168340866002.0,2417365034469.0,1817189980493.0,1664136962492.0,2063516498234.0,298000.0,효성화학,,
00580667,2015,1837455215.0,2765816149.0,83713742124.0,25584532509.0,16217279033.0,64672579911.0,91340.0,S&K폴리텍,,
00580667,2016,2789334176.0,488588098.0,138261786711.0,63430727662.0,51084930080.0,83713742124.0,91340.0,S&K폴리텍,,
00580667,2017,4259530112.0,9771770552.0,221931894289.0,178587054406.0,153334211934.0,138261786711.0,91340.0,S&K폴리텍,,
00580667,2018,8306747283.0,18128233200.0,198180042577.0,282148095536.0,234705856879.0,221931894289.0,91340.0,S&K폴리텍,,
00580667,2019,15338586031.0,22118831583.0,246706939778.0,338044206193.0,275323992394.0,196704244758.0,91340.0,S&K폴리텍,,
00580667,2020,-8366946267.0,23631056540.0,247328595894.0,254972995024.0,218463330315.0,246706939778.0,91340.0,S&K폴리텍,,
00318662,2015,-10737926814.0,-4323764661.0,37165887067.0,17354071278.0,14568813111.0,31458236142.0,56730.0,CNT85,,
00318662,2016,-8436951191.0,-3956084371.0,40490825456.0,8336986406.0,7111681047.0,37165887067.0,56730.0,CNT85,,
00318662,2017,-21521310561.0,-20340588590.0,68752872283.0,17293995476.0,11010425203.0,41340825456.0,56730.0,CNT85,,
00318662,2018,-20677632347.0,-1072920753.0,76472654705.0,15491233649.0,14067839155.0,70786707899.0,56730.0,CNT85,,
00318662,2019,-31395315498.0,-2497716979.0,28192798312.0,7220574941.0,6959714610.0,66721233518.0,56730.0,CNT85,,
00318662,2020,-7131802782.0,-12228599901.0,59865225652.0,896922665.0,741810891.0,28192798312.0,56730.0,CNT85,,
00147772,2015,3270783032.0,-2993229498.0,80855911479.0,144682817127.0,131645113619.0,72498264888.0,45510.0,정원엔시스,,
00147772,2016,2313259448.0,8572209466.0,78697123116.0,183874053755.0,171419622274.0,80855911479.0,45510.0,정원엔시스,,
00147772,2017,-2753420870.0,-4224032175.0,70032472685.0,159023250350.0,147742358473.0,78697123116.0,45510.0,정원엔시스,,
00147772,2018,4215266002.0,8275944662.0,77907893223.0,147806241643.0,136243417069.0,70032472685.0,45510.0,정원엔시스,,
00147772,2019,797402759.0,-6959195475.0,91101661724.0,169191422989.0,158337434532.0,77907893223.0,45510.0,정원엔시스,,
00147772,2020,727533419.0,6045654839.0,81686019829.0,172164588581.0,160958480224.0,91294664783.0,45510.0,정원엔시스,,
00146454,2015,8303620219.0,21788068541.0,431625085617.0,186285485383.0,102469798723.0,430830075423.0,7570.0,일양약품,,
00146454,2016,11962839204.0,27040532727.0,431263403415.0,261614907974.0,138178964654.0,431625085617.0,7570.0,일양약품,,
00146454,2017,12941365752.0,30025336402.0,436373966392.0,269811002646.0,133632784097.0,421185382179.0,7570.0,일양약품,,
00146454,2018,3251156065.0,22120200803.0,432253278841.0,300036331830.0,145742010016.0,436373966392.0,7570.0,일양약품,,
00146454,2019,19594666721.0,36192694558.0,437456052821.0,324573436601.0,145802314015.0,432253278841.0,7570.0,일양약품,,
00146454,2020,21545309774.0,57484189263.0,439116734913.0,343328723945.0,161619900747.0,437456052821.0,7570.0,일양약품,,
00302926,2015,-304494873000.0,-564482323000.0,5043947265000.0,3309108924000.0,3321095926000.0,4400828321000.0,64350.0,현대로템,,
00302926,2016,23143701000.0,611076670000.0,4473159688000.0,2984783033000.0,2697092074000.0,5043947265000.0,64350.0,현대로템,,
00302926,2017,-46259404000.0,219226032000.0,4083911875000.0,2725658171000.0,2543428088000.0,4473159688000.0,64350.0,현대로템,,
00302926,2018,-308034515000.0,-14193054000.0,4002149975000.0,2411923709000.0,2427584476000.0,4083911875000.0,64350.0,현대로템,,
00302926,2019,-355687197000.0,-200921636000.0,4084281234000.0,2459346162000.0,2553168601000.0,4002149975000.0,64350.0,현대로템,,
00302926,2020,22409492000.0,56422151000.0,4197373871000.0,2785326054000.0,2540824150000.0,4084281234000.0,64350.0,현대로템,,
00360142,2015,49565642067.0,-42218122771.0,1266305616445.0,3143908414690.0,2960413627460.0,1090486206984.0,122900.0,아이마켓코리아,,
00360142,2016,35590037309.0,122424239185.0,1334064597552.0,3400004480418.0,3210536780058.0,1266305616445.0,122900.0,아이마켓코리아,,
00360142,2017,15658864454.0,171965594024.0,1086927962367.0,3080451880415.0,2924965001437.0,1334064597552.0,122900.0,아이마켓코리아,,
00360142,2018,20722286432.0,17082071343.0,1078276075712.0,2935242220453.0,2781379253856.0,1086927962367.0,122900.0,아이마켓코리아,,
00360142,2019,25787600490.0,105752970263.0,1096877066115.0,2923787985987.0,2763483218252.0,1078276075712.0,122900.0,아이마켓코리아,,
00360142,2020,28799711803.0,5188462471.0,1110821080034.0,2839411295374.0,2696657561538.0,1096877066115.0,122900.0,아이마켓코리아,,
00605124,2015,2580835682.0,2562914927.0,66699507179.0,50827475219.0,41662581092.0,66721029325.0,117670.0,알파칩스,,
00605124,2016,-41887041243.0,-372471196.0,73894609413.0,56639827226.0,52830814747.0,66699507179.0,117670.0,알파칩스,,
00605124,2017,-10332531595.0,-9406110696.0,63151264111.0,69995825200.0,64392749413.0,73894609413.0,117670.0,알파칩스,,
00605124,2018,-6148772535.0,-8079493629.0,102095473754.0,85086012754.0,77217999949.0,63151264111.0,117670.0,알파칩스,,
00605124,2019,-11705370590.0,-5030031340.0,134595648853.0,73164302437.0,59672049832.0,102095473754.0,117670.0,알파칩스,,
00605124,2020,-3933815432.0,2946303931.0,143025611332.0,64301401040.0,52637423556.0,134595648853.0,117670.0,알파칩스,,
00144012,2015,5925865057.0,14022092743.0,83818674376.0,82559433085.0,66331506847.0,80727894245.0,8370.0,원풍,,
00144012,2016,5235935528.0,4801293448.0,86792485353.0,75029145776.0,62661058896.0,83818674376.0,8370.0,원풍,,
00144012,2017,2228070772.0,6296475571.0,85353998392.0,71268328024.0,62992481402.0,86792485353.0,8370.0,원풍,,
00144012,2018,2020160427.0,2881748994.0,84074929457.0,68294682419.0,62462521587.0,85353998392.0,8370.0,원풍,,
00144012,2019,1859744983.0,7743297869.0,83058039027.0,72852528639.0,64560933922.0,84074929457.0,8370.0,원풍,,
00144012,2020,3624875376.0,7240122799.0,84602957429.0,73605433290.0,63652911347.0,83058039027.0,8370.0,원풍,,
00130772,2015,34884042815.0,30780850403.0,934369945679.0,792884228900.0,,798563400180.0,34120.0,SBS,,
00130772,2016,-510037760.0,-921116467.0,894153403179.0,829073609370.0,,934369945679.0,34120.0,SBS,,
00130772,2017,15885507426.0,81680256776.0,1092031606290.0,773225039668.0,754559157128.0,894153403179.0,34120.0,SBS,,
00130772,2018,5837906448.0,55145599160.0,957646530721.0,914043241501.0,908958034151.0,1092031606290.0,34120.0,SBS,,
00130772,2019,20934114760.0,-61044443944.0,1247762887743.0,817664243542.0,805084889493.0,957646530721.0,34120.0,SBS,,
00130772,2020,-61928327847.0,66506840192.0,1170411148375.0,860343114358.0,791290279012.0,1247762887743.0,34120.0,SBS,,
00392691,2015,1167440304.0,112070938.0,39734355668.0,15932313743.0,11797813367.0,30589857910.0,64800.0,포니링크,,
00392691,2016,-125207466.0,-1574776538.0,73565806161.0,33107623799.0,27820936336.0,39734355668.0,64800.0,포니링크,,
00392691,2017,5570118260.0,21871940809.0,382407315111.0,193679770895.0,82679354994.0,73565806161.0,64800.0,포니링크,,
00392691,2018,-12182274944.0,2986346337.0,188999658783.0,52906980431.0,36547035336.0,382407315111.0,64800.0,포니링크,,
00392691,2019,3365932723.0,-4972445964.0,187733153124.0,95068907435.0,65154935297.0,188999658783.0,64800.0,포니링크,,
00392691,2020,9703760176.0,-6816952850.0,200775831768.0,93406731395.0,66576485967.0,187733153124.0,64800.0,포니링크,,
00117230,2015,2647239100.0,18376013674.0,341816688857.0,357489527348.0,289000128778.0,349591690132.0,2900.0,TYM,,
00117230,2016,3681719957.0,7964762005.0,355460122606.0,375475432634.0,310739974801.0,341816688857.0,2900.0,TYM,,
00117230,2017,-22604785520.0,21194953383.0,536617638465.0,528335206354.0,427876647676.0,561992851877.0,2900.0,TYM,,
00117230,2018,-22760683610.0,20694723770.0,581549456923.0,589909834879.0,501230645989.0,536617638465.0,2900.0,TYM,,
00117230,2019,5224426435.0,16274904922.0,628615584124.0,617355468463.0,516364472545.0,581549456923.0,2900.0,TYM,,
00117230,2020,6416878425.0,55636850625.0,656859440050.0,713300783396.0,588230054320.0,628615584124.0,2900.0,TYM,,
00147152,2015,7155736562.0,12910263281.0,176866464910.0,230879237498.0,202558213804.0,168064964546.0,11320.0,유니크,,
00147152,2016,7854687219.0,20080461439.0,187345555566.0,254677538054.0,222021709125.0,176866464910.0,11320.0,유니크,,
00147152,2017,3256248985.0,5027440800.0,198353087005.0,235151805233.0,209226138547.0,187345555566.0,11320.0,유니크,,
00147152,2018,2293462349.0,16352202465.0,194376600775.0,213103949180.0,193431163428.0,198353087005.0,11320.0,유니크,,
00147152,2019,4168284833.0,11297511460.0,211759011992.0,224922213158.0,199949056895.0,194376600775.0,11320.0,유니크,,
00147152,2020,-3923174045.0,13064645684.0,217962846690.0,215588498455.0,196556699675.0,211759011992.0,11320.0,유니크,,
00153393,2015,104614215179.0,373414160366.0,3824851529303.0,2804357944386.0,1832396904715.0,3879647028945.0,3240.0,태광산업,,
00153393,2016,44525680866.0,348700367089.0,3822296398793.0,2671107287343.0,1696258781969.0,3824851529303.0,3240.0,태광산업,,
00153393,2017,179184350375.0,346738032566.0,4109516133918.0,2915823076742.0,1881241625850.0,3822296398793.0,3240.0,태광산업,,
00153393,2018,249125392132.0,358080440957.0,4502656501698.0,3108761624314.0,2031971720151.0,4109516133918.0,3240.0,태광산업,,
00153393,2019,167539648105.0,371382601219.0,4357125481998.0,2918003265397.0,1899615932591.0,4502656501698.0,3240.0,태광산업,,
00153393,2020,155775437249.0,166938832164.0,4060159775974.0,1740588227396.0,1485373233924.0,4357125481998.0,3240.0,태광산업,,
00366942,2015,6595194263.0,18742513776.0,159736611395.0,121532808981.0,69651268797.0,153113169573.0,59090.0,미코,,
00366942,2016,5614080459.0,10715503735.0,166968575511.0,140956669038.0,77655183791.0,159736611395.0,59090.0,미코,,
00366942,2017,19070363575.0,35993547523.0,202082377532.0,183916090332.0,100054847376.0,166968575511.0,59090.0,미코,,
00366942,2018,32320309579.0,34614738543.0,332053845778.0,227421583485.0,121672792639.0,202082377532.0,59090.0,미코,,
00366942,2019,21975621284.0,44813998850.0,404978177732.0,236170141901.0,126828366594.0,332053845778.0,59090.0,미코,,
00366942,2020,26608499606.0,53411656767.0,519003420835.0,280899054562.0,153177745896.0,404978177732.0,59090.0,미코,,
00369569,2015,-5845046551.0,-2552359585.0,53622702147.0,20682209904.0,17949495397.0,80636988644.0,50090.0,비케이홀딩스,,
00369569,2016,-3425547878.0,-355378354.0,51934968319.0,43031182703.0,38317882095.0,53622702147.0,50090.0,비케이홀딩스,,
00369569,2017,-2421634251.0,-2044128910.0,44139462711.0,38071774279.0,35347843616.0,51934968319.0,50090.0,비케이홀딩스,,
00369569,2018,-2862347444.0,666463872.0,33553803892.0,14927444101.0,14808217637.0,44139462711.0,50090.0,비케이홀딩스,,
00369569,2019,-1963153306.0,-2665535772.0,44270690434.0,12993005832.0,10988803914.0,33553803892.0,50090.0,비케이홀딩스,,
00369569,2020,-4390722402.0,-275564418.0,44603667796.0,10109533496.0,9130642583.0,44270690434.0,50090.0,비케이홀딩스,,
00173795,2015,2874930276.0,2646201710.0,136987094215.0,125395067429.0,90011392501.0,123441737573.0,4080.0,신흥,,
00173795,2016,1075632423.0,8173810677.0,131526453174.0,124367361413.0,92772472544.0,136987094215.0,4080.0,신흥,,
00173795,2017,3178292494.0,2546751068.0,131257803678.0,121146583555.0,89780659330.0,131526453174.0,4080.0,신흥,,
00173795,2018,3054107493.0,1979454000.0,132689385628.0,121544611974.0,92088960004.0,131257803678.0,4080.0,신흥,,
00173795,2019,2044205201.0,907641271.0,146698325636.0,123013464262.0,92273272022.0,132689385628.0,4080.0,신흥,,
00173795,2020,12431335933.0,12786538919.0,146176717946.0,116652269281.0,86619557345.0,138872321736.0,4080.0,신흥,,
01251595,2019,-6297931041.0,-6002024812.0,77404260536.0,1018571700.0,,20328303273.0,293780.0,압타바이오,,
01251595,2020,-3918873838.0,-3785407205.0,75443708362.0,341044200.0,,77404260536.0,293780.0,압타바이오,,
00609315,2015,-39850315392.0,-2951490857.0,154131402474.0,143845288160.0,134684313711.0,218188128083.0,96640.0,멜파스,,
00609315,2016,1341999459.0,3608054040.0,152386727749.0,83326595663.0,63678218744.0,154131402474.0,96640.0,멜파스,,
00609315,2017,-31540416048.0,-6628058314.0,120391705056.0,55841451633.0,66859281106.0,152386727749.0,96640.0,멜파스,,
00609315,2018,-30899900922.0,-8137255779.0,85345225436.0,50785935891.0,51942882182.0,120391705056.0,96640.0,멜파스,,
00609315,2019,-11767230008.0,-83721172.0,79763075525.0,75991827874.0,63715491438.0,85345225436.0,96640.0,멜파스,,
00609315,2020,-11983306376.0,9340216381.0,65334719219.0,50235709704.0,42216733684.0,78326126414.0,96640.0,멜파스,,
00681249,2015,1152693114.0,3506165902.0,66715552961.0,25680605920.0,13750878104.0,61045061253.0,115480.0,씨유메디칼,,
00681249,2016,-1756661354.0,-230089958.0,63540339035.0,54576579898.0,42988631806.0,66715552961.0,115480.0,씨유메디칼,,
00681249,2017,-3150464257.0,6956434354.0,61664992298.0,58347211142.0,45821519837.0,63540339035.0,115480.0,씨유메디칼,,
00681249,2018,1730928405.0,3115374054.0,104868165521.0,76304065540.0,59313879232.0,61664992298.0,115480.0,씨유메디칼,,
00681249,2019,-2944322122.0,-5117376509.0,129280915536.0,81794149163.0,63954043915.0,104868165521.0,115480.0,씨유메디칼,,
00681249,2020,-25580862558.0,8414585586.0,81660017873.0,28318709009.0,15831361024.0,129280915536.0,115480.0,씨유메디칼,,
00620868,2015,-8661913729.0,1746056593.0,132977965634.0,161830134796.0,143756561462.0,129422107849.0,124500.0,아이티센글로벌,,
00620868,2016,-7403425328.0,-26982854033.0,158288305435.0,273654423227.0,237404005402.0,132977965634.0,124500.0,아이티센글로벌,,
00620868,2017,-126449862.0,13226375329.0,172136602838.0,311549094939.0,270347402104.0,158288305435.0,124500.0,아이티센글로벌,,
00620868,2018,5122050859.0,7806401548.0,403417387604.0,697948340084.0,646906169722.0,172136602838.0,124500.0,아이티센글로벌,,
00620868,2019,5561853817.0,7247669343.0,392923341773.0,1542384997188.0,1458112224156.0,403417387604.0,124500.0,아이티센글로벌,,
00620868,2020,3143849171.0,17531423875.0,541851968266.0,2275082680581.0,2182879654547.0,392923341773.0,124500.0,아이티센글로벌,,
00506294,2015,8530281127.0,19257886497.0,105081568266.0,91648621592.0,50078892904.0,98544072278.0,79940.0,가비아,,
00506294,2016,10177685124.0,17871403876.0,125796754245.0,102178977556.0,54998617124.0,105081568266.0,79940.0,가비아,,
00506294,2017,9669612875.0,20444883561.0,133382584127.0,116217941377.0,60313364181.0,125796754244.0,79940.0,가비아,,
00506294,2018,15340647242.0,21870330224.0,151440505028.0,128728437752.0,65751366854.0,133382584128.0,79940.0,가비아,,
00506294,2019,21102389638.0,36950566943.0,199916131416.0,148306878215.0,75650384708.0,151440505028.0,79940.0,가비아,,
00506294,2020,23751738590.0,50082909292.0,260025258540.0,169044955127.0,85881483880.0,199916131417.0,79940.0,가비아,,
00923792,2015,-15644528081.0,-7349974245.0,69432771452.0,44506400781.0,13905861472.0,88718018649.0,168330.0,내츄럴엔도텍,,
00923792,2016,-13177151640.0,-18281888073.0,85875253028.0,6556019588.0,4249562260.0,69432771452.0,168330.0,내츄럴엔도텍,,
00923792,2017,-8860823749.0,-7515273390.0,85682819958.0,9238807537.0,5910003717.0,85875253028.0,168330.0,내츄럴엔도텍,,
00923792,2018,-23238141346.0,-8151754728.0,61165965214.0,8928361729.0,12032388259.0,85682819958.0,168330.0,내츄럴엔도텍,,
00923792,2019,-16008383400.0,-5927644422.0,48783961297.0,6580460423.0,9955380051.0,61165965214.0,168330.0,내츄럴엔도텍,,
00923792,2020,-2997187772.0,-2480802066.0,50798509358.0,13247175762.0,6605666106.0,48783961297.0,168330.0,내츄럴엔도텍,,
00164362,2015,325010170.0,-2864169508.0,77797542882.0,41369629877.0,35180366459.0,58726859003.0,8800.0,행남사,,
00164362,2016,-23327067750.0,-1412824385.0,49125869253.0,27950371558.0,25526527354.0,77797542882.0,8800.0,행남사,,
00164362,2017,-18612274306.0,-5228540006.0,46291545098.0,15317216338.0,16638611988.0,49125869253.0,8800.0,행남사,,
00164362,2018,-10946406581.0,-5963295088.0,106133878069.0,8673759262.0,16982024488.0,46291545098.0,8800.0,행남사,,
00164362,2019,-36068961739.0,-10356853205.0,44161246328.0,7686833425.0,6925903512.0,106134014092.0,8800.0,행남사,,
00164362,2020,-4336539074.0,1913528892.0,31997622329.0,8087513636.0,6349393308.0,38887642671.0,8800.0,행남사,,
00535746,2015,20036361683.0,-4008634091.0,331942510743.0,152295703561.0,61454719216.0,226440965056.0,63080.0,컴투스홀딩스,,
00535746,2016,26454478867.0,4003156378.0,327582214023.0,161482809810.0,62837434028.0,332497953826.0,63080.0,컴투스홀딩스,,
00535746,2017,8584610577.0,-20645022900.0,338029216364.0,106371847691.0,50313447713.0,327582214023.0,63080.0,컴투스홀딩스,,
00535746,2018,-5428314539.0,-15512914351.0,354106373903.0,112508237050.0,48400831109.0,338029216364.0,63080.0,컴투스홀딩스,,
00535746,2019,11814935435.0,-11705208019.0,399323373666.0,119860858941.0,52734521912.0,354106373903.0,63080.0,컴투스홀딩스,,
00535746,2020,20139063689.0,13665743584.0,432965661315.0,133819703978.0,,399323373666.0,63080.0,컴투스홀딩스,,
00261054,2015,-4934115035.0,2885906818.0,98659906897.0,151603679751.0,140542494624.0,93948908330.0,37370.0,EG,,
00261054,2016,-120961734.0,-2146625604.0,97836456329.0,146782153846.0,132905322916.0,98659906897.0,37370.0,EG,,
00261054,2017,-1001606253.0,3008138922.0,97419947856.0,163964596633.0,149410652210.0,96651001041.0,37370.0,EG,,
00261054,2018,-17149381853.0,-1852210231.0,73329315632.0,112563295918.0,104651364151.0,97419947856.0,37370.0,EG,,
00261054,2019,-649697322.0,3052091858.0,77199020539.0,67218334679.0,55171146425.0,73329315632.0,37370.0,EG,,
00261054,2020,-6763709561.0,540008188.0,133506402679.0,45057857733.0,36158770018.0,77199020539.0,37370.0,EG,,
00145686,2015,7285546955.0,-8458752399.0,273316937123.0,82960066928.0,68298121812.0,268063939704.0,760.0,이화산업,,
00145686,2016,-117746996.0,1232384448.0,277866085184.0,55157745371.0,44265356809.0,278297561718.0,760.0,이화산업,,
00145686,2017,-2965909782.0,-2851397602.0,280830381296.0,65664098834.0,53337936600.0,277866085184.0,760.0,이화산업,,
00145686,2018,-1653685904.0,131758706.0,287450244324.0,69095676804.0,56519591816.0,280830381296.0,760.0,이화산업,,
00145686,2019,-4773244425.0,2593158601.0,276765829735.0,61703167631.0,50562948444.0,281669395598.0,760.0,이화산업,,
00145686,2020,-3680800673.0,-2937354047.0,274857376831.0,51125793847.0,43616005270.0,276765829735.0,760.0,이화산업,,
00400857,2015,15527174219.0,33603488465.0,250540862953.0,407879120716.0,149665899228.0,230262410976.0,78520.0,에이블씨엔씨,,
00400857,2016,18015173167.0,27184362767.0,277859818143.0,434555619405.0,166099503097.0,248595413493.0,78520.0,에이블씨엔씨,,
00400857,2017,8539611873.0,4029972957.0,372641583631.0,373285260310.0,151371091377.0,278595818143.0,78520.0,에이블씨엔씨,,
00400857,2018,-11695786527.0,-39512846973.0,388078220561.0,345522432029.0,144551799807.0,372155583631.0,78520.0,에이블씨엔씨,,
00400857,2019,-9608632112.0,5149714862.0,433270431730.0,422205555168.0,168852823293.0,388078220561.0,78520.0,에이블씨엔씨,,
00400857,2020,-97824483340.0,-8187896186.0,254779586617.0,307517402206.0,161015274979.0,433666431730.0,78520.0,에이블씨엔씨,,
00151863,2015,-16173400010.0,1254983501.0,74700733025.0,88950213520.0,75107658902.0,96783736964.0,12600.0,청호ICT,,
00151863,2016,-15459481162.0,-2186709215.0,79229574212.0,85778937954.0,73774195833.0,74700733025.0,12600.0,청호ICT,,
00151863,2017,-5949008926.0,-5405032904.0,63961238669.0,47373469696.0,42435099258.0,79229574212.0,12600.0,청호ICT,,
00151863,2018,1579439004.0,-3716656897.0,72829229031.0,36352315287.0,32825770860.0,63961238669.0,12600.0,청호ICT,,
00151863,2019,-16417234701.0,-7829812606.0,51107615176.0,67411618514.0,62571296956.0,72829229031.0,12600.0,청호ICT,,
00151863,2020,-11696934179.0,-11886990701.0,20683997069.0,29185453124.0,26614300319.0,51107615176.0,12600.0,청호ICT,,
00127802,2015,17797666543.0,22077804100.0,219305574946.0,230033162195.0,179088536673.0,216227825821.0,4380.0,삼익THK,,
00127802,2016,16537052074.0,-6750210759.0,262543717969.0,251074959512.0,201157936578.0,219305574946.0,4380.0,삼익THK,,
00127802,2017,28235335585.0,41344184734.0,306614863787.0,371106644392.0,304590514692.0,262543717969.0,4380.0,삼익THK,,
00127802,2018,18105227828.0,21191045236.0,356721980852.0,283067232148.0,227010215522.0,306614863787.0,4380.0,삼익THK,,
00127802,2019,3265422647.0,-6994426523.0,392601234738.0,232008252977.0,194563071515.0,356721980852.0,4380.0,삼익THK,,
00127802,2020,4458300046.0,32690103927.0,387615059772.0,263856443911.0,229890121413.0,392601234738.0,4380.0,삼익THK,,
00149947,2015,1961426542.0,-4174929915.0,613481028258.0,434352380163.0,273729078087.0,589243248482.0,1060.0,JW중외제약,,
00149947,2016,-10933543779.0,6738635666.0,651077843790.0,467465120987.0,294121424641.0,613481028258.0,1060.0,JW중외제약,,
00149947,2017,-742474380.0,33450172289.0,630873130604.0,502918586614.0,314286148657.0,651077843790.0,1060.0,JW중외제약,,
00149947,2018,8056888863.0,52109932805.0,593791187484.0,537181974037.0,340141765146.0,630873130604.0,1060.0,JW중외제약,,
00149947,2019,-25275015882.0,55531084789.0,573207865158.0,511335342733.0,350215956382.0,593791187484.0,1060.0,JW중외제약,,
00149947,2020,-15275470497.0,63054366969.0,549085028575.0,547335707795.0,369810083655.0,573207865158.0,1060.0,JW중외제약,,
00399694,2015,4144642931.0,15495867967.0,68044829047.0,62867913447.0,,62241816256.0,67160.0,SOOP,,
00399694,2016,10048384460.0,21486217852.0,83426396974.0,79830291786.0,,68044829047.0,67160.0,SOOP,,
00399694,2017,14659197066.0,21254543789.0,103442156418.0,94552464738.0,,83426396974.0,67160.0,SOOP,,
00399694,2018,21334754344.0,38754013491.0,157544019482.0,126627785921.0,,103442156418.0,67160.0,SOOP,,
00399694,2019,34160385821.0,60835842940.0,228549555437.0,167656442900.0,,157544019482.0,67160.0,SOOP,,
00399694,2020,36260333991.0,72316360603.0,292037611328.0,195028225439.0,,228549555437.0,67160.0,SOOP,,
00158024,2015,-12718072544.0,8373098966.0,121246322075.0,457572263878.0,451527563422.0,171200466736.0,24840.0,KBI메탈,,
00158024,2016,3160930846.0,-13047117719.0,156041680992.0,358349652683.0,343547344353.0,121246322075.0,24840.0,KBI메탈,,
00158024,2017,6120821466.0,-18544144049.0,199056838476.0,471145212109.0,444757570293.0,156041680992.0,24840.0,KBI메탈,,
00158024,2018,4400083350.0,19260692517.0,201374258538.0,463758284736.0,450260583776.0,199056838476.0,24840.0,KBI메탈,,
00158024,2019,6810933679.0,-4929979806.0,219412824957.0,494785992927.0,475951085130.0,201374258538.0,24840.0,KBI메탈,,
00158024,2020,2360290911.0,10234347433.0,214826528995.0,492213384865.0,471988642294.0,219412824957.0,24840.0,KBI메탈,,
00173449,2015,-1574175626.0,1420503048.0,26183118478.0,17443491794.0,16334178105.0,27768924259.0,44480.0,빌리언스,,
00173449,2016,-1062789840.0,1441728915.0,24929728205.0,15334874723.0,13988046723.0,26183118478.0,44480.0,빌리언스,,
00173449,2017,-1421184390.0,-1520608371.0,23176321502.0,14931003116.0,13438597918.0,24929728205.0,44480.0,빌리언스,,
00173449,2018,-7181196723.0,552640020.0,51234898524.0,15350181101.0,13445406812.0,23176321502.0,44480.0,빌리언스,,
00173449,2019,-3604285217.0,-6757559567.0,140121717783.0,37484494399.0,25990059367.0,51234898524.0,44480.0,빌리언스,,
00173449,2020,-26666898696.0,-4763846643.0,65465890844.0,13049479934.0,10630174831.0,140121717783.0,44480.0,빌리언스,,
00256502,2015,8406738696.0,-134138698.0,62529104045.0,98988667075.0,75976985633.0,99624279915.0,45660.0,에이텍,,
00256502,2016,7376919984.0,3241892296.0,72957534950.0,120049858632.0,94679342738.0,62529104045.0,45660.0,에이텍,,
00256502,2017,12910366824.0,14333909450.0,86779327943.0,106326664166.0,83560124594.0,72957534950.0,45660.0,에이텍,,
00256502,2018,6104992741.0,552043656.0,86461420845.0,98223147373.0,74244887240.0,86779327943.0,45660.0,에이텍,,
00256502,2019,6421597121.0,6701609686.0,91237049985.0,99256873959.0,73881704148.0,86461420845.0,45660.0,에이텍,,
00256502,2020,8718526195.0,11360892255.0,96880689012.0,98158276166.0,72572043046.0,91237049985.0,45660.0,에이텍,,
00271501,2015,867481101.0,41815677217.0,351679808089.0,277561319998.0,233245479197.0,242015229303.0,45970.0,코아시아,,
00271501,2016,-1891958801.0,39065822320.0,325515777674.0,396061921654.0,333414636539.0,351679808089.0,45970.0,코아시아,,
00271501,2017,2022929790.0,20270279146.0,331114666963.0,424250341180.0,352530692624.0,325515777674.0,45970.0,코아시아,,
00271501,2018,-18026257986.0,19392131251.0,327476521560.0,378373275535.0,325251306810.0,331114666963.0,45970.0,코아시아,,
00271501,2019,12280457890.0,31417320203.0,326298702345.0,438868161605.0,379128226329.0,327476521560.0,45970.0,코아시아,,
00271501,2020,-9153062150.0,-8795513372.0,317776315704.0,498389909623.0,457060373932.0,326298702345.0,45970.0,코아시아,,
00145163,2015,-6390211572.0,-2411175617.0,102101332361.0,25176279993.0,19624949285.0,98844665046.0,5690.0,파미셀,,
00145163,2016,-676712098.0,988968267.0,101953349861.0,27839155880.0,17622291786.0,102101332361.0,5690.0,파미셀,,
00145163,2017,-39196611393.0,-2007324097.0,63751941819.0,25197458940.0,17128540255.0,101953349861.0,5690.0,파미셀,,
00145163,2018,-12680884168.0,3404989339.0,59117136022.0,28351801126.0,16548115142.0,61891252482.0,5690.0,파미셀,,
00145163,2019,4347128284.0,-75498878.0,63265982550.0,32481967123.0,19450781921.0,59117136022.0,5690.0,파미셀,,
00145163,2020,5241801250.0,8978054533.0,69744383196.0,37752047601.0,19972756527.0,63265982550.0,5690.0,파미셀,,
00152385,2015,3391320170.0,1173191952.0,86480980889.0,65931704080.0,54880854933.0,93036739035.0,7460.0,에이프로젠,,
00152385,2016,2407357951.0,2730158084.0,78576666412.0,54835625520.0,44896060812.0,86480980889.0,7460.0,에이프로젠,,
00152385,2017,2340781203.0,8074245600.0,266985697009.0,44897115460.0,40600895723.0,,7460.0,에이프로젠,,
00152385,2018,-32108236370.0,-1489226625.0,395155647338.0,51047023335.0,41864066394.0,266985697009.0,7460.0,에이프로젠,,
00152385,2019,18325774692.0,-1115654256.0,647173456474.0,78248840939.0,58893349514.0,395155647338.0,7460.0,에이프로젠,,
00152385,2020,-32668134383.0,22533546226.0,834407954137.0,127142624221.0,92677716582.0,647173456474.0,7460.0,에이프로젠,,
00305570,2015,-5980853843.0,-5835230593.0,17408319015.0,5634399644.0,3111384651.0,20712510857.0,43710.0,코스리거글로벌,,
00305570,2016,-2472901932.0,-8283541415.0,43257691003.0,18484247666.0,17613111541.0,17408319015.0,43710.0,코스리거글로벌,,
00305570,2017,-1406275191.0,1202947542.0,38212814884.0,14372479133.0,12724360248.0,43257691003.0,43710.0,코스리거글로벌,,
00305570,2018,-3870468345.0,-2358659776.0,62807851958.0,17510965475.0,14159881730.0,38212814884.0,43710.0,코스리거글로벌,,
00305570,2019,-8037161938.0,-17561267031.0,119147802873.0,78368687890.0,58944474288.0,62807851958.0,43710.0,코스리거글로벌,,
00305570,2020,-34164440108.0,-9832963610.0,99427577516.0,43685834616.0,28608866204.0,119147802873.0,43710.0,코스리거글로벌,,
00261443,2015,166350442469.0,241337233887.0,2219197320342.0,838297603134.0,202683140216.0,1698826127743.0,36570.0,NC,,
00261443,2016,271381872090.0,112022508831.0,2360802861680.0,983556873665.0,187580187947.0,2219197320342.0,36570.0,NC,,
00261443,2017,444043111896.0,595173210397.0,3526567160619.0,1758721721721.0,211500957524.0,2360802861680.0,36570.0,NC,,
00261443,2018,421467650710.0,352800469174.0,2941278714044.0,1715115508236.0,1100186195863.0,3526567160619.0,36570.0,NC,,
00261443,2019,359154722508.0,392249235729.0,3346377400385.0,1701185422583.0,1222193003790.0,2941278714044.0,36570.0,NC,,
00261443,2020,586612599330.0,707646022942.0,4081208896622.0,2416184211886.0,1591390506192.0,3346377400385.0,36570.0,NC,,
00371740,2015,14999232027.0,48955471806.0,198212543101.0,318044268161.0,296513350255.0,266110759391.0,66670.0,디티씨,,
00371740,2016,3972165646.0,-9249008911.0,180278673392.0,89178900404.0,79464003780.0,198212543101.0,66670.0,디티씨,,
00371740,2017,4710639657.0,7954625017.0,166844087709.0,82707089071.0,70336445208.0,180278673392.0,66670.0,디티씨,,
00371740,2018,2996125679.0,28657232079.0,172266882444.0,57286596595.0,48947067663.0,166844087709.0,66670.0,디티씨,,
00371740,2019,5393285761.0,8884920491.0,167971201194.0,43569777195.0,32683039859.0,172266882444.0,66670.0,디티씨,,
00371740,2020,3838396117.0,14801889404.0,170203178640.0,41735459110.0,33481151307.0,167971201194.0,66670.0,디티씨,,
00409964,2015,6543531000.0,12708792907.0,111429956721.0,48092299210.0,40772627910.0,106595112135.0,106190.0,하이텍팜,,
00409964,2016,5280442485.0,1447777539.0,118310403805.0,54835654511.0,47494354670.0,111429956721.0,106190.0,하이텍팜,,
00409964,2017,2099708106.0,5451740945.0,119097719795.0,66049817869.0,60516584905.0,118310403805.0,106190.0,하이텍팜,,
00409964,2018,2608424855.0,6764607528.0,132997681337.0,66388326919.0,61676583440.0,119097719795.0,106190.0,하이텍팜,,
00409964,2019,-4217774175.0,2483303666.0,131725160844.0,63067727966.0,65184124943.0,132997681337.0,106190.0,하이텍팜,,
00409964,2020,-3152054840.0,-7690890699.0,128446141039.0,74462269704.0,73147786519.0,131725160844.0,106190.0,하이텍팜,,
00530413,2015,1469021537.0,2213052154.0,20082513969.0,46652165720.0,42322336447.0,26296923560.0,224060.0,더코디,,
00530413,2016,-5413917229.0,-7912552874.0,68181741749.0,44257148052.0,42825104330.0,20082513969.0,224060.0,더코디,,
00530413,2017,-4047905433.0,-715519371.0,60951342863.0,73499953715.0,65184949591.0,68181741749.0,224060.0,더코디,,
00530413,2018,-12145462477.0,1376341816.0,93910821727.0,36581925922.0,37518441959.0,60951342863.0,224060.0,더코디,,
00530413,2019,6060174036.0,-2311185098.0,117030999241.0,11785340131.0,9908217768.0,93910821727.0,224060.0,더코디,,
00530413,2020,-16524652165.0,-22586427224.0,125031016633.0,28038701982.0,27495521646.0,124606815449.0,224060.0,더코디,,
01041828,2018,2452572000.0,370243000.0,23915454000.0,53192674000.0,15712548000.0,24942725000.0,950170.0,JTC,,
01041828,2019,793465156.0,1308604361.0,35724579251.0,51685008988.0,15864181397.0,23915453820.0,950170.0,JTC,,
01041828,2020,-1568493281.0,4810599061.0,52427458707.0,51875942867.0,15866540340.0,35724579251.0,950170.0,JTC,,
00107224,2015,14881686295.0,-14335409645.0,286102328935.0,350317585222.0,306350886169.0,240321965035.0,8350.0,남선알미늄,,
00107224,2016,20399638414.0,41308166388.0,283413750455.0,400734305010.0,353698453815.0,286102328935.0,8350.0,남선알미늄,,
00107224,2017,21742399607.0,30268215680.0,284649400821.0,400667879049.0,356395360999.0,283413750455.0,8350.0,남선알미늄,,
00107224,2018,25220518795.0,24209488221.0,303023071213.0,347834920566.0,312961290351.0,284649400821.0,8350.0,남선알미늄,,
00107224,2019,14479408996.0,27655488615.0,295529661298.0,324782176767.0,289895887800.0,303023071213.0,8350.0,남선알미늄,,
00107224,2020,10538669029.0,-9033685984.0,295152803875.0,268474785986.0,249346330125.0,295529661298.0,8350.0,남선알미늄,,
00117629,2015,2320313022.0,4793555229.0,177487701943.0,171320554068.0,152196711235.0,185811319439.0,8970.0,KBI동양철관,,
00117629,2016,-14652971830.0,6839504673.0,159775024974.0,129306246588.0,127100720934.0,177487701943.0,8970.0,KBI동양철관,,
00117629,2017,-30607971171.0,-4571832613.0,150390663097.0,147138452267.0,141528433744.0,159775024974.0,8970.0,KBI동양철관,,
00117629,2018,-6577716239.0,1476168832.0,163635516093.0,161996515290.0,153821700116.0,150390663097.0,8970.0,KBI동양철관,,
00117629,2019,1779425684.0,-22728688852.0,164192039257.0,163430407587.0,145897274750.0,163635516093.0,8970.0,KBI동양철관,,
00117629,2020,7038970069.0,20265883592.0,153374076509.0,173822459249.0,146719437622.0,164192039257.0,8970.0,KBI동양철관,,
00174527,2015,24296684687.0,-27584865452.0,473477371556.0,480081567394.0,433521535075.0,524203233257.0,2460.0,HS화성,,
00174527,2016,33665724532.0,37530121381.0,504055704655.0,494311579772.0,429983595797.0,473477371556.0,2460.0,HS화성,,
00174527,2017,44646265295.0,-67518619607.0,575923237294.0,567983245291.0,483353849136.0,504055704655.0,2460.0,HS화성,,
00174527,2018,49227487718.0,126612105149.0,640861361980.0,475190996648.0,379360097804.0,575923237294.0,2460.0,HS화성,,
00174527,2019,7672692424.0,45335077350.0,612625098488.0,451385955934.0,378051752361.0,640861361980.0,2460.0,HS화성,,
00174527,2020,32926991417.0,100503455121.0,580483863943.0,419259298814.0,349780794557.0,612625098488.0,2460.0,HS화성,,
00160010,2015,2075555016.0,4943148105.0,96865366336.0,110058837373.0,99101759607.0,94868186881.0,21650.0,한국큐빅,,
00160010,2016,1902544975.0,8189680773.0,105356367917.0,122930620370.0,111561402865.0,96865366336.0,21650.0,한국큐빅,,
00160010,2017,625658714.0,7804838090.0,143918791581.0,153762522625.0,136582837065.0,105356367917.0,21650.0,한국큐빅,,
00160010,2018,812147178.0,2784855664.0,140787526983.0,164332874514.0,149497429946.0,143918791581.0,21650.0,한국큐빅,,
00160010,2019,3347892803.0,8217068414.0,131106580732.0,156801233221.0,139655714815.0,140787526983.0,21650.0,한국큐빅,,
00160010,2020,10508056473.0,15603585254.0,138711243590.0,170693216197.0,146886112713.0,131106580732.0,21650.0,한국큐빅,,
00108135,2015,112848610114.0,7035743484.0,2058661120086.0,1132876996649.0,1025267920809.0,1790874896416.0,5250.0,녹십자홀딩스,,
00108135,2016,74263536764.0,-805469519.0,2249277258809.0,1354466206075.0,1255210668557.0,2058661120086.0,5250.0,녹십자홀딩스,,
00108135,2017,70728142081.0,144482443817.0,2560695917807.0,1465489006757.0,1353517049381.0,2249277258809.0,5250.0,녹십자홀딩스,,
00108135,2018,19378934339.0,37643839290.0,2628599972133.0,1548714794739.0,1499382750136.0,2560695917807.0,5250.0,녹십자홀딩스,,
00108135,2019,-30476551590.0,7650391894.0,2773868507077.0,1524799073839.0,1494419490232.0,2628599972133.0,5250.0,녹십자홀딩스,,
00108135,2020,170960319969.0,38138268877.0,3241202077382.0,1719325650407.0,1648593620702.0,2773868507077.0,5250.0,녹십자홀딩스,,
00125530,2015,37618698046.0,44289365566.0,612875034573.0,1373768365388.0,1064995130547.0,571738945203.0,5610.0,삼립,,
00125530,2016,49531624754.0,79625471456.0,674649803577.0,1870335371370.0,1512965846994.0,612875034573.0,5610.0,삼립,,
00125530,2017,38198409561.0,63082016939.0,734419791199.0,2065510858297.0,1687201496603.0,674649803577.0,5610.0,삼립,,
00125530,2018,42169211899.0,68342779444.0,752266529519.0,2200883745006.0,1844426728280.0,734419791199.0,5610.0,삼립,,
00125530,2019,20238430218.0,94659148434.0,1196293065818.0,2499238195608.0,2117499690945.0,752266529519.0,5610.0,삼립,,
00125530,2020,-12379924555.0,107015677541.0,1181871545430.0,2542709430184.0,2130206282409.0,1196293065818.0,5610.0,삼립,,
00129679,2015,95687082437.0,45243777661.0,1415128445571.0,1047812247334.0,708815563714.0,1330351374207.0,6280.0,녹십자,,
00129679,2016,65152450728.0,-1742284529.0,1550614664028.0,1197903918398.0,845825580799.0,1415128445571.0,6280.0,녹십자,,
00129679,2017,56711043492.0,57879005794.0,1703581525062.0,1287916286216.0,921112427535.0,1550614664028.0,6280.0,녹십자,,
00129679,2018,34249899538.0,14410216138.0,1723409866445.0,1334877810113.0,989010126231.0,1703581525062.0,6280.0,녹십자,,
00129679,2019,-11287400054.0,40291382029.0,1959299527595.0,1369709726800.0,997394419112.0,1723409866445.0,6280.0,녹십자,,
00129679,2020,89270741454.0,35973500914.0,2151399593550.0,1504115278649.0,1063488669248.0,1959299527595.0,6280.0,녹십자,,
00541437,2015,-859436120.0,2544610322.0,71517889491.0,30346648177.0,12778084341.0,70512555598.0,104540.0,코렌텍,,
00541437,2016,1199386534.0,2846527188.0,97043565945.0,35974057548.0,14771913815.0,71517889491.0,104540.0,코렌텍,,
00541437,2017,-7378799618.0,6327666245.0,100577807064.0,37848862698.0,15543318550.0,95985674216.0,104540.0,코렌텍,,
00541437,2018,-29763061864.0,5258964646.0,64259905379.0,33405771318.0,15178216141.0,100310391983.0,104540.0,코렌텍,,
00541437,2019,2505581705.0,3855230632.0,62778526775.0,40189164681.0,15178540150.0,64259905379.0,104540.0,코렌텍,,
00541437,2020,1574195022.0,-3607707886.0,96144971830.0,40496102250.0,15868479474.0,62778526775.0,104540.0,코렌텍,,
00585608,2015,6053363898.0,4132174402.0,63966473091.0,45480902259.0,,60457787033.0,119860.0,커넥트웨이브,,
00585608,2016,8935066130.0,8685216346.0,73114738834.0,64407864509.0,,63966473091.0,119860.0,커넥트웨이브,,
00585608,2017,13513868985.0,17068864306.0,92840454108.0,107606285551.0,92361519355.0,73114738834.0,119860.0,커넥트웨이브,,
00585608,2018,16395901649.0,16577437490.0,108421387416.0,121359168262.0,101192645455.0,92840454108.0,119860.0,커넥트웨이브,,
00585608,2019,23583163329.0,47185267298.0,154181937926.0,202773824840.0,174253401951.0,108421387416.0,119860.0,커넥트웨이브,,
00585608,2020,30936955954.0,20651944043.0,163118796100.0,231956347899.0,146299413851.0,154181937926.0,119860.0,커넥트웨이브,,
00162063,2015,22171435649.0,263989522865.0,1529444074027.0,1358121086444.0,1248943356460.0,1350137689856.0,4960.0,한신공영,,
00162063,2016,26669687772.0,73702147824.0,1553395800367.0,1772255006244.0,1641020443280.0,1529444074027.0,4960.0,한신공영,,
00162063,2017,72457822921.0,-202750088003.0,1905386490632.0,1984305657616.0,1760782136349.0,1553395800367.0,4960.0,한신공영,,
00162063,2018,162009163054.0,13704172797.0,1778426426064.0,2142182385211.0,1866028957283.0,1905386490632.0,4960.0,한신공영,,
00162063,2019,72069234706.0,-92744841860.0,1650955869341.0,1623287681238.0,1430983757731.0,1778426426064.0,4960.0,한신공영,,
00162063,2020,105364540933.0,211877082146.0,1734262275066.0,1556870961770.0,1358777829903.0,1650955869341.0,4960.0,한신공영,,
00554352,2018,-7686888152.0,-7303532165.0,121001405967.0,33320492480.0,22044772130.0,53900465950.0,175250.0,아이큐어,,
00554352,2019,-8654331025.0,-5943159158.0,211892753289.0,60922489710.0,42712171879.0,118501405967.0,175250.0,아이큐어,,
00554352,2020,-12150404076.0,-12403298954.0,195148791954.0,90144211138.0,72047437795.0,211897881249.0,175250.0,아이큐어,,
00619640,2020,3562778542.0,17424905559.0,73488353728.0,92319592450.0,60548831600.0,38144710157.0,101360.0,에코앤드림,,
00787057,2015,30157024885.0,90605418001.0,951759056743.0,1426664921248.0,1111983817951.0,943642835066.0,115160.0,휴맥스,,
00787057,2016,3247961554.0,52690302345.0,1018355642055.0,1350510226171.0,1081360669431.0,951759056743.0,115160.0,휴맥스,,
00787057,2017,-31668503958.0,-149666417970.0,1206007559194.0,1611589046694.0,1327717264157.0,1018355642055.0,115160.0,휴맥스,,
00787057,2018,-46173744501.0,126946684184.0,1057083761419.0,1474831843410.0,1256714023210.0,1206007559194.0,115160.0,휴맥스,,
00787057,2019,20251099561.0,79373793170.0,1022128767954.0,1173887020665.0,963264777221.0,1057083761419.0,115160.0,휴맥스,,
00787057,2020,-87427859874.0,51427065862.0,1099613996532.0,874611297721.0,695517281892.0,1022128767954.0,115160.0,휴맥스,,
00813389,2015,7182451615.0,2796952311.0,67258749263.0,52751850364.0,35870589643.0,50160139566.0,177350.0,베셀,,
00813389,2016,4187187233.0,-5668949956.0,76210812268.0,44002936387.0,33916903596.0,67258749263.0,177350.0,베셀,,
00813389,2017,5012832402.0,14469900886.0,97668551274.0,80643960783.0,57768351011.0,76210812268.0,177350.0,베셀,,
00813389,2018,1281373396.0,-8738700257.0,85246112793.0,75788383757.0,56536962069.0,97668551274.0,177350.0,베셀,,
00813389,2019,-11046723735.0,-7786942742.0,86241040277.0,42343767868.0,36226605289.0,85246112793.0,177350.0,베셀,,
00813389,2020,-2266139047.0,11293422559.0,61023089459.0,70783404023.0,55852679709.0,86241040277.0,177350.0,베셀,,
00842619,2015,-8237359572.0,-8780259507.0,68440364157.0,1788474514.0,690920754.0,33755228741.0,141080.0,리가켐바이오,,
00842619,2016,-14724669419.0,-13038914847.0,89550609030.0,16655491627.0,12463621067.0,68440364157.0,141080.0,리가켐바이오,,
00842619,2017,-12933665235.0,-8213201731.0,82238442380.0,22056557550.0,15336426650.0,89550609030.0,141080.0,리가켐바이오,,
00842619,2018,-26072682686.0,-12758192506.0,121686283747.0,25240301764.0,19331863208.0,82238442380.0,141080.0,리가켐바이오,,
00842619,2019,12475507793.0,24113461209.0,141477453081.0,57500138690.0,22689053824.0,121686283747.0,141080.0,리가켐바이오,,
00842619,2020,-6986261219.0,-14893363011.0,135912348063.0,49393701591.0,13828975461.0,141477453081.0,141080.0,리가켐바이오,,
00138242,2015,-61942173876.0,201547228533.0,2039197713285.0,3390065197470.0,2868750169376.0,1968431988775.0,3620.0,KG모빌리티,,
00138242,2016,58102501224.0,244369118172.0,2163423179719.0,3628536546385.0,3036758966582.0,2039197713285.0,3620.0,KG모빌리티,,
00138242,2017,-65821198497.0,204375560797.0,2248018873532.0,3494637644343.0,2978559796229.0,2163423179719.0,3620.0,KG모빌리티,,
00138242,2018,-61838227415.0,177123093299.0,2205642065884.0,3704793546043.0,3242522474135.0,2248018873532.0,3620.0,KG모빌리티,,
00138242,2019,-341364140265.0,-25473158975.0,2019207142717.0,3623882266268.0,3356307821539.0,2205642065884.0,3620.0,KG모빌리티,,
00138242,2020,-504340966567.0,53314136786.0,1768628570692.0,2950180719134.0,2870122873528.0,2019207142717.0,3620.0,KG모빌리티,,
00244455,2015,1046154494168.0,1258912454064.0,8586509523456.0,4134035080230.0,1604612110516.0,7317144546951.0,33780.0,케이티앤지,,
00244455,2016,1203742346800.0,1488813403573.0,9729918447913.0,4468855746161.0,1774287260847.0,8586509523456.0,33780.0,케이티앤지,,
00244455,2017,1211446576020.0,1141485070797.0,10020315626764.0,4667193482245.0,1905764651578.0,9729420206409.0,33780.0,케이티앤지,,
00244455,2018,903359164406.0,822057208886.0,10197870417450.0,4471515592060.0,1836031136556.0,10020315626764.0,33780.0,케이티앤지,,
00244455,2019,1037198624955.0,1042489387291.0,10752439455974.0,4963202297002.0,2088576007282.0,10197870417450.0,33780.0,케이티앤지,,
00244455,2020,1171643099110.0,1261664798427.0,11468383152160.0,5301617653949.0,2331515447366.0,10752439455974.0,33780.0,케이티앤지,,
00867849,2018,2289020582.0,1997599589.0,51562708199.0,79083414788.0,66645503085.0,34011040554.0,173130.0,오파스넷,,
00867849,2019,-11878217564.0,-859096406.0,65756400004.0,104149382606.0,90595708512.0,51562708199.0,173130.0,오파스넷,,
00867849,2020,6017874518.0,1089458313.0,50929140848.0,111973363216.0,94913951999.0,65756400004.0,173130.0,오파스넷,,
00525679,2015,-12904658096.0,61862754257.0,644831253151.0,393781632232.0,266910968937.0,620884543506.0,85660.0,차바이오텍,,
00525679,2016,27400468161.0,18048903595.0,768929187307.0,449260920351.0,297652245821.0,644831253151.0,85660.0,차바이오텍,,
00525679,2017,-45938569337.0,10832109493.0,785602167343.0,418882086148.0,294832976541.0,739617244619.0,85660.0,차바이오텍,,
00525679,2018,36096902722.0,75384301644.0,947531798564.0,488599592162.0,320879087133.0,793607824945.0,85660.0,차바이오텍,,
00525679,2019,52368083376.0,24665314018.0,1162923422163.0,534611811539.0,354494310717.0,947531798564.0,85660.0,차바이오텍,,
00525679,2020,-34178922879.0,46867052537.0,1313710050751.0,664716825657.0,473787272282.0,1162923422163.0,85660.0,차바이오텍,,
01053540,2016,-27286241660.0,-2201141317.0,33108335736.0,1625312087.0,2959633367.0,15785334855.0,220100.0,퓨쳐켐,,
01053540,2017,-4490672832.0,-2836083345.0,36000072798.0,2998386863.0,3480977751.0,33108335736.0,220100.0,퓨쳐켐,,
01053540,2018,-12079639329.0,-3337244201.0,64046973102.0,5635486819.0,7148928967.0,36000072798.0,220100.0,퓨쳐켐,,
01053540,2019,-5489808422.0,-2708894077.0,63214938903.0,8166654605.0,7654080359.0,64046973102.0,220100.0,퓨쳐켐,,
01053540,2020,-23193616435.0,-2276559741.0,82456973913.0,11013297745.0,8173029563.0,63214938903.0,220100.0,퓨쳐켐,,
00356802,2015,-25016644273.0,-19789282206.0,58625343529.0,27529548417.0,25085858753.0,40335195067.0,60280.0,큐렉소,,
00356802,2016,-1375475556.0,-39219705182.0,78247885151.0,30060746646.0,25445324074.0,58625343529.0,60280.0,큐렉소,,
00356802,2017,-16884517860.0,-1517772230.0,75551926678.0,33483881993.0,27616994675.0,78247885151.0,60280.0,큐렉소,,
00356802,2018,-29420160861.0,-15203767992.0,73338771402.0,33889685077.0,27741165368.0,75551926678.0,60280.0,큐렉소,,
00356802,2019,-25918256722.0,-5075309978.0,47125377014.0,34388092880.0,28825254780.0,73338771402.0,60280.0,큐렉소,,
00356802,2020,416632063.0,-1529967111.0,48878697608.0,39281591877.0,29922419771.0,47125377014.0,60280.0,큐렉소,,
01035678,2015,5151163719.0,10506166838.0,30798818826.0,40588241562.0,29629597318.0,20897058077.0,193250.0,링크드,,
01035678,2016,-1006338068.0,965039659.0,95214581737.0,44038857659.0,32669303438.0,30798818826.0,193250.0,링크드,,
01035678,2017,-10418356717.0,-1439214623.0,111955399684.0,35070797234.0,29643250912.0,95214581737.0,193250.0,링크드,,
01035678,2018,-14660211564.0,-2999581667.0,99522734430.0,40575569184.0,33988177510.0,111955399684.0,193250.0,링크드,,
01035678,2019,-5652546705.0,4948026535.0,91707821398.0,40634665592.0,28709071218.0,99522734430.0,193250.0,링크드,,
01035678,2020,-7622748893.0,1499559125.0,80446301737.0,30337042274.0,25211227706.0,91707821398.0,193250.0,링크드,,
01049422,2016,-7197287315.0,-2790872181.0,37695602263.0,6052264581.0,,12330992544.0,208640.0,썸에이지,,
01049422,2017,-8706013766.0,-8689407956.0,28114639299.0,3554860707.0,,37695602263.0,208640.0,썸에이지,,
01049422,2018,-29367174908.0,-23384902094.0,41118407427.0,3554557702.0,,28114639299.0,208640.0,썸에이지,,
01049422,2019,-14157793482.0,-11788755624.0,43489977987.0,3647939293.0,,41118407427.0,208640.0,썸에이지,,
01049422,2020,-7710881086.0,-12246988709.0,38820690027.0,7006359669.0,,43489977987.0,208640.0,썸에이지,,
00107598,2015,26656982742.0,55271038744.0,994148526992.0,1215045619894.0,874049302950.0,963217254922.0,3920.0,남양유업,,
00107598,2016,37176241741.0,120984358911.0,1041501793769.0,1239168204456.0,902177748024.0,994148526992.0,3920.0,남양유업,,
00107598,2017,5020770659.0,12046102397.0,1035687033786.0,1166971936384.0,866280616338.0,1041501793769.0,3920.0,남양유업,,
00107598,2018,2015323767.0,42557813292.0,1052659643579.0,1079745260118.0,810498026241.0,1035687033786.0,3920.0,남양유업,,
00107598,2019,29231215701.0,-11081572280.0,1056364684667.0,1030826756797.0,783605552301.0,1052659643579.0,3920.0,남양유업,,
00107598,2020,-53500395041.0,-49417579670.0,998290784162.0,948926410855.0,778494674436.0,1056364684667.0,3920.0,남양유업,,
01236532,2020,-2143900017.0,1268046612.0,66629732793.0,12270204003.0,-10989146157.0,45530159446.0,273060.0,와이즈버즈,,
00302078,2015,-10902210625.0,-195541225.0,88217183373.0,134587209667.0,123734427042.0,82735241516.0,50540.0,엠피씨플러스,,
00302078,2016,-20236149824.0,2086019479.0,50725049530.0,150491364594.0,135070112536.0,88217183373.0,50540.0,엠피씨플러스,,
00302078,2017,329624051.0,3074030208.0,80254716176.0,128538698990.0,118126958136.0,50725049530.0,50540.0,엠피씨플러스,,
00302078,2018,-19274803267.0,-3626314343.0,82540025971.0,128411736841.0,120578558192.0,80254716176.0,50540.0,엠피씨플러스,,
00302078,2019,-10563762425.0,-9062771644.0,112899792701.0,121548545174.0,114477561251.0,82540025971.0,50540.0,엠피씨플러스,,
00302078,2020,-4415447105.0,10566055902.0,57044601786.0,116683257051.0,105066825658.0,89898234110.0,50540.0,엠피씨플러스,,
00298270,2015,11919208866.0,18819123764.0,194606730952.0,134452685033.0,36036625669.0,188119128763.0,53800.0,안랩,,
00298270,2016,14617499261.0,24313845496.0,214599051758.0,142879621847.0,37222548490.0,194606730952.0,53800.0,안랩,,
00298270,2017,16278990338.0,24343160850.0,223620399175.0,150259297165.0,34348701996.0,214599051758.0,53800.0,안랩,,
00298270,2018,22845726231.0,31436478716.0,244773950193.0,159815064984.0,30547394959.0,223620399175.0,53800.0,안랩,,
00298270,2019,19142259340.0,22671529654.0,260216803980.0,166992214318.0,32056467490.0,244773950193.0,53800.0,안랩,,
00298270,2020,18478341256.0,37458198833.0,280831434651.0,178187327249.0,34667142400.0,260216803980.0,53800.0,안랩,,
00105873,2015,1023456000000.0,2726577000000.0,22577160000000.0,28383884000000.0,24069572000000.0,22967023000000.0,34220.0,LG디스플레이,,
00105873,2016,931508000000.0,3640906000000.0,24884336000000.0,26504074000000.0,22754270000000.0,22577160000000.0,34220.0,LG디스플레이,,
00105873,2017,1937052000000.0,6764201000000.0,29159687000000.0,27790216000000.0,22424661000000.0,24884336000000.0,34220.0,LG디스플레이,,
00105873,2018,-179443000000.0,4484123000000.0,33175710000000.0,24336571000000.0,21251305000000.0,29159687000000.0,34220.0,LG디스플레이,,
00105873,2019,-2872078000000.0,2706545000000.0,35574563000000.0,23475567000000.0,21607240000000.0,33175710000000.0,34220.0,LG디스플레이,,
00105873,2020,-70636000000.0,2286948000000.0,35071523000000.0,24230124000000.0,21587554000000.0,35574563000000.0,34220.0,LG디스플레이,,
00367482,2015,-4386330220.0,-1916659797.0,45872774272.0,29687771255.0,27690666269.0,54242132324.0,69540.0,빛과전자,,
00367482,2016,525386321.0,-350497433.0,60922124231.0,41502262657.0,33988378433.0,45872774272.0,69540.0,빛과전자,,
00367482,2017,-3042593172.0,-7402778404.0,75473001731.0,82344246190.0,71394021741.0,60922124231.0,69540.0,빛과전자,,
00367482,2018,-40865538680.0,4496938200.0,88978621586.0,37937437214.0,30606080739.0,75473001731.0,69540.0,빛과전자,,
00367482,2019,3379374318.0,21858764861.0,79429657410.0,112769838081.0,70657654768.0,89406328452.0,69540.0,빛과전자,,
00367482,2020,-19589881602.0,-14006787590.0,66889580335.0,19643286135.0,22761498775.0,79429657410.0,69540.0,빛과전자,,
00876865,2015,7651071926.0,23075070369.0,120456080219.0,115393746745.0,100703075752.0,90932648001.0,212560.0,네오오토,,
00876865,2016,7883057748.0,19523716177.0,134856786563.0,140544448041.0,124333116760.0,120456080219.0,212560.0,네오오토,,
00876865,2017,4135625647.0,15020725988.0,137106556094.0,128249343461.0,119701284058.0,134856786563.0,212560.0,네오오토,,
00876865,2018,5798404970.0,21477384360.0,142507780729.0,115243742050.0,105265932724.0,137106556094.0,212560.0,네오오토,,
00876865,2019,2497865671.0,14000633049.0,141061457890.0,118441501215.0,109319188562.0,142507780729.0,212560.0,네오오토,,
00876865,2020,3544580663.0,15079647673.0,144432892509.0,117499435930.0,106710131516.0,141061457890.0,212560.0,네오오토,,
00141404,2015,-5151508305.0,251691936.0,114841929022.0,76793940381.0,69522899856.0,116410665920.0,6740.0,블루산업개발,,
00141404,2016,5495655062.0,3529841598.0,121379533514.0,87503535227.0,78299984787.0,114841929022.0,6740.0,블루산업개발,,
00141404,2017,3878541878.0,3935903035.0,128022405654.0,105060838714.0,93647170006.0,121379533514.0,6740.0,블루산업개발,,
00141404,2018,14328384376.0,26128055812.0,138955082140.0,111220365423.0,84582249303.0,128022405654.0,6740.0,블루산업개발,,
00141404,2019,9277190837.0,7243447197.0,139524104885.0,99673570313.0,80360755517.0,138955082140.0,6740.0,블루산업개발,,
00141404,2020,8524501268.0,11444216539.0,202117557861.0,98155184916.0,78382574583.0,139524104885.0,6740.0,블루산업개발,,
00111218,2015,614557173.0,3294452919.0,38509704339.0,30009586865.0,24656571284.0,26825055300.0,44180.0,KD,,
00111218,2016,19499007.0,-20875665185.0,59541798552.0,35750504470.0,29573873048.0,38509704339.0,44180.0,KD,,
00111218,2017,-16710269605.0,-12078180028.0,98824539961.0,22401619346.0,20535229804.0,59541798552.0,44180.0,KD,,
00111218,2018,-17026824667.0,-4988411007.0,148470846950.0,41425211029.0,34251572389.0,98824539961.0,44180.0,KD,,
00111218,2019,9251211968.0,-2574414152.0,138272304936.0,84340033510.0,68797105385.0,148470846950.0,44180.0,KD,,
00111218,2020,-5679930896.0,-47615581181.0,148381204902.0,21430920484.0,17592843540.0,138272304936.0,44180.0,KD,,
01223219,2019,5599361865.0,8085701666.0,78308244941.0,25961807333.0,15932709812.0,36880765527.0,312610.0,에이에프더블류,,
01223219,2020,1638946425.0,6026180584.0,75587225451.0,11316324980.0,8555296492.0,78308244941.0,312610.0,에이에프더블류,,
01227039,2019,1324536529.0,-7697083549.0,79737130066.0,58283297209.0,35994541495.0,11640192367.0,288330.0,파라택시스코리아,,
01227039,2020,-19232492177.0,-13037361631.0,63510099312.0,6339946467.0,7453033376.0,79737130066.0,288330.0,파라택시스코리아,,
00479705,2015,-6930237630.0,4640551568.0,106282803332.0,65423312649.0,51315079501.0,105448477706.0,79190.0,케스피온,,
00479705,2016,2174364450.0,10762167735.0,107043377641.0,86316565108.0,64588878214.0,106282803332.0,79190.0,케스피온,,
00479705,2017,-3325433136.0,579034933.0,110999148605.0,71553015453.0,54918483529.0,107043377641.0,79190.0,케스피온,,
00479705,2018,-15228715132.0,621322132.0,87298957461.0,78407002481.0,57949902289.0,100807940133.0,79190.0,케스피온,,
00479705,2019,238266375.0,4596048738.0,49571438142.0,61412928941.0,45312565074.0,87298957461.0,79190.0,케스피온,,
00479705,2020,-5891819407.0,-4804050684.0,53997157024.0,27893790209.0,23922270317.0,49571438142.0,79190.0,케스피온,,
01042650,2015,-9301977665.0,-7538617735.0,3857726259.0,0.0,0.0,11430864107.0,115180.0,큐리언트,,
01042650,2016,-10535977466.0,-9895947092.0,26238994222.0,,,3857726259.0,115180.0,큐리언트,,
01042650,2017,-12196200133.0,-12586898007.0,15678094417.0,,,26238994222.0,115180.0,큐리언트,,
01042650,2018,-16415136844.0,-13804377277.0,43196042381.0,,,15678094417.0,115180.0,큐리언트,,
01042650,2019,-22697843924.0,-24000731900.0,20513536902.0,,,43196042381.0,115180.0,큐리언트,,
01042650,2020,-20773087713.0,-19848812787.0,60810745935.0,,,20513536902.0,115180.0,큐리언트,,
00523176,2015,-2032287294.0,953430149.0,37686686816.0,39292130448.0,34127837669.0,39276075701.0,86220.0,광동헬스바이오,,
00523176,2018,434508205.0,6661909634.0,46288409192.0,53091875781.0,47245572613.0,45951243348.0,86220.0,광동헬스바이오,,
00523176,2019,-13639584400.0,5383673152.0,40612081231.0,27935020114.0,27872247356.0,46288409192.0,86220.0,광동헬스바이오,,
00523176,2020,3487270450.0,5791321025.0,59398887735.0,40467479326.0,37985510137.0,40612081231.0,86220.0,광동헬스바이오,,
00126362,2015,25685765743.0,881066558064.0,16225303457752.0,7569330839945.0,6186192535140.0,15968549945813.0,6400.0,삼성SDI,,
00126362,2016,211111190212.0,-1309519499261.0,14900311234207.0,5200822510213.0,4450250017519.0,16225303457752.0,6400.0,삼성SDI,,
00126362,2017,643193862964.0,-250114337079.0,15751476329733.0,6321560921969.0,5152472076172.0,14900311234207.0,6400.0,삼성SDI,,
00126362,2018,745049185447.0,260609735389.0,19349721183929.0,9158272454945.0,7118188528425.0,15741705378257.0,6400.0,삼성SDI,,
00126362,2019,402366429569.0,923071632668.0,19852096448004.0,10097426164132.0,7882255450606.0,19349721183929.0,6400.0,삼성SDI,,
00126362,2020,630966297526.0,1948820240507.0,21534232266829.0,11294770446035.0,8914217432960.0,19852096448004.0,6400.0,삼성SDI,,
00787376,2015,13726684253.0,35193489315.0,627437222936.0,875355096786.0,766546159641.0,683836034331.0,117580.0,대성에너지,,
00787376,2016,13982481878.0,51438987719.0,622322683063.0,738562283397.0,618881765843.0,627437222936.0,117580.0,대성에너지,,
00787376,2017,14849796872.0,47933833591.0,645802826538.0,765978289919.0,640201409823.0,622322683063.0,117580.0,대성에너지,,
00787376,2018,12895038882.0,50181700612.0,653850641813.0,770982769769.0,645800285348.0,645802826538.0,117580.0,대성에너지,,
00787376,2019,13033218360.0,47577573441.0,697193345995.0,774850380588.0,660420884436.0,653850641813.0,117580.0,대성에너지,,
00787376,2020,14131080850.0,35591230713.0,702116962104.0,743190573303.0,613699028089.0,697193345995.0,117580.0,대성에너지,,
01089350,2015,12759349.0,-13372007.0,5905540536.0,0.0,14676240.0,,220260.0,켐트로스,,
01089350,2016,27418868.0,35906646.0,5940367765.0,0.0,33178480.0,5905540536.0,220260.0,켐트로스,,
01089350,2017,1085174141.0,4175450515.0,51518272051.0,43454512618.0,34685592526.0,40772648427.0,220260.0,켐트로스,,
01089350,2018,5490553975.0,4595864203.0,64888243379.0,44434675317.0,36829877870.0,51518272051.0,220260.0,켐트로스,,
01089350,2019,282618584.0,4515913839.0,68065770503.0,43771231078.0,37440974339.0,64888243379.0,220260.0,켐트로스,,
01089350,2020,1503510267.0,5039168278.0,71478585295.0,43539514710.0,38694050754.0,68065770503.0,220260.0,켐트로스,,
01359815,2019,-9357592.0,-23590921.0,6890581008.0,0.0,,,320000.0,한울반도체,,
01359815,2020,-1615979549.0,-783236812.0,22387512917.0,11239477898.0,8930457778.0,19477644869.0,320000.0,한울반도체,,
00815369,2015,23981710741.0,25652824826.0,185776445324.0,180300135416.0,127225166946.0,173039391737.0,123700.0,에스제이엠,,
00815369,2016,15017767845.0,15671242660.0,205931302979.0,176789058379.0,130104113057.0,185776445324.0,123700.0,에스제이엠,,
00815369,2017,5677389127.0,8387562873.0,205071052985.0,163096254624.0,125642112915.0,205931302979.0,123700.0,에스제이엠,,
00815369,2018,3726141440.0,9716315434.0,200078251927.0,155259475030.0,127302911572.0,205071052985.0,123700.0,에스제이엠,,
00815369,2019,7568879089.0,20114207708.0,220444686043.0,157732122414.0,124139040689.0,200078251927.0,123700.0,에스제이엠,,
00815369,2020,4261579741.0,22508806533.0,224918994878.0,138668951905.0,108499604340.0,220444686043.0,123700.0,에스제이엠,,
01020843,2015,3358276430.0,-747814718.0,35658200008.0,30449864799.0,23575835378.0,22660581489.0,217820.0,원익피앤이,,
01020843,2016,2074661387.0,-5824975617.0,33657849844.0,29620172963.0,24228356197.0,35658200008.0,217820.0,원익피앤이,,
01020843,2017,994818825.0,-1531914940.0,61887232737.0,42165074927.0,35971630828.0,33657849844.0,217820.0,원익피앤이,,
01020843,2018,3222737013.0,7834966792.0,73013623096.0,50648402590.0,43942398804.0,61887232737.0,217820.0,원익피앤이,,
01020843,2019,4304940186.0,1489922555.0,107444751176.0,65057074571.0,55106273842.0,73013623096.0,217820.0,원익피앤이,,
01020843,2020,3800028612.0,850962560.0,95614580492.0,66626102725.0,54295565506.0,107444751176.0,217820.0,원익피앤이,,
00126308,2015,-1304348694059.0,-833499386418.0,5630758518608.0,6441250861164.0,7530302890643.0,6151866236020.0,28050.0,삼성E&A,,
00126308,2016,10265144707.0,187923501935.0,5509420275939.0,7010541652838.0,6527491652787.0,5620431542914.0,28050.0,삼성E&A,,
00126308,2017,-71232488084.0,-134040755349.0,5072834607049.0,5513446635564.0,5177200864043.0,5509420275939.0,28050.0,삼성E&A,,
00126308,2018,62855609957.0,446248383510.0,4619648609526.0,5466957803292.0,4928694227804.0,5072834607049.0,28050.0,삼성E&A,,
00126308,2019,323809854401.0,784124248896.0,4565711799514.0,6392058453386.0,5592595279986.0,4619648609526.0,28050.0,삼성E&A,,
00126308,2020,252135563290.0,44368719200.0,4755575903078.0,6749174145123.0,6076895398640.0,4565711799514.0,28050.0,삼성E&A,,
00121543,2015,28812838544.0,78348623899.0,556846376575.0,295760849891.0,158441764515.0,534230439989.0,33920.0,무학,,
00121543,2016,61482857568.0,52795031554.0,603740661739.0,270169022410.0,141387967613.0,556846376575.0,33920.0,무학,,
00121543,2017,51507253110.0,19555365416.0,670089158661.0,250503048569.0,136776558877.0,603740661739.0,33920.0,무학,,
00121543,2018,-20262911317.0,-17678723058.0,618969273400.0,193717858740.0,116758230509.0,670089158661.0,33920.0,무학,,
00121543,2019,23699586348.0,269724636.0,624618561534.0,166377917855.0,104564163192.0,618969273400.0,33920.0,무학,,
00121543,2020,13249747923.0,8021527629.0,598757759430.0,139351805231.0,84247878286.0,624618561534.0,33920.0,무학,,
00336297,2015,4013474449.0,4473582625.0,25217576856.0,82837482739.0,,23046577255.0,49720.0,고려신용정보,,
00336297,2016,3716542831.0,5274752427.0,27431309030.0,84869062018.0,,25217576856.0,49720.0,고려신용정보,,
00336297,2017,3582646295.0,3616481836.0,27167647860.0,87786992996.0,152678718.0,27431309030.0,49720.0,고려신용정보,,
00336297,2018,4673849212.0,8296892702.0,32970956940.0,103511313073.0,,27167647860.0,49720.0,고려신용정보,,
00336297,2019,6621134614.0,7375997192.0,48729767822.0,116456557655.0,,32970956940.0,49720.0,고려신용정보,,
00336297,2020,10292778540.0,3461479191.0,70348084207.0,133209084818.0,,48729767822.0,49720.0,고려신용정보,,
00815095,2015,-5825559301.0,4879029504.0,195976694747.0,189509626945.0,164066495479.0,230118401289.0,153490.0,우리이앤엘하루틴,,
00815095,2016,-17800231456.0,19938728794.0,178847936944.0,147083679149.0,121982924343.0,195976694747.0,153490.0,우리이앤엘하루틴,,
00815095,2017,-29064516282.0,8550606563.0,128015194551.0,158647596070.0,139594045949.0,178847936944.0,153490.0,우리이앤엘하루틴,,
00815095,2018,2013220698.0,7575596304.0,122849281482.0,142862234002.0,119631488507.0,128015194551.0,153490.0,우리이앤엘하루틴,,
00815095,2019,4835988140.0,10448115133.0,98003925203.0,133202815733.0,114072257874.0,122849281482.0,153490.0,우리이앤엘하루틴,,
00815095,2020,-1523818558.0,15186662513.0,109835555960.0,122306350106.0,102862694394.0,98003925203.0,153490.0,우리이앤엘하루틴,,
00556712,2017,12117168913.0,10551164445.0,72458775618.0,91425665280.0,61823257804.0,48476491443.0,238490.0,힘스,,
00556712,2018,-1021721151.0,-6089784705.0,65194764755.0,35455310862.0,25311482897.0,72458775618.0,238490.0,힘스,,
00556712,2019,8442232192.0,-1587750284.0,86740548269.0,85064902299.0,56699257340.0,65194764755.0,238490.0,힘스,,
00556712,2020,17204652674.0,32892155441.0,90866396462.0,106206149566.0,60484440725.0,86740548269.0,238490.0,힘스,,
00132211,2015,4986427635.0,24800516300.0,563581137354.0,551373873954.0,493761815597.0,523959616035.0,2820.0,SUN&L,,
00132211,2016,8033547412.0,31567506726.0,577876289722.0,551207835881.0,486554445462.0,563581137354.0,2820.0,SUN&L,,
00132211,2017,-4134539837.0,4431179803.0,617344858966.0,621841805309.0,567297547595.0,577876289722.0,2820.0,SUN&L,,
00132211,2018,-9193105191.0,23855396406.0,625332075304.0,566020805737.0,520825605721.0,615266035619.0,2820.0,SUN&L,,
00132211,2019,-39963078123.0,18603322619.0,543553941107.0,455911726937.0,423764507560.0,625332075304.0,2820.0,SUN&L,,
00132211,2020,-10471826839.0,7634394418.0,528379078958.0,412530214777.0,375514956747.0,543553941107.0,2820.0,SUN&L,,
00300557,2016,1631930752.0,-23467355108.0,288320112969.0,445386595576.0,328041310771.0,202719502792.0,71460.0,위니아,,
00300557,2017,2230103304.0,22667976724.0,342705319184.0,494925887913.0,359872538408.0,288320112969.0,71460.0,위니아,,
00300557,2018,-13351582753.0,6084726125.0,346265922439.0,557360715406.0,435381779823.0,352331602742.0,71460.0,위니아,,
00300557,2019,11060139797.0,39660708977.0,470730952084.0,750478398625.0,600475195904.0,346265922439.0,71460.0,위니아,,
00300557,2020,30424355042.0,67179961347.0,525696589517.0,875594203678.0,693765089707.0,470730952084.0,71460.0,위니아,,
00408956,2015,-33692905925.0,-10973417995.0,63342944130.0,104516070460.0,108485484908.0,93801666546.0,72520.0,제넨바이오,,
00408956,2016,-10574237543.0,-12895268267.0,60796540417.0,42363592950.0,38413031647.0,63342944130.0,72520.0,제넨바이오,,
00408956,2017,-14747499072.0,4914621063.0,48592302945.0,20194427940.0,9352227192.0,61375633296.0,72520.0,제넨바이오,,
00408956,2018,-5104384434.0,-1740539404.0,72840014372.0,7043270484.0,3750152606.0,48126470317.0,72520.0,제넨바이오,,
00408956,2019,-46743970215.0,-11386735362.0,90027263292.0,21968099500.0,21505401192.0,72840014372.0,72520.0,제넨바이오,,
00408956,2020,-21987776323.0,-11035877684.0,98205112252.0,11845684651.0,9963952802.0,90027263292.0,72520.0,제넨바이오,,
01109955,2017,2713735334.0,2656270423.0,15290331189.0,11793696185.0,6889898493.0,12069217227.0,219420.0,링크제니시스,,
01109955,2018,2196294446.0,2724383064.0,36098618636.0,11631823032.0,7435473218.0,15290331189.0,219420.0,링크제니시스,,
01109955,2019,571790492.0,522785808.0,37630382461.0,11404800975.0,7945023687.0,36098618636.0,219420.0,링크제니시스,,
01109955,2020,514412646.0,4078535736.0,41957165801.0,12876500891.0,8246304674.0,37630382461.0,219420.0,링크제니시스,,
00160861,2015,8478187667.0,22639679650.0,140477979794.0,200994243621.0,183014680413.0,148960256419.0,11500.0,한농화성,,
00160861,2016,8765910166.0,9881983072.0,157059359866.0,204984259243.0,185425363279.0,140477979794.0,11500.0,한농화성,,
00160861,2017,8707592552.0,2922584821.0,165277179938.0,236295858367.0,216505320409.0,157059359866.0,11500.0,한농화성,,
00160861,2018,5871608576.0,9666572138.0,162494686695.0,223214119282.0,206814379814.0,165277179938.0,11500.0,한농화성,,
00160861,2019,9978317171.0,18868497337.0,163356457912.0,204694662843.0,182583583721.0,162494686695.0,11500.0,한농화성,,
00160861,2020,12986053113.0,22111410577.0,171371035394.0,208254761984.0,183541257842.0,163356457912.0,11500.0,한농화성,,
00660033,2015,-12382073656.0,-2223648955.0,51341609629.0,27882191140.0,25727909392.0,57628423593.0,115530.0,씨엔플러스,,
00660033,2016,-12402605616.0,-1268963125.0,34733006208.0,24797769803.0,23111138967.0,51349707840.0,115530.0,씨엔플러스,,
00660033,2017,-625655630.0,206687957.0,44500061416.0,27400852869.0,22397408016.0,34733006208.0,115530.0,씨엔플러스,,
00660033,2018,-7295162777.0,-3504287228.0,39656787543.0,24291610154.0,21113550394.0,44500061416.0,115530.0,씨엔플러스,,
00660033,2019,-6560205426.0,-881165833.0,22339697843.0,19619973184.0,16502595192.0,39656787543.0,115530.0,씨엔플러스,,
00660033,2020,-2669669676.0,-1007697536.0,30066349495.0,26116269890.0,21555780267.0,22095949194.0,115530.0,씨엔플러스,,
00219440,2015,-23700293142.0,790390295.0,222112083520.0,15734279650.0,,240986942429.0,28080.0,휴맥스홀딩스,,
00219440,2016,-2440782590.0,-281872012.0,221495410850.0,5619171339.0,,222112083520.0,28080.0,휴맥스홀딩스,,
00219440,2017,-29113223818.0,1891568925.0,192627731668.0,4081989938.0,14886167158.0,221495410850.0,28080.0,휴맥스홀딩스,,
00219440,2018,-13728436210.0,157264041.0,164180833668.0,3143603713.0,18225481051.0,192627731668.0,28080.0,휴맥스홀딩스,,
00219440,2019,5832165495.0,1798554292.0,169615217600.0,9253558752.0,8220320392.0,164180833668.0,28080.0,휴맥스홀딩스,,
00219440,2020,-21888032522.0,-71870328.0,153539400597.0,5102596410.0,,169615217600.0,28080.0,휴맥스홀딩스,,
01335930,2019,-7091425738.0,-4450537060.0,93456675109.0,1113000000.0,,29323569578.0,321550.0,티움바이오,,
01335930,2020,-12118823142.0,-9379122688.0,85351321133.0,1048950000.0,,93456675109.0,321550.0,티움바이오,,
00141529,2015,104933461916.0,111458299285.0,1484303071758.0,1883098974718.0,1425163060580.0,1351560244885.0,7310.0,오뚜기,,
00141529,2016,137991305681.0,148877518004.0,1592713366095.0,2010658195588.0,1523765765641.0,1484303071758.0,7310.0,오뚜기,,
00141529,2017,132382442675.0,108591310054.0,1721705316486.0,2126150492294.0,1649224695942.0,1592713366095.0,7310.0,오뚜기,,
00141529,2018,160829136727.0,196932951777.0,2063478708237.0,2246764231443.0,1847750039843.0,1721705316486.0,7310.0,오뚜기,,
00141529,2019,99795074801.0,186342383791.0,2152123515409.0,2359651224603.0,1951178384605.0,2063478708237.0,7310.0,오뚜기,,
00141529,2020,110380198569.0,91965913851.0,2339299659460.0,2595880911641.0,2133596387212.0,2152123515409.0,7310.0,오뚜기,,
00151368,2015,13165320211.0,2803006687.0,528489691603.0,599512015339.0,550229957994.0,500464836321.0,129260.0,인터지스,,
00151368,2016,7372878836.0,8440086308.0,514189732168.0,465397240260.0,433512464671.0,528489691603.0,129260.0,인터지스,,
00151368,2017,5912756323.0,28096374784.0,509181970971.0,501965188059.0,465391517612.0,514189732168.0,129260.0,인터지스,,
00151368,2018,-14134690630.0,-11933202222.0,470115542407.0,492443106290.0,458956404165.0,509181970971.0,129260.0,인터지스,,
00151368,2019,-44027324529.0,20487726135.0,419994906279.0,478169277019.0,443406113409.0,470115542407.0,129260.0,인터지스,,
00151368,2020,4606477192.0,23002581717.0,385984504452.0,458316826326.0,428161955358.0,419994906279.0,129260.0,인터지스,,
01097906,2017,3470156369.0,8155212277.0,43465044390.0,35293972560.0,21157679058.0,26816925912.0,226360.0,케이에이치건설,,
01097906,2018,3078375545.0,2527540964.0,45989551422.0,38610580444.0,26104619967.0,43465044390.0,226360.0,케이에이치건설,,
01097906,2019,-4873118376.0,2627698509.0,99065115638.0,31699277688.0,19459467984.0,45989551422.0,226360.0,케이에이치건설,,
01097906,2020,-33997008117.0,-1512204077.0,118085307847.0,49774499596.0,35333125115.0,99065115638.0,226360.0,케이에이치건설,,
00384717,2015,-7778689358.0,1015051944.0,63196016788.0,57145127070.0,37269389250.0,65770123525.0,65170.0,비엘팜텍,,
00384717,2016,-4986278199.0,2338879256.0,73386438526.0,73962749219.0,48524448019.0,63196016788.0,65170.0,비엘팜텍,,
00384717,2017,-2650366746.0,456911933.0,68244813862.0,83708354915.0,55875979616.0,73386438526.0,65170.0,비엘팜텍,,
00384717,2018,1196122619.0,-426142679.0,103882690020.0,87686316629.0,53107434373.0,68244813862.0,65170.0,비엘팜텍,,
00384717,2019,-17453415125.0,3624877168.0,89113254128.0,58869486610.0,36448813906.0,103882690020.0,65170.0,비엘팜텍,,
00384717,2020,-16586791145.0,5803712631.0,134325277778.0,65690695198.0,45330772455.0,89113254128.0,65170.0,비엘팜텍,,
00370200,2015,-6774867913.0,-2785103937.0,25697690340.0,6725464600.0,3307901678.0,23156872247.0,66430.0,아이로보틱스,,
00370200,2016,-10610607838.0,1545931960.0,14743017491.0,14579405827.0,13266708153.0,25697690340.0,66430.0,아이로보틱스,,
00370200,2017,-2761761014.0,-448289968.0,14174390583.0,30183891032.0,27361199552.0,14743017491.0,66430.0,아이로보틱스,,
00370200,2018,-3057231527.0,1866286771.0,38799728836.0,30702210086.0,27986338243.0,14174390583.0,66430.0,아이로보틱스,,
00370200,2019,-25326879943.0,-15900773006.0,37987571770.0,58051573044.0,54303177355.0,38799728836.0,66430.0,아이로보틱스,,
00370200,2020,2381946076.0,3976317594.0,28288038230.0,31802152269.0,27828302935.0,37987571770.0,66430.0,아이로보틱스,,
00445160,2015,3705448565.0,792451494.0,41210194608.0,47963194567.0,39713582421.0,25367987473.0,79810.0,APS이노베이션,,
00445160,2016,-5961422683.0,-16066863728.0,60570508345.0,45512487244.0,44726801946.0,41210194608.0,79810.0,APS이노베이션,,
00445160,2017,3077775675.0,7063412557.0,74466202906.0,180427566859.0,166077860427.0,60570508345.0,79810.0,APS이노베이션,,
00445160,2018,-11330231551.0,-11461607786.0,60037161449.0,74958202644.0,77324519165.0,74466202906.0,79810.0,APS이노베이션,,
00445160,2019,-7152405657.0,-1080903124.0,46017809104.0,29668977417.0,29496769904.0,60037161449.0,79810.0,APS이노베이션,,
00445160,2020,-9817976141.0,-3979015118.0,52009094972.0,23016088425.0,20870900522.0,46017809104.0,79810.0,APS이노베이션,,
00503668,2015,83022325304.0,8989968697.0,1754273776933.0,1903704148042.0,1679313362815.0,1625935663136.0,79550.0,LIG디펜스앤에어로스페이스,,
00503668,2016,77051466022.0,-107674119838.0,1791479110121.0,1860784769772.0,1664815704561.0,1754273776933.0,79550.0,LIG디펜스앤에어로스페이스,,
00503668,2017,-8628211424.0,-36377777918.0,2006761323222.0,1761316227366.0,1617078372811.0,1791479110121.0,79550.0,LIG디펜스앤에어로스페이스,,
00503668,2018,4458063714.0,-113998986686.0,2322091224454.0,1477507584978.0,1336170839811.0,2008352049150.0,79550.0,LIG디펜스앤에어로스페이스,,
00503668,2019,3185323837.0,151004955851.0,2317491215306.0,1452651352252.0,1314676676701.0,2322091224454.0,79550.0,LIG디펜스앤에어로스페이스,,
00503668,2020,57881698047.0,192104829697.0,2595606499093.0,1600344315019.0,1410664125552.0,2317491215306.0,79550.0,LIG디펜스앤에어로스페이스,,
00462121,2015,-4492784080.0,1871166079.0,90296646079.0,54948881890.0,36721932174.0,97780581756.0,73490.0,LIG아큐버,,
00462121,2016,-9818488478.0,-578999920.0,82196177277.0,52708495939.0,36127763716.0,90296646079.0,73490.0,LIG아큐버,,
00462121,2017,-213187817.0,-4844540584.0,85758647578.0,60670950989.0,39910140794.0,82196177277.0,73490.0,LIG아큐버,,
00462121,2018,217724669.0,1810548231.0,97581282797.0,64034148648.0,43271955516.0,85758647578.0,73490.0,LIG아큐버,,
00462121,2019,13146730374.0,22347332813.0,120988656304.0,96847501335.0,53880102607.0,97581282797.0,73490.0,LIG아큐버,,
00462121,2020,13100947584.0,15027728124.0,124998962532.0,92967215651.0,51967709433.0,120988656304.0,73490.0,LIG아큐버,,
01110474,2020,-9632800125.0,-10890027960.0,76292015974.0,320006088.0,42866246.0,41036918200.0,,,298060.0,풍전약품
00151298,2015,9867097775.0,33331813187.0,184284619404.0,182681960463.0,156414299924.0,202111792562.0,,,69730.0,DSR제강
00151298,2016,8688443133.0,13947555647.0,190208394906.0,172535898761.0,150334581089.0,184284619404.0,,,69730.0,DSR제강
00151298,2017,5015163845.0,3808806859.0,196090792109.0,177545209650.0,160016824949.0,190208394906.0,,,69730.0,DSR제강
