Date,000020,000050,000100,000120,000180,000220,000420,000440,000480,000500,000520,000590,000640,000660,000670,000720,000760,000850,000860,000910,000950,000970,000990,001000,001060,001140,001230,001340,001360,001380,001390,001420,001430,001440,001470,001540,001550,001560,001570,001620,001630,001680,001770,001780,001790,001800,001810,001820,002000,002020,002030,002070,002150,002170,002200,002220,002230,002240,002270,002290,002300,002310,002380,002390,002410,002460,002600,002620,002630,002680,002700,002760,002780,002800,002810,002820,002870,002900,002920,002960,002990,003000,003010,003030,003080,003090,003160,003200,003220,003240,003300,003350,003380,003480,003520,003550,003560,003580,003610,003620,003670,003680,003720,003780,003800,003830,003850,003920,003960,004000,004060,004080,004090,004100,004130,004150,004170,004200,004250,004310,004320,004360,004380,004430,004450,004560,004590,004650,004690,004700,004710,004740,004770,004780,004800,004830,004870,004910,004920,004960,004970,004980,005010,005030,005070,005090,005110,005160,005190,005250,005300,005380,005420,005430,005490,005500,005610,005620,005670,005680,005690,005720,005740,005750,005800,005820,005850,005950,005980,006050,006110,006120,006140,006200,006260,006280,006360,006370,006390,006400,006620,006650,006660,006740,006880,006890,006910,006920,006980,007070,007110,007160,007190,007210,007310,007340,007460,007530,007540,007570,007610,007630,007690,007700,007720,007770,007810,007820,007980,008000,008040,008110,008350,008370,008420,008470,008490,008700,008800,008830,008870,008900,008930,008970,009070,009140,009150,009160,009180,009200,009240,009270,009300,009440,009450,009460,009470,009520,009580,009620,009680,009770,009780,009830,009970,010040,010100,010120,010140,010240,010400,010470,010640,010660,010690,010770,010820,010950,010960,011040,011070,011090,011160,011210,011230,011280,011320,011330,011420,011500,011560,011690,011700,011720,011760,011780,011810,011930,012030,012200,012280,012320,012330,012340,012600,012610,012620,012700,012750,012790,012860,013000,013030,013120,013310,013360,013520,013580,013810,013870,013890,013990,014100,014130,014160,014200,014280,014440,014530,014570,014580,014620,014710,014790,014830,014910,014940,015020,015230,015260,015350,015360,015540,015710,015750,015760,015860,015890,016090,016100,016170,016250,016380,016450,016580,016590,016710,016800,016920,017180,017250,017370,017390,017480,017510,017650,017680,017800,017810,017890,017900,017940,018120,018260,018290,018310,018470,018670,018700,018880,019010,019180,019490,019540,019660,019680,019770,019990,020000,020150,020180,020400,020560,021040,021080,021240,021320,021650,021820,022100,023000,023150,023160,023410,023430,023450,023590,023600,023810,023890,023910,023960,024060,024070,024660,024720,024740,024800,024810,024840,024900,024940,024950,025000,025270,025320,025530,025540,025550,025560,025820,025860,025880,025890,025900,025980,026180,026260,026940,027050,027390,027410,027710,027740,028040,028050,028080,028150,029530,030000,030270,030350,030530,030790,030960,031310,031330,031390,031510,031980,032040,032080,032280,032350,032540,032560,032580,032640,032750,032820,032850,033050,033100,033110,033130,033160,033170,033200,033230,033240,033250,033270,033320,033430,033500,033530,033540,033600,033780,033830,033920,034020,034120,034220,034310,034730,034810,034940,034950,035000,035080,035150,035200,035420,035480,035510,035600,035610,035620,035720,035760,035810,035900,036000,036010,036170,036190,036200,036220,036260,036420,036480,036490,036500,036530,036560,036570,036580,036620,036800,036810,036830,036890,037030,037070,037330,037350,037370,037400,037460,037560,037710,037760,038010,038160,038390,038460,038500,038540,038620,038870,038950,039010,039020,039030,039200,039230,039240,039290,039420,039440,039610,039670,039740,039790,039830,039840,040160,040300,040350,040420,040610,040910,041020,041140,041440,041510,041520,041590,041650,041830,041910,042000,042040,042110,042370,042420,042510,042520,042600,042660,042700,043100,043150,043200,043260,043290,043360,043370,043580,043610,043650,043710,043910,044060,044180,044450,044480,044490,044780,044820,044960,045060,045100,045300,045340,045510,045520,045660,045890,045970,046110,046120,046310,046390,046890,046940,046970,047040,047050,047310,047440,047770,047810,047820,047920,048260,048410,048430,048470,048550,048770,048830,048870,048910,049080,049120,049180,049430,049480,049520,049720,049800,049830,049950,050090,050110,050320,050540,050760,050860,050890,050960,051170,051370,051380,051490,051500,051780,051900,052190,052220,052260,052290,052330,052460,052600,052690,052710,052790,052860,052900,053030,053050,053060,053110,053160,053210,053270,053280,053290,053300,053450,053590,053610,053620,053660,053690,053740,053800,053810,053980,054040,054090,054180,054340,054450,054620,054670,054780,054800,054920,054930,054940,055490,056000,056080,056090,056360,056700,056730,057540,057680,057880,058220,058370,058400,058420,058430,058470,058530,058610,058650,058730,058820,058850,058860,059090,059100,059120,059210,060150,060250,060260,060280,060300,060370,060480,060560,060720,060910,061040,061460,063080,063160,063170,063440,063570,063760,064090,064240,064260,064350,064480,064510,064520,064550,064760,064800,064820,064960,065130,065150,065160,065170,065270,065350,065370,065440,065450,065500,065510,065530,065570,065620,065660,065690,065710,065770,065940,065950,066110,066130,066310,066350,066410,066430,066570,066620,066670,066700,067000,067010,067080,067160,067290,067310,067390,067730,067770,067830,067920,067990,068050,068150,068270,068290,068400,068760,068870,068930,068940,069080,069140,069260,069330,069410,069540,069620,069640,069730,069960,070960,071090,071200,071280,071460,071670,071850,071970,072020,072130,072470,072520,072870,072950,073070,073110,073490,073560,073570,073640,074150,074430,074600,075130,075970,076080,076610,077280,077360,077500,077970,078000,078070,078150,078160,078520,078590,078600,078650,078890,078930,079160,079170,079190,079430,079550,079650,079660,079810,079940,079950,079960,079970,079980,080000,080010,080160,080440,080470,080520,080580,081000,081150,081580,081970,082390,082740,082800,082850,082920,083310,083350,083360,083370,083380,083390,083420,083450,083500,083550,083570,083580,083590,083600,083610,083620,083790,083930,084010,084110,084670,084690,084730,084850,084870,084990,085310,085370,085660,085670,085910,086040,086060,086080,086200,086220,086250,086390,086450,086520,086670,086820,086830,086900,086960,086980,087220,087600,087730,088260,088390,088790,088800,088910,089010,089030,089140,089150,089230,089530,089590,089790,089850,089890,089970,089980,090080,090120,090360,090430,090460,090470,090710,090730,090740,090850,090970,090980,090990,091000,091340,091580,091700,091810,091990,092040,092130,092200,092220,092230,092300,092440,092460,092630,092730,092780,093050,093190,093240,093320,093370,093380,093640,093920,094170,094190,094280,094360,094480,094820,094840,094850,094940,094970,095190,095300,095610,095700,096040,096240,096530,096630,096640,096690,096760,096770,097230,097520,097780,097870,097950,098120,098660,099190,099220,099320,099520,099660,099750,099830,100030,100120,100130,100220,100250,100840,101060,101140,101160,101240,101330,101360,101490,101530,101680,101730,102460,102710,103130,103230,103590,103840,104110,104120,104200,104460,104480,104540,104620,104700,104830,105550,105840,106190,107590,108230,108320,108380,108490,108670,108790,108860,109070,109080,109610,109740,109820,109860,109960,110020,110570,110790,110990,111110,111610,111710,111770,111820,112240,112610,113810,114090,114120,114450,114570,114630,114810,115160,115180,115390,115440,115450,115480,115500,115530,115570,115960,117580,117670,117730,118000,119500,119610,119650,119830,119850,119860,120030,120240,121550,121600,121850,121890,122310,122450,122640,122690,122800,122870,122900,122990,123040,123100,123260,123330,123410,123690,123700,123750,123840,123860,124500,124560,125210,126340,126560,126600,126640,126700,126870,126880,127160,127710,128540,128820,129260,130580,130740,130960,131030,131180,131220,131290,131370,131390,133820,134060,134380,134780,134790,136480,136490,136510,136540,136660,137400,137940,138070,138080,138440,138580,138610,138690,139050,139200,140070,140410,140520,140670,140890,140910,141020,141070,141080,142210,142760,143160,143240,143540,144510,144960,145020,145270,145720,147830,148140,149130,149940,149950,149980,150440,150900,152330,153360,153460,153490,153710,154040,155650,155660,155900,155960,156100,158310,158380,159650,159910,160550,160980,161390,161570,161890,163560,166090,168330,170030,170790,170900,170920,171010,171090,171120,172580,173130,173940,174880,174900,175250,176440,177350,177830,178780,178920,179900,180640,181340,182400,182690,183190,183300,183490,184230,185490,185750,186230,187220,187270,187420,187790,189300,189330,189700,189860,190510,191420,192250,192390,192400,192410,192820,193250,194370,194480,194610,195440,195870,196490,196700,197140,197210,199800,200470,200670,200710,200780,200880,201490,203650,204020,204630,204650,204990,206400,206640,206650,207760,207940,208140,208350,208370,208640,208870,210540,210980,211270,212560,213090,213500,214180,214260,214330,214370,214390,214430,214450,214610,214680,215000,215090,215200,215360,215600,215750,215790,216050,217190,217480,217500,217600,217620,217730,217820,218150,218410,219130,219420,220100,220260,220630,221200,221610,221840,222040,222110,222800,222980,223310,224060,224880,225330,225530,225590,225650,226320,226340,226350,226360,226400,226440,226950,227610,227840,227950,228340,228670,228850,229000,229640,230980,233990,234080,234300,234340,234690,234920,236200,236340,237690,238090,238200,238490,239340,239890,240810,241560,241590,241710,241770,241790,241840,243070,243840,246250,246710,246960,248170,250030,250060,250930,251970,252500,253450,253590,253840,254120,256150,257370,258790,260660,260930,261200,263020,263540,263600,263690,263720,263750,263800,263810,263920,264450,264660,264850,264900,265520,265560,267260,267320,267790,268280,270020,270870,271560,271980,272210,272290,272550,273060,275630,277880,278280,278650,278990,281740,282330,282690,282880,284740,285130,285490,288330,289010,290270,290510,290550,290650,290660,290670,290720,290740,293480,293780,293940,294870,297090,298000,298020,298040,298050,298690,299910,300080,300120,302430,305090,306040,306200,307160,307180,307280,307750,307950,308100,310200,311060,311390,312610,313760,314130,317240,317770,317830,317850,317860,318010,319400,320000,321550,322000,322510,330590,332710,336260,336370,900040,900050,900080,900090,900110,900120,900140,900180,900250,900260,900270,900280,900300,900310,900340,950110,950140,950160,950170,950180
2013-01-31,,,,,,,881.0,,,,,,,,,,,,,,,,,,,,,,,,,,,,,,,,,,,,,,,,,,20000.0,,,,,,,,,,668396,,24250.0,,,,,,,,,,,,,,,,,,,,,,,,,,,,,,,,,,,,,,,,,,,,,,,,,,,,,,17250.0,,,11545.0,,,3300.0,,,,,,,,,,,4992.0,,,,,,,,,,,,,,,,,24650.0,,,,,,,,,32900.0,,,,,,,,,,,6200.0,,,,,,,,,,,,,,,,,,,,,,,,2691.0,,,,,,,,,1625,,,,,,,,9790.0,,,,,,,,,5122.0,,,4036.0,,,,,,,,,,,,,,,,,,,,,,,,,,,,,,,,,,,,,,,,,26802.0,,,,,,,,,,,5589.0,,,,,,,,,,,,,,,,,,,,,,,,,,,,,,,,,,,,,,,,,,,,,,,21300,,23866,,,,,,,,13300.0,,,,,,,,,,,,,,,,7053.0,,,,,,,,,,,,,,,,,,,,,,,,,,,,,,,,,,,,,,6840.0,,,,,29450.0,,,,,1710.0,,,,,,,,,,1730.0,,,,,,,,,,,,2015.0,103947.0,,,23750.0,,,,3237.0,,,170600.0,,,12628.0,,,106453,,,,39897.0,,,27481.0,,,,,,,,,,,,,3625.0,,,,,,,,,,3006.0,,,,1650.0,,,,,,,,,,,,,,,,,27719.0,,,,,,,,,,,,,,14050.0,3383.0,,,36050,10100.0,,,,,,,,,,,,,,,,,,,,,,,,,,,,,,,,,2727.0,,,,,,119971,,1034.0,,,,,,,,,,6530,,,,,,,,,,,,,,,,,,,,,,1664.0,,,999.0,,,,,,,,,,,,,,,,,,,,2650,,2260,,,,,,,,,,1475.0,,,,,292530,,,,,,,,,,,,,,,,,,,,,328,26300,,,,,1085.0,,,,,,,137572,,,3375.0,,,,,,,,,,,,42500,,,,,,,,1509,,,27309,,10250.0,,15626.0,,,,,32130.0,,,,,,,,,,1865,,,,,,,,,1053,3518.0,,15171,,,17143,,,,,,,,,,,,,,,12786,,,,,1180.0,,6670.0,,,,,,,,,,,,,,,,,,,,,4048.0,,18850.0,,,,,,,,,53500.0,,,,,6180.0,,5002,,,5970.0,,,,,,,,,,,,,,,,,,,,920.0,,,9540,,58800.0,,,,,,,,,,,,,,,,,,,,,,,,,,,2700.0,,,,,,1056.0,,,,,,,1965.0,,,,,,,,,,,86676,,,,,,,,,11750.0,,,,,,,5750,,,13194.0,,,,,,,3685.0,1375.0,,,,,,4895.0,4980.0,4815.0,4930.0,4985.0,,,,,4820.0,4850.0,4850.0,4835.0,4875.0,4850.0,,,,,,,,,,,,3674,,,,,,,5970.0,,1770.0,,,,,,11312.0,,,,4251.0,,29475.0,,,,,,,,,,,15710,,,,,,,,2300.0,,,,,,6360.0,2170,,4600.0,4740.0,4695.0,4650.0,,,,,,,,,,,,,,5010.0,,,,,,,,,,,,11110.0,,,,,,,,,,3723.0,,,,,,,19318,,,,,,,,,,,,,,,6666.0,,16324.0,,,,,,,5800,,,,,,,,,,,,19717.0,,,,1450.0,813.0,,,,,,,,,,,,,,,,,,,,,,,,,,,6300.0,,,,198600.0,,,3898.0,2421.0,,,,446906,,8107,,,,,27226,,,,,,,,,,,,,,,,,3573,,,5000.0,,,,,,,,863.0,,,,,18100.0,22509.0,,,,,,,,,,,,,,,,3315,,,,,,,,,34100.0,,,,,,3300,,,,1471.0,,,,967,,,,,,,8721.0,,,18625,,4800.0,,,,,4095.0,,92510,3151.0,,,,,,,,,,,,,,3710.0,3420.0,,,,,,4840,,,,,,,4900,,,,,4950.0,,,,,,,,,,,,,,,,,,,,,,,,,,,,,,,,,,,,,,,,,,,,,,,,,,,,,,,,,,,,,,,,,,,,,,,,,,,,,,,,,,,,,,,,,,,,,,,,,,,,,,,,,,,,,,,,,,,,,,,,,,,,,,,,,,,,,,,,,,,,,,,,,,,,,,,,,,,,,,,,,,,,,,,,,,,,,,,,,,,,,,,,,,,,,,,,,,,,,,,,,,,,,,,,,,,,,,,,,,,,,,,,,,,,,,,,,,,,,,,,,,,,,,,,,,,,,,,,,,,,,,,,,,,,,,,,,,,,,,,,,,,,,,,,,1354.0,1353.0,1045.0,1111.0,,,,1449.0,,,,,,,,,,,,
2013-02-28,,,,,,,1050.0,,,,,,,,,,,,,,,,,,,,,,,,,,,,,,,,,,,,,,,,,,20250.0,,,,,,,,,,726135,,24000.0,,,,,,,,,,,,,,,,,,,,,,,,,,,,,,,,,,,,,,,,,,,,,,,,,,,,,,19100.0,,,10917.0,,,3135.0,,,,,,,,,,,3590.0,,,,,,,,,,,,,,,,,31000.0,,,,,,,,,33300.0,,,,,,,,,,,6330.0,,,,,,,,,,,,,,,,,,,,,,,,2235.0,,,,,,,,,1672,,,,,,,,9780.0,,,,,,,,,5049.0,,,3736.0,,,,,,,,,,,,,,,,,,,,,,,,,,,,,,,,,,,,,,,,,23197.0,,,,,,,,,,,4959.0,,,,,,,,,,,,,,,,,,,,,,,,,,,,,,,,,,,,,,,,,,,,,,,22950,,42025,,,,,,,,14500.0,,,,,,,,,,,,,,,,7007.0,,,,,,,,,,,,,,,,,,,,,,,,,,,,,,,,,,,,,,6420.0,,,,,30400.0,,,,,1675.0,,,,,,,,,,1810.0,,,,,,,,,,,,2015.0,94223.0,,,27150.0,,,,3005.0,,,194200.0,,,12748.0,,,86471,,,,44224.0,,,32492.0,,,,,,,,,,,,,4730.0,,,,,,,,,,2688.0,,,,1560.0,,,,,,,,,,,,,,,,,23144.0,,,,,,,,,,,,,,16200.0,3133.0,,,35000,11000.0,,,,,,,,,,,,,,,,,,,,,,,,,,,,,,,,,2700.0,,,,,,118146,,1090.0,,,,,,,,,,7600,,,,,,,,,,,,,,,,,,,,,,1880.0,,,1040.0,,,,,,,,,,,,,,,,,,,,2485,,2760,,,,,,,,,,1510.0,,,,,294230,,,,,,,,,,,,,,,,,,,,,441,25200,,,,,1010.0,,,,,,,158269,,,3990.0,,,,,,,,,,,,48300,,,,,,,,1523,,,29031,,14200.0,,15131.0,,,,,38089.0,,,,,,,,,,1810,,,,,,,,,1283,4547.0,,14634,,,16053,,,,,,,,,,,,,,,11890,,,,,1080.0,,6378.0,,,,,,,,,,,,,,,,,,,,,3600.0,,22400.0,,,,,,,,,54750.0,,,,,8060.0,,6419,,,6530.0,,,,,,,,,,,,,,,,,,,,1317.0,,,10300,,56200.0,,,,,,,,,,,,,,,,,,,,,,,,,,,2555.0,,,,,,1014.0,,,,,,,1970.0,,,,,,,,,,,102111,,,,,,,,,10150.0,,,,,,,6005,,,11942.0,,,,,,,3640.0,1370.0,,,,,,4795.0,4800.0,4790.0,4790.0,4790.0,,,,,4800.0,4610.0,4635.0,4650.0,4800.0,4750.0,,,,,,,,,,,,4239,,,,,,,6020.0,,1850.0,,,,,,12277.0,,,,4389.0,,30720.0,,,,,,,,,,,15055,,,,,,,,2310.0,,,,,,6870.0,2485,,4690.0,4600.0,4650.0,4635.0,,,,,,,,,,,,,,5040.0,,,,,,,,,,,,13116.0,,,,,,,,,,3992.0,,,,,,,21116,,,,,,,,,,,,,,,6755.0,,20439.0,,,,,,,5680,,,,,,,,,,,,21938.0,,,,1280.0,756.0,,,,,,,,,,,,,,,,,,,,,,,,,,,6137.0,,,,228000.0,,,4466.0,2564.0,,,,627011,,7815,,,,,27882,,,,,,,,,,,,,,,,,3730,,,4900.0,,,,,,,,843.0,,,,,19550.0,21192.0,,,,,,,,,,,,,,,,3422,,,,,,,,,37500.0,,,,,,3575,,,,2061.0,,,,1104,,,,,,,9077.0,,,20878,,4730.0,,,,,4105.0,,87323,3014.0,,,,,,,,,,,,,,3785.0,3735.0,,,,,,4850,,,,,,,4840,16478.0,,,,4850.0,,,,,,,,,,,,,,,,,,,,,,,,,,,,,,,,,,,,,,,,,,,,,,,,,,,,,,,,,,,,,,,,,,,,,,,,,,,,,,,,,,,,,,,,,,,,,,,,,,,,,,,,,,,,,,,,,,,,,,,,,,,,,,,,,,,,,,,,,,,,,,,,,,,,,,,,,,,,,,,,,,,,,,,,,,,,,,,,,,,,,,,,,,,,,,,,,,,,,,,,,,,,,,,,,,,,,,,,,,,,,,,,,,,,,,,,,,,,,,,,,,,,,,,,,,,,,,,,,,,,,,,,,,,,,,,,,,,,,,,,,,,,,,,,,1254.0,1850.0,1136.0,1137.0,,,,1410.0,,,,,,,,,,,,
2013-03-31,,,,,,,864.0,,,,,,,,,,,,,,,,,,,,,,,,,,,,,,,,,,,,,,,,,,20200.0,,,,,,,,,,837697,,27950.0,,,,,,,,,,,,,,,,,,,,,,,,,,,,,,,,,,,,,,,,,,,,,,,,,,,,,,18850.0,,,11280.0,,,3400.0,,,,,,,,,,,2640.0,,,,,,,,,,,,,,,,,34000.0,,,,,,,,,33000.0,,,,,,,,,,,7650.0,,,,,,,,,,,,,,,,,,,,,,,,2593.0,,,,,,,,,2598,,,,,,,,9600.0,,,,,,,,,4982.0,,,3424.0,,,,,,,,,,,,,,,,,,,,,,,,,,,,,,,,,,,,,,,,,23114.0,,,,,,,,,,,3464.0,,,,,,,,,,,5288.0,,,,,,,,,,,,,,,,,,,,,,,,,,,,,,,,,,,,25000,,40143,,,,,,,,15250.0,,,,,,,,,,,,,,,,6746.0,,,,,,,,,,,,,,,,,,,,,,,,,,,,,,,,,,,,,,6620.0,,,,,37500.0,,,,,2250.0,,,,,,,,,,1825.0,,,,,,,,,,,,2135.0,55562.0,,,32850.0,,,,3045.0,,,191800.0,,,14289.0,,,71741,,,,28709.0,,,35361.0,,,,,,,,,,,,,3650.0,,,,,,,,,,2715.0,,,,1550.0,,,,,,,,,,,,,,,,,24288.0,,,,,,,,,,,,,,18150.0,2082.0,,,36800,9700.0,,,,,,,,,,,,,,,,,,,,,,,,,,,,,,,,,2571.0,,,,,,128638,,1021.0,,,,,,,,,,7640,,,,,,,,,,,,,,,,,,,,,,2173.0,,,1300.0,,,,,,,,,,,,,,,,,,,,2500,,2635,,,,,,,,,,1663.0,,,,,283200,,,,,,,,,,,,,,,,,,,,,410,25600,,,,,982.0,,,,,,,185661,,,3725.0,,,,,,,,,,,,42000,,,,,,,,1401,,,27029,,14350.0,,11339.0,,,,,40324.0,,,,,,,,,,1680,,,,,,,,,1445,5118.0,,16631,,,16140,,,,,,,,,,,,,,,14992,,,,,920.0,,5993.0,,,,,,,,,,,,,,,,,,,,,3469.0,,20700.0,,,,,,,,,52750.0,,,,,8650.0,,5522,,,6070.0,,,,,,,,,,,,,,,,,,,,1154.0,,,10800,,57900.0,,,,,,,,,,,,,,,,,,,,,,,,45395.0,,,2945.0,,,,,,1357.0,,,,,,,2215.0,,,,,,,,,,,110803,,,,,,,,,9550.0,,,,,,,7076,,,12618.0,,,,,,,5680.0,1225.0,,,,,,4575.0,4410.0,4415.0,4500.0,4500.0,,,,,4620.0,4270.0,4445.0,4400.0,4380.0,4360.0,,,,,,,,,,,,4894,,,,,,,5850.0,,1930.0,,,,,,9792.0,,,,3801.0,,47880.0,,,,,,,,,,,16363,,,,,,,,2340.0,,,,,,6890.0,2670,,4400.0,4400.0,4450.0,4400.0,,,,,,,,,,,,,,5000.0,,,,,,,,,,,,11651.0,,,,,,,,,,4261.0,,,,,,,19832,,,,,,,,,,,,,,,6920.0,,17861.0,,,,,,,5840,,,,,,,,,,,,19280.0,,,,1165.0,668.0,,,,,,,,,,,,,,,,,,,,,,,,,,,6279.0,,,,223200.0,,,5920.0,2897.0,,,,601866,,4883,,,,,27831,,,,,,,,,,,,,,,,,3801,,,4770.0,,,,,,,,886.0,,,,,21650.0,27976.0,,,,,,,,,,,,,,,,3554,,,,,,,,,34850.0,,,,,,4020,,,,2092.0,,,,1134,,,,,,,7440.0,,,30163,,4535.0,,,,,4195.0,,88188,2740.0,,,,,,,,,,,,,,3755.0,4015.0,,,,,,4700,,,,,,,4800,17949.0,,,,4750.0,,,,,,,,,,,,,,,,,,,,,,,,,,,,,,,,,,,,,,,,,,,,,,,,,,,,,,,,,,,,,,,,,,,,,,,,,,,,,,,,,,,,,,,,,,,,,,,,,,,,,,,,,,,,,,,,,,,,,,,,,,,,,,,,,,,,,,,,,,,,,,,,,,,,,,,,,,,,,,,,,,,,,,,,,,,,,,,,,,,,,,,,,,,,,,,,,,,,,,,,,,,,,,,,,,,,,,,,,,,,,,,,,,,,,,,,,,,,,,,,,,,,,,,,,,,,,,,,,,,,,,,,,,,,,,,,,,,,,,,,,,,,,,,,,1300.0,1802.0,1113.0,1108.0,,,,1376.0,,,,,,,,,,,,
2013-04-30,,,,,,,846.0,,,,,,,,,,,,,,,,,,,,,,,,,,,,,,,,,,,,,,,,,,19000.0,,,,,,,,,,861184,,27800.0,,,,,,,,,,,,,,,,,,,,,,,,,,,,,,,,,,,,,,,,,,,,,,,,,,,,,,22400.0,,,9541.0,,,3255.0,,,,,,,,,,,2294.0,,,,,,,,,,,,,,,,,36650.0,,,,,,,,,31500.0,,,,,,,,,,,6770.0,,,,,,,,,,,,,,,,,,,,,,,,3000.0,,,,,,,,,2467,,,,,,,,8890.0,,,,,,,,,4962.0,,,3357.0,,,,,,,,,,,,,,,,,,,,,,,,,,,,,,,,,,,,,,,,,20417.0,,,,,,,,,,,2550.0,,,,,,,,,,,5759.0,,,,,,,,,,,,,,,,,,,,,,,,,,,,,,,,,,,,28600,,47199,,,,,,,,15250.0,,,,,,,,,,,,,,,,11499.0,,,,,,,,,,,,,,,,,,,,,,,,,,,,,,,,,,,,,,6350.0,,,,,39000.0,,,,,2395.0,,,,,,,,,,1955.0,,,,,,,,,,,,2050.0,40977.0,,,32350.0,,,,5368.0,,,227600.0,,,13988.0,,,88768,,,,35200.0,,,32626.0,,,,,,,,,,,,,4290.0,,,,,,,,,,2501.0,,,,1640.0,,,,,,,,,,,,,,,,,22572.0,,,,,,,,,,,,,,20350.0,1770.0,,,31800,9800.0,,,,,,,,,,,,,,,,,,,,,,,,,,,,,,,,,3120.0,,,,,,157148,,917.0,,,,,,,,,,8060,,,,,,,,,,,,,,,,,,,,,,2623.0,,,1270.0,,,,,,,,,,,,,,,,,,,,2300,,2265,,,,,,,,,,1711.0,,,,,264550,,,,,,,,,,,,,,,,,,,,,380,24800,,,,,1095.0,,,,,,,146094,,,3765.0,,,,,,,,,,,,38200,,,,,,,,1303,,,24666,,17750.0,,18809.0,,,,,50057.0,,,,,,,,,,1460,,,,,,,,,1585,8353.0,,19158,,,18670,,,,,,,,,,,,,,,15556,,,,,920.0,,2828.0,,,,,,,,,,,,,,,,,,,,,2889.0,,21950.0,,,,,,,,,51250.0,,,,,7000.0,,5826,,,6040.0,,,,,,,,,,,,,,,,,,,,1334.0,,,11950,,54900.0,,,,,,,,,,,,,,,,,,,,,,,,46510.0,,,3330.0,,,,,,1902.0,,,,,,,2165.0,,,,,,,,,,,150522,,,,,,,,,10200.0,,,,,,,8951,,,11028.0,,,,,,,7070.0,1890.0,,,,,,4555.0,4525.0,4495.0,4670.0,4795.0,,,,,4305.0,4450.0,4305.0,4390.0,4380.0,4315.0,,,,,,,,,,,,5674,,,,,,,5610.0,,1945.0,,,,,,12130.0,,,,3575.0,,52845.0,,,,,,,,,,,15341,,,,,,,,2355.0,,,,,,7300.0,2630,,4305.0,4540.0,4480.0,4380.0,,,,,,,,,,,,,,4975.0,,,,,,,,,,,,11046.0,,,,,,,,,,4537.0,,,,,,,18958,,,,,,,,,,,,,,,8354.0,,19579.0,,,,,,,6080,,,,,,,,,,,,15869.0,,,,1015.0,555.0,,,,,,,,,,,,,,,,,,,,,,,,,,,4999.0,,,,198000.0,,,6897.0,2720.0,,,,712239,,4685,,,,,28487,,,,,,,,,,,,,,,,,4409,,,4700.0,,,,,,,,935.0,,,,,21000.0,27976.0,,,,,,,,,,,,,,,,3788,,,,,,,,,37200.0,,,,,,4285,,,,2827.0,,,,1142,,,,,,,7075.0,,,30302,,4360.0,,,,,4120.0,,81703,2560.0,,,,,,,,,,,,,,3795.0,4040.0,,,,,,4590,,,,,,,4450,15442.0,,51065.0,3955.0,4800.0,,,,,,,,,,,,,,,,,,,,,,,,,,,,,,,,,,,,,,,,,,,,,,,,,,,,,,,,,,,,,,,,,,,,,,,,,,,,,,,,,,,,,,,,,,,,,,,,,,,,,,,,,,,,,,,,,,,,,,,,,,,,,,,,,,,,,,,,,,,,,,,,,,,,,,,,,,,,,,,,,,,,,,,,,,,,,,,,,,,,,,,,,,,,,,,,,,,,,,,,,,,,,,,,,,,,,,,,,,,,,,,,,,,,,,,,,,,,,,,,,,,,,,,,,,,,,,,,,,,,,,,,,,,,,,,,,,,,,,,,,,,,,,,,,1281.0,1556.0,1098.0,1075.0,,,,1264.0,,,,,,,,,,,,
2013-05-31,,,,,,,980.0,,,,,,,,,,,,,,,,,,,,,,,,,,,,,,,,,,,,,,,,,,19000.0,,,,,,,,,,722220,,24300.0,,,,,,,,,,,,,,,,,,,,,,,,,,,,,,,,,,,,,,,,,,,,,,,,,,,,,,22300.0,,,11159.0,,,5480.0,,,,,,,,,,,1655.0,,,,,,,,,,,,,,,,,34150.0,,,,,,,,,32050.0,,,,,,,,,,,7590.0,,,,,,,,,,,,,,,,,,,,,,,,2745.0,,,,,,,,,2230,,,,,,,,10300.0,,,,,,,,,4975.0,,,3137.0,,,,,,,,,,,,,,,,,,,,,,,,,,,,,,,,,,,,,,,,,22824.0,,,,,,,,,,,3511.0,,,,,,,,,,,6158.0,,,,,,,,,,,,,,,,,,,,,,,,,,,,,,,,,,,,28200,,30076,,,,,,,,14100.0,,,,,,,,,,,,,,,,9927.0,,,,,,,,,,,,,,,,,,,,,,,,,,,,,,,,,,,,,,6750.0,,,,,42200.0,,,,,2285.0,,,,,,,,,,2570.0,,,,,,,,,,,,2080.0,37967.0,,,36350.0,,,,5540.0,,,244800.0,,,16010.0,,,87456,,,,46750.0,,,33471.0,,,,,,,,,,,,,5280.0,,,,,,,,,,2592.0,,,,1685.0,,,,,,,,,,,,,,,,,22352.0,,,,,,,,,,,,,,18300.0,2060.0,,,33550,9640.0,,,,,,,,,,,,,,,,,,,,,,,,,,,,,,,,,3015.0,,,,,,273698,,1077.0,,,,,,,,,,8370,,,,,,,,,,,,,,,,,,,,,,2553.0,,,1285.0,,,,,,,,,,,,,,,,,,,,3075,,2500,,,,,,,,,,2372.0,,,,,261580,,,,,,,,,,,,,,,,,,,,,364,25200,,,,,1040.0,,,,,,,178965,,,3505.0,,,,,,,,,,,,38000,,,,,,,,1392,,,23865,,17700.0,,16408.0,,,,,48965.0,,,,,,,,,,1770,,,,,,,,,1508,6882.0,,16362,,,18408,,,,,,,,,,,,,,,17452,,,,,920.0,,2922.0,,,,,,,,,,,,,,,,,,,,,3001.0,,19650.0,,,,,,,,,63500.0,,,,,6930.0,,5092,,,5910.0,,,,,,,,,,,,,,,,,,,,1199.0,,,12450,,50500.0,,,,,,,,,,,,,,,,,,,,,,,,44055.0,,,3125.0,,,,,,1442.0,,,,,,,2275.0,,,,,,,,,,,158388,,,,,,,,,8000.0,,,,,,,8686,,,13024.0,,,,,,,5420.0,1845.0,,,,,,4570.0,4545.0,4400.0,4545.0,4570.0,,,,,4300.0,4300.0,4300.0,4300.0,4590.0,4450.0,,,,,,,,,,,,5349,,,,,,,5240.0,,2130.0,,,,,,9821.0,,,,3604.0,,54060.0,,,,,,,,,,,19882,,,,,,,,2250.0,,,,,,7130.0,3175,,4380.0,4495.0,4475.0,4495.0,,,,,,,,,,,,,,4950.0,,,,,,,,,,,,9550.0,,,,,,,,,,4502.0,,,,,,,17160,,,,,,,,,,,,,,,7712.0,,18720.0,,,,,,,5900,,,,,,,,,,,,17257.0,,,,1160.0,800.0,,,,,,,,,,,,,,,,,,,,,,,,,,,4979.0,,,,187800.0,,,6527.0,3040.0,,,,804998,,5449,,,,,22789,,,,,,,,,,,,,,,,,4470,,,4600.0,,,,,,,,928.0,,,,,19050.0,31728.0,,,,,,,,,,,,,,,,3636,,,,,,,,,35000.0,,,,,,4040,,,,2679.0,,,,1240,,,,,,,6950.0,,,33081,,4310.0,,,,,4220.0,,85594,2615.0,,,,,,,,,,,,,,3605.0,4700.0,,,,,,4570,,,,,,,4580,16779.0,,65038.0,5130.0,4800.0,,,,,,,,,,,,,,,,,,,,,,,,,,,,,,,,,,,,,,,,,,,,,,,,,,,,,,,,,,,,,,,,,,,,,,,,,,,,,,,,,,,,,,,,,,,,,,,,,,,,,,,,,,,,,,,,,,,,,,,,,,,,,,,,,,,,,,,,,,,,,,,,,,,,,,,,,,,,,,,,,,,,,,,,,,,,,,,,,,,,,,,,,,,,,,,,,,,,,,,,,,,,,,,,,,,,,,,,,,,,,,,,,,,,,,,,,,,,,,,,,,,,,,,,,,,,,,,,,,,,,,,,,,,,,,,,,,,,,,,,,,,,,,,,,1609.0,1772.0,1420.0,1185.0,,,,1251.0,,,,,,,,6260.0,,,,
2013-06-30,,,,,,,1165.0,,,,,,,,,,,,,,,,,,,,,,,,,,,,,,,,,,,,,,,,,,16400.0,,,,,,,,,,574449,,24000.0,,,,,,,,,,,,,,,,,,,,,,,,,,,,,,,,,,,,,,,,,,,,,,,,,,,,,,20300.0,,,9275.0,,,5670.0,,,,,,,,,,,1085.0,,,,,,,,,,,,,,,,,28450.0,,,,,,,,,30100.0,,,,,,,,,,,9510.0,,,,,,,,,,,,,,,,,,,,,,,,2055.0,,,,,,,,,2168,,,,,,,,10400.0,,,,,,,,,4802.0,,,2641.0,,,,,,,,,,,,,,,,,,,,,,,,,,,,,,,,,,,,,,,,,21288.0,,,,,,,,,,,4204.0,,,,,,,,,,,5626.0,,,,,,,,,,,,,,,,,,,,,,,,,,,,,,,,,,,,27350,,27002,,,,,,,,14700.0,,,,,,,,,,,,,,,,6669.0,,,,,,,,,,,,,,,,,,,,,,,,,,,,,,,,,,,,,,6700.0,,,,,39400.0,,,,,2080.0,,,,6853.0,,,,,,2020.0,,,,,,,,,,,,1760.0,33800.0,,,35650.0,,,,5377.0,,,236500.0,,,14329.0,,,74694,,,,42000.0,,,34360.0,,,,,,,,,,,,,4395.0,,,,,,,,,,2222.0,,,,1435.0,,,,,,,,,,,,,,,,,22836.0,,,,,,,,,,,,,,17150.0,1870.0,,,31500,6740.0,,,,,,,,,,,,,,,,,,,,,,,,,,,,,,,,,3225.0,,,,,,232643,,930.0,,,,,,,,,,7250,,,,,,,,,,,,,,,,,,,,,,2213.0,,,1045.0,,,,,447.0,,,,,,,,,,,,,,,2730,,2025,,,,,,,,,,1917.0,,,,,245900,,,,,,,,,,,,,,,,,,,,,337,23450,,,,,955.0,,,,,,,154616,,,2590.0,,,,,,,,,,,,32200,,,,,,,,1215,,,16898,,15650.0,,17532.0,,,,,34762.0,,,,,,,,,,1535,,,,,,,,,1200,7059.0,,15963,,,15573,,,,,,,,,,,,,,,15477,,,,,920.0,,2649.0,,,,,,,,,,,,,,,,,,,,,2814.0,,13850.0,,,,,,,,,52250.0,,,,,8750.0,,3479,,,5580.0,,,,,,,,,,,,,,,,,,,,1002.0,,,11300,,48000.0,,,,,,,,,,,,,,,,,,,,,,,,36000.0,,,2645.0,,,,,,1131.0,,,,,,,2025.0,,,,,,,,,,,131705,,,,,,,,,7590.0,,,,,,,6754,,,11942.0,,,,,,,5670.0,1315.0,,,,,,4580.0,4490.0,4355.0,4390.0,4545.0,,,,,4300.0,4285.0,4240.0,4200.0,4570.0,4350.0,,,,,,,,,,,,4574,,,,,,,5790.0,,1980.0,,,,,,6080.0,,,,3013.0,,41715.0,,,,,,,,,,,18654,,,,,,,,2055.0,,,,,,6310.0,2750,,4200.0,4195.0,4200.0,4200.0,,,,,,,,,,,,,,4910.0,,,,,,,,,,,,6526.0,,,,,,,,,,4103.0,,,940.0,,,,13255,,,,,,,,,,,,,,,7098.0,,16233.0,,,,,,,4980,,,,,,,,,,,,14599.0,,,,1145.0,781.0,,,,,,,,,,,,,,,,,,,,,,,,,,,4060.0,,,,214200.0,,,5877.0,2815.0,,,,872708,,5109,,,,,20067,,,,,,,,,,,,,,,,,4622,,,4745.0,,,,,,,,941.0,,,,,16350.0,31448.0,,,,,,,,,,,,,,,,3849,,,,,,,,,34700.0,,,,,,3760,,,,2335.0,,,,1082,,,,,,,6051.0,,,29746,,4490.0,,,,,4185.0,,83346,1966.0,,,,,,,,,,,,,,3695.0,3895.0,,,,,,4285,,,,,,,4570,13437.0,,50067.0,5260.0,4700.0,,,,,,,,,,,,,,,,,,,,,,,,,,,,,,,,,,,,,,,,,,,,,,,,,,,,,,,,,,,,,,,,,,,,,,,,,,,,,,,,,,,,,,,,,,,,,,,,,,,,,,,,,,,,,,,,,,,,,,,,,,,,,,,,,,,,,,,,,,,,,,,,,,,,,,,,,,,,,,,,,,,,,,,,,,,,,,,,,,,,,,,,,,,,,,,,,,,,,,,,,,,,,,,,,,,,,,,,,,,,,,,,,,,,,,,,,,,,,,,,,,,,,,,,,,,,,,,,,,,,,,,,,,,,,,,,,,,,,,,,,,,,,,,,,1422.0,1444.0,1304.0,980.0,,,,1007.0,,,,,,,,4430.0,,,,
2013-07-31,,,,,,,1425.0,,,,,,,,,,,,,,,,,,,,,,,,,,,,,,,,,,,,,,,,,,17200.0,,,,,,,,,,585214,,23650.0,,,,,,,,,,,,,,,,,,,,,,,,,,,,,,,,,,,,,,,,,,,,,,,,,,,,,,18850.0,,,9106.0,,,4515.0,,,,,,,,,,,1198.0,,,,,,,,,,,,,,,,,28600.0,,,,,,,,,30400.0,,,,,,,,,,,8760.0,,,,,,,,,,,,,,,,,,,,,,,,2200.0,,,,,,,,,2071,,,,,,,,10200.0,,,,,,,,,4655.0,,,3473.0,,,,,,,,,,,,,,,,,,,,,,,,,,,,,,,,,,,,,,,,,21496.0,,,,,,,,,,,3810.0,,,,,,,,,,,5032.0,,,,,,,,,,,,,,,,,,,,,,,,,,,,,,,,,,,,28750,,29543,,,,,,,,14050.0,,,,,,,,,,,,,,,,5734.0,,,,,,,,,,,,,,,,,,,,,,,,,,,,,,,,,,,,,,6100.0,,,,,41900.0,,,,,2105.0,,,,6553.0,,,,,,2300.0,,,,,,,,,,,,1765.0,29200.0,,,36000.0,,,,6561.0,,,248200.0,,,15249.0,,,78614,,,,38750.0,,,31610.0,,,,,,,,,,,,,4605.0,,,,,,,,,,3116.0,,,,1455.0,,,,,,,,,,,,,,,,,18942.0,,,,,,,,,,,,,,18550.0,2240.0,,,38000,7150.0,,,,,,,,,,,,,,,,,,,,,,,,,,,,,,,,,3570.0,,,,,,201852,,922.0,,,,,,,,,,7290,,,,,,,,,,,,,,,,,,,,,,2263.0,,,1095.0,,,,,441.0,,,,,,,,,,,,,,,2950,,2130,,,,,,,,,,2442.0,,,,,256070,,,,,,,,,,,,,,,,,,,,,333,24200,,,,,962.0,,,,,,,237403,,,3005.0,,,,,,,,,,,,60700,,,,,,,,1616,,,21222,,15050.0,,16217.0,,,,,43154.0,,,,,,,,,,1610,,,,,,,,,1270,6824.0,,16100,,,14221,,,,,,,,,,,,,,,17579,,,,,920.0,,3288.0,,,,,,,,,,,,,,,,,,,,,2740.0,,12900.0,,,,,,,,,51500.0,,,,,8290.0,,4034,,,5480.0,,,,,,,,,,,,,,,,,,,,953.0,,,12650,,57700.0,,,,,,,,,,,,,,,,,,,,,,,,36450.0,,,2795.0,,,,,,1324.0,,,,,,,2040.0,,,,,,,,,,,147121,,,,,,,,,8160.0,,,,,,,7038,,,12585.0,,,,,,,5660.0,1380.0,,,,,,4300.0,4300.0,4250.0,4100.0,4295.0,,,,,4300.0,4300.0,4300.0,4220.0,4615.0,4370.0,,,,,,,,,,,,5399,,,,,,,5340.0,,2060.0,,,,,,5630.0,,,,3215.0,,42015.0,,,,,,,,,,,17959,,,,,,,,1935.0,,,,,,6730.0,3030,,4250.0,4200.0,4195.0,4190.0,,,,,,,,,,,,,,4805.0,,,,,,,,,,,,6908.0,,,,,,,,,,3820.0,,,840.0,,,,13975,,,,,,,,,,,,,,,6584.0,,14651.0,,,,,,,5070,,,,,,,,,,,,19399.0,,,,1160.0,854.0,,,,,,,,,,,,,,,,,,,,,,,,,,,4836.0,,,,246000.0,,,6403.0,3332.0,,,,707192,,4732,,,,,24000,,,,,,,,,,,,,,,,,5194,,,4650.0,,,,,,,,940.0,,,,,15650.0,28535.0,,,,,,,,,,,,,,,,4154,,,,,,,,,38500.0,,,,,,4320,,,,2615.0,,,,1124,,,,,,,6176.0,,,29051,,4230.0,,,,,4210.0,,75219,2071.0,,,,,,,,,,,,,,3795.0,4135.0,,,,,,4260,,,,,,,4300,12969.0,,48903.0,5490.0,4740.0,,,,,,,,,,,,,,,,,4900.0,,,,,,,,,,,,,,,,,,,,,,,,,,,,,,,,,,,,,,,,,,,,,,,,,,,,,,,,,,,,,,,,,,,,,,,,,,,,,,,,,,,,,,,,,,,,,,,,,,,,,,,,,,,,,,,,,,,,,,,,,,,,,,,,,,,,,,,,,,,,,,,,,,,,,,,,,,,,,,,,,,,,,,,,,,,,,,,,,,,,,,,,,,,,,,,,,,,,,,,,,,,,,,,,,,,,,,,,,,,,,,,,,,,,,,,,,,,,,,,,,,,,,,,,,,,,,,,,,,,,,,,,,,,,,,,,1377.0,1311.0,1216.0,969.0,,,,1021.0,,,,,,,,4085.0,,,,
2013-08-31,,,,,,,1025.0,,,,,,,,,,,,,,,,,,,,,,,,,,,,,,,,,,,,,,,,,,16800.0,,,,,,,,,,596957,,25150.0,,,,,,,,,,,,,,,,,,,,,,,,,,,,,,,,,,,,,,,,,,,,,,,,,,,,,,19100.0,,,8067.0,,,5510.0,,,,,,,,,,,1223.0,,,,,,,,,,,,,,,,,24600.0,,,,,,,,,30000.0,,,,,,,,,,,7650.0,,,,,,,,,,21591.0,,,,,,,,,,,,,,2020.0,,,,,,,,,1919,,,,,,,,10100.0,,,,,,,,,4322.0,,,3119.0,,,,,,,,,,,,,,,,,,,,,,,,,,,,,,,,,,,,,,,,,19671.0,,,,,,,,,,,3810.0,,,,,,,,,,,4465.0,,,,,,,,,,,,,,,,,,,,,,,,,,,,,,,,,,,,28250,,25089,,,,,,,,12900.0,,,,,,,,,,,,,,,,5612.0,,,,,,,,,,,,,,,,,,,,,,,,,,,,,,,,,,,,,,6400.0,,,,,37000.0,,,,,2305.0,,,,6307.0,,,,,,2315.0,,,,,,,,,,,,1625.0,19780.0,,,34750.0,,,,6927.0,,,211400.0,,,13028.0,,,69115,,,,33950.0,,,26191.0,,,,,,,,,,,,,4370.0,,,,,,,,,,3200.0,,,,1400.0,,,,,,,,,,,,,,,,,16280.0,,,,,,,,,,,,,,14800.0,2060.0,,,35500,6040.0,,,,,,,,,,,,,,,,,,,,,,,,,,,,,,,,,3030.0,,,,,,131831,,611.0,,,,,,,,,,6750,,,,,,,,,,,,,,,,,,,,,,1949.0,,,1120.0,,,,,416.0,,,,,,,,,,,,,,,2580,,2060,,,,,,,,,,2275.0,,,,,229780,,,,,,,,,,,,,,,,,,,,,305,21500,,,,,1135.0,,,,,,,196009,,,2500.0,,,,,,,,,,,,76700,,,,,,,,1719,,,19260,,13700.0,,17132.0,,,,,34961.0,,,,,,,,,,1590,,,,,,,,,1138,7000.0,,15367,,,12214,,,,,,,,,,,,,,,19475,,,,,920.0,,1550.0,,,,,,,,,,,,,,,,,,,,,2847.0,,12700.0,,,,,,,,,47400.0,,,,,5430.0,,3582,,,5080.0,,,,,,,,,,,,,,,,,,,,900.0,,,11900,,51600.0,,,,,,,,,,,,,,,,,,,,,,,,38460.0,,,2715.0,,,,,,1254.0,,,,,,,1905.0,,,,,,,,,,,122365,,,,,,,,,7450.0,,,,,,,7900,,,9100.0,,,,,,,4535.0,1270.0,,,,,,4490.0,4395.0,4300.0,4400.0,4590.0,,,,,4300.0,4300.0,4350.0,4380.0,4680.0,4680.0,,,,,,,,,,,,6874,,,,,,,5800.0,,2240.0,,,,,,5373.0,,,,3722.0,,39600.0,,,,,,,,,,,17550,,,,,,,,1770.0,,,,,,6900.0,3140,,4200.0,4340.0,4480.0,4340.0,,,,,,,,,,,,,,4480.0,,,,,,,,,,,,6430.0,,,,,,,,,,3282.0,,,875.0,,,,12331,,,,,,,,,,,,,,,6199.0,,14425.0,,,,,,,4815,,,,,,,,,,,,16186.0,,,,1045.0,839.0,,,,,,,,,,,,,,,,,,,,,,,,,,,4633.0,,,,106800.0,,,6588.0,2951.0,,,,581776,,4421,,,,,23243,,,,,,,,,,,,,,,,,4703,,,4490.0,,,,,,,,914.0,,,,,15850.0,32087.0,,,,,,,,,,,,,,,,4109,,,,,,,,,38150.0,,,,,,4890,,,,2395.0,,,,1125,,,,,,,6398.0,,,28912,,4300.0,,,,,4285.0,,69772,2958.0,,,,,,,,,,,,,,3750.0,4405.0,,,,,,4590,,,,,,,4450,12066.0,,43414.0,5540.0,4810.0,,,,,,,,,,,,,,,,,5000.0,,,,,,,,,,,,,,,,,,,,,,,,,,,,,,,,,,,,,,,,,,,,,,,,,,,,,,,,,,,,,,,,,,,,,,,,,,,,,,,,,,,,,,,,,,,,,,,,,,,,,,,,,,,,,,,,,,,,,,,,,,,,,,,,,,,,,,,,,,,,,,,,,,,,,,,,,,,,,,,,,,,,,,,,,,,,,,,,,,,,,,,,,,,,,,,,,,,,,,,,,,,,,,,,,,,,,,,,,,,,,,,,,,,,,,,,,,,,,,,,,,,,,,,,,,,,,,,,,,,,,,,,,,,,,,,,1404.0,1529.0,1189.0,988.0,,,,1061.0,,,,,,,,3860.0,,,,
2013-09-30,,,,,,,1105.0,,,,,,,,,,,,,,,,,,,,,,,,,,,,,,,,,,,,,,,,,,16500.0,,,,,,,,,,658610,,24850.0,,,,,,,,,,,,,,,,,,,,,,,,,,,,,,,,,,,,,,,,,,,,,,,,,,,,,,20950.0,,,9251.0,,,5840.0,,,,,,,,,,,1248.0,,,,,,,,,,,,,,,,,24700.0,,,,,,,,,28000.0,,,,,,,,,,,7260.0,,,,,,,,,,20913.0,,,,,,,,,,,,,,2015.0,,,,,,,,,1898,,,,,,,,10200.0,,,,,,,,,4175.0,,,3846.0,,,,,,,,,,,,,,,,,,,,,,,,,,,,,,,,,,,,,,,,,20127.0,,,,,,,,,,,3810.0,,,,,,,,,,,4086.0,,,,,,,,,,,,,,,,,,,,,5121.0,,,,,,,,,,,,,,,28400,,26156,,,,,,,,12950.0,,,,,,,,,,,,,,,,4929.0,,,,,,,,,,,,,,,,,,,,,,,,,,,,,,,,,,,,,,6840.0,,,,,37600.0,,,,,2820.0,,,,6139.0,,,,,,2680.0,,,,,,,,,,,,1765.0,16800.0,,,32550.0,,,,4730.0,,,248800.0,,,13488.0,,,71084,,,,35000.0,,,25012.0,,,,,,,,,,,,,4135.0,,,,,,,,,,3259.0,,,,1420.0,,,,,,,,,,,,,,,,,16632.0,,,,,,,,,,,,,,15250.0,2190.0,,,35850,6890.0,,,,,,,,,,,,,,,,,,,,,,,,,,,,,,,,,2943.0,,,,,,96478,,689.0,,,,,,,,,,7340,,,,,,,,,,,,,,,,,,,,,,2223.0,,,1015.0,,,,,430.0,,,,,,,,,,,,,,,2485,,2000,,,,,,,,,,2254.0,,,,,250140,,,,,,,,,,,,,,,,,,,,,318,21000,,,,,1425.0,,,,,,,181400,,,2430.0,,,,,,,,,,,,73800,,,,,,,,2242,,,27069,,14650.0,,20676.0,,,,,39778.0,,,,,,,,,,1620,,,,,,,,,1178,6324.0,,15701,,,12258,,,,,,,,,,,,,,,19681,,,,,920.0,,1550.0,,,,,,,,,,,,,,,,,,,,,2768.0,,13800.0,,,,,,,,,46500.0,,,,,5920.0,,3083,,,4715.0,,,,,,,,,,,,,,,,,,,,801.0,,,10800,,51800.0,,,,,,,,,,,,,,,,,,,,,,,,40810.0,,,3200.0,,,,,,1217.0,,,,,,,1895.0,,,,,,,,,,,130250,,,,,,,,,7610.0,,,,,,,8743,,,8593.0,,,,,,,4645.0,1420.0,,,,,,4440.0,4400.0,4400.0,4395.0,4395.0,,,,,4300.0,4320.0,4330.0,4330.0,4700.0,4800.0,,,,,,,,,,,,7048,,,,,,,5700.0,,2200.0,,,,,,4151.0,,,,3220.0,,37335.0,,,,,,,,,,,16282,,,,,,,,1730.0,,,,,,6820.0,3265,,4270.0,4290.0,4300.0,4290.0,,,,,,,,,,,,,,3855.0,,,,,,,,,,,,5533.0,,,,,,,,,,3034.0,,,801.0,,,,13307,,,,,,,,,,,,,,,6627.0,,14605.0,,,,,,,4405,,,,,,,,,,,,18884.0,,,,1045.0,822.0,,,,,,,,,,,,,,,,,,,,,,,,,,,4775.0,,,,165000.0,,,6372.0,2890.0,,,,616917,,4544,,,,,25915,,,,,,,,,,,,,,,,,5220,,,4695.0,,,,,,,,914.0,,,,,15500.0,38512.0,,,,,,,,,,,,,,,,3687,,,,,,,,,39350.0,,,,,,5575,,,,2598.0,,,,1197,,,,,,,5936.0,,,27132,,4460.0,,,,,4350.0,,69167,2401.0,,,,,,,,,,,,,,3600.0,4470.0,,,,,,4510,,,,,,,4650,12367.0,,45743.0,4830.0,4810.0,,,,,,,,,,,,,,,,,5090.0,,,,,,,,,,,,,,,,,,,,,,,,,,,,,,,,,,,,,,,,,,,,,,,,,,,,,,,,,,,,,,,,,,,,,,,,,,,,,,,,,,,,,,,,,,,,,,,,,,,,,,,,,,,,,,,,,,,,,,,,,,,,,,,,,,,,,,,,,,,,,,,,,,,,,,,,,,,,,,,,,,,,,,,,,,,,,,,,,,,,,,,,,,,,,,,,,,,,,,,,,,,,,,,,,,,,,,,,,,,,,,,,,,,,,,,,,,,,,,,,,,,,,,,,,,,,,,,,,,,,,,,,,,,,,,,,1504.0,1947.0,1143.0,1064.0,,,,1135.0,,,,,,,,3320.0,,,,
2013-10-31,,,,,,,1055.0,,,,,,,,,,,,,,,,,,,,,,,,,,,,,,,,,,,,,,,,,,16350.0,,,,,,,,,,640995,,23700.0,,,,,,,,,,,,,,,,,,,,,,,,,,,,,,,,,,,,105799.0,,,,,,,,,,,,,,,,,,19500.0,,,9082.0,,,5630.0,,,,,,,,,,,960.0,,,,,,,,,,,,,,,,,21200.0,,,,,,,,,25950.0,,,,,,,,,,,6580.0,,,,,,,,,,20088.0,,,,,,,,,,,,,,2170.0,,,,,,,,,1105,,,,,,,,9500.0,,,,,,,,,4115.0,,,2978.0,,,,,,,,,,,,,,,,,,,,,,,,,,,,,,,,,,,,,,,,,19256.0,,,,,,,,,,,3810.0,,,,,,,,,,,4025.0,,,,,,,,,,,,,,,,,,,,,5673.0,,,,,,,,,,,,,,,29000,,34655,,,,,,,,17100.0,,,,,,,,,,,,,,,,4600.0,,,,,,,,,,,,,,,,,,,,,,,,,,,,,,,,,,,,,,5910.0,,,,,37400.0,,,,,3080.0,,,,5892.0,,,,,,2445.0,,,,,,,,,,,,1660.0,17400.0,,,32600.0,,,,3709.0,,,244600.0,,,13008.0,,,40426,,,,28500.0,,,21750.0,,,,,,,,,,,,,3700.0,,,,,,,,,,2954.0,,,,1395.0,,,,,,,,,,,,,,,,,15004.0,,,,,,,,,,,,,,14900.0,2060.0,,,33200,6150.0,,,,,,,,,,,,,,,,,,,,,,,,,,,,,,,,,3105.0,,,,,,92373,,626.0,,,,,,,,,,7240,,,,,,,,,,,,,,,,,,,,,,2213.0,,,995.0,,,,,462.0,,,,,,,,,,,,,,,2735,,1910,,,,,,,,,,1908.0,,,,,229780,,,,,,,,,,,,,,,,,,,,,351,20750,,,,,1180.0,,,,,,,143050,,,2800.0,,,,,,,,,,,,72900,,,,,,,,1794,,,28070,,16950.0,,20676.0,,,,,46184.0,,,,,,,,,,1475,,,,,,,,,1083,6794.0,,15897,,,13784,,,,,,,,,,,,,,,22910,,,,,920.0,,1550.0,,,,,,,,,,,,,,,,,,,,,2524.0,,13550.0,,,,,,,,,49050.0,,,,,4870.0,,5540,,,4620.0,,,,,,,,,,,,,,,,,,,,953.0,,,10500,,47000.0,,,,,,,,,,,,,,,,,,,,,,,,37455.0,,,2870.0,,,,,,1144.0,,,,,,,1800.0,,,,,,,,,,,116407,,,,,,,,,8100.0,,,,,,,10893,,,5961.0,,,,,,,4415.0,1420.0,,,,,,4300.0,4300.0,4300.0,4395.0,4300.0,,,,,4300.0,4260.0,4255.0,4265.0,4650.0,4720.0,,,,,,,,,,,,7324,,,,,,,5280.0,,2295.0,,,,,,2912.0,,,,3047.0,,35835.0,,,,,,,,,,,14318,,,,,,,,2035.0,,,,,,6660.0,3360,,4180.0,4200.0,4200.0,4170.0,,,,,,,,,,,,,,3895.0,,,,,,,,,,,,4062.0,,,,,,,,,,2882.0,,,759.0,,,,10995,,,,,,,,,,,,,,,6256.0,,12797.0,,,,,,,4620,,,,,,,,,,,,17098.0,,,,940.0,744.0,,,,,,,,,,,,,,,,,,,,,,,,,,,4654.0,,,,132600.0,,,5926.0,3213.0,,,,664529,,4874,,,,,27882,,,,,,,,,,,,,,,,,5169,,,4655.0,,,,,,,,900.0,,,,,14400.0,35759.0,,,,,,,,,,,,,,,,3758,,,,,,,,,36700.0,,,,,,4525,,,,2689.0,,,,1139,,,,,,,5348.0,,,23657,,4250.0,,,,,4275.0,,59138,2765.0,,,,,,,,,,,,,,3600.0,5640.0,,,,,,4520,,,,,,,4600,13270.0,,43248.0,5070.0,4880.0,,,,,,,,,,,,,,,,,5020.0,,,,,,,,,,,,,,,3675.0,,,,,,,,,,,,,,,,,,,,,,,,,,,,,,,,,,,,,,,,,,,,,,,,,,,,,,,,,,,,,,,,,,,,,,,,,,,,,,,,,,,,,,,,,,,,,,,,,,,,,,,,,,,,,,,,,,,,,,,,,,,,,,,,,,,,,,,,,,,,,,,,,,,,,,,,,,,,,,,,,,,,,,,,,,,,,,,,,,,,,,,,,,,,,,,,,,,,,,,,,,,,,,,,,,,,,,,,,,,,,,,,,,,,,,,,,,,,,,,,,,,,,,,,,,,,,,,,,1681.0,2163.0,1100.0,1035.0,,,,1204.0,,,,,,,,3400.0,,,,
2013-11-30,,,,,,,763.0,,,,,,,,,,,,,,,,,,,10422.0,,,,,,,,,,,,,,,,,,,,,,,15800.0,,,,,,,,,,678183,,25300.0,,,,,,,,,,,,,,,,,,,,,,,,,,,,,,,,,,,,100396.0,,,,,,,,,,,,,,,,,,19100.0,,,9275.0,,,5300.0,,,,,,,,,,,1123.0,,,,,,,,,,,,,,,,,18350.0,,,,,,,,,27950.0,,,,,,,,,,,6670.0,,,,,,,,,,17463.0,,,,,,,,,,,,,,2000.0,,,,,,,,,1212,,,,,,,,11600.0,,,,,,,,,4062.0,,,3045.0,,,,,,,,,,,,,,,,,,,,,,,,,,,,,,,,,,,,,,,,,13944.0,,,,,,,,,,,3810.0,,,,,,,,,,,3948.0,,,,,,,,,,,,,,,,,,,,,5421.0,,,,,,,,,,,,,,,37150,,24619,,,,,,,,16700.0,,,,,,,,,,,,,,,,4086.0,,,,,,,,,,,,,,,,,,,,,,,,,,,,,,,,,,,,,,5900.0,,,,,37400.0,,,,,4070.0,,,,5230.0,,,,,,2570.0,,,,,,,,,,,,1670.0,13100.0,,,27000.0,,,,2207.0,,,282600.0,,,13108.0,,,38785,,,,26400.0,,,23626.0,,,,,,,,,,,,,3875.0,,,,,,,,,,4275.0,,,,1400.0,,,,,,,,,,,,,,,,,14960.0,,,,,,,,,,,,,,13700.0,2225.0,,,32550,6870.0,,,,,,,,,,,,,,,,,,,,,,,,,,,,,,,,,2799.0,,,,,,64775,,497.0,,,,,,,,,,6690,,,,,,,,,,,,,,,,,,,,,,2133.0,,,940.0,,,,,411.0,,,,,,,,,,,,,,,2160,,2155,,,,,,,,,,1615.0,,,,,211130,,,,,,,,,,,,,,,,,,,,,310,22000,,,,,994.0,,,,,,,148529,,,2550.0,,,,,,,,,,,,63000,,,,,,,,1630,,,25547,,15800.0,,20676.0,,,,,35606.0,,,,,,,,,,1590,,,,,,,,8556.0,933,5706.0,,14300,,,12345,,,,,,,,,,,,,,,20244,,,,,920.0,,1550.0,,,,,,,,,,,,,,,,,,,,,2431.0,,10850.0,,,,,,,,,46400.0,,,,,6400.0,,3399,,,4500.0,,,,,,,,,,,,,,,,,,,,812.0,,,11650,,44750.0,,,,,,,,,,,,,,,,,,,,,,,,31530.0,,,2770.0,,,,,,1747.0,,,,,,,1775.0,,,,,,,,,,,123643,,,,,,,,,7930.0,,,,,,,10988,,,7409.0,,,,,,,4030.0,1280.0,,,,,,4255.0,4355.0,4345.0,4385.0,4245.0,,,,,4275.0,4120.0,4000.0,4115.0,4595.0,4700.0,,,,,,,,,,,,6724,,,,,,,4900.0,,2280.0,,,,,,2578.0,,,,2500.0,,32070.0,,,,,,,,,,,13623,,,,,,,,2000.0,,,,,,6600.0,3380,,4185.0,4200.0,4135.0,4150.0,,,,,,,,,,,,,,3900.0,,,,,,,,,,,,3253.0,,,,,,,,,,2579.0,,,731.0,,,,9577,,,,,,,,,,,,,,,5148.0,,11802.0,,,,,,,4975,,,,,,,,,,,,16821.0,,,,1255.0,833.0,,,,,,,,,,,,,,,,,,,,,,,,,,,4015.0,,,,122400.0,,,6650.0,2856.0,,,,576729,,5854,,,,,23092,,,,,,,,,,,,,,,,,4647,,,4575.0,,,,,,,,866.0,,,,,13500.0,30012.0,,,,,,,,,,,,,,,,3753,,,,,,,,,30950.0,,,,,,4100,,,,2378.0,,,,1240,,,,,,,5829.0,,,25492,,4280.0,,,,,4375.0,,64498,1985.0,,,,,,,,,,,,,,3740.0,4700.0,,,,,,4520,,,,,,,4640,14038.0,,32369.0,5040.0,4810.0,,,,,4686.0,,,,,,,,,,,,4995.0,,,,,,,,,,,,,,,4180.0,,,,,,,,,,,,,,,,,,,,,,,,,,,,,,,,,,,,,,,,,,,,,,,,,,,,,,,,,,,,,,,,,,,,,,,,,,,,,,,,,,,,,,,,,,,,,,,,,,,,,,,,,,,,,,,,,,,,,,,,,,,,,,,,,,,,,,,,,,,,,,,,,,,,,,,,,,,,,,,,,,,,,,,,,,,,,,,,,,,,,,,,,,,,,,,,,,,,,,,,,,,,,,,,,,,,,,,,,,,,,,,,,,,,,,,,,,,,,,,,,,,,,,,,,,,,,,,,,1645.0,2153.0,1102.0,1024.0,,,,1018.0,,,,,,,,2900.0,,,,
2013-12-31,,,,,,,519.0,,,,,,,,,,,,,,,,,,,10605.0,,,,,,,,,,,,,,,,,,,,,,,16100.0,,,,,,,,,,730049,,26650.0,,,,,,,,,,,,,,,,,,,,,,,,,,,,,,,,,,,,95669.0,,,,,,,,,,,,,,,,,,17550.0,,,9758.0,,,4660.0,,,,,,,,,,,1123.0,,,,,,,,,,,,,,,,,21650.0,,,,,,,,,26350.0,,,,,,,,,,,7000.0,,,,,,,,,,18458.0,,,,,,,,,,,,,,2200.0,,,,,,,,,1300,,,,,,,,10900.0,,,,,,,,,3868.0,,,2874.0,,,,,,,,,,,,,,,,,,,,,,,,,,,,,,,,,,,,,,,,,14774.0,,,,,,,,,,,3810.0,,,,,,,,,,,3907.0,,,,,,,,,,,,,,,,,,,,,5313.0,,,,,,,,,,,,,,,38200,,15555,,,,,,,,16900.0,,,,,,,,,,,,,,,,4630.0,,,,,,,,,,,,,,,,,,,,,,,,,,,,,,,,,,,,,,5520.0,,,,,40200.0,,,,,4745.0,,,,4419.0,,,,,,2365.0,,,,,,,,,,,,1625.0,16060.0,,,30500.0,,,,2689.0,,,307100.0,,,12728.0,,,33727,,,,23750.0,,,22091.0,,,,,,,,,,,,,2080.0,,,,,,,,,,4730.0,,,,1380.0,,,,,,,,,,,,,,,,,17600.0,,,,,,,,,,,,,,14800.0,2040.0,,,29750,5900.0,,,,,,,,,,,,,,,,,,,,,,,,,,,,,,,,,2346.0,,,,,,37405,,475.0,,,,,,,,,,7250,,,,,,,,,,,,,,,,,,,,,,2073.0,,,882.0,,,,,417.0,,,,,,,,,,,,,,,2180,,1945,,,,,,,,,,1851.0,,,,,195440,,,,,,,,,,,,,,,,,,,,,279,21100,,,,,932.0,,,,,,,130267,,,2520.0,,,,,,,,,,,,76600,,,,,,,,1261,,,21463,,17850.0,,20676.0,,,,,18970.0,,,,,,,,,,1480,,,,,,,,9213.0,870,3929.0,,15367,,,13959,,,,,,,,,,,,,,,23549,,,,,920.0,,1550.0,,,,,,,,,,,,,,,,,,,,,2492.0,,10850.0,,,,,,,,,45650.0,,,,,4575.0,,3604,,,5290.0,,,,,,,,,,,,,,,,,,,,808.0,,,12350,,40600.0,,,,,,,,,,,,,,,,,,,,,,,,28285.0,,,2610.0,,,,,,2450.0,,,,,,,1900.0,,,,,,,,,,,107578,,,,,,,,,7300.0,,,,,,,10325,,,5210.0,,,,,,,3965.0,1240.0,,,,,,4400.0,4290.0,4320.0,4385.0,4285.0,,,,,4080.0,3980.0,4085.0,4000.0,4750.0,4500.0,,,,,,,,,,,,6448,,,,,,,4840.0,,2370.0,,,,,,2099.0,,,,2865.0,,30270.0,,,,,,,,,,,13050,,,,,,,,1760.0,,,,,,6460.0,2890,,4100.0,4250.0,4200.0,4195.0,,,,,,,,,,,,,,3970.0,,,,,,,,,,,,4049.0,,,,,,,,,,2682.0,,,653.0,,,,9926,,,,,,,,,,,,,,,4763.0,,12028.0,,,,,,,5260,,,,,,,,,,,,15313.0,,,,1360.0,730.0,,,,,,,,,,,,,,,,,,,,,,,,,,,3479.0,,,,150000.0,,,6112.0,2819.0,,,,475897,,6834,,,,,23193,,,,,,,,,,,,,,,,,4287,,,3950.0,,,,,,,,860.0,,,,,15950.0,29732.0,,,,,,,,,,,,,,,,3585,,2000.0,,,,,,,30500.0,,,,,,3925,,,,2335.0,,,,1120,,,,,,,5464.0,,,21906,,4290.0,,,,,4305.0,,64411,1865.0,,,,,,,,,,,,,,3960.0,6000.0,,,,,,4495,,,,,,,4600,13437.0,,30473.0,4980.0,4800.0,,,,,8260.0,,,,,,,,,,,,4990.0,,,,,,,,,,,,,,,5350.0,,,,,,,,,,,,,,,,,,,,,,,,,,,,,,,,,,,,,,,,,,,,,,,,,,,,,,,,,,,,,,,,,,,,,,,,,,,,,,,,,,,,,,,,,,,,,,,,,,,,,,,,,,,,,,,,,,,,,,,,,,,,,,,,,,,,,,,,,,,,,,,,,,,,,,,,,,,,,,,,,,,,,,,,,,,,,,,,,,,,,,,,,,,,,,,,,,,,,,,,,,,,,,,,,,,,,,,,,,,,,,,,,,,,,,,,,,,,,,,,,,,,,,,,,,,,,,,,,1454.0,2125.0,1027.0,943.0,,,,954.0,,,,,,,,2800.0,,,,
2014-01-31,,,,,,,509.0,,,,,,,,,,,,,,,,,,,10320.0,,,,,,,,,,,,,,,,,,,,,,,17000.0,,,,,,,,,,771151,,25950.0,,,,,,,,,,,,,,,,,,,,,,,,,,,,,,,,,,,,111426.0,,,,,,,,,,,,,,,,,,16050.0,,,12294.0,,,4750.0,,,,,,,,,,,833.0,,,,,,,,,,,,,,,,,19300.0,,,,,,,,,27800.0,,,,,,,,,,,6460.0,,,,,,,,,,18119.0,,,,,,,,,,,,,,2025.0,,,,,,,,,1170,,,,,,,,10600.0,,3100.0,,,,,,,3581.0,,,2415.0,,,,,,,,,,,,,,,,,,,,,,,,,,,,,,,,,,,,,,,,,14151.0,,,,,,,,,,,3810.0,,,,,,,,,,,4409.0,,,,,,,,,,,,,,,,,,,,,5331.0,,,,,,,,,,,,,,,37750,,16653,,,,,,,,18650.0,,,,,,,,,,,,,,,,3657.0,,,,,,,,,,,,,,,,,,,,,,,,,,,,,,,,,,,,,,5680.0,,,,,40850.0,,,,,4425.0,,,,5398.0,,,,,,2690.0,,,,,,,,,,,,1610.0,17980.0,,,31000.0,,,,3036.0,,,277400.0,,,12608.0,,,34847,,,,22300.0,,,22647.0,,,,,,,,,,,,,2105.0,,,,,,,,,,5085.0,,,,1320.0,,,,,,,,,,,,,,,,,12540.0,,,,,,,,,,,,,,13700.0,1885.0,,,30700,5610.0,,,,,,,,,,,,,,,,,,,,,,,,,,,,,,,,,2457.0,,,,,,33300,,510.0,,,,,,,,,,6900,,,,,,,,,,,,,,,,,,,,,,1981.0,,,906.0,,,,,406.0,,,,,,,,,,,,,,,2130,,2105,,,,,,,,,,1602.0,,,,,231900,,,,,,,,,,,,,,,,,,,,,285,21300,,,,,986.0,,,,,,,144877,,,2785.0,,,,,,,,,,,,61800,,,,,,,,1229,,,27029,,17850.0,,20676.0,,,,,20758.0,,,,,,,,,,1450,,,,,,,,9117.0,923,3800.0,,15033,,,12650,,,,,,,,,,,,,,,23961,,,,,920.0,,1265.0,,,,,,,,,,,,,,,,,,,,,2492.0,,10650.0,,,,,,,,,48000.0,,,,,3980.0,,3540,,,6000.0,,,,,,,,,,,,,,,,,,,,1010.0,,,14150,,41050.0,,,,,,,,,,,,,,,,,,,,,,,,20215.0,,,2985.0,,,,,,1760.0,,,,,,,1940.0,,,,,,,,,,,110960,,,,,,,,,7530.0,,,,,,,8203,,,5629.0,,,,,,,4140.0,1210.0,,,,,,4380.0,4385.0,4295.0,4380.0,4385.0,,,,,4130.0,4200.0,4195.0,4110.0,4755.0,4770.0,,,,,,,,,,,,5848,,,,,,,4620.0,,2420.0,,,,,,2309.0,,,,2554.0,,28155.0,,,,,,,,,,,13132,,,,,,,,1960.0,,,,,,6410.0,3080,,4105.0,4400.0,4490.0,4250.0,,,,,,,,,,,,,,3900.0,,,,,,,,,,,,3807.0,,,,,,,,,,2682.0,,,611.0,,,,9505,,,,,,,,,,,,,,,4092.0,,11033.0,,,,,,,4800,,,,,,,,,,,,17376.0,,,,1335.0,731.0,,,,,,,,,,,,,,,,,,,,,,,,,,,4816.0,,,,130800.0,,,5828.0,2798.0,,,,556817,,5599,,,,,22386,,,,,,,,,,,,,,,,,4358,,,3980.0,,,,,,,,873.0,,,,,17000.0,31688.0,,,,,,,,,,,,,,,,3387,,2000.0,,,,,,,33850.0,,,,,,3750,,,,2277.0,,,,1123,,,,,,,5482.0,,,20572,,4185.0,,,,,4300.0,,62077,1919.0,,,,,,,,,,,,,,4480.0,8660.0,,,,,,4205,,,,,,,4460,11532.0,,31171.0,4965.0,5080.0,,,,,5270.0,,,,,,,,,,,,4985.0,,,,,,,,,,,,,,,5000.0,,,,,,,,,,,,,,,,,,,,,,,,,,,,,,,,,,,,,,,,,,,,,,,,,,,,,,,,,,,,,,,,,,,,,,,,,,,,,,,,,,,,,,,,,,,,,,,,,,,,,,,,,,,,,,,,,,,,,,,,,,,,,,,,,,,,,,,,,,,,,,,,,,,,,,,,,,,,,,,,,,,,,,,,,,,,,,,,,,,,,,,,,,,,,,,,,,,,,,,,,,,,,,,,,,,,,,,,,,,,,,,,,,,,,,,,,,,,,,,,,,,,,,,,,,,,,,,,,1663.0,1559.0,1091.0,1002.0,,,,983.0,,,,,,,,2755.0,,,,
2014-02-28,,,,,,,454.0,,,,,,,,,,,,,,,,,,,10320.0,,,,,,,,,,,,,,,,,,,,,,,17100.0,,,,,,,,,,742771,,25500.0,,,,,,,,,,,,,,,,,,,,,,,,,,,,,,,,,,,,103998.0,,,,,,,,,,,,,,,,,,17000.0,,,16183.0,,,5550.0,,,,,,,,,,,772.0,,,,,,,,,,,,,,,,,20200.0,,,,,,,,,30100.0,,,,,,,,,,,8410.0,,,,,,,,,,27517.0,,,,,,,,,,,,,,1945.0,,,,,,,,,1140,,,,,,,,11000.0,,3190.0,,,,,,,3855.0,,,2403.0,,,,,,,,,,,,,,,,,,,,,,,,,,,,,,,,,,,,,,,,,12920.0,,,,,,,,,,,3810.0,,,,,,,,,,,3933.0,,,,,,,,,,,,,,,,,,,,,5331.0,,,,,,,,,,,,,,,39800,,18472,,,,,,,,18550.0,,,,,,,,,,,,,,,,3726.0,,,,,,,,,,,,,,,,,,,,,,,,,,,,,,,,,,,,,,5450.0,,,,,41500.0,,,,,5100.0,,,,4851.0,,,,,,2455.0,,,,,,,,,,,,1435.0,24000.0,,,31900.0,,,,2514.0,,,259100.0,,,13788.0,,,34847,,,,22800.0,,,25672.0,,,,,,,,,,,,,2260.0,,,,,,,,,,3919.0,,,,1310.0,,,,,,,,,,,,,,,,,16060.0,,,,,,,,,,,,,,13350.0,1600.0,,,33500,5300.0,,,,,,,,,,,,,,,,,,,,,,,,,,,,,,,,,2445.0,,,,,,33300,,433.0,,,,,,,,,,7400,,,,,,,,,,,,,,,,,,,,,,1664.0,,,890.0,,,,,413.0,,,,,,,,,,,,,,,2130,,2285,,,,,,,,,,1750.0,,,,,185270,,,,,,,,,,,,,,,,,,,,,281,21850,,,,,1050.0,,,,,,,144877,,,3205.0,,,,,,,,,,,,56300,,,,,,,,1308,,,26067,,17600.0,,20676.0,,,,,20609.0,,,,,,,,,,1350,,,,,,,,9213.0,893,3882.0,,15963,,,12563,,,,,,,,,,,,,,,16889,,,,,920.0,,1135.0,,,,,,,,,,,,,,,,,,,,,2398.0,,11450.0,,,,,,,,,47400.0,,,,,3700.0,,3048,,,6720.0,,,,,,,,,,,,,,,,,,,,875.0,,,14400,,40900.0,,,,,,,,,,,,,,,,,,,,,,,,19320.0,,,2705.0,,,,,,1850.0,,,,,,,1935.0,,,,,,,,,,,98415,,,,,,,,,7300.0,,,,,,,7161,,,4716.0,,,,,,,3900.0,1185.0,,,,,,4395.0,4490.0,4400.0,4395.0,4400.0,,,,,4200.0,4210.0,4200.0,4250.0,4730.0,4610.0,,,,,,,,,,,,6773,,,,,,,4700.0,,2770.0,,,,,,2496.0,,,,2599.0,,27195.0,,,,,,,,,,,14237,,,,,,,,1985.0,,,,,,6330.0,3290,,4180.0,4400.0,4380.0,4300.0,,,,,,,,,,,,,,4000.0,,,,,,,,,,,,4406.0,,,,,,,,,,3055.0,,,569.0,,,,11149,,,,,,,,,,,,,,,3878.0,,10491.0,,,,,,,4420,,,,,,,,,,,,17376.0,,,,1570.0,775.0,,,,,,,,,,,,,,,,,20650.0,,,,,,,,,,4694.0,,,,78960.0,,,5011.0,2958.0,,,,493513,,5873,,,,,17344,,,,,,,,,,,,,,,,,4333,,,3840.0,,,,,,,,841.0,,,,,15400.0,34721.0,,,,,,,,,,,,,,,,3798,,2000.0,,,,,,,38750.0,,,,,,4030,,,,2523.0,,,,1208,,,,,,,5206.0,,,20627,2335.0,4245.0,,,,,4300.0,,58878,1792.0,,,,,,,,,,,,,,3975.0,7120.0,,,,,,4300,,,,,,,4485,11200.0,,29309.0,5180.0,4795.0,,,,,5700.0,,,,,,,,,,,,5170.0,,,,,,,,,,,,,,,4400.0,,,,,,,,,,,,,,,,,,,,,,,,,,,,,,,,,,,,,,,,,,,,,,,,,,,,,,,,,,,,,,,,,,,,,,,,,,,,,,,,,,,,,,,,,,,,,,,,,,,,,,,,,,,,,,,,,,,,,,,,,,,,,,,,,,,,,,,,,,,,,,,,,,,,,,,,,,,,,,,,,,,,,,,,,,,,,,,,,,,,,,,,,,,,,,,,,,,,,,,,,,,,,,,,,,,,,,,,,,,,,,,,,,,,,,,,,,,,,,,,,,,,,,,,,,,,,,,,,2690.0,1860.0,1289.0,1287.0,,,,1215.0,,,,,,,,2670.0,,,,
2014-03-31,,,,,,,259.0,,,,,,,,,,,,,,,,,,,10228.0,,,,,,,,,,,,,,,,,,,,,,,17450.0,,,,,,,,,,773109,,24500.0,,,,,,,,,,,,,,,,,,,,,,,,,,,,,,,,,,,,124257.0,,,,,,,,,,,,,,,,,,16500.0,,,17584.0,,,5960.0,,,,,,,,,,,938.0,,,,,,,,,,,,,,,,,19850.0,,,,,,,,,30200.0,,,,,,,,,,,7460.0,,,,,,,,,,27517.0,,,,,,,,,,,,,,1955.0,,,,,,,,,897,,,,,,,,14000.0,,3290.0,,,,,,,4255.0,,,1504.0,,,,,,,,,,,,,,,,,,,,,,,,,,,,,,,,,,,,,,,,,15821.0,,,,,,,,,,,3810.0,,,,,,,,,,,4511.0,,,,,,,,,,,,,,,,,,,,,5661.0,,,,,,,,,,,,,,,41050,,18723,,,,,,,,22450.0,,,,,,,,,,,,,,,,4293.0,,,,,,,,,,,,,,,,,,,,,,,,,,,,,,,,,,,,,,5530.0,,,,,40550.0,,,,,4440.0,,,,4543.0,,,,,,3100.0,,,,,,,,,,,,1410.0,28200.0,,,32300.0,,,,2360.0,,,237000.0,,,13548.0,,,34847,,,,26400.0,,,28022.0,,,,,,,,,,,,,3170.0,,,,,,,,,,3647.0,,,,1235.0,,,,,,,,,,,,,,,,,10934.0,,,,,,,,,,,,,,13400.0,2095.0,,,36900,4450.0,,,,,,,,,,,,,,,,,,,,,,,,,,,,,,,,,2535.0,,,,,,33300,,391.0,,,,,,,,,,8200,,,,,,,,,,,,,,,,,,,,,,1678.0,,,860.0,,,,,405.0,,,,,,,,,,,,,,,2285,,2280,,,,,,,,,,1724.0,,,,,195020,,,,,,,,,,,,,,,,,,,,,277,20700,,,,,1060.0,,,,,,,163138,,,3110.0,,,,,,,,,,,,56200,,,,,,,,1154,,,26948,,16850.0,,20676.0,,,,,12514.0,,,,,,,,,,1390,,,,,,,,9001.0,940,3735.0,,15367,,,12607,,,,,,,,,,,,,,,17734,,,,,920.0,,1005.0,,,,,,,,,,,,,,,,,,,,,2408.0,,11450.0,,,,,,,,,67500.0,,,,,3565.0,,2962,,,7800.0,,,,,,,,,,,,,,,,,,,,998.0,,,16050,,38100.0,,,,,,,,,,,,,,,,,,,,,,,,18540.0,,,2980.0,,,,,,1815.0,,,,,,,2000.0,,,,,,,,,,,96645,,,,,,,,,7230.0,,,,,,,7606,,,4736.0,,,,,,,4900.0,1115.0,,,,,,4525.0,4525.0,4510.0,4590.0,4530.0,,,,,4200.0,4190.0,4195.0,4050.0,4650.0,4500.0,,,,,,,,,,,,8223,,,,,,,4385.0,,2650.0,,,,,,1757.0,,,,2476.0,,37650.0,,,,,,,,,,,12845,,,,,,,,2130.0,,,,,,6230.0,3130,,4250.0,4300.0,4300.0,4300.0,,,,,,,,,,,,,,3990.0,,,,,,,,,,,,4024.0,,,,,,,,,,2848.0,,,443.0,,,,10378,,,,,,,,,,,,,,,4798.0,,11395.0,,,,,,,4715,,,,,,,,,,,,17297.0,,,,1555.0,830.0,,,,,,,,,,,,,,,,,22150.0,,,,,,,,,,4491.0,,,,101400.0,,,5901.0,2999.0,,,,634444,,8889,,,,,16033,,,,,,,,,,,,,,,,,5068,,,3920.0,,,,,,,,948.0,,,,,16300.0,36557.0,,,,,,,,,,,,,,,,3992,,2000.0,,,,,,,44650.0,,,,,,4425,,,,2510.0,,,,1202,,,,,,,4343.0,,,20376,2550.0,4240.0,,,,,4390.0,3935.0,58619,1855.0,,,,,,,,,,,,,,3990.0,9660.0,,,,,,4400,,,,,,,4400,11650.0,,33933.0,5380.0,4795.0,,,,,5310.0,,,,,,,,,,,,4950.0,,,,,,,,,,,,,,,4400.0,,,,,,,,,,,,,,,,,,,,,,,,,,,,,,,,,,,,,,,,,,,,,,,,,,,,,,,,,,,,,,,,,,,,,,,,,,,,,,,,,,,,,,,,,,,,,,,,,,,,,,,,,,,,,,,,,,,,,,,,,,,,,,,,,,,,,,,,,,,,,,,,,,,,,,,,,,,,,,,,,,,,,,,,,,,,,,,,,,,,,,,,,,,,,,,,,,,,,,,,,,,,,,,,,,,,,,,,,,,,,,,,,,,,,,,,,,,,,,,,,,,,,,,,,,,,,,,,,3172.0,1905.0,1266.0,1499.0,,,,1208.0,,,,,,,,3175.0,,,,
2014-04-30,,,,,,,259.0,,,,,,,,,,,,,,,,,,,10697.0,,,,,,,,,,,,,,,,,,,,,,,20250.0,,,,,,,,,,757451,,25450.0,,,,,,,,,,,,,,,,,,,,,,,,,,,,,,,,,,,,131686.0,,,,,,,,,,,,,,,,,,17050.0,,,16859.0,,,6140.0,,,,,,,,,,,1074.0,,,,,,,,,,,,,,,,,18100.0,,,,,,,,,33600.0,,,,,,,,,,,7260.0,,,,,,,,,,22567.0,,,,,,,,,,,,,,1950.0,,,,,,,,,1295,,,,,,,,14500.0,,4040.0,,,,,,,4589.0,,,1064.0,,,,,,,,,,,,,,,,,,,,,,,,,,,,,,,,,,,,,,,,,13184.0,,,,,,,,,,,3810.0,,,,,,,,,,,4316.0,,,,,,,,,,,,,,,,,,,,,5781.0,,,,,,,,,,,,,,,43450,,22141,,,,,,,,25200.0,,,,,,,,,,,,,,,,6439.0,,,,,,,,,,,,,,,,,,,,,,,,,,,,,,,,,,,,,,5050.0,,,,,42000.0,,,,,5200.0,,,,4543.0,,,,,,4170.0,,,,,,,,,,,,1400.0,28400.0,,,32000.0,,,,2313.0,,,233300.0,,,13728.0,,,34847,,,,33700.0,,,25168.0,,,,,,,,,,,,,3500.0,,,,,,,,,,3926.0,,,,1300.0,,,,,,,,,,,,,,,,,10362.0,,,,,,,,,,,,,,13650.0,2530.0,,,35400,4515.0,,,,,,,,,,,,,,,,,,,,,,,,,,,,,,,,,2679.0,,,,,,33300,,385.0,,,,,,,,,,8150,,,,,,,,,,,,,,,,,,,,,,1800.0,,,912.0,,,,,434.0,,,,,,,,,,,,,,,2055,,2615,,,,,,,,,,1772.0,,,,,217490,,,,,,,,,,,,,,,,,,,,,280,19350,,,,,1025.0,,,,,,,173487,,,2935.0,,,,,,,,,,,,55400,,,,,,,,1224,,,22584,,17750.0,,14959.0,,,,,14600.0,,,,,,,,,,1480,,,,,,,,8976.0,940,4412.0,,12840,,,13435,,,,,,,,,,,,,,,18041,,,,,920.0,,1100.0,,,,,,,,,,,,,,,,,,,,,2309.0,,11250.0,,,,,,,,,49950.0,,,,,3590.0,,3281,,,7180.0,,,,,,,,,,,,,,,,,,,,1309.0,,,16550,,35750.0,,,,,,,,,,,,,,,,,,,,,,,,17330.0,,,2765.0,,,,,,1570.0,,,,,,,1985.0,,,,,,,,,,,122050,,,,,,,,,7270.0,,,,,,,7370,,,4905.0,,,,,,,4700.0,1070.0,,,,,,4495.0,4260.0,4495.0,4495.0,4480.0,,,,,4095.0,4080.0,4090.0,4080.0,4645.0,4600.0,,,,,,,,,,,,8748,,,,,,,4330.0,,2560.0,,,,,,1926.0,,,,2397.0,,43515.0,,,,,,,,,,,13377,,,,,,,,2140.0,,,,,,6140.0,2920,,4300.0,4300.0,4350.0,4370.0,,,,,,,,,,,,,,3940.0,,,,,,,,,,,,4119.0,,,,,,,,,,3599.0,,,621.0,,,,9618,,,,,,,,,,,,,,,3584.0,,8501.0,,,,,,,4365,,,,,,,,,,,,18487.0,,,,1790.0,1155.0,,,,,,,,,,,,,,,,,23100.0,,,,,,,,,,4308.0,,,,132600.0,,,5901.0,2866.0,,,,579390,,8418,,,,,15781,,,,,,,,,,,,,,,,,6081,,,3820.0,,,,,,,,943.0,,,,,15050.0,33045.0,,,,,,,,,,,,,,,,4256,,2000.0,,,,,,,50400.0,,,,,,3830,,,,2655.0,,,,1325,,,,,,,4841.0,,,19765,2590.0,4150.0,,,,,4300.0,3901.0,56717,1891.0,,,,,,,,,,,,,,3840.0,8580.0,,,,,,4380,,,,,,,4245,10900.0,,30273.0,5280.0,4790.0,,,,,7750.0,,,,,,,,,,,,4955.0,,,,,,,,,,,,,,,4400.0,,,,,,,,,,,,,,,,,,,,,,,,,,,,,,,,,,,,,,,,,,,,,,,,,,,,,,,,,,,,,,,,,,,,,,,,,,,,,,,,,,,,,,,,,,,,,,,,,,,,,,,,,,,,,,,,,,,,,,,,,,,,,,,,,,,,,,,,,,,,,,,,,,,,,,,,,,,,,,,,,,,,,,,,,,,,,,,,,,,,,,,,,,,,,,,,,,,,,,,,,,,,,,,,,,,,,,,,,,,,,,,,,,,,,,,,,,,,,,,,,,,,,,,,,,,,,,,,,2849.0,1188.0,1195.0,1682.0,,,,1103.0,,,,,,,,2905.0,,,,
2014-05-31,,,,,,,259.0,,,,,,,,,,,,,,,,,,,10845.0,,,,,,,,,,,,,,,,,,,,,,,23200.0,,,,,,,,,,744729,,26000.0,,,,,,,,,,,,,,,,,,,,,,,,,,,,,,,,,,,,132586.0,,,,,,,,,,,,,,,,,,14600.0,,,14226.0,,,5340.0,,,,,,,,,,,1536.0,,,,,,,,,,,,,,,,,17600.0,,,,,,,,,34700.0,,,,,,,,,,,7320.0,,,,,,,,,,20753.0,,,,,,,,,,,,,,1690.0,,,,,,,,,2300,,,,,,,,14050.0,,4030.0,,,,,,,7176.0,,,1358.0,,,,,,,,,,,,,,,,,,,,,,,,,,,,,,,,,,,,,,,,,12349.0,,,,,,,,,,,4630.0,,,,,,,,,,,3958.0,,,,,,,,,,,,,,,,,,,,,5943.0,,,,,,,,,,,,,,,40500,,17782,,,,,,,,30250.0,,,,,,,,,,,,,,,,7168.0,,,,,,,,,,,,,,,,,,,,,,,,,,,,,,,,,,,,,,4990.0,,,,,42050.0,,,,,5450.0,,,,4428.0,,,,,,3565.0,,,,,,,,,,,,1475.0,30200.0,,,32000.0,,,,2776.0,,,240900.0,,,14008.0,,,34847,,,,32500.0,,,31135.0,,,,,,,,,,,,,3360.0,,,,,,,,,,3757.0,,,,1280.0,,,,,,,,,,,,,,,,,9152.0,,,,,,,,,,,,,,12700.0,4200.0,,,36300,3765.0,,,,,,,,,,,,,,,,,,,,,,,,,,,,,,,,,2610.0,,,,,,33300,,371.0,,,,,,,,,,7840,,,,,,,,,,,,,,,,,,,,,,1494.0,,,888.0,,,,,504.0,,,,,,,,,,,,,,,1765,,2195,,,,,,,,,,1606.0,,,,,223850,,,,,,,,,,,,,,,,,,,,,266,19650,,,,,958.0,,,,,,,166182,,,2675.0,,,,,,,,,,,,64000,,,,,,,,1331,,,21663,,17050.0,,12244.0,,,,,14600.0,,,,,,,,,,1420,,,,,,,,7966.0,888,3518.0,,13239,,,13174,,,,,,,,,,,,,,,17041,,,,,920.0,,1175.0,,,,,,,,,,,,,,,,,,,,,2263.0,,7390.0,,,,,,,,,50500.0,,,,,3790.0,,3095,,,6710.0,,,,,,,,,,,,,,,,,,,,1305.0,,,15600,,33750.0,,,,,,,,,,,,,,,,,,,,,,,,12925.0,,,2750.0,,,,,,798.0,,,,,,,1990.0,,,,,,,,,,,91985,,,,,,,,,8800.0,,,,,,,5854,,,3762.0,,,,,,,4110.0,1155.0,,,,,,4490.0,4395.0,4485.0,4485.0,4430.0,,,,,4185.0,4125.0,4165.0,4090.0,4615.0,4650.0,,,,,,,,,,,,8598,,,,,,,3900.0,,3030.0,,,,,,1681.0,,,,2063.0,,40800.0,,,,,,,,,,,11414,,,,,,,,2005.0,,,,,,5940.0,2925,,4380.0,4260.0,4300.0,4330.0,,,,,,,,,,,,,,3500.0,,,,,,,,,,,,3355.0,,,,,,,,,,3330.0,,,633.0,,,,7265,,,,,,,,,,,,,,,2828.0,,8031.0,,,,,,,3985,,,,,,,,,,,,21304.0,,,,2420.0,1415.0,,,,,,,,,,,,,,,,,19400.0,,,,,,,,,,3446.0,,,,114600.0,,,5376.0,2720.0,,,,447360,,7466,,,,,13260,,,,,,,,,,,,,,,,,6309,,,3465.0,,,,,,,,896.0,,,,,15200.0,29174.0,,,,,,,,,,,,,,,,4627,,2100.0,,,,,,,43200.0,,,,,,3370,,,,2992.0,,,,1348,,,,,,,4627.0,,,17791,2435.0,4075.0,,,,,4300.0,3778.0,55852,1874.0,,,,,,,,,,,,,,3355.0,7580.0,,,,,,4300,,,,,,,4150,7630.0,,23387.0,4850.0,4735.0,,,,,7040.0,,,,,,,,,,,,4900.0,,,,,,,,,,,,,,,4400.0,,,,,,,,,,,,,,,,,,,,,,,,,,,,,,,,,,,,,,,,,,,,,,,,,,,,,,,,,,,,,,,,,,,,,,,,,,,,,,,,,,,,,,,,,,,,,,,,,,,,,,,,,,,,,,,,,,,,,,,,,,,,,,,,,,,,,,,,,,,,,,,,,,,,,,,,,,,,,,,,,,,,,,,,,,,,,,,,,,,,,,,,,,,,,,,,,,,,,,,,,,,,,,,,,,,,,,,,,,,,,,,,,,,,,,,,,,,,,,,,,,,,,,,,,,,,,,,,,3485.0,1243.0,1318.0,1561.0,,,,1157.0,,,,,,,,2675.0,,,,
2014-06-30,5670.0,11550.0,25518.0,120500.0,10675.0,3706.0,259.0,4400.0,11500.0,13278.0,2655.0,70000.0,120762.0,48550.0,113736.0,56043.0,16700.0,64600.0,22584.0,4890.0,27100.0,3880.0,3915.0,914.0,12427.0,10937.0,1329.0,3281.0,2501.0,3005.0,3110.0,2375.0,32400.0,42141.0,482204.0,12154.0,12800.0,7180.0,1100.0,14320.0,42900.0,45950.0,10902.0,2410.0,2721.0,45537.0,2960.0,5600.0,21800.0,22550.0,145000.0,61501.0,4795.0,51100.0,1990.0,1605.0,4675.0,22170.0,740814,1775.0,27000.0,4100.0,541692.0,25300.0,16895.0,10900.0,86700.0,18349.0,2098.0,9970.0,2396.0,667.0,19780.0,,18392.0,10754.0,826.0,2506.0,5780.0,445000.0,10200.0,6412.0,3670.0,97618.0,4395.0,7965.0,8900.0,13100.0,8403.0,1263000.0,16231.0,1050.0,,10500.0,1695.0,59042.0,119305.0,1751.0,1540.0,44434.0,14475.0,6600.0,2090.0,2645.0,21380.0,74800.0,5839.0,80527.0,13250.0,41150.0,6110.0,7000.0,3516.0,1190.0,12350.0,7543.0,218500.0,17342.0,6650.0,2437.0,5470.0,20050.0,10389.0,8580.0,30850.0,22500.0,2230.0,,154000.0,92000.0,19878.0,1087.0,2210.0,6570.0,30817.0,2800.0,6517.0,10050.0,1746.0,12850.0,25600.0,12600.0,3495.0,1135.0,4466.0,47150.0,1968.0,3740.0,16200.0,16950.0,175816.0,229500.0,5228.0,23400.0,304000.0,18800.0,93200.0,33800.0,2013.0,11500.0,3490.0,8630.0,12511.0,3870.0,10600.0,18197.0,17935.0,5663.0,6710.0,12450.0,3050.0,38804.0,5240.0,4140.0,74300.0,124000.0,33700.0,20400.0,18541.0,158603.0,,70100.0,10500.0,10280.0,8560.0,6420.0,1669.0,3765.0,28800.0,21168.0,1165.0,34900.0,1650.0,4810.0,517000.0,6614.0,5849.0,1647.0,14409.0,27689.0,2390.0,2470,47102.0,4200.0,4065.0,8100.0,8550.0,5637.0,5880.0,13500.0,29750.0,3840.0,1245.0,3300.0,2050.0,2177.0,45800.0,808.0,7670.0,1320.0,31200.0,1492.0,13300.0,2025.0,3165.0,17900.0,58300.0,7350.0,2615.0,2325.0,77800.0,1905.0,11400.0,6760.0,25650.0,3290.0,6000.0,3405.0,3930.0,6583.0,13350.0,42250.0,2000.0,20929.0,79400.0,3650.0,3900.0,13180.0,19556.0,2108.0,,2995.0,2407.0,3050.0,12400.0,3065.0,1885.0,56900.0,3050.0,10546.0,145000.0,8575.0,12744.0,196000.0,4386.0,1920.0,6690.0,15510.0,2400.0,4370.0,5480.0,8015.0,1550.0,3300.0,31005.0,88700.0,149104.0,11900.0,225.0,2516.0,5425.0,123196.0,284000.0,14961.0,3222.0,5930.0,8290.0,10050.0,81400.0,7227.0,5075.0,2250.0,32600.0,2470.0,,630.0,1914.0,12500.0,4090.0,7800.0,,4155.0,9107.0,3155.0,790.0,5391.0,10340.0,4865.0,2495.0,4095.0,2610.0,20250.0,5670.0,6050.0,57958.0,1325.0,4628.0,6120.0,3561.0,4885.0,41600,7520.0,24995,5360.0,13289.0,37300.0,7200.0,6250.0,2015.0,8800.0,30300.0,16838.0,294022.0,8900.0,15400.0,2840.0,10400.0,30550.0,1842.0,1771.0,2609.0,2980.0,126000.0,3990.0,3995.0,4230.0,8318.0,18665.0,11200.0,5250.0,1960.0,68200.0,23305.0,,10565.0,31042.0,959.0,92494.0,11618.0,8514.0,555.0,1440.0,4346.0,13950.0,4398.0,13040.0,5810.0,3677.0,27650.0,10553.0,3180.0,2325.0,22169.0,4510.0,1145.0,84700.0,8790.0,2372.0,35272.0,7820.0,4155.0,7000.0,15732.0,3935.0,4720.0,11726.0,11600.0,6777.0,9240.0,40900.0,18300.0,915.0,2495.0,5531.0,4990.0,11558.0,1931.0,1500.0,4260.0,2635.0,2900.0,3145.0,20728.0,57446.0,3955.0,1519.0,4585.0,43000.0,1820.0,17086.0,1265.0,10150.0,2100.0,3195.0,6736.0,1548.0,1390.0,29100.0,2200.0,1910.0,31200.0,16160.0,1880.0,6186.0,2235.0,49932.0,47081.0,241200.0,66200.0,22800.0,14008.0,20529.0,7075.0,23707,1950.0,2605.0,1956.0,32050.0,2125.0,10044.0,30023.0,1590.0,2100.0,8325.0,1727.0,4863.0,2365.0,9220.0,4275.0,441.0,4240.0,1150.0,3652.0,3165.0,1945.0,5590.0,9175.0,3595.0,5076.0,14550.0,4955.0,10950.0,2965.0,3498.0,11800.0,17000.0,14525.0,1265.0,89500.0,2775.0,31998.0,26814.0,28250.0,29393.0,12550.0,166500.0,79697.0,18300.0,34700.0,8060.0,54500.0,6060.0,3472.0,167237.0,10692.0,7450.0,11250.0,4505.0,2136.0,23483.0,365400.0,6515.0,4450.0,6950.0,4980.0,3170.0,39200.0,1086.0,13000.0,3590.0,31700.0,4048.0,38250,3320.0,17118.0,10800.0,182500.0,13850.0,1643.0,3880.0,2840.0,16548.0,7240.0,,6277.0,1870.0,6170.0,21450.0,10900.0,3295.0,18133.0,49600.0,1145.0,2150.0,,11000.0,2515.0,2840.0,2452.0,2135.0,8820.0,7270.0,3165.0,3750.0,60600.0,1646.0,2391.0,1376.0,7020.0,1990.0,7159.0,3678.0,33300,3325.0,368.0,9870.0,7450.0,5480.0,2975.0,13390.0,5830.0,9110.0,7420.0,5373.0,7950,7050.0,36050.0,16850.0,8711.0,8560.0,14350.0,7550.0,,33965.0,2210.0,3650.0,14100.0,7929.0,14400.0,2090.0,114161.0,2850.0,11115.0,20950.0,4994.0,1280.0,1360.0,2800.0,22050.0,890.0,4900.0,6478.0,15365.0,7780.0,509.0,3042.0,6829.0,43350.0,19448.0,1710.0,48150.0,4335.0,2911.0,7450.0,1574.0,1375.0,699.0,3710.0,2762.0,1570,5108.0,2120,2770.0,1071.0,7119.0,38100.0,2550.0,1636.0,8770.0,36600.0,3750.0,1466.0,40393.0,31200.0,20310.0,,238260,1020.0,7800.0,3555.0,3400.0,10250.0,2348.0,2766.0,4835.0,47720.0,7425.0,7979.0,4180.0,1600.0,3381.0,968.0,2462.0,15100.0,4954.0,1295.0,12882.0,265,19400,1815.0,2255.0,5846.0,,937.0,13027.0,1430.0,3280.0,29100.0,50965.0,455500.0,161312,4640.0,8375.0,2635.0,11494.0,1467.0,2295.0,49600.0,5580.0,25050.0,4825.0,1938.0,7750.0,1800.0,2740.0,58000,3480.0,25800.0,1569.0,3665.0,3370.0,4354.0,16543.0,1280,7882.0,9630.0,19661,7280.0,18200.0,42350.0,9262.0,11929.0,4180.0,3721.0,61380.0,14600.0,3176.0,5715.0,7610.0,17232.0,14450.0,3610.0,8800.0,5575.0,,1465,2460.0,,4575.0,3625.0,23555.0,1218.0,11888.0,7566.0,873,3935.0,7530.0,14771,1555.0,6287.0,11821,6170.0,155500.0,4579.0,1189.0,3250.0,3980.0,1820.0,12150.0,2426.0,3120.0,3200.0,4661.0,3729.0,3814.0,16145,4695.0,,6075.0,12497.0,920.0,24352.0,1055.0,85300.0,13062.0,3365.0,1785.0,2490.0,,8062.0,6670.0,4190.0,26350.0,3785.0,,18720.0,11407.0,10750.0,4600.0,2124.0,17658.0,4000.0,118215.0,2146.0,3883.0,6650.0,2570.0,,1725.0,1575.0,2025.0,14900.0,983.0,9210.0,45550.0,,3335.0,5590.0,4382.0,3885.0,2235.0,2997,4880.0,5840.0,6770.0,4201.0,5774.0,74300.0,17400.0,5130.0,7120.0,4391.0,2188.0,7190.0,23300.0,3398.0,5485.0,,,2045.0,6540.0,6970.0,4395.0,2948.0,1481.0,30760.0,5650.0,16050,7659.0,35000.0,3445.0,774.0,5890.0,5943.0,23700.0,14700.0,11083.0,10861.0,58800.0,18712.0,4025.0,139000.0,,1930.0,7432.0,2243.0,,5860.0,9109.0,638912.0,10367.0,4235.0,7749.0,10300.0,10192.0,3267.0,2580.0,20150.0,13150.0,,79736.0,996.0,756.0,1350.0,5864.0,3176.0,1480.0,3190.0,20301.0,1890.0,8122.0,2807.0,12200.0,15650.0,5367.0,1975.0,26484.0,17717.0,3790.0,7259.0,76628,4892.0,45100.0,30611.0,3965.0,16030.0,26100.0,,1500.0,11750.0,2022.0,4880.0,13372.0,14500.0,4194.0,11400.0,5598,3517.0,15808.0,4736.0,5800.0,8550.0,,6747.0,1810.0,5060.0,4020.0,1130.0,4567.0,8600.0,11550.0,2998.0,3938.0,4415.0,4500.0,4355.0,4375.0,4435.0,5292.0,2510.0,,2524.0,4125.0,4100.0,4100.0,4100.0,4665.0,4665.0,6714.0,4700.0,3734.0,26283.0,16492.0,17450.0,8570.0,,23400.0,27362.0,26410.0,8073,15047.0,1617.0,4360.0,3881.0,2625.0,,3830.0,,3550.0,2300.0,5566.0,1100.0,7070.0,,1371.0,108815.0,5379.0,4420.0,1984.0,,42315.0,,9385.0,3160.0,11619.0,4685.0,8878.0,3985.0,6873.0,2260.0,35200.0,11045,,5260.0,6180.0,3055.0,,7690.0,1334.0,1825.0,4635.0,152439.0,3950.0,3565.0,1097.0,5750.0,2815,5800.0,4305.0,4335.0,4370.0,4375.0,2720.0,6309.0,10800.0,,,7931.0,7400.0,4893.0,3325.0,60000.0,2130.0,7760.0,3087.0,3180.0,4280.0,,27650.0,5649.0,2283.0,11900.0,3285.0,3410.0,2920.0,13250.0,,2614.0,16150.0,626.0,1834.0,5900.0,13650.0,8810.0,2304.0,2955.0,5115.0,2682.0,8940.0,17686.0,663.0,11400.0,19379.0,6700.0,6700,87676.0,2081.0,111186.0,87060.0,5779.0,8983.0,10485.0,344500.0,6990.0,1555.0,17164.0,1160.0,10027.0,3763.0,2442.0,,7796.0,13100.0,27300.0,4480.0,9040.0,3045.0,5717.0,3580,20116.0,2005.0,3339.0,3724.0,3510.0,2070.0,,13390.0,21747.0,19134.0,8570.0,19122.0,2360.0,8990.0,,1750.0,1225.0,9740.0,5460.0,2380.0,19338.0,,5510.0,23725.0,,8360.0,9239.0,29386.0,6215.0,24950.0,13400.0,,193500.0,20850.0,3803.0,12652.0,7640.0,,1947.0,1683.0,7423.0,51846.0,,2845.0,,,,122400.0,,45450.0,4887.0,2751.0,,5005.0,41600.0,412228,2358.0,7183,4685.0,4324.0,105170.0,,13462,4535.0,1615.0,13510.0,2690.0,12300.0,6980.0,,6100.0,236298.0,,17230.0,3330.0,13893.0,9104.0,2675.0,4108.0,7019,67500.0,9970.0,3710.0,14400.0,21534.0,2329.0,,2867.0,,4900.0,930.0,38100.0,37050.0,6994.0,4692.0,13700.0,27817.0,14355.0,6500.0,1905.0,8510.0,7848.0,121081.0,11000.0,4342.0,,,2432.0,4135.0,5207.0,1600.0,8850.0,5339,4252.0,2300.0,,,20188.0,4640.0,2780.0,2890.0,42550.0,8260.0,10625.0,5437.0,7150.0,4465.0,3340,,2840.0,3580.0,2925.0,12300.0,4716.0,16647.0,1318,9500.0,,3787.0,12640.0,9256.0,11639.0,2278.0,,3504.0,20293,2465.0,4040.0,,5808.0,,,4370.0,3606.0,56890,2041.0,7782.0,,,14800.0,11550.0,,,,,829.0,,2250.0,,1625.0,7670.0,13450.0,31950.0,,7900.0,,3880,4716.0,9860.0,,12925.0,2039.0,4040.0,4320,6860.0,5784.0,21956.0,4860.0,4720.0,104135.0,,,60400.0,5790.0,48050.0,7746.0,,85778.0,5833.0,13250.0,96787.0,15550.0,4723.0,,6609.0,4700.0,,,,,,,8900.0,,,,,23622.0,,,4100.0,10667.0,,5450.0,10685.0,10450.0,46565.0,2401.0,,,,4892.0,,1627.0,3000.0,,,,25250.0,,,,90995.0,,,,2050.0,,,,,4374.0,,1843.0,,,,,,,,,,,,,,,,,,,,,,,,,,,,,,,,,,,,,,,,,,,,,,,,,,,,,,,,,,,,,,,,,,,,,,,,,,,,,,,,,,,,,,,,,,,,,,,,,,,,,,,,,,,,,,,,,,,,,,,,,,,,,,,,,,,,,,,,,,,,,,,,,,,,,,,,,,,,,,,,,,,,,,,,,,,,,,,,,,,,,,,,,,,,,,,,,,,,,,,,,,,,,,,,,,,,,,,,,,,,,,,,3408.0,840.0,1459.0,1474.0,117204.0,147878.0,12281.0,1331.0,,,,,,,,2765.0,,,,
2014-07-31,5100.0,12400.0,24953.0,135500.0,11975.0,3862.0,259.0,4920.0,11550.0,12659.0,2664.0,59900.0,121234.0,45450.0,128154.0,61686.0,16650.0,62600.0,23184.0,4700.0,28000.0,4475.0,4040.0,858.0,11637.0,11977.0,1513.0,3229.0,2155.0,3125.0,2790.0,2505.0,35950.0,46892.0,490590.0,12650.0,12000.0,7540.0,1180.0,14700.0,43050.0,51400.0,12014.0,3030.0,2810.0,46323.0,3300.0,5060.0,21600.0,31300.0,139000.0,62073.0,4915.0,62400.0,2125.0,1845.0,4795.0,23952.0,729071,2025.0,31150.0,4660.0,534668.0,25750.0,4901.0,14350.0,117000.0,20046.0,2146.0,11455.0,1920.0,679.0,19910.0,,18035.0,9975.0,824.0,2800.0,5730.0,511000.0,11200.0,6609.0,3615.0,81589.0,4225.0,8075.0,8760.0,13250.0,8516.0,1399000.0,15525.0,1674.0,,11000.0,1565.0,65560.0,123357.0,1796.0,1690.0,40117.0,13383.0,7180.0,2035.0,2700.0,20880.0,76500.0,5309.0,84802.0,13800.0,43350.0,6360.0,8000.0,3485.0,1145.0,12750.0,7736.0,234500.0,18115.0,6640.0,2568.0,5200.0,20250.0,10781.0,8630.0,33400.0,21400.0,2370.0,14100.0,168500.0,99900.0,16629.0,759.0,1780.0,5740.0,34236.0,2830.0,5622.0,10500.0,2018.0,15400.0,25450.0,9730.0,3386.0,1559.0,4237.0,56200.0,2296.0,4255.0,18400.0,15600.0,185317.0,245500.0,5180.0,25000.0,337500.0,19000.0,93000.0,31400.0,2033.0,12050.0,2960.0,8800.0,12163.0,4390.0,10900.0,18388.0,16659.0,6093.0,6900.0,10150.0,3265.0,39345.0,4860.0,3945.0,72900.0,122000.0,39300.0,16750.0,16443.0,157134.0,,66400.0,9900.0,11405.0,9530.0,6740.0,1627.0,3820.0,34000.0,18816.0,1085.0,36500.0,1485.0,4420.0,533000.0,6646.0,6074.0,1554.0,14893.0,26850.0,2385.0,4160,41833.0,4375.0,4474.0,8700.0,8240.0,5493.0,6270.0,11050.0,30450.0,3960.0,1340.0,3060.0,2305.0,2212.0,47600.0,910.0,5362.0,1478.0,35500.0,1229.0,10941.0,1956.0,3470.0,18000.0,63300.0,7210.0,2275.0,2360.0,94000.0,2210.0,11900.0,6510.0,28450.0,3280.0,5730.0,4030.0,4205.0,7821.0,15000.0,44500.0,1820.0,20644.0,78800.0,3620.0,4740.0,12700.0,20280.0,2203.0,,3125.0,2365.0,3115.0,11600.0,3120.0,1875.0,55200.0,3295.0,10521.0,126000.0,7750.0,12262.0,188500.0,4064.0,2060.0,6300.0,14280.0,2800.0,4185.0,5620.0,6490.0,1515.0,3335.0,31972.0,90800.0,131344.0,11340.0,307.0,2764.0,5675.0,127914.0,309000.0,13702.0,3565.0,7050.0,8080.0,10150.0,76900.0,7094.0,5313.0,2310.0,34000.0,2690.0,,718.0,1981.0,16350.0,4020.0,8200.0,,5300.0,13094.0,3545.0,715.0,5511.0,12560.0,5000.0,2490.0,4150.0,2535.0,20000.0,5010.0,7990.0,57186.0,1300.0,4160.0,7900.0,3617.0,5121.0,43250,8080.0,21012,4700.0,13766.0,42450.0,6130.0,6200.0,1920.0,11700.0,30550.0,18180.0,308385.0,9000.0,15200.0,3230.0,12250.0,33250.0,1828.0,1786.0,3238.0,3535.0,126000.0,4285.0,3985.0,5360.0,9851.0,23643.0,12300.0,5200.0,2015.0,72000.0,25671.0,,9630.0,34214.0,1088.0,105408.0,13466.0,9481.0,590.0,1495.0,4121.0,12350.0,4038.0,13500.0,5510.0,4035.0,27550.0,10166.0,3440.0,2746.0,22360.0,4820.0,1295.0,88900.0,11700.0,2498.0,34409.0,7170.0,4680.0,6530.0,14807.0,3695.0,4910.0,12327.0,11200.0,7211.0,9210.0,41300.0,16650.0,905.0,2240.0,5345.0,5870.0,13009.0,2022.0,2020.0,4242.0,2607.0,3570.0,4920.0,19493.0,55654.0,4040.0,1389.0,4745.0,44850.0,1820.0,16794.0,1320.0,9100.0,2078.0,3360.0,6209.0,1468.0,1455.0,30600.0,2330.0,2235.0,46250.0,16676.0,1965.0,5924.0,1545.0,43387.0,43528.0,278600.0,71700.0,21600.0,14569.0,32969.0,7014.0,20174,1960.0,3155.0,2018.0,30600.0,2190.0,10806.0,23759.0,1685.0,2170.0,9441.0,1704.0,4797.0,2235.0,9520.0,4468.0,423.0,4290.0,1210.0,3624.0,3785.0,2190.0,5290.0,8025.0,3780.0,4919.0,14550.0,4895.0,11200.0,2465.0,4256.0,10200.0,17900.0,16250.0,1315.0,99600.0,2750.0,33832.0,23181.0,29000.0,31472.0,13000.0,168500.0,86183.0,17775.0,35800.0,8070.0,56250.0,5670.0,4106.0,150012.0,8906.0,8250.0,11100.0,4125.0,3380.0,26434.0,395000.0,7173.0,4220.0,6200.0,5480.0,3080.0,42900.0,1035.0,13200.0,2990.0,30290.0,4649.0,47000,2840.0,16429.0,10900.0,156000.0,13900.0,1657.0,4300.0,2668.0,15781.0,5600.0,,5549.0,1870.0,5950.0,21300.0,9825.0,3240.0,16719.0,49700.0,1280.0,3765.0,,12150.0,2710.0,2925.0,3300.0,2110.0,9379.0,8100.0,3655.0,3770.0,69400.0,1651.0,2424.0,1442.0,6380.0,1895.0,5021.0,3483.0,33300,3675.0,550.0,9700.0,7870.0,5320.0,2880.0,11765.0,6100.0,7610.0,6660.0,5097.0,7930,6960.0,33600.0,15400.0,8966.0,9100.0,19100.0,7530.0,,29559.0,2030.0,3515.0,14450.0,7128.0,13900.0,2250.0,110385.0,2950.0,10794.0,20450.0,6262.0,1245.0,1326.0,2805.0,23550.0,992.0,5440.0,6692.0,19445.0,8230.0,544.0,2042.0,6829.0,43575.0,20240.0,1640.0,43250.0,4502.0,2653.0,6890.0,1586.0,1475.0,680.0,4050.0,2803.0,1445,6029.0,2015,2547.0,1142.0,5668.0,28900.0,2220.0,1781.0,9960.0,37300.0,3835.0,1435.0,37878.0,35350.0,20745.0,,292110,1507.0,8620.0,3575.0,3400.0,8880.0,2261.0,2366.0,5780.0,41560.0,6000.0,6819.0,4215.0,1650.0,4092.0,1010.0,2350.0,16200.0,4892.0,1270.0,10947.0,345,18650,1885.0,2601.0,7078.0,,946.0,9850.0,1600.0,3195.0,33850.0,44465.0,482000.0,160703,4590.0,8425.0,2245.0,11494.0,1566.0,2445.0,57400.0,4288.0,26650.0,3600.0,1127.0,7100.0,1850.0,2474.0,62600,3490.0,22450.0,1450.0,3609.0,3700.0,3800.0,16009.0,1233,9394.0,9500.0,18920,7370.0,22200.0,38950.0,8623.0,13847.0,4010.0,3755.0,53700.0,14600.0,3507.0,5566.0,11100.0,15805.0,13600.0,3850.0,9300.0,6050.0,,1825,3070.0,,4360.0,3100.0,21595.0,1157.0,18867.0,6389.0,870,3741.0,7740.0,13147,1510.0,7168.0,13610,6480.0,168000.0,5579.0,941.0,3355.0,4055.0,1940.0,14400.0,1951.0,3010.0,3320.0,3693.0,3828.0,4061.0,14992,4120.0,,6180.0,15701.0,920.0,21471.0,1220.0,105100.0,14778.0,2980.0,2340.0,2585.0,,8780.0,5450.0,3354.0,24700.0,4410.0,,18044.0,6891.0,9430.0,4005.0,2129.0,19449.0,4075.0,100127.0,1879.0,4063.0,5230.0,2495.0,,1688.0,1525.0,2551.0,13250.0,966.0,9130.0,48000.0,,3305.0,6070.0,5103.0,3505.0,2215.0,2613,5160.0,5700.0,5730.0,4428.0,4907.0,76800.0,18700.0,4900.0,7000.0,3871.0,2330.0,6570.0,28000.0,3604.0,5663.0,,,2005.0,7220.0,6380.0,4223.0,3771.0,1195.0,26333.0,8370.0,13750,6981.0,31800.0,3180.0,956.0,6410.0,7241.0,25950.0,13460.0,11015.0,7481.0,61400.0,18802.0,3980.0,147500.0,,2000.0,6731.0,2106.0,,5550.0,7729.0,638912.0,11096.0,3795.0,8786.0,8320.0,10158.0,2905.0,2525.0,18100.0,11900.0,,50623.0,771.0,607.0,1430.0,5112.0,3241.0,1575.0,3120.0,20339.0,1940.0,7887.0,2388.0,12200.0,14350.0,5464.0,1720.0,25331.0,19062.0,3760.0,5912.0,69942,6811.0,47150.0,29122.0,4100.0,12838.0,32400.0,,1532.0,14100.0,1914.0,5120.0,14221.0,14250.0,4059.0,11100.0,5882,3734.0,16542.0,4175.0,5110.0,8190.0,,6892.0,1765.0,4710.0,3630.0,1075.0,4540.0,8552.0,9475.0,3104.0,3865.0,4510.0,4350.0,4600.0,4645.0,4665.0,5083.0,2455.0,,2646.0,4300.0,4285.0,4345.0,4300.0,4820.0,4810.0,8582.0,4550.0,3954.0,28028.0,17991.0,19850.0,8240.0,,21450.0,27677.0,28380.0,9998,13108.0,1493.0,4900.0,3812.0,2850.0,,3690.0,,3695.0,2375.0,5996.0,1019.0,6780.0,,806.0,121628.0,5730.0,3390.0,1994.0,,39900.0,,10134.0,3910.0,11293.0,3830.0,8461.0,3585.0,6583.0,2500.0,32050.0,7773,,4515.0,6332.0,2113.0,,7470.0,1329.0,1815.0,4760.0,177046.0,3375.0,3580.0,1197.0,5760.0,2565,5825.0,4455.0,4450.0,4325.0,4400.0,2815.0,6543.0,10250.0,,,7438.0,7390.0,5856.0,3620.0,67600.0,2180.0,7500.0,3090.0,3305.0,5530.0,,28950.0,5702.0,2112.0,12900.0,3127.0,3300.0,2650.0,12850.0,,1916.0,15700.0,616.0,1854.0,5750.0,15675.0,8340.0,2230.0,2940.0,4605.0,2524.0,8591.0,18921.0,566.0,13100.0,20253.0,6775.0,5744,82797.0,2061.0,101839.0,80289.0,5400.0,8085.0,11581.0,333000.0,7880.0,1644.0,16429.0,1255.0,11010.0,3027.0,2159.0,,7116.0,9990.0,30150.0,3885.0,8530.0,3325.0,5838.0,3665,24776.0,2057.0,3545.0,3539.0,3828.0,2030.0,,14053.0,22146.0,18606.0,9260.0,19836.0,2350.0,7336.0,,1570.0,1145.0,9470.0,4850.0,2030.0,18624.0,,5850.0,21375.0,37670.0,9230.0,9706.0,28121.0,5675.0,21600.0,13400.0,,189500.0,19150.0,3194.0,14261.0,7360.0,,1867.0,1707.0,7238.0,52405.0,,2886.0,,,,77160.0,,43000.0,4256.0,2775.0,,4805.0,42850.0,300474,2250.0,9860,4890.0,5024.0,101010.0,,12756,3940.0,1560.0,13840.0,2930.0,10120.0,6590.0,,6860.0,212057.0,,19850.0,3215.0,12803.0,8832.0,2550.0,4072.0,6461,63200.0,10100.0,3840.0,12567.0,16163.0,2290.0,,2857.0,,4510.0,911.0,35800.0,31950.0,6686.0,4884.0,13550.0,25223.0,15088.0,6300.0,3100.0,9770.0,9991.0,97405.0,10500.0,4579.0,,,2082.0,4685.0,4755.0,1560.0,7820.0,4998,3953.0,2300.0,,,21554.0,4600.0,3230.0,2975.0,39000.0,8720.0,10125.0,5456.0,7330.0,3690.0,3670,4185.0,2680.0,3565.0,2753.0,12500.0,4167.0,17036.0,1137,8900.0,13300.0,3827.0,12200.0,8256.0,12438.0,2251.0,,4659.0,22740,2500.0,3800.0,,7177.0,,,4400.0,3606.0,54901,1808.0,7957.0,,,15550.0,11900.0,,,,,855.0,,1962.0,,1320.0,5930.0,14700.0,40000.0,,8700.0,,4045,5010.0,10145.0,,13250.0,1835.0,4095.0,4100,7000.0,6831.0,18796.0,4265.0,4650.0,104135.0,,,56900.0,6300.0,49250.0,7838.0,,90000.0,6413.0,11000.0,89854.0,15250.0,4023.0,,7829.0,4595.0,,,,,,,8250.0,,,,,25628.0,,,4800.0,10814.0,,7000.0,10415.0,10400.0,44226.0,2426.0,,,,4727.0,,1627.0,2550.0,,,,21950.0,9171.0,,,89849.0,,,,2022.0,,,,,4399.0,,3895.0,,,,,,,,,,,,,,,,,,,,,,,,,,,,,,,,,,,,,,,,,,,,,,,,,,,,,,,,,,,,,,,,,,,,,,,,,,,,,,,,,,,,,,,,,,,,,,,,,,,,,,,,,,,,,,,,,,,,,,,,,,,,,,,,,,,,,,,,,,,,,,,,,,,,,,,,,,,,,,,,,,,,,,,,,,,,,,,,,,,,,,,,,,,,,,,,,,,,,,,,,,,,,,,,,,,,,,,,,,,,,,,,3099.0,601.0,1352.0,1422.0,114653.0,132438.0,11559.0,1161.0,,,,,,,,2420.0,,,,
2014-08-31,5170.0,17900.0,24390.0,155500.0,11925.0,5092.0,259.0,4950.0,12250.0,12337.0,2427.0,69600.0,114158.0,45400.0,131263.0,62173.0,17800.0,70000.0,22334.0,4420.0,54500.0,5910.0,5890.0,860.0,11752.0,12080.0,1394.0,3270.0,2818.0,3105.0,2800.0,2485.0,35800.0,46574.0,505685.0,13096.0,11650.0,7900.0,1385.0,15310.0,48500.0,55300.0,12637.0,2700.0,3014.0,42884.0,3000.0,4925.0,26500.0,27550.0,139000.0,66871.0,5180.0,75800.0,2270.0,1900.0,4325.0,29076.0,760387,1945.0,31700.0,4950.0,599636.0,23800.0,2627.0,12700.0,105500.0,20426.0,2318.0,10465.0,2051.0,655.0,20490.0,,18750.0,9342.0,823.0,2574.0,7010.0,559000.0,11000.0,6786.0,3630.0,79714.0,4215.0,8155.0,8670.0,15600.0,8403.0,1302000.0,16643.0,2110.0,,10500.0,1605.0,66977.0,102197.0,1753.0,1835.0,38340.0,14448.0,7190.0,1830.0,2790.0,22380.0,88500.0,4961.0,82316.0,14500.0,40000.0,6060.0,7520.0,3568.0,1045.0,13400.0,7479.0,233000.0,17656.0,6810.0,2296.0,5240.0,21250.0,11159.0,7170.0,34800.0,23050.0,2395.0,13250.0,164500.0,113000.0,13336.0,791.0,2085.0,5350.0,35740.0,2800.0,5641.0,9460.0,1744.0,15250.0,28650.0,10600.0,3286.0,1395.0,3149.0,70600.0,2288.0,4465.0,19600.0,16600.0,206219.0,233000.0,4979.0,29100.0,334000.0,20400.0,110000.0,31000.0,2065.0,12950.0,2950.0,8810.0,11495.0,3635.0,11700.0,18963.0,15942.0,5686.0,6810.0,9540.0,3090.0,40729.0,5320.0,4555.0,70000.0,119000.0,36850.0,17200.0,15309.0,148323.0,,72100.0,12450.0,11300.0,10250.0,6080.0,1547.0,4165.0,35400.0,20612.0,1170.0,39300.0,1460.0,5350.0,619000.0,6841.0,6029.0,1593.0,15557.0,26347.0,2815.0,3630,38813.0,4400.0,4464.0,8610.0,9070.0,4772.0,5800.0,12400.0,31900.0,4015.0,1200.0,3335.0,2190.0,2990.0,50100.0,933.0,5422.0,1462.0,34750.0,1364.0,10941.0,2075.0,3595.0,18300.0,54900.0,6810.0,2256.0,2460.0,118500.0,2270.0,13400.0,8360.0,31000.0,3420.0,4830.0,3840.0,4955.0,8184.0,16500.0,42250.0,1850.0,18705.0,81500.0,3500.0,4230.0,12520.0,19701.0,1975.0,,3205.0,2365.0,3365.0,11300.0,3085.0,1930.0,46850.0,3420.0,11047.0,134500.0,8400.0,10723.0,223000.0,3885.0,2280.0,6390.0,23390.0,2830.0,4610.0,6190.0,6440.0,1630.0,3425.0,33072.0,81300.0,134516.0,10700.0,304.0,2866.0,5750.0,130011.0,294000.0,12767.0,3549.0,7460.0,8850.0,11600.0,74000.0,7292.0,6437.0,2480.0,34400.0,3485.0,,717.0,2287.0,13600.0,4135.0,7730.0,,5500.0,14842.0,3205.0,803.0,5541.0,11440.0,4390.0,2730.0,4290.0,2600.0,17550.0,5180.0,7170.0,54614.0,1300.0,3847.0,5790.0,3792.0,5766.0,44400,7940.0,19668,5390.0,16242.0,42200.0,6570.0,6150.0,2580.0,21750.0,46900.0,22626.0,398789.0,9980.0,16200.0,3290.0,12250.0,34750.0,1874.0,1837.0,2717.0,3235.0,129500.0,4295.0,4165.0,5300.0,10464.0,23238.0,13700.0,5070.0,1980.0,69500.0,27836.0,,11210.0,26873.0,1212.0,107309.0,12391.0,10020.0,684.0,1645.0,3973.0,14650.0,3588.0,13700.0,5940.0,3911.0,31000.0,10940.0,3385.0,3354.0,23028.0,4445.0,1660.0,85100.0,10650.0,2865.0,41026.0,7300.0,4835.0,8370.0,14807.0,3700.0,4950.0,12327.0,12400.0,7436.0,11450.0,46400.0,16700.0,875.0,2450.0,5531.0,6790.0,16611.0,2072.0,2220.0,4339.0,2378.0,4020.0,4305.0,23306.0,56597.0,3505.0,1381.0,5100.0,46750.0,1925.0,13768.0,1335.0,9340.0,1981.0,3095.0,7833.0,2040.0,1560.0,30000.0,2360.0,2575.0,63400.0,16753.0,1765.0,6014.0,1479.0,39834.0,45280.0,283000.0,68000.0,22950.0,13388.0,41775.0,7929.0,15908,1970.0,3075.0,1918.0,27650.0,2420.0,11188.0,25724.0,2075.0,2230.0,10105.0,1820.0,5102.0,1670.0,10950.0,4429.0,452.0,4760.0,1160.0,3286.0,3935.0,4955.0,5250.0,8075.0,3495.0,5234.0,13750.0,4835.0,10700.0,2625.0,4049.0,10400.0,19100.0,17475.0,1385.0,94900.0,2775.0,32192.0,22072.0,28000.0,32397.0,14350.0,212500.0,81367.0,19125.0,38450.0,8100.0,57500.0,5790.0,2564.0,153818.0,14009.0,10550.0,11350.0,4200.0,3098.0,33138.0,359900.0,7931.0,4900.0,5910.0,5100.0,3020.0,46850.0,981.0,13650.0,2740.0,29540.0,5084.0,45400,3335.0,15558.0,10950.0,145000.0,14850.0,1314.0,4820.0,2407.0,14030.0,5640.0,,4901.0,2105.0,5840.0,20200.0,9525.0,3115.0,17826.0,56400.0,1290.0,4090.0,,13525.0,2785.0,3620.0,3183.0,2030.0,9735.0,9050.0,5090.0,3655.0,81700.0,1723.0,2412.0,1436.0,5510.0,1880.0,6720.0,3460.0,33300,3935.0,536.0,9400.0,7960.0,4855.0,2930.0,12555.0,6180.0,8610.0,7030.0,6058.0,13100,6540.0,41600.0,16900.0,8726.0,8980.0,22150.0,7080.0,,35647.0,1890.0,3420.0,20200.0,6528.0,15200.0,2925.0,110385.0,3030.0,11463.0,22100.0,5276.0,1280.0,1580.0,2735.0,22100.0,940.0,7470.0,7007.0,11640.0,7150.0,501.0,2002.0,7279.0,42875.0,19712.0,1650.0,47600.0,4511.0,2969.0,7130.0,1735.0,1390.0,711.0,4005.0,2891.0,1595,5418.0,1925,2232.0,1047.0,5167.0,29200.0,2100.0,1646.0,8520.0,37250.0,3710.0,1435.0,38114.0,35950.0,19590.0,,317120,1069.0,7850.0,4250.0,3695.0,9090.0,2311.0,2468.0,6340.0,43160.0,10000.0,7678.0,5010.0,1690.0,3871.0,1020.0,2272.0,15850.0,4586.0,1160.0,10531.0,289,18750,1780.0,2259.0,6592.0,,927.0,12888.0,2005.0,3060.0,35050.0,41080.0,513000.0,172878,4600.0,10400.0,2150.0,12648.0,1666.0,2455.0,60000.0,5575.0,29400.0,3840.0,1360.0,7030.0,1900.0,2625.0,63800,3660.0,22550.0,1498.0,3326.0,3770.0,3356.0,17708.0,1158,9234.0,8060.0,19360,7030.0,21950.0,37600.0,10624.0,15718.0,3835.0,2727.0,60405.0,14600.0,4572.0,5461.0,37200.0,13776.0,13550.0,3485.0,9460.0,7325.0,,1815,3840.0,,4160.0,3065.0,21065.0,1194.0,16803.0,7354.0,785,3829.0,7660.0,12814,1440.0,8069.0,15398,7400.0,165000.0,5627.0,996.0,3205.0,4175.0,1940.0,15500.0,1750.0,3070.0,3350.0,5079.0,4997.0,4665.0,17196,4730.0,,6255.0,19106.0,920.0,19930.0,1790.0,125500.0,15493.0,3320.0,1885.0,2725.0,,8415.0,7510.0,3554.0,22300.0,4550.0,,17968.0,8250.0,9290.0,4115.0,2003.0,19008.0,4230.0,163138.0,1851.0,3949.0,6840.0,2390.0,,1775.0,1560.0,2288.0,14400.0,1895.0,9720.0,47250.0,,3030.0,6000.0,5483.0,3230.0,2285.0,3149,5370.0,5980.0,5140.0,3694.0,4180.0,75600.0,20250.0,4655.0,6020.0,3963.0,2500.0,6730.0,28500.0,3471.0,5732.0,,,2120.0,7390.0,5650.0,3786.0,3695.0,1309.0,27522.0,7430.0,16150,7276.0,33750.0,3940.0,1218.0,7390.0,7241.0,23550.0,15120.0,9870.0,8219.0,65900.0,22634.0,3795.0,158500.0,,2035.0,7533.0,1953.0,,5470.0,7278.0,638912.0,11015.0,3830.0,8969.0,9065.0,11052.0,2647.0,2545.0,18600.0,11500.0,,51888.0,763.0,889.0,1340.0,5588.0,3527.0,1570.0,2975.0,19507.0,2050.0,7534.0,2531.0,12200.0,14300.0,5527.0,1710.0,25198.0,20664.0,4606.0,5879.0,72282,6856.0,43050.0,32703.0,3920.0,11131.0,41850.0,,1642.0,19900.0,1748.0,5420.0,17969.0,13200.0,4254.0,11750.0,5778,4058.0,17309.0,4107.0,5110.0,8500.0,,6573.0,1630.0,4260.0,3585.0,889.0,4260.0,7721.0,9675.0,3078.0,4108.0,4530.0,4550.0,4600.0,4595.0,4590.0,5208.0,2711.0,,2561.0,4330.0,4215.0,4480.0,4475.0,4870.0,4865.0,7447.0,3950.0,4161.0,30456.0,19221.0,21700.0,7890.0,,21600.0,31609.0,36870.0,9898,11816.0,1467.0,5240.0,3830.0,3190.0,,3745.0,,2910.0,3745.0,6136.0,967.0,5790.0,,1547.0,159743.0,5680.0,3700.0,1797.0,,37800.0,,9760.0,3940.0,11212.0,3530.0,7844.0,3640.0,6708.0,2455.0,32050.0,6897,,4735.0,6129.0,1513.0,,7630.0,1325.0,1805.0,4585.0,211054.0,3320.0,4335.0,1207.0,5800.0,2545,5925.0,4640.0,4650.0,4630.0,4550.0,2810.0,6037.0,9480.0,,,11668.0,8190.0,5666.0,4775.0,73000.0,2210.0,7660.0,3513.0,3090.0,6016.0,,30500.0,6153.0,2169.0,14700.0,3008.0,3395.0,2735.0,12850.0,,2575.0,18300.0,616.0,1747.0,5970.0,15276.0,10350.0,1905.0,2560.0,4686.0,2524.0,9289.0,18158.0,601.0,13450.0,19345.0,6425.0,6525,84173.0,2001.0,92589.0,69442.0,5489.0,9184.0,14734.0,378000.0,9260.0,1601.0,16463.0,1050.0,12370.0,2624.0,1921.0,,6218.0,10650.0,32050.0,4375.0,9070.0,3368.0,5838.0,3910,29060.0,1699.0,3724.0,3842.0,3238.0,2485.0,,12477.0,24139.0,21738.0,8930.0,18090.0,2315.0,7327.0,,1475.0,1070.0,17050.0,4705.0,2365.0,18446.0,,6190.0,23100.0,34890.0,9330.0,9873.0,28170.0,6166.0,22850.0,14000.0,,207000.0,21700.0,3407.0,13016.0,6850.0,,1713.0,2090.0,7616.0,44365.0,,1914.0,,,,37200.0,,56600.0,5500.0,2645.0,,4580.0,45200.0,426354,2272.0,9559,5345.0,6149.0,101480.0,,12151,3845.0,1553.0,15125.0,2805.0,8710.0,6820.0,,6830.0,206661.0,,18800.0,3080.0,12868.0,8750.0,2945.0,3555.0,6132,67500.0,10150.0,3150.0,13400.0,16101.0,2270.0,,3084.0,,5920.0,896.0,48700.0,32750.0,7203.0,5845.0,17350.0,24943.0,14915.0,7030.0,5250.0,8790.0,22020.0,111675.0,10650.0,3805.0,,,2046.0,4715.0,5183.0,1575.0,7700.0,4698,3459.0,2200.0,,,21091.0,4400.0,3565.0,3325.0,47350.0,8900.0,10250.0,5896.0,9230.0,2945.0,3360,4250.0,2605.0,3615.0,2743.0,12400.0,4601.0,17675.0,1065,9180.0,12600.0,3939.0,11760.0,8000.0,12347.0,3889.0,,5541.0,21489,2655.0,3750.0,,7277.0,,,4450.0,3778.0,134702,1904.0,9334.0,,,16000.0,11850.0,,,,,876.0,,2039.0,,1600.0,4750.0,13850.0,51000.0,,9360.0,,3950,7860.0,10810.0,,13225.0,1948.0,4280.0,4060,7320.0,6637.0,18230.0,4385.0,4500.0,117135.0,,,52600.0,6910.0,53900.0,8296.0,,96000.0,7900.0,10200.0,90484.0,14900.0,3231.0,,8861.0,4485.0,,,,,,,6752.0,5450.0,,,,25432.0,,,4500.0,11404.0,,7900.0,10170.0,12500.0,48285.0,2426.0,,5977.0,,4759.0,,1464.0,3250.0,,,,23650.0,7096.0,30214.0,366753.0,101318.0,,,,2077.0,,,,,4430.0,,3307.0,,,,,23400.0,,,,,,,,,,,,,,,,,,,,,,,,,,,,,,,,,,,,,,,,,,,,,,,,,,,,,,,,,,,,,,,,,,,,,,,,,,,,,,,,,,,,,,,,,,,,,,,,,,,,,,,,,,,,,,,,,,,,,,,,,,,,,,,,,,,,,,,,,,,,,,,,,,,,,,,,,,,,,,,,,,,,,,,,,,,,,,,,,,,,,,,,,,,,,,,,,,,,,,,,,,,,,,,,,,,,,,,,,,,3217.0,606.0,1331.0,1620.0,121031.0,153210.0,10195.0,1887.0,,,,,,,,2255.0,,,,
2014-09-30,5400.0,16550.0,26224.0,167500.0,10875.0,4786.0,259.0,5150.0,12400.0,12314.0,2625.0,84500.0,134915.0,46750.0,130321.0,58670.0,19550.0,77500.0,22809.0,4465.0,39750.0,5360.0,5490.0,798.0,11902.0,11462.0,1185.0,3249.0,2353.0,3406.0,3000.0,2425.0,37800.0,44303.0,492268.0,16469.0,11300.0,7980.0,1325.0,12970.0,59000.0,51600.0,11836.0,2520.0,2904.0,42982.0,2860.0,4755.0,26300.0,23150.0,172000.0,67463.0,4840.0,80100.0,2485.0,1850.0,4020.0,27712.0,745707,1885.0,33250.0,5340.0,631242.0,23600.0,3212.0,13450.0,99500.0,14368.0,2480.0,9650.0,1770.0,596.0,20170.0,,21784.0,8856.0,821.0,2303.0,7350.0,556000.0,12400.0,7870.0,3780.0,78606.0,4170.0,8918.0,9470.0,16250.0,10250.0,1330000.0,16055.0,2320.0,,9800.0,1590.0,72550.0,124707.0,1783.0,2210.0,33465.0,13101.0,6890.0,1690.0,2890.0,22600.0,91400.0,5512.0,75954.0,13800.0,38200.0,6620.0,8270.0,3826.0,1185.0,12100.0,7030.0,219500.0,14927.0,6210.0,2490.0,4455.0,20500.0,12386.0,6410.0,35800.0,22050.0,2270.0,18050.0,152000.0,119000.0,12339.0,1096.0,2345.0,5060.0,34464.0,2615.0,5932.0,9230.0,1585.0,12200.0,26100.0,8720.0,3286.0,1570.0,2479.0,69200.0,2344.0,4525.0,18000.0,19300.0,217320.0,190500.0,4351.0,30050.0,328500.0,24100.0,137000.0,34400.0,2057.0,13550.0,4470.0,9470.0,10693.0,3500.0,13250.0,18292.0,17377.0,4825.0,6420.0,9510.0,2995.0,36277.0,4987.0,4615.0,66800.0,127500.0,36650.0,16350.0,14686.0,119931.0,,72000.0,12050.0,10500.0,9230.0,6310.0,1388.0,5250.0,32450.0,22280.0,1125.0,40300.0,1445.0,6650.0,617000.0,6646.0,7277.0,1656.0,20663.0,30374.0,2550.0,3920,36643.0,6425.0,4246.0,9180.0,8100.0,5995.0,5680.0,13950.0,32100.0,4315.0,1095.0,3290.0,2190.0,2680.0,55000.0,859.0,4742.0,1449.0,36450.0,1749.0,12514.0,1956.0,3200.0,20750.0,49500.0,6120.0,2704.0,2400.0,114500.0,2375.0,13250.0,9050.0,30500.0,3365.0,4870.0,3220.0,4805.0,8728.0,13950.0,43050.0,1925.0,15625.0,101000.0,3470.0,4310.0,11740.0,18255.0,1960.0,,3195.0,2631.0,3450.0,10600.0,3085.0,2070.0,42800.0,3310.0,12700.0,115000.0,9425.0,9888.0,215000.0,3691.0,2275.0,6400.0,22540.0,2540.0,4100.0,5900.0,6295.0,1595.0,3150.0,33248.0,70100.0,126642.0,10240.0,250.0,2445.0,6075.0,128438.0,257000.0,11840.0,3191.0,6730.0,8990.0,14400.0,81500.0,8520.0,5603.0,2700.0,34000.0,3225.0,,680.0,2036.0,11650.0,4700.0,7900.0,,7490.0,21216.0,3190.0,950.0,5691.0,13060.0,4415.0,2645.0,4360.0,2570.0,18250.0,6800.0,7730.0,50585.0,1215.0,3735.0,5890.0,3267.0,6064.0,42700,7770.0,17861,5300.0,16290.0,48200.0,5350.0,5900.0,2920.0,26250.0,39200.0,22284.0,291488.0,11400.0,21500.0,3665.0,12650.0,33550.0,1815.0,2028.0,2647.0,3120.0,148000.0,4250.0,4140.0,4980.0,7896.0,22710.0,13850.0,4895.0,1765.0,67800.0,29849.0,,10548.0,30136.0,1222.0,133424.0,14392.0,9518.0,673.0,1555.0,3663.0,14350.0,3302.0,14640.0,5340.0,3944.0,32600.0,9382.0,3350.0,2872.0,21859.0,4460.0,1660.0,84300.0,9200.0,3003.0,38437.0,7080.0,5250.0,9080.0,15148.0,3475.0,4850.0,12509.0,11350.0,7974.0,8740.0,41300.0,18450.0,813.0,2560.0,5894.0,5600.0,19438.0,1989.0,2480.0,3343.0,2177.0,4580.0,4730.0,22769.0,55748.0,3680.0,1291.0,5020.0,52000.0,1985.0,16016.0,1300.0,8210.0,1789.0,2890.0,6765.0,2340.0,2085.0,32700.0,2320.0,3770.0,67300.0,16366.0,1740.0,5328.0,1753.0,37527.0,46280.0,254500.0,75200.0,22350.0,12908.0,52165.0,7654.0,13070,1920.0,3060.0,1726.0,24300.0,2275.0,10510.0,25057.0,2220.0,2665.0,8054.0,1827.0,4673.0,1605.0,12350.0,5034.0,489.0,5340.0,1250.0,3240.0,4000.0,5330.0,4815.0,7950.0,3205.0,4738.0,12150.0,4150.0,12050.0,2470.0,3661.0,9110.0,18000.0,15610.0,1295.0,94500.0,2825.0,32288.0,19929.0,29100.0,31426.0,15550.0,242500.0,31102.0,20675.0,40400.0,8010.0,60250.0,5430.0,2349.0,161629.0,20114.0,11050.0,15550.0,4455.0,4571.0,31653.0,321700.0,7283.0,4620.0,5450.0,5020.0,2820.0,49950.0,1004.0,13600.0,3180.0,29450.0,5555.0,51200,3815.0,17485.0,10150.0,134500.0,15300.0,1235.0,5400.0,2387.0,12375.0,5450.0,,4743.0,1930.0,6100.0,20800.0,8600.0,3165.0,16043.0,63200.0,1100.0,4985.0,,13550.0,3130.0,3300.0,3017.0,2280.0,9253.0,7300.0,4600.0,3680.0,80000.0,1960.0,2403.0,1554.0,5750.0,2380.0,6048.0,4151.0,33300,3640.0,860.0,11950.0,7700.0,4720.0,3110.0,15615.0,6830.0,7700.0,6090.0,5932.0,14300,6520.0,39000.0,14050.0,7719.0,7630.0,23750.0,6400.0,,30440.0,2005.0,3530.0,19500.0,6428.0,19300.0,3225.0,90174.0,3310.0,20600.0,25000.0,5786.0,1260.0,1506.0,2985.0,21050.0,951.0,6880.0,7266.0,9675.0,6550.0,537.0,2218.0,7854.0,40850.0,17996.0,1550.0,54700.0,3970.0,3360.0,6660.0,1596.0,1605.0,653.0,3915.0,3013.0,1645,5186.0,2190,1899.0,1022.0,5092.0,23950.0,1985.0,1472.0,7680.0,37550.0,3400.0,1483.0,56424.0,40750.0,21810.0,,360370,944.0,8290.0,3685.0,3435.0,8470.0,2284.0,2639.0,8350.0,54800.0,9200.0,11288.0,6610.0,1600.0,4092.0,1045.0,2195.0,16900.0,5513.0,1500.0,8327.0,311,20350,1845.0,2174.0,6028.0,,920.0,12014.0,1592.0,2980.0,41200.0,43975.0,507000.0,210619,4525.0,12450.0,2190.0,10868.0,1787.0,2465.0,64800.0,4836.0,39000.0,3110.0,1096.0,8080.0,2025.0,2474.0,105400,3780.0,22650.0,1417.0,4017.0,3510.0,3938.0,17854.0,1135,8661.0,7870.0,17779,6960.0,19950.0,37150.0,4878.0,13894.0,3355.0,2535.0,78315.0,14600.0,4304.0,5215.0,23700.0,14953.0,14250.0,3420.0,9010.0,6425.0,,1860,5160.0,,4390.0,3245.0,29815.0,1110.0,15705.0,8010.0,765,3471.0,7540.0,12814,1320.0,8139.0,14264,7200.0,179000.0,5780.0,964.0,3085.0,4415.0,1710.0,13350.0,1665.0,3160.0,3785.0,10906.0,4413.0,3969.0,17170,5678.0,,6170.0,23432.0,920.0,18044.0,1820.0,120000.0,23311.0,4005.0,1940.0,2725.0,,7772.0,5890.0,4890.0,21450.0,4815.0,,17217.0,9172.0,8090.0,4005.0,1788.0,20055.0,4100.0,172462.0,1730.0,4539.0,6640.0,2360.0,,2565.0,1590.0,2227.0,16550.0,1625.0,9060.0,40150.0,,3070.0,5970.0,5183.0,2400.0,2355.0,2959,5930.0,5500.0,4910.0,3883.0,2520.0,65700.0,17100.0,4135.0,5810.0,4518.0,2740.0,8700.0,32100.0,3635.0,5135.0,,,2125.0,7100.0,5470.0,3929.0,2923.0,1231.0,32346.0,6180.0,17650,7695.0,37200.0,4235.0,1722.0,9970.0,7241.0,23600.0,11900.0,9601.0,7893.0,74900.0,27980.0,3595.0,160500.0,,1800.0,8001.0,1896.0,,5020.0,8595.0,638912.0,11622.0,3255.0,8390.0,6955.0,11457.0,2657.0,2840.0,17650.0,11700.0,,50118.0,740.0,965.0,1450.0,6616.0,3586.0,1655.0,2550.0,19567.0,3020.0,5297.0,2293.0,12200.0,13900.0,5408.0,1600.0,28126.0,21536.0,4881.0,5404.0,64810,7628.0,40300.0,33907.0,4085.0,11965.0,44250.0,,1576.0,19900.0,1631.0,5920.0,16630.0,11500.0,4074.0,12200.0,4784,4027.0,15008.0,3525.0,3925.0,8700.0,,6322.0,1625.0,4000.0,3830.0,907.0,4014.0,7602.0,7725.0,2937.0,3441.0,4695.0,4600.0,4475.0,4630.0,4590.0,5258.0,3157.0,,2638.0,4400.0,4475.0,4580.0,4400.0,4900.0,4970.0,6714.0,3670.0,4481.0,34817.0,19375.0,21550.0,7630.0,,24100.0,29826.0,38500.0,9848,11123.0,1297.0,5560.0,3060.0,3010.0,,3970.0,,3190.0,3300.0,7007.0,1017.0,5910.0,,983.0,177142.0,5755.0,3375.0,1410.0,,34785.0,,8637.0,3795.0,9179.0,3425.0,7319.0,3595.0,6608.0,2510.0,30580.0,7446,,5380.0,6408.0,1565.0,,6410.0,1275.0,1770.0,4395.0,239262.0,3005.0,3760.0,1165.0,5530.0,2610,5475.0,4605.0,4900.0,4700.0,4640.0,2900.0,5005.0,9630.0,,,10590.0,9180.0,5032.0,5245.0,73900.0,2120.0,7630.0,3793.0,3300.0,7169.0,,35000.0,5543.0,1959.0,15000.0,2806.0,3500.0,2925.0,11850.0,,2047.0,18500.0,616.0,2141.0,5560.0,17945.0,9860.0,2118.0,2495.0,4731.0,2737.0,9194.0,19103.0,480.0,13350.0,18639.0,6125.0,5734,85233.0,2068.0,79798.0,58036.0,5578.0,8187.0,14700.0,387500.0,11300.0,1523.0,19000.0,1090.0,11841.0,2768.0,1826.0,,5953.0,10400.0,35250.0,4450.0,8350.0,5166.0,5838.0,3485,28183.0,1365.0,6834.0,3751.0,2650.0,2500.0,,10090.0,29586.0,19058.0,7520.0,16503.0,2330.0,6920.0,,1250.0,921.0,14600.0,4055.0,2165.0,16780.0,,6460.0,24050.0,26615.0,9040.0,9506.0,27975.0,6290.0,23000.0,14200.0,,209000.0,23550.0,3710.0,11580.0,6090.0,,1613.0,1953.0,7508.0,46544.0,,1040.0,,,,24000.0,,61100.0,6062.0,2421.0,,4275.0,41950.0,759860,2332.0,11991,4970.0,7474.0,103780.0,,12151,4120.0,1555.0,19155.0,2645.0,9230.0,6500.0,,6350.0,225918.0,,18950.0,3030.0,13956.0,9172.0,2715.0,3773.0,6005,69800.0,9660.0,3800.0,12867.0,14417.0,2358.0,,3000.0,,5840.0,866.0,51500.0,31800.0,6154.0,5475.0,16250.0,14527.0,19139.0,7270.0,6820.0,8330.0,15710.0,98378.0,11200.0,4643.0,,,2025.0,4595.0,5516.0,1545.0,7710.0,3839,4134.0,2300.0,,,21207.0,4395.0,3755.0,3005.0,42700.0,9850.0,10100.0,4941.0,11000.0,2455.0,3075,4580.0,3030.0,3730.0,2284.0,11950.0,4770.0,17675.0,1037,8890.0,10850.0,3402.0,10980.0,9513.0,14342.0,3266.0,,4997.0,18319,2745.0,3745.0,,8996.0,,,4485.0,3871.0,193667,1788.0,9759.0,,,13950.0,10450.0,,,,,862.0,,1740.0,,890.0,5330.0,13850.0,59000.0,,9020.0,,3540,7263.0,8995.0,,12700.0,1724.0,4235.0,3990,7990.0,7161.0,19095.0,3830.0,4250.0,123640.0,,,51500.0,5910.0,62500.0,9547.0,,90800.0,7667.0,9880.0,99487.0,15500.0,2808.0,,8714.0,4200.0,,,,,,,7282.0,4675.0,,,,25334.0,,,4400.0,10716.0,,10000.0,9975.0,9600.0,52618.0,2527.0,,5306.0,,4636.0,,1464.0,3520.0,,,,25800.0,6192.0,33305.0,300225.0,124258.0,,,,2127.0,,,,,4430.0,456.0,3051.0,,,,,23300.0,,,,,,,,,,,,,,,,,,,,,,,,,,,,,,,,,,,,,,,,,,,,,,,,,,,,,,,,,,,,,,,,,,,,,,,,,,,,,,,,,,,,,,,,,,,,,,,,,,,,,,,,,,,,,,,,,,,,,,,,,,,,,,,,,,,,,,,,,,,,,,,,,,,,,,,,,,,,,,,,,,,,,,,,,,,,,,,,,,,,,,,,,,,,,,,,,,,,,,,,,,,,,,,,,,,,,,,,,,,2495.0,644.0,1236.0,1399.0,105574.0,123001.0,8991.0,1856.0,,,,,,,,2185.0,,,,
2014-10-31,6100.0,19100.0,24884.0,193000.0,10475.0,4163.0,259.0,5300.0,13300.0,12062.0,2581.0,74300.0,138689.0,47450.0,112229.0,47238.0,18600.0,68800.0,22284.0,3780.0,37550.0,6100.0,5340.0,716.0,11113.0,11268.0,1207.0,3046.0,2219.0,3065.0,3310.0,2340.0,31950.0,42359.0,420985.0,14683.0,11200.0,7980.0,1485.0,12335.0,78600.0,41550.0,11213.0,2375.0,2734.0,40526.0,2670.0,4075.0,24950.0,25750.0,148500.0,68450.0,4305.0,82200.0,2500.0,1750.0,4115.0,29021.0,649803,1770.0,31000.0,5910.0,519743.0,23850.0,2321.0,11950.0,103500.0,16583.0,3440.0,9650.0,1705.0,621.0,17890.0,,21338.0,8107.0,796.0,2168.0,6610.0,489000.0,12000.0,7848.0,3580.0,70592.0,4420.0,10292.0,7680.0,19500.0,12474.0,1250000.0,16173.0,1706.0,,9000.0,1425.0,60081.0,108050.0,1614.0,2270.0,36664.0,13464.0,6850.0,1545.0,2975.0,23220.0,84300.0,5505.0,68199.0,14000.0,29800.0,6150.0,9680.0,3014.0,1090.0,10600.0,6369.0,198500.0,14323.0,5870.0,2456.0,1650.0,19350.0,11786.0,6210.0,36600.0,17350.0,2085.0,17250.0,151000.0,136500.0,10661.0,950.0,2195.0,5160.0,28947.0,2570.0,5394.0,8600.0,1779.0,12150.0,19900.0,8210.0,3031.0,1750.0,2351.0,68700.0,3664.0,4290.0,16150.0,22450.0,169715.0,170000.0,4100.0,33250.0,306000.0,25350.0,168500.0,32650.0,2229.0,11800.0,4790.0,8700.0,9944.0,3500.0,12400.0,18292.0,15703.0,4666.0,5220.0,9180.0,2820.0,36698.0,5447.0,6135.0,59900.0,137000.0,28100.0,15250.0,13211.0,123358.0,,78200.0,11600.0,10150.0,9100.0,5840.0,2730.0,4925.0,30700.0,21296.0,1245.0,37550.0,1400.0,6340.0,567000.0,6257.0,6991.0,1384.0,24046.0,30206.0,2470.0,4430,32111.0,7425.0,3805.0,9040.0,7920.0,6066.0,6480.0,12850.0,31250.0,4465.0,1150.0,3250.0,1995.0,3040.0,59400.0,767.0,3802.0,1249.0,34000.0,1498.0,11490.0,2025.0,3225.0,20250.0,48700.0,5900.0,2200.0,2340.0,127500.0,2850.0,12950.0,10350.0,29050.0,3440.0,4245.0,3140.0,4930.0,11995.0,13000.0,42150.0,1948.0,13858.0,105500.0,3175.0,4560.0,12620.0,18833.0,1830.0,,3855.0,2999.0,3275.0,8680.0,2960.0,2005.0,40650.0,3330.0,11974.0,84500.0,9100.0,9317.0,184500.0,3087.0,2445.0,5460.0,17780.0,1755.0,3760.0,5390.0,5825.0,1480.0,3900.0,32192.0,77300.0,62811.0,9870.0,232.0,2252.0,5275.0,122672.0,250000.0,10586.0,3048.0,5100.0,9130.0,15350.0,74400.0,9415.0,4385.0,2380.0,29150.0,3230.0,,645.0,1904.0,12000.0,4715.0,6400.0,,8260.0,18484.0,3155.0,890.0,5091.0,12040.0,4185.0,2385.0,4310.0,2550.0,15450.0,6230.0,7290.0,51013.0,1185.0,3979.0,6160.0,3256.0,6548.0,41000,7520.0,26792,4540.0,14671.0,46450.0,7500.0,5780.0,3060.0,22500.0,43800.0,22889.0,291488.0,14400.0,24600.0,3860.0,12300.0,32150.0,1819.0,2070.0,2243.0,2935.0,150000.0,4095.0,4030.0,5620.0,9698.0,27905.0,14400.0,5090.0,1605.0,71700.0,32215.0,,10701.0,30634.0,1036.0,132473.0,16039.0,8877.0,703.0,1500.0,3698.0,12200.0,2987.0,14900.0,5410.0,3815.0,32100.0,7600.0,3115.0,2852.0,19162.0,4400.0,1435.0,81600.0,8160.0,2399.0,36135.0,6090.0,4480.0,8900.0,13443.0,3190.0,4160.0,12563.0,11100.0,8753.0,7690.0,39000.0,21500.0,845.0,2315.0,5727.0,4730.0,25067.0,1860.0,2165.0,3652.0,1915.0,3770.0,3335.0,23843.0,56220.0,3695.0,1198.0,4985.0,55100.0,1855.0,14646.0,1150.0,8440.0,1519.0,2975.0,7078.0,2520.0,2430.0,43300.0,2290.0,3420.0,64500.0,17526.0,1490.0,4944.0,1229.0,38400.0,44529.0,215300.0,70700.0,16700.0,12688.0,46520.0,8234.0,11448,2370.0,3065.0,1597.0,26450.0,2150.0,12544.0,18236.0,2375.0,2210.0,8386.0,1884.0,4220.0,1630.0,11000.0,5101.0,493.0,5460.0,1140.0,3165.0,4330.0,5690.0,5600.0,7075.0,2890.0,4049.0,11200.0,3610.0,14700.0,2720.0,3252.0,9420.0,15000.0,15435.0,1235.0,95000.0,2775.0,32626.0,17940.0,27100.0,28977.0,17700.0,242500.0,23093.0,18850.0,40750.0,7960.0,45350.0,4550.0,1929.0,151014.0,30020.0,9300.0,15300.0,4085.0,7366.0,29304.0,262600.0,5587.0,4150.0,5570.0,4735.0,2640.0,49950.0,1071.0,14800.0,3000.0,32590.0,4934.0,50900,3795.0,15833.0,9240.0,147000.0,16750.0,1348.0,6480.0,2585.0,12951.0,4920.0,,4756.0,1790.0,5080.0,18850.0,7900.0,2820.0,12417.0,61600.0,1080.0,3870.0,,15200.0,2895.0,3055.0,3948.0,2195.0,8646.0,7700.0,4330.0,3025.0,110400.0,2220.0,2376.0,1380.0,5180.0,2095.0,5283.0,4331.0,23356,3855.0,537.0,11500.0,7590.0,4720.0,2795.0,13110.0,6620.0,6850.0,6130.0,5473.0,18950,6980.0,28300.0,14550.0,8470.0,6840.0,29850.0,6060.0,,33404.0,1775.0,3510.0,19100.0,5878.0,18950.0,2990.0,81290.0,3180.0,17134.0,28500.0,6710.0,1100.0,1386.0,2790.0,17350.0,931.0,7290.0,7334.0,8785.0,6000.0,514.0,2021.0,7154.0,58700.0,14608.0,1375.0,51000.0,4090.0,3444.0,6450.0,1548.0,1720.0,699.0,3860.0,3390.0,1395,5195.0,1830,1506.0,1050.0,3903.0,18350.0,1980.0,1470.0,6550.0,33850.0,3475.0,1304.0,42829.0,41300.0,20100.0,,368850,1458.0,10600.0,3385.0,2755.0,7180.0,2096.0,2741.0,6520.0,55770.0,9050.0,10114.0,6920.0,1450.0,3939.0,1120.0,2222.0,12150.0,4954.0,1720.0,7494.0,262,20000,1765.0,2139.0,6566.0,,900.0,10311.0,1885.0,2910.0,46500.0,36095.0,623000.0,254447,4030.0,12225.0,1835.0,11205.0,1611.0,2430.0,65000.0,5241.0,31500.0,2725.0,1037.0,10200.0,1830.0,2014.0,101200,3500.0,19400.0,1464.0,5142.0,4110.0,3633.0,15913.0,1168,7853.0,8040.0,15296,8500.0,24800.0,36100.0,4440.0,13847.0,3345.0,2300.0,115920.0,14600.0,3823.0,4970.0,18300.0,12624.0,14150.0,2880.0,9250.0,5175.0,,1705,5450.0,,4020.0,3035.0,29900.0,1100.0,13690.0,7945.0,755,2918.0,7650.0,12814,1380.0,8519.0,14221,7040.0,179500.0,4445.0,1009.0,2965.0,3590.0,1660.0,13400.0,1366.0,2880.0,3280.0,10796.0,4650.0,3867.0,17477,6099.0,,5985.0,26035.0,920.0,21791.0,1660.0,135000.0,22691.0,4500.0,1970.0,2465.0,,7168.0,8830.0,4101.0,21300.0,5180.0,,16690.0,10243.0,7750.0,4305.0,2225.0,21350.0,4165.0,142653.0,1917.0,4424.0,5090.0,2735.0,,2543.0,1490.0,2082.0,16800.0,1880.0,8940.0,44900.0,,2835.0,6080.0,4843.0,2700.0,2370.0,3289,5610.0,4920.0,4550.0,3775.0,2497.0,65300.0,18100.0,4090.0,5140.0,4691.0,2855.0,8670.0,29300.0,3736.0,5950.0,,,2130.0,7080.0,4940.0,4140.0,2489.0,1125.0,27721.0,7200.0,16950,6541.0,37600.0,4120.0,2048.0,15050.0,4317.0,23250.0,10380.0,7647.0,6881.0,69700.0,31902.0,3450.0,135500.0,,1655.0,8356.0,1719.0,,4760.0,9064.0,638912.0,14213.0,2965.0,7231.0,5870.0,9044.0,2534.0,2880.0,17800.0,10500.0,,60245.0,713.0,980.0,1215.0,5413.0,3219.0,1605.0,2210.0,15323.0,2885.0,5062.0,2065.0,12200.0,13450.0,5026.0,1335.0,22181.0,16662.0,4626.0,4630.0,62628,7060.0,41450.0,33209.0,4440.0,11772.0,45250.0,,1510.0,18100.0,1653.0,6000.0,13908.0,9770.0,3783.0,12300.0,4982,3671.0,13974.0,3931.0,3415.0,7850.0,,5608.0,1430.0,3715.0,3850.0,787.0,3364.0,6058.0,7850.0,3660.0,3786.0,4700.0,4750.0,4575.0,4740.0,4600.0,5333.0,2801.0,,2833.0,4585.0,4500.0,4500.0,4490.0,4995.0,4970.0,6008.0,3595.0,4141.0,40173.0,26449.0,20800.0,7290.0,,19150.0,27100.0,40170.0,13097,13570.0,1213.0,5890.0,3090.0,2885.0,,3840.0,,2830.0,6100.0,8829.0,1130.0,6250.0,,695.0,197385.0,5329.0,3950.0,1906.0,,33420.0,,8176.0,3390.0,9478.0,3280.0,6819.0,3701.0,6347.0,2410.0,25010.0,11700,,5830.0,7244.0,1700.0,,6350.0,1117.0,489.0,4065.0,230059.0,3125.0,3610.0,1357.0,5800.0,2475,5050.0,4540.0,4355.0,4580.0,4600.0,2730.0,4976.0,8800.0,,,10338.0,9220.0,5674.0,7385.0,81800.0,1805.0,7430.0,3533.0,3655.0,7681.0,,33650.0,5092.0,1744.0,12800.0,2385.0,2865.0,2895.0,9760.0,,2305.0,14400.0,597.0,2802.0,5660.0,18405.0,9700.0,2056.0,2340.0,4292.0,2337.0,9891.0,20918.0,521.0,12350.0,19782.0,5200.0,5436,75500.0,1887.0,86095.0,48364.0,5868.0,6836.0,19531.0,391000.0,12750.0,1847.0,21004.0,990.0,10607.0,2230.0,1654.0,,5792.0,9100.0,36200.0,4080.0,8100.0,4636.0,5339.0,3290,26430.0,1325.0,5945.0,3313.0,2356.0,3500.0,,8617.0,22146.0,18039.0,6270.0,11148.0,2120.0,7535.0,,1420.0,1130.0,13350.0,4330.0,2175.0,18684.0,,6630.0,24400.0,19205.0,8990.0,9740.0,28997.0,6215.0,23350.0,13450.0,,159500.0,25000.0,3495.0,8573.0,6170.0,,1323.0,2060.0,7377.0,41030.0,,695.0,,,,17400.0,,63900.0,5370.0,1724.0,,3965.0,38250.0,524070,2062.0,9879,4375.0,6724.0,95940.0,,11495,3740.0,1536.0,16980.0,2960.0,8040.0,6480.0,,6350.0,214761.0,,21350.0,2770.0,12900.0,7920.0,2530.0,3803.0,5245,65000.0,9450.0,3630.0,11667.0,14325.0,2355.0,,2960.0,,4770.0,809.0,45400.0,26350.0,5323.0,4846.0,20150.0,13330.0,18536.0,7150.0,4945.0,7760.0,16170.0,84324.0,10800.0,3999.0,,,1922.0,4545.0,4969.0,1415.0,7000.0,4119,3550.0,2000.0,,,11529.0,4070.0,3625.0,2590.0,33550.0,13150.0,9175.0,5802.0,11150.0,2790.0,2750,4880.0,3060.0,3625.0,2173.0,12200.0,3701.0,17355.0,1072,7670.0,15000.0,3959.0,9550.0,10077.0,11333.0,3230.0,,7503.0,16290,2545.0,3350.0,,13118.0,,,4445.0,4236.0,149400,1679.0,10610.0,,,13100.0,10350.0,2691.0,,,,845.0,,1942.0,,645.0,5110.0,12500.0,59400.0,,10000.0,,3535,5746.0,8155.0,,9100.0,1561.0,4025.0,3600,6480.0,7268.0,15952.0,3395.0,3830.0,104710.0,,,55000.0,5100.0,52000.0,8122.0,,112200.0,6447.0,9390.0,83011.0,16650.0,2692.0,,8433.0,4100.0,,,,,,,7052.0,4640.0,,,,25921.0,,,2525.0,10716.0,,15000.0,9955.0,9100.0,48904.0,2527.0,,4618.0,,4701.0,,1464.0,3520.0,,,,24150.0,4773.0,33923.0,325908.0,103230.0,,,42000.0,2109.0,,,,,4210.0,603.0,2887.0,,,,,17900.0,,984.0,,,,,,,,,,,,,,,,,,,,,,,,,,,,,,,,,,,,,,,,,,,,,,,,,,,,,,,,,,,,,,,,,,,,,,,,,,,,,,,,,,,,,,,,,,,,,,,,,,,,,,,,,,,,,,,,,,,,,,,,,,,,,,,,,,,,,,,,,,,,,,,,,,,,,,,,,,,,,,,,,,,,,,,,,,,,,,,,,,,,,,,,,,,,,,,,,,,,,,,,,,,,,,,,,,,,,,,,,2117.0,664.0,941.0,1477.0,93793.0,129416.0,8776.0,2064.0,,,,,,,,1935.0,,,,
2014-11-30,5790.0,18900.0,24531.0,196500.0,9850.0,4209.0,259.0,4960.0,12750.0,12865.0,2388.0,78900.0,118404.0,48050.0,121369.0,43589.0,15100.0,67800.0,20258.0,3765.0,36600.0,5500.0,5700.0,696.0,11825.0,11222.0,1189.0,2619.0,1999.0,3065.0,3490.0,2350.0,33200.0,29714.0,419308.0,12402.0,10750.0,8090.0,1545.0,10965.0,69600.0,37800.0,10813.0,2255.0,2402.0,48042.0,2585.0,4085.0,27000.0,22200.0,146500.0,73248.0,4040.0,87300.0,2330.0,1610.0,3670.0,30971.0,678183,1775.0,29650.0,5130.0,483747.0,19050.0,2822.0,11100.0,100000.0,15510.0,3822.0,9035.0,1540.0,610.0,17560.0,,21160.0,7035.0,761.0,2178.0,5920.0,455500.0,17000.0,7061.0,3610.0,73831.0,4245.0,10031.0,6760.0,17500.0,11266.0,1190000.0,15642.0,1760.0,,8830.0,1405.0,61498.0,148118.0,1660.0,2580.0,44941.0,13173.0,6600.0,1660.0,2800.0,24500.0,82900.0,5047.0,65018.0,13750.0,34200.0,6300.0,8900.0,3505.0,1050.0,11400.0,6202.0,197500.0,9855.0,5580.0,2412.0,1610.0,19450.0,11707.0,7800.0,35300.0,17250.0,2055.0,18450.0,136500.0,133500.0,11886.0,811.0,2405.0,5100.0,31592.0,2585.0,6850.0,8990.0,1481.0,13450.0,20600.0,7990.0,3295.0,1347.0,2376.0,65700.0,3444.0,4000.0,16250.0,21000.0,164015.0,179000.0,4222.0,45050.0,302500.0,22100.0,143000.0,33350.0,2193.0,11700.0,4115.0,8690.0,13339.0,3580.0,11900.0,17574.0,14029.0,4621.0,5270.0,9920.0,2930.0,40910.0,4840.0,6530.0,60600.0,142500.0,26750.0,15100.0,12361.0,131190.0,,78700.0,11400.0,11230.0,8600.0,5740.0,4147.0,3945.0,28450.0,21638.0,1135.0,40700.0,1320.0,4880.0,528000.0,6160.0,5999.0,1286.0,20149.0,28752.0,2330.0,2715,34706.0,6800.0,3741.0,9520.0,7680.0,5852.0,5570.0,13650.0,29650.0,4075.0,1060.0,3220.0,1860.0,2660.0,54300.0,737.0,4909.0,1265.0,33200.0,1259.0,12239.0,1906.0,3000.0,19650.0,60800.0,5610.0,2261.0,2255.0,116500.0,2585.0,11350.0,10650.0,25150.0,3505.0,4335.0,3015.0,4640.0,8294.0,11550.0,39250.0,1923.0,14371.0,97600.0,3255.0,3340.0,12880.0,15617.0,1760.0,,4095.0,2947.0,3220.0,8480.0,2945.0,1945.0,42100.0,2985.0,12475.0,99900.0,7675.0,8965.0,176500.0,3228.0,2305.0,4775.0,16140.0,1780.0,3750.0,5480.0,5680.0,1420.0,3310.0,28586.0,79000.0,61920.0,9830.0,256.0,2354.0,5400.0,111663.0,247000.0,10272.0,2992.0,4760.0,8860.0,15700.0,75800.0,9083.0,3913.0,2230.0,31650.0,3000.0,,644.0,1920.0,10500.0,4705.0,6220.0,,7110.0,16882.0,4100.0,927.0,4551.0,10440.0,3805.0,2385.0,4255.0,2490.0,16000.0,6900.0,5910.0,49041.0,1420.0,3359.0,4280.0,3189.0,6828.0,41900,7460.0,23443,4720.0,13575.0,46000.0,6050.0,6210.0,2740.0,24000.0,38850.0,21836.0,264451.0,11900.0,22400.0,3245.0,11150.0,32200.0,1764.0,2031.0,2485.0,2580.0,136500.0,3940.0,3695.0,4520.0,8969.0,36771.0,12250.0,5060.0,1620.0,72000.0,30201.0,347000.0,9851.0,27009.0,1012.0,103035.0,17067.0,7854.0,729.0,1375.0,3634.0,11650.0,3798.0,14420.0,5360.0,3739.0,30850.0,7765.0,3030.0,2756.0,23673.0,3960.0,1470.0,86400.0,8150.0,2417.0,30726.0,5300.0,4435.0,8050.0,13151.0,2890.0,4420.0,11817.0,11750.0,7462.0,7740.0,37550.0,20600.0,863.0,2335.0,5786.0,4200.0,23441.0,1744.0,2350.0,2946.0,1892.0,2690.0,3305.0,22178.0,55559.0,3740.0,1253.0,4720.0,60200.0,1780.0,12886.0,1205.0,8570.0,1606.0,2835.0,6024.0,2190.0,1670.0,98100.0,2240.0,3430.0,77300.0,18815.0,1330.0,4530.0,967.0,30545.0,45280.0,213600.0,74100.0,18650.0,12608.0,44937.0,8569.0,18784,2055.0,3175.0,1559.0,26950.0,2160.0,11484.0,18533.0,2160.0,2395.0,8657.0,1730.0,4352.0,1720.0,10850.0,3675.0,520.0,5720.0,1170.0,2855.0,3210.0,4530.0,5340.0,6950.0,3005.0,3414.0,12050.0,3675.0,14050.0,4030.0,3136.0,8040.0,15150.0,13775.0,1235.0,96900.0,2795.0,32240.0,19968.0,27300.0,31380.0,16450.0,223000.0,21374.0,18675.0,40000.0,7950.0,44500.0,4300.0,2100.0,151414.0,26468.0,9940.0,14100.0,4040.0,6045.0,29445.0,255200.0,5248.0,4680.0,6600.0,5070.0,2500.0,48700.0,1055.0,13700.0,3520.0,28190.0,4799.0,55000,5600.0,18312.0,9330.0,159500.0,14450.0,1296.0,5210.0,2457.0,15301.0,5520.0,,4021.0,1890.0,5130.0,18550.0,7875.0,2505.0,13216.0,58900.0,1095.0,4035.0,,15550.0,2610.0,2975.0,3682.0,2070.0,8627.0,7710.0,4500.0,3160.0,107400.0,2023.0,2880.0,1512.0,5680.0,2440.0,4713.0,3970.0,21391,3695.0,590.0,13950.0,7100.0,4910.0,2680.0,13215.0,6820.0,7500.0,6360.0,5657.0,13300,7860.0,35000.0,12100.0,7584.0,6760.0,30600.0,5790.0,,36608.0,1740.0,3430.0,15800.0,6278.0,17200.0,3375.0,85732.0,3190.0,18246.0,27400.0,6634.0,1105.0,1252.0,2575.0,18250.0,915.0,4810.0,6816.0,14260.0,9180.0,510.0,1747.0,6729.0,59075.0,14608.0,1560.0,48750.0,4130.0,3587.0,6710.0,1494.0,1770.0,695.0,4045.0,3078.0,1290,5060.0,1855,2101.0,1106.0,5105.0,17800.0,1840.0,1592.0,6290.0,34200.0,3675.0,1251.0,48959.0,40200.0,35190.0,,312030,1366.0,9250.0,3205.0,3840.0,7880.0,2132.0,2256.0,6340.0,62070.0,9175.0,8953.0,6700.0,1725.0,4227.0,995.0,2220.0,11550.0,5163.0,1430.0,8547.0,263,19300,1820.0,1932.0,6688.0,,881.0,10081.0,1630.0,2850.0,42250.0,34985.0,623000.0,239838,4440.0,10900.0,2445.0,10724.0,1547.0,2390.0,59000.0,6701.0,30800.0,2470.0,1312.0,10000.0,1910.0,1916.0,99400,3445.0,18900.0,1360.0,4796.0,4000.0,3552.0,16058.0,1187,8173.0,8220.0,15496,8180.0,24350.0,37500.0,5050.0,12958.0,3410.0,2225.0,85455.0,14600.0,3716.0,4619.0,16500.0,14778.0,14150.0,2760.0,8520.0,7700.0,,1475,4350.0,,4475.0,2915.0,42310.0,1012.0,12730.0,7945.0,803,3941.0,7590.0,12814,1380.0,7638.0,14351,6690.0,169000.0,3952.0,928.0,3085.0,3595.0,1650.0,15300.0,1510.0,2700.0,3495.0,10774.0,4327.0,4824.0,15401,4599.0,,5880.0,28839.0,920.0,22206.0,1590.0,148000.0,24646.0,4725.0,1385.0,2550.0,,6827.0,7790.0,3713.0,20150.0,4315.0,,16014.0,7989.0,8610.0,4130.0,1790.0,23141.0,4290.0,128158.0,1837.0,4178.0,4825.0,2450.0,,2196.0,1555.0,2074.0,15500.0,1560.0,9350.0,33500.0,,2845.0,5990.0,4602.0,2920.0,2265.0,3069,4170.0,4855.0,3040.0,3586.0,2943.0,63600.0,15350.0,4560.0,4395.0,4357.0,2630.0,7880.0,28150.0,3744.0,6883.0,,,2110.0,6450.0,5050.0,4542.0,3559.0,1015.0,26333.0,6010.0,17150,6414.0,40600.0,4490.0,1800.0,20250.0,3882.0,26000.0,10400.0,7310.0,7361.0,66600.0,24326.0,3320.0,128500.0,,1620.0,8711.0,1871.0,,5240.0,7287.0,638912.0,13525.0,3035.0,6834.0,9995.0,9736.0,2669.0,3500.0,20000.0,11200.0,,66130.0,696.0,960.0,1200.0,5338.0,3176.0,1585.0,2300.0,15053.0,2425.0,5933.0,2190.0,12200.0,12700.0,5680.0,1135.0,22535.0,15570.0,4962.0,4073.0,62057,7886.0,41600.0,32893.0,4435.0,9950.0,32850.0,,1582.0,15200.0,1685.0,5730.0,13744.0,9960.0,3641.0,12000.0,5049,3382.0,15808.0,3836.0,3790.0,8340.0,,7259.0,1425.0,3500.0,3625.0,919.0,3670.0,6082.0,8050.0,3528.0,3628.0,4650.0,4600.0,4615.0,4735.0,4420.0,4992.0,2821.0,,2942.0,4450.0,4450.0,4450.0,4450.0,4910.0,4925.0,6058.0,3830.0,3961.0,34568.0,24835.0,16600.0,7740.0,,14600.0,27311.0,31810.0,12497,12462.0,1307.0,5350.0,3100.0,3000.0,,3700.0,,2495.0,7480.0,7167.0,1008.0,5980.0,,741.0,195172.0,4704.0,4695.0,2707.0,,35985.0,,7917.0,3495.0,11376.0,3310.0,8419.0,4202.0,5807.0,2335.0,21430.0,9941,,5500.0,6129.0,1650.0,,6300.0,1117.0,489.0,4080.0,250064.0,3570.0,3310.0,1252.0,5720.0,2375,4815.0,4500.0,4500.0,4500.0,4500.0,2695.0,4450.0,10550.0,,,9845.0,9040.0,4902.0,9710.0,73600.0,1825.0,7300.0,3720.0,3795.0,7373.0,,32000.0,5278.0,1748.0,12800.0,3084.0,2810.0,3200.0,10200.0,,2795.0,14800.0,568.0,2121.0,5390.0,16564.0,9200.0,1671.0,2185.0,4874.0,2296.0,10589.0,18884.0,615.0,11750.0,15930.0,5225.0,5425,70932.0,1899.0,84324.0,52669.0,6025.0,6801.0,17989.0,353000.0,11200.0,1354.0,21038.0,1045.0,9498.0,2489.0,1851.0,,7278.0,8620.0,33000.0,3560.0,7700.0,4347.0,5391.0,4495,31691.0,1400.0,5299.0,4542.0,2785.0,3590.0,,8411.0,26530.0,17360.0,6530.0,11743.0,2000.0,7071.0,,1300.0,1150.0,11850.0,4550.0,1850.0,20945.0,,6600.0,22600.0,17505.0,9220.0,9439.0,28608.0,5970.0,22700.0,12450.0,,154500.0,21450.0,4227.0,9170.0,5700.0,,1298.0,1740.0,7184.0,45753.0,,1565.0,,,,17400.0,,54600.0,4739.0,1598.0,14733.0,3825.0,37800.0,534155,2036.0,10002,4825.0,7023.0,110700.0,,11042,3685.0,1455.0,17785.0,2995.0,7240.0,6210.0,,6720.0,210141.0,,34840.0,2810.0,11843.0,9662.0,2525.0,3600.0,5057,67100.0,9830.0,4490.0,11533.0,17857.0,2594.0,,3097.0,,4750.0,788.0,45950.0,26900.0,5405.0,5072.0,20250.0,11733.0,19269.0,6890.0,5150.0,7070.0,14658.0,86378.0,11600.0,4493.0,,,1917.0,4595.0,4945.0,1350.0,8130.0,3804,3321.0,2000.0,,,13266.0,4305.0,3585.0,2660.0,36650.0,13150.0,8900.0,5250.0,11800.0,2505.0,2620,4800.0,3320.0,3620.0,2048.0,12450.0,3413.0,14546.0,993,7580.0,17000.0,3964.0,9600.0,11025.0,12561.0,3435.0,,5854.0,15845,2805.0,3490.0,,10247.0,,,4455.0,4460.0,176375,1756.0,9509.0,,7896.0,11850.0,10500.0,2585.0,,,,857.0,,1730.0,,733.0,4390.0,12450.0,76000.0,,9400.0,,3980,5654.0,9350.0,,8320.0,1485.0,4000.0,3665,6180.0,11150.0,19528.0,2935.0,3820.0,104135.0,,,54800.0,4505.0,46750.0,7604.0,,107000.0,5853.0,9670.0,78869.0,16000.0,2892.0,,6944.0,4110.0,,,,,,,8360.0,3625.0,,,,28611.0,,,2825.0,9880.0,,21000.0,10030.0,9300.0,47527.0,2527.0,,4672.0,,4872.0,,1464.0,3620.0,,,16000.0,18700.0,5422.0,30600.0,287377.0,97495.0,,,38400.0,2423.0,,,32190.0,,4210.0,1376.0,2676.0,,,,,16650.0,,977.0,,,2055.0,,,,,,,,,,,,,,,,,,,,,,,,,,,,,,,,,,,,,,,,,,,,,,,,,,,,,,,,,,,,,,,,,,,,,,,,,,,,,,,,,,,,,,,,,,,,,,,,,,,,,,,,,,,,,,,,,,,,,,,,,,,,,,,,,,,,,,,,,,,,,,,,,,,,,,,,,,,,,,,,,,,,,,,,,,,,,,,,,,,,,,,,,,,,,,,,,,,,,,,,,,,,,,,,,,,,,,2258.0,2283.0,1016.0,1870.0,121331.0,127440.0,9392.0,2312.0,,,,,,,,2405.0,,,,
2014-12-31,5570.0,18200.0,23897.0,196000.0,9700.0,3971.0,259.0,4650.0,11500.0,11213.0,2441.0,83500.0,114630.0,47750.0,116658.0,40962.0,13650.0,64700.0,24160.0,3900.0,34400.0,5000.0,4615.0,705.0,11340.0,11931.0,1113.0,2484.0,1732.0,2644.0,3320.0,2350.0,27900.0,25935.0,385763.0,12000.0,11800.0,8280.0,1350.0,9955.0,59800.0,33400.0,10768.0,3020.0,2495.0,49860.0,2380.0,3720.0,24150.0,21300.0,148000.0,68786.0,4310.0,86400.0,2350.0,1480.0,4020.0,28219.0,567599,1700.0,28850.0,4820.0,456531.0,19800.0,2674.0,12050.0,100000.0,14991.0,3220.0,8665.0,1410.0,600.0,21660.0,,21338.0,6862.0,761.0,2127.0,5220.0,406500.0,22700.0,7668.0,3320.0,67693.0,4345.0,9058.0,6900.0,17200.0,11002.0,1156000.0,17113.0,1598.0,,8140.0,1305.0,57813.0,141815.0,1708.0,2270.0,47025.0,12755.0,6300.0,1525.0,2565.0,25740.0,73100.0,5526.0,63527.0,11900.0,32700.0,6130.0,8530.0,3723.0,974.0,12200.0,6837.0,181000.0,9758.0,5520.0,2374.0,1180.0,19600.0,11055.0,8120.0,34950.0,16900.0,2120.0,17000.0,139000.0,134000.0,13156.0,706.0,2015.0,5400.0,31181.0,2430.0,12102.0,10950.0,1358.0,12650.0,20950.0,10500.0,3240.0,1372.0,2014.0,62400.0,3804.0,4240.0,14800.0,20900.0,148513.0,169000.0,3867.0,41150.0,275500.0,21400.0,150000.0,32400.0,2237.0,11850.0,3285.0,8700.0,10131.0,3570.0,11450.0,16999.0,13870.0,4132.0,5010.0,9990.0,2920.0,38503.0,4627.0,4380.0,54300.0,137000.0,23250.0,15650.0,11964.0,113567.0,,70900.0,11800.0,10905.0,8240.0,5540.0,3749.0,3930.0,28950.0,21938.0,1230.0,39800.0,1200.0,5550.0,486000.0,6209.0,5488.0,1178.0,20300.0,26403.0,2335.0,2335,31840.0,7500.0,4942.0,9100.0,12000.0,6019.0,5830.0,12650.0,29550.0,4070.0,1220.0,3130.0,1875.0,2417.0,49900.0,801.0,3988.0,1200.0,33450.0,1650.0,12746.0,1813.0,2945.0,19200.0,54700.0,5120.0,2167.0,2090.0,114500.0,2155.0,11100.0,10550.0,29000.0,3330.0,4950.0,2900.0,4075.0,7062.0,12800.0,39400.0,2103.0,13458.0,88900.0,3180.0,3460.0,11960.0,14423.0,1738.0,,3600.0,2475.0,3130.0,7280.0,2920.0,1945.0,48400.0,3100.0,12275.0,112500.0,7575.0,8790.0,176000.0,3267.0,2230.0,4530.0,15540.0,1680.0,3700.0,5090.0,5680.0,1600.0,2600.0,26387.0,80600.0,47585.0,9370.0,251.0,2337.0,6400.0,116381.0,236000.0,8440.0,3150.0,4260.0,8780.0,15500.0,71200.0,9216.0,3542.0,2090.0,32200.0,3010.0,,569.0,1855.0,9490.0,4240.0,6350.0,,6900.0,14188.0,3860.0,912.0,4533.0,12060.0,3765.0,2405.0,4060.0,2470.0,13800.0,6390.0,6500.0,49299.0,1320.0,3213.0,4410.0,3039.0,6331.0,34950,7220.0,28386,9500.0,11146.0,42700.0,6760.0,5800.0,2860.0,23850.0,43900.0,27809.0,237414.0,12350.0,23000.0,3370.0,10700.0,31450.0,1718.0,1977.0,2512.0,2535.0,143000.0,3825.0,3740.0,4365.0,8088.0,36148.0,11100.0,4950.0,1630.0,69100.0,29698.0,293500.0,9342.0,28232.0,978.0,92777.0,13313.0,8998.0,995.0,1400.0,3613.0,11150.0,3768.0,14080.0,5210.0,3672.0,32550.0,6913.0,3065.0,2420.0,34029.0,3705.0,1315.0,84200.0,7900.0,2292.0,29058.0,5300.0,4125.0,7440.0,11500.0,3080.0,3960.0,12381.0,11950.0,7410.0,7290.0,38650.0,19900.0,835.0,2165.0,5374.0,4990.0,21615.0,1860.0,2145.0,3469.0,1770.0,2670.0,3100.0,20513.0,55371.0,3860.0,1385.0,4660.0,67500.0,1770.0,14061.0,1160.0,9070.0,1432.0,2400.0,5597.0,2440.0,1650.0,66600.0,2170.0,2745.0,76200.0,19717.0,1275.0,5156.0,832.0,23626.0,49432.0,222000.0,67800.0,17200.0,11687.0,33829.0,8508.0,10907,2045.0,3230.0,1578.0,26700.0,2305.0,12459.0,17458.0,2015.0,2445.0,8416.0,1704.0,4121.0,1905.0,11500.0,4002.0,466.0,4930.0,1220.0,2965.0,3780.0,3590.0,5300.0,7400.0,2900.0,3704.0,12350.0,3320.0,13400.0,3470.0,3602.0,7820.0,12800.0,14500.0,1170.0,76100.0,2740.0,37031.0,18094.0,29300.0,31102.0,15250.0,213500.0,20588.0,17750.0,38000.0,7690.0,46000.0,4530.0,2053.0,142602.0,29820.0,11200.0,17900.0,4460.0,4940.0,24808.0,260200.0,5377.0,4165.0,6500.0,5130.0,2300.0,48050.0,1006.0,12500.0,2865.0,28740.0,4894.0,51200,5840.0,18500.0,9600.0,182000.0,13500.0,1243.0,4920.0,2580.0,15421.0,5610.0,,4048.0,1835.0,5030.0,17000.0,8150.0,2750.0,11974.0,61400.0,1010.0,4025.0,,15725.0,2335.0,3025.0,3707.0,2110.0,9485.0,7170.0,5410.0,3140.0,125300.0,1883.0,3330.0,1504.0,4500.0,2470.0,5311.0,3783.0,21622,4205.0,550.0,13200.0,7300.0,4655.0,2660.0,11155.0,6080.0,7600.0,6400.0,5949.0,12750,7080.0,34000.0,13000.0,7058.0,6440.0,31500.0,6890.0,,30761.0,1750.0,3420.0,14300.0,5502.0,15850.0,3040.0,82844.0,3240.0,11402.0,26150.0,7008.0,982.0,1075.0,2535.0,18000.0,846.0,5390.0,6647.0,13825.0,7440.0,498.0,2140.0,6279.0,50250.0,14608.0,1540.0,45400.0,4155.0,3631.0,7310.0,1371.0,1505.0,701.0,3820.0,3529.0,1275,5118.0,1875,1983.0,985.0,4254.0,20200.0,1715.0,2064.0,5890.0,31450.0,3630.0,1322.0,48566.0,39800.0,34185.0,,302280,2355.0,9000.0,3220.0,3395.0,8780.0,2036.0,2119.0,6410.0,54800.0,8675.0,7463.0,5850.0,1830.0,4430.0,1370.0,2067.0,13450.0,5713.0,1305.0,8327.0,248,18900,1785.0,2236.0,7052.0,,847.0,15006.0,1670.0,2745.0,46100.0,30400.0,623000.0,175313,4100.0,10150.0,2755.0,9618.0,1671.0,2290.0,51300.0,8458.0,33500.0,2850.0,1229.0,8730.0,1845.0,2005.0,98600,3440.0,18350.0,1298.0,4810.0,4010.0,3318.0,16689.0,1350,8126.0,8890.0,15196,8110.0,25000.0,36000.0,3868.0,12444.0,3310.0,2115.0,109455.0,14600.0,3898.0,4545.0,13500.0,12548.0,14200.0,2950.0,8400.0,7800.0,,1225,4720.0,,4900.0,2935.0,63900.0,1002.0,12640.0,8415.0,768,3141.0,7250.0,12814,1340.0,7668.0,12301,5400.0,162000.0,4048.0,822.0,2950.0,3455.0,1490.0,16450.0,1426.0,2545.0,4150.0,12536.0,4503.0,4737.0,14682,4502.0,2335.0,6130.0,33605.0,920.0,23297.0,1535.0,120700.0,20975.0,5030.0,1185.0,2640.0,,6298.0,8340.0,3826.0,19950.0,4095.0,,18119.0,6816.0,8450.0,4365.0,1760.0,23141.0,4425.0,141276.0,1608.0,3736.0,5370.0,2290.0,,2428.0,1525.0,1924.0,16900.0,1680.0,9120.0,45000.0,,2860.0,7970.0,4432.0,2300.0,2225.0,4088,4435.0,4980.0,2435.0,3472.0,2883.0,59100.0,13600.0,4815.0,4685.0,4669.0,2585.0,7050.0,26750.0,3748.0,6883.0,76330.0,,2130.0,6000.0,4145.0,4518.0,3003.0,1072.0,26935.0,6720.0,16300,6401.0,36300.0,4230.0,1952.0,29050.0,3540.0,25100.0,9280.0,12060.0,6992.0,67200.0,22634.0,3160.0,123000.0,,1585.0,7351.0,1662.0,,4760.0,5916.0,638912.0,12553.0,4705.0,6193.0,7045.0,8994.0,2389.0,3515.0,21500.0,11650.0,,83849.0,678.0,834.0,1205.0,5839.0,3138.0,1525.0,2210.0,17112.0,3420.0,5250.0,2444.0,12200.0,12300.0,5910.0,1145.0,19919.0,18610.0,4524.0,4089.0,51301,8160.0,40000.0,34224.0,4450.0,9136.0,37900.0,,1558.0,12550.0,1685.0,6420.0,12524.0,10850.0,3837.0,11200.0,4338,3139.0,16142.0,4114.0,3680.0,8760.0,5850.0,7210.0,1460.0,3510.0,3770.0,837.0,3473.0,6794.0,9175.0,3673.0,3708.0,4740.0,4650.0,4600.0,4740.0,4550.0,4958.0,2811.0,,2588.0,4580.0,4645.0,4650.0,4600.0,5000.0,4975.0,5629.0,4080.0,3800.0,33820.0,26449.0,16800.0,7810.0,,14650.0,27624.0,36100.0,10873,11816.0,1383.0,4810.0,3115.0,2945.0,,3230.0,,2400.0,9590.0,6897.0,936.0,5840.0,,725.0,253058.0,5179.0,4690.0,2261.0,,43365.0,,8493.0,3280.0,11989.0,4020.0,7897.0,4030.0,5582.0,2265.0,19980.0,14195,,5000.0,6611.0,1563.0,,5890.0,1122.0,489.0,3915.0,222057.0,3950.0,3195.0,1530.0,5340.0,2355,5125.0,4605.0,4710.0,4670.0,4600.0,2485.0,3890.0,11750.0,,,9535.0,8500.0,4546.0,4755.0,74700.0,1590.0,7280.0,3413.0,3750.0,7348.0,,29900.0,5623.0,1655.0,13700.0,3051.0,2920.0,2585.0,11050.0,,3056.0,19050.0,577.0,2637.0,4955.0,15613.0,8580.0,1936.0,2275.0,4319.0,2551.0,11508.0,17287.0,614.0,11200.0,16358.0,5575.0,6186,70932.0,1966.0,83734.0,49706.0,5913.0,7966.0,17818.0,306500.0,12150.0,1267.0,21071.0,1005.0,9750.0,2345.0,1536.0,,8763.0,8480.0,34300.0,3125.0,8020.0,3961.0,5271.0,4005,31315.0,1980.0,4870.0,4858.0,2945.0,3285.0,,8617.0,24183.0,15775.0,6610.0,10632.0,2015.0,7525.0,,1275.0,1285.0,10150.0,4440.0,1855.0,21540.0,,5850.0,22800.0,21365.0,8880.0,9206.0,29289.0,6044.0,25000.0,13250.0,,162000.0,22950.0,3721.0,9475.0,5450.0,,1525.0,1653.0,6467.0,44712.0,,1353.0,,,,17400.0,,53000.0,4651.0,1571.0,12550.0,3775.0,32250.0,509107,1965.0,10662,4625.0,6849.0,127770.0,,11495,3900.0,1470.0,15100.0,2740.0,5900.0,5820.0,,6000.0,251311.0,,29610.0,2770.0,12132.0,9350.0,2530.0,3408.0,4677,64500.0,9590.0,3630.0,10600.0,15130.0,2344.0,,3127.0,2606.0,3675.0,777.0,44200.0,28400.0,6588.0,4934.0,18850.0,10815.0,19991.0,6300.0,4510.0,6970.0,13120.0,89621.0,12450.0,3525.0,,,1842.0,4435.0,5445.0,1340.0,9660.0,3865,3234.0,2200.0,,,10997.0,3775.0,3140.0,2680.0,38200.0,13300.0,9125.0,5830.0,11050.0,3465.0,2343,4645.0,2800.0,3570.0,2152.0,12500.0,3759.0,13930.0,1000,8540.0,14750.0,4228.0,8350.0,9333.0,11824.0,3435.0,,5978.0,23240,2350.0,3495.0,,11750.0,2485.0,,4525.0,5459.0,227904,1675.0,8658.0,,8454.0,12450.0,11200.0,2498.0,,,,809.0,,1940.0,,455.0,6220.0,11800.0,24326.0,3400.0,11550.0,,3785,5893.0,9550.0,,7450.0,1601.0,3665.0,3600,6100.0,10903.0,15752.0,2910.0,3900.0,98325.0,9040.0,,52700.0,4900.0,44050.0,7836.0,,91100.0,5960.0,14200.0,82561.0,14550.0,2815.0,,6443.0,4100.0,,11066.0,,,,,6442.0,3940.0,,7660.0,,30029.0,,,2530.0,11945.0,,24400.0,9740.0,9890.0,44913.0,2527.0,24100.0,4881.0,,4872.0,,1464.0,3520.0,4250.0,,13350.0,24600.0,5770.0,27509.0,305613.0,95297.0,9290.0,,47750.0,2059.0,,,27150.0,,3888.0,2388.0,2906.0,1424.0,30974.0,10281.0,11307.0,13750.0,,942.0,,42870.0,2070.0,,7385.0,36451.0,,3995.0,,1748.0,10903.0,10922.0,15580.0,2057.0,,,,,,,,,,,,,,,,,,,,,,,,,,,,,,,,,,,,,,,,,,,,,,,,,,,,,,,,,,,,,,,,,,,,,,,,,,,,,,,,,,,,,,,,,,,,,,,,,,,,,,,,,,,,,,,,,,,,,,,,,,,,,,,,,,,,,,,,,,,,,,,,,,,,,,,,,,,,,,,,,,,,,,,,,,,,,,,,,,,,,,,,,,,,,,,,,,,,,,,,,,,2640.0,2401.0,1211.0,2234.0,182560.0,137920.0,10489.0,2746.0,,,,,,,,2660.0,,,,
2015-01-31,5980.0,16700.0,24107.0,191500.0,10625.0,4568.0,259.0,4680.0,10900.0,11443.0,2441.0,80400.0,118404.0,47650.0,133996.0,42470.0,18300.0,64900.0,27411.0,4280.0,39000.0,5430.0,4975.0,3880.0,11064.0,15771.0,1063.0,2448.0,2486.0,3135.0,3360.0,2370.0,31850.0,25935.0,493945.0,12900.0,11550.0,7300.0,1345.0,10925.0,59200.0,38050.0,11836.0,4240.0,2500.0,51579.0,2585.0,3930.0,24900.0,22600.0,143000.0,66121.0,4530.0,106500.0,2290.0,1745.0,4800.0,27150.0,607722,1760.0,30700.0,4780.0,483747.0,21100.0,2525.0,13650.0,104500.0,14714.0,2906.0,8810.0,1515.0,689.0,18280.0,,20892.0,8106.0,705.0,2198.0,5090.0,499500.0,29200.0,8875.0,3350.0,65220.0,4750.0,8687.0,7080.0,16800.0,12812.0,1128000.0,19466.0,2560.0,,6850.0,1415.0,58475.0,125158.0,1728.0,2250.0,46771.0,12335.0,6450.0,1505.0,2600.0,23200.0,71100.0,6110.0,71878.0,13450.0,34150.0,6620.0,8800.0,3785.0,1075.0,12650.0,8305.0,161000.0,12367.0,5620.0,2471.0,1250.0,19050.0,10898.0,8670.0,34000.0,14750.0,2215.0,23000.0,138000.0,145000.0,12430.0,601.0,2425.0,7230.0,33096.0,2500.0,17073.0,13600.0,1513.0,14000.0,21500.0,13550.0,3186.0,1905.0,2547.0,74600.0,10152.0,3535.0,16000.0,21900.0,166615.0,169500.0,3923.0,41300.0,252500.0,23150.0,193000.0,31000.0,2389.0,12000.0,3185.0,8820.0,12511.0,3750.0,11700.0,18053.0,14109.0,3937.0,5400.0,12700.0,2805.0,36759.0,4913.0,4930.0,48150.0,139000.0,25050.0,15600.0,17351.0,126295.0,,82200.0,11550.0,11125.0,8360.0,5440.0,4507.0,4295.0,31500.0,22323.0,1175.0,44700.0,1305.0,6370.0,569000.0,6128.0,5834.0,1247.0,20058.0,31549.0,2370.0,2400,36178.0,6825.0,5447.0,14100.0,12700.0,6902.0,6370.0,14100.0,31900.0,4060.0,1140.0,3160.0,1905.0,2700.0,49400.0,817.0,4935.0,1378.0,35050.0,1490.0,12374.0,2083.0,3120.0,21800.0,67000.0,5670.0,2158.0,2250.0,155000.0,1850.0,11700.0,9050.0,24850.0,3540.0,5110.0,2765.0,3930.0,9531.0,13750.0,39450.0,2373.0,14028.0,90000.0,3130.0,3230.0,12120.0,12941.0,1765.0,,4570.0,2428.0,2980.0,6970.0,2925.0,2235.0,60500.0,3130.0,12024.0,97900.0,7500.0,7990.0,154000.0,3602.0,2295.0,4270.0,16380.0,1915.0,3720.0,5380.0,6195.0,1830.0,2130.0,24144.0,89700.0,48974.0,11800.0,261.0,2329.0,6625.0,103485.0,248000.0,13210.0,3652.0,4690.0,9300.0,16950.0,80000.0,8123.0,3662.0,2280.0,27600.0,3135.0,,669.0,1834.0,10600.0,4615.0,6000.0,,7590.0,15692.0,4310.0,991.0,5013.0,13600.0,4015.0,2585.0,4300.0,2400.0,13250.0,7380.0,6210.0,50413.0,1490.0,3032.0,4840.0,2923.0,8442.0,36700,6710.0,30832,11600.0,11574.0,43200.0,6690.0,5790.0,2650.0,32850.0,47950.0,35965.0,266986.0,11900.0,19600.0,3225.0,9640.0,30850.0,1718.0,2142.0,2851.0,2670.0,143000.0,3800.0,3800.0,4185.0,8279.0,40442.0,13100.0,4720.0,1720.0,63300.0,30755.0,264500.0,9869.0,25106.0,1021.0,82617.0,13620.0,8635.0,983.0,1305.0,3240.0,11300.0,4578.0,13920.0,4960.0,3791.0,30600.0,7126.0,3250.0,2792.0,41188.0,3570.0,1630.0,87800.0,7520.0,2502.0,29921.0,5500.0,3990.0,8150.0,10550.0,3575.0,4050.0,11944.0,14650.0,6977.0,7160.0,42800.0,22050.0,890.0,2295.0,5315.0,4995.0,27519.0,1873.0,2400.0,3459.0,2200.0,2645.0,3600.0,21480.0,52729.0,4150.0,1587.0,4120.0,64700.0,1765.0,16016.0,1175.0,8850.0,1611.0,2680.0,6053.0,2660.0,1540.0,108000.0,2145.0,3295.0,66500.0,20799.0,1330.0,5186.0,813.0,23688.0,53785.0,210800.0,71700.0,19750.0,19372.0,47648.0,8173.0,13398,2115.0,2675.0,1779.0,29500.0,2350.0,11654.0,16013.0,2220.0,2850.0,9169.0,1620.0,3931.0,1825.0,12100.0,3949.0,473.0,5050.0,1235.0,3000.0,4235.0,4475.0,5820.0,8600.0,3110.0,3697.0,14950.0,4510.0,15400.0,3660.0,3226.0,8300.0,13550.0,17235.0,1200.0,80200.0,2710.0,36538.0,17826.0,31150.0,33321.0,17150.0,235000.0,22504.0,17850.0,37600.0,7100.0,45900.0,3935.0,2314.0,143403.0,29320.0,10550.0,24700.0,4570.0,4138.0,30649.0,221800.0,5717.0,4175.0,7170.0,5950.0,2560.0,50100.0,1163.0,13500.0,3455.0,28280.0,5374.0,64600,6070.0,18595.0,9790.0,202000.0,13300.0,1191.0,5700.0,2732.0,17508.0,5250.0,,3969.0,1825.0,5510.0,17000.0,8925.0,2995.0,11150.0,62500.0,1165.0,5350.0,,15900.0,2495.0,3760.0,4039.0,2280.0,8926.0,7380.0,5120.0,3440.0,128000.0,2061.0,3270.0,1394.0,5520.0,2695.0,5675.0,4128.0,21298,4170.0,733.0,14600.0,8190.0,5060.0,2640.0,12380.0,6100.0,8210.0,7600.0,6066.0,14350,6960.0,36600.0,15000.0,8140.0,6800.0,38800.0,6770.0,,29799.0,1855.0,3360.0,14650.0,7328.0,18750.0,3155.0,86620.0,3450.0,13087.0,26750.0,6048.0,1055.0,1127.0,2455.0,17000.0,855.0,6350.0,6771.0,14405.0,9430.0,466.0,2336.0,6504.0,72650.0,13200.0,1920.0,46500.0,3945.0,4053.0,7500.0,1369.0,1865.0,875.0,4130.0,3671.0,1420,4342.0,1980,1786.0,1862.0,4116.0,19500.0,2350.0,2169.0,6780.0,27500.0,4195.0,1497.0,49430.0,46850.0,29325.0,,375630,3486.0,8820.0,3890.0,3445.0,8300.0,1926.0,2588.0,7460.0,50680.0,9725.0,9254.0,7050.0,2080.0,4751.0,1675.0,2350.0,13650.0,5670.0,1675.0,9380.0,284,19450,1745.0,2224.0,6792.0,,1035.0,17446.0,1427.0,2645.0,47850.0,32845.0,688000.0,230707,4340.0,12250.0,2700.0,11253.0,1564.0,2320.0,42650.0,10394.0,37800.0,2515.0,1509.0,11150.0,1720.0,2368.0,103800,3470.0,16200.0,1526.0,5638.0,3995.0,3619.0,18775.0,1784,8595.0,9650.0,14035,9200.0,25000.0,45200.0,2849.0,11134.0,3380.0,2465.0,161430.0,14600.0,4272.0,4567.0,16150.0,15128.0,14250.0,3385.0,8330.0,9300.0,,1250,5800.0,,4740.0,3030.0,64105.0,1222.0,13946.0,8273.0,793,3071.0,7400.0,12814,1365.0,8019.0,13523,5410.0,146500.0,4173.0,900.0,2945.0,3665.0,1580.0,16250.0,1635.0,2755.0,4305.0,16293.0,9235.0,5124.0,15919,4467.0,3000.0,6660.0,32524.0,920.0,28874.0,1695.0,183500.0,21833.0,5500.0,1340.0,3000.0,,8087.0,7310.0,4654.0,16700.0,4245.0,,18720.0,7822.0,9480.0,4265.0,2000.0,24491.0,4380.0,154593.0,1613.0,4178.0,4955.0,2350.0,,2630.0,1620.0,2021.0,16350.0,1565.0,9010.0,41350.0,,2865.0,7740.0,4993.0,3275.0,2305.0,3800,4520.0,5100.0,2300.0,3993.0,2462.0,60800.0,15550.0,5610.0,4975.0,5801.0,2680.0,8500.0,28450.0,4362.0,7431.0,103960.0,,2245.0,6140.0,4720.0,4194.0,2529.0,949.0,28218.0,9450.0,16550,8116.0,46700.0,4010.0,2256.0,30900.0,3667.0,26500.0,9070.0,11251.0,7352.0,62000.0,25930.0,3170.0,119500.0,,1815.0,7330.0,1715.0,,5090.0,6069.0,638912.0,11946.0,5880.0,6773.0,9115.0,10057.0,2385.0,4285.0,18800.0,13250.0,,72774.0,773.0,686.0,1270.0,5413.0,3235.0,1535.0,2665.0,21009.0,3120.0,5250.0,2318.0,12200.0,12950.0,6745.0,1890.0,20917.0,17612.0,5472.0,4517.0,66816,10926.0,41700.0,38660.0,5100.0,9082.0,34300.0,,1872.0,13900.0,1680.0,6050.0,12108.0,13000.0,4179.0,11450.0,3917,3472.0,18476.0,3593.0,3850.0,9940.0,6800.0,6544.0,1530.0,3755.0,3810.0,999.0,4294.0,7198.0,9825.0,4004.0,4316.0,4630.0,4650.0,4885.0,4745.0,4650.0,4092.0,3067.0,,2877.0,4750.0,4750.0,4805.0,4780.0,5020.0,5010.0,6538.0,3875.0,3660.0,36623.0,27371.0,17350.0,8430.0,,16500.0,27519.0,36440.0,13322,13108.0,1523.0,4485.0,3460.0,3065.0,,3500.0,,2650.0,11450.0,8078.0,990.0,5580.0,,751.0,292757.0,5705.0,5730.0,1983.0,,43065.0,,9097.0,3120.0,11456.0,3675.0,9772.0,5139.0,6347.0,2120.0,20070.0,16200,,6300.0,7953.0,1280.0,,6240.0,1153.0,489.0,4090.0,265168.0,4440.0,3505.0,1485.0,5380.0,2675,4840.0,4970.0,4810.0,4950.0,4970.0,2480.0,4338.0,12450.0,,,11186.0,8300.0,4052.0,5000.0,67200.0,1835.0,7100.0,3680.0,3575.0,7450.0,,31500.0,5729.0,1781.0,14700.0,2907.0,2750.0,3310.0,14150.0,,3053.0,17950.0,568.0,6062.0,4835.0,16534.0,8760.0,2031.0,2305.0,4471.0,2296.0,10367.0,23352.0,590.0,11250.0,16484.0,5650.0,5354,71084.0,2035.0,92196.0,43499.0,9103.0,7790.0,19017.0,352000.0,13100.0,1428.0,21071.0,1020.0,9171.0,2787.0,1717.0,,17618.0,8750.0,32850.0,3240.0,7580.0,3980.0,5528.0,4485,33069.0,1890.0,5096.0,5694.0,2818.0,3130.0,,9133.0,25689.0,15398.0,8200.0,12496.0,2240.0,8499.0,,2165.0,2800.0,12200.0,4590.0,1805.0,21242.0,,6340.0,23500.0,27940.0,8020.0,8972.0,28656.0,8255.0,29000.0,12800.0,,179500.0,23500.0,4232.0,16502.0,5590.0,,1473.0,1733.0,6174.0,51152.0,,1244.0,,,,17400.0,,56400.0,4703.0,1680.0,12645.0,4300.0,40100.0,469934,1897.0,11237,5135.0,7448.0,151290.0,,10487,3790.0,1279.0,17055.0,3290.0,6880.0,4990.0,,5600.0,253615.0,,36600.0,2850.0,12323.0,8806.0,2685.0,4209.0,5650,64800.0,9710.0,3580.0,9800.0,16958.0,2918.0,,3384.0,2606.0,3615.0,881.0,47500.0,27400.0,7831.0,4797.0,16850.0,10177.0,23156.0,5400.0,5920.0,6850.0,16762.0,107351.0,13350.0,6599.0,,,1467.0,4345.0,5659.0,1430.0,9100.0,3885,3397.0,2100.0,,,9404.0,3695.0,3295.0,2665.0,38100.0,15750.0,9450.0,8060.0,15600.0,3130.0,2690,4150.0,3155.0,3505.0,2136.0,13500.0,3759.0,14204.0,1050,9840.0,11600.0,4415.0,8030.0,10359.0,14925.0,3435.0,,5203.0,27132,2605.0,3565.0,,12584.0,2828.0,,4535.0,5568.0,177067,1839.0,9809.0,,7006.0,13550.0,10750.0,2290.0,,,,789.0,,2039.0,,180.0,6720.0,12700.0,36822.0,8030.0,11100.0,,3590,5396.0,9150.0,,8700.0,1636.0,3410.0,3600,6370.0,11976.0,17798.0,2710.0,3915.0,107875.0,11745.0,,52700.0,5300.0,57700.0,7870.0,,104000.0,5540.0,14400.0,79770.0,15700.0,3346.0,,8013.0,4000.0,,14270.0,,,,,7592.0,4250.0,,10300.0,,31937.0,,,3020.0,11798.0,,36850.0,9740.0,10300.0,38516.0,2527.0,26850.0,5552.0,,5840.0,,1472.0,3520.0,5050.0,,14700.0,27550.0,6614.0,28127.0,383829.0,104185.0,11400.0,,52700.0,2391.0,,,31590.0,,3182.0,2826.0,3344.0,1387.0,58726.0,11750.0,15734.0,12050.0,,994.0,,45870.0,2225.0,,7975.0,41372.0,,4285.0,,1881.0,11668.0,11579.0,19843.0,2427.0,10850.0,,,,,18858.0,,,,,,,,,,,,,,,,,,,,,,,,,,,,,,,,,,,,,,,,,,,,,,,,,,,,,,,,,,,,,,,,,,,,,,,,,,,,,,,,,,,,,,,,,,,,,,,,,,,,,,,,,,,,,,,,,,,,,,,,,,,,,,,,,,,,,,,,,,,,,,,,,,,,,,,,,,,,,,,,,,,,,,,,,,,,,,,,,,,,,,,,,,,,,,,,,,,,,2658.0,2383.0,1075.0,2037.0,132286.0,138666.0,9097.0,2436.0,,,,,,,,3110.0,,,,
2015-02-28,6250.0,17100.0,24107.0,181000.0,11450.0,4879.0,14.0,5390.0,10750.0,11420.0,2545.0,87900.0,113215.0,46600.0,126552.0,48065.0,20000.0,68700.0,27861.0,4420.0,41950.0,8750.0,6220.0,7650.0,11814.0,16480.0,1200.0,2604.0,2757.0,3446.0,3440.0,2520.0,34700.0,25935.0,515749.0,14200.0,13100.0,8440.0,1515.0,11790.0,61000.0,37350.0,12949.0,5600.0,2630.0,47354.0,2765.0,4045.0,28700.0,27900.0,147000.0,96012.0,4165.0,106500.0,2365.0,1965.0,5120.0,31459.0,622401,1985.0,29550.0,5700.0,518865.0,24300.0,2887.0,16850.0,115500.0,17207.0,2970.0,9305.0,1820.0,768.0,24660.0,,19776.0,9320.0,727.0,2191.0,5630.0,454500.0,26250.0,10232.0,3700.0,71956.0,5290.0,9289.0,8150.0,18050.0,13677.0,1165000.0,19877.0,3760.0,,7430.0,1520.0,60081.0,123357.0,1894.0,2900.0,50782.0,13228.0,7310.0,1730.0,2780.0,23240.0,81400.0,5807.0,73071.0,13150.0,36050.0,7210.0,9540.0,3826.0,1210.0,13500.0,7886.0,172500.0,16207.0,5890.0,2612.0,970.0,19650.0,10741.0,8580.0,35150.0,15500.0,2875.0,27600.0,123500.0,149000.0,13474.0,667.0,2250.0,7850.0,33370.0,2745.0,15360.0,13100.0,1617.0,16000.0,21650.0,12750.0,3441.0,2721.0,2498.0,82500.0,10212.0,3865.0,17350.0,22000.0,176316.0,160500.0,4165.0,38400.0,267500.0,23450.0,212500.0,48450.0,2909.0,12450.0,3785.0,8850.0,13500.0,7000.0,12300.0,22027.0,14308.0,4132.0,6200.0,11900.0,3270.0,36578.0,5000.0,5385.0,51500.0,139500.0,30300.0,16400.0,20072.0,133638.0,,94000.0,12050.0,10405.0,8770.0,5860.0,3866.0,4305.0,31500.0,23948.0,1145.0,51700.0,1550.0,7230.0,596000.0,6695.0,8344.0,1710.0,20240.0,33003.0,2345.0,3390,37457.0,7100.0,5367.0,12450.0,12500.0,7404.0,6850.0,14000.0,31250.0,4475.0,1405.0,3270.0,1980.0,2610.0,46800.0,930.0,5002.0,1692.0,42100.0,1430.0,12498.0,2083.0,3650.0,22450.0,68900.0,6700.0,2214.0,2315.0,176500.0,2350.0,12850.0,10350.0,25450.0,3535.0,5560.0,2775.0,4090.0,10180.0,14000.0,39200.0,2565.0,16082.0,88300.0,3360.0,3320.0,12360.0,14242.0,1853.0,,6300.0,2625.0,3120.0,7350.0,3140.0,3210.0,64800.0,3265.0,12475.0,105000.0,10650.0,10459.0,140500.0,3460.0,2460.0,4285.0,16680.0,1980.0,3900.0,5890.0,6590.0,1940.0,2245.0,22781.0,86200.0,55343.0,11160.0,365.0,2197.0,6975.0,106945.0,249500.0,12550.0,4449.0,4885.0,13250.0,16750.0,80000.0,10144.0,4130.0,2390.0,28350.0,3595.0,,711.0,1764.0,12200.0,5170.0,6420.0,,6970.0,15060.0,4780.0,962.0,5643.0,16240.0,4220.0,2575.0,4650.0,2595.0,14750.0,7850.0,6280.0,53071.0,1875.0,2012.0,5500.0,3396.0,8845.0,35800,7060.0,31310,17750.0,11765.0,44700.0,7030.0,5800.0,2655.0,41600.0,51800.0,44042.0,283884.0,12800.0,21250.0,3480.0,10850.0,29300.0,1718.0,2183.0,2905.0,3680.0,143500.0,4100.0,3705.0,4665.0,8356.0,43926.0,14500.0,5550.0,2005.0,66100.0,31258.0,289500.0,10106.0,36163.0,1064.0,88271.0,18609.0,7966.0,1045.0,1250.0,4402.0,12100.0,6410.0,13720.0,5500.0,3877.0,31250.0,8530.0,3715.0,3073.0,41713.0,3975.0,1725.0,86200.0,8910.0,2685.0,31417.0,5840.0,3980.0,9160.0,11550.0,3685.0,4360.0,13619.0,15150.0,7332.0,7580.0,40750.0,21700.0,870.0,2460.0,5345.0,5740.0,25518.0,2022.0,3145.0,3255.0,2476.0,3230.0,3420.0,23037.0,53295.0,6040.0,1782.0,4670.0,62500.0,2615.0,16306.0,1355.0,8790.0,1570.0,2650.0,7449.0,3760.0,1660.0,115800.0,2240.0,3660.0,61500.0,23145.0,1375.0,5540.0,769.0,26182.0,52534.0,234000.0,71500.0,20900.0,22193.0,42636.0,7746.0,18360,6650.0,2580.0,1755.0,35500.0,2290.0,11569.0,29949.0,2420.0,2510.0,8959.0,1764.0,4393.0,1895.0,11850.0,4435.0,513.0,5410.0,1330.0,3060.0,4990.0,4090.0,5770.0,10250.0,3170.0,4308.0,14600.0,4975.0,15900.0,3350.0,3162.0,7830.0,12700.0,15975.0,1310.0,80000.0,2885.0,43589.0,22225.0,34950.0,31426.0,19450.0,217000.0,25059.0,18500.0,38300.0,7530.0,50250.0,4255.0,2539.0,132387.0,32772.0,10800.0,24800.0,4815.0,7193.0,26715.0,235000.0,6325.0,4485.0,6650.0,5860.0,2640.0,53300.0,1228.0,17850.0,3670.0,29780.0,6776.0,80600,6380.0,20340.0,10700.0,178500.0,13850.0,1270.0,5630.0,2718.0,19139.0,6390.0,,4505.0,1930.0,4915.0,17050.0,11775.0,3050.0,13031.0,62500.0,1200.0,4870.0,,15950.0,2655.0,4980.0,3890.0,2290.0,11037.0,7600.0,6420.0,3540.0,143500.0,2052.0,4260.0,1600.0,7090.0,2800.0,6720.0,4579.0,19332,4880.0,1275.0,14050.0,9550.0,5010.0,2970.0,12435.0,6370.0,7730.0,8270.0,5857.0,13050,6720.0,33100.0,17900.0,8966.0,7500.0,35650.0,8470.0,,60400.0,2010.0,3965.0,15200.0,6978.0,17700.0,3955.0,89952.0,3640.0,13756.0,24950.0,6116.0,1085.0,1284.0,2735.0,16600.0,903.0,5560.0,7064.0,14305.0,9320.0,591.0,2140.0,7004.0,76700.0,15840.0,1780.0,50600.0,4050.0,3964.0,7900.0,1457.0,1975.0,1020.0,4360.0,4112.0,1675,4750.0,2035,2197.0,2151.0,3566.0,18200.0,2235.0,2099.0,7910.0,29000.0,4490.0,1733.0,40000.0,50400.0,32835.0,,388350,2907.0,8620.0,3750.0,3100.0,8900.0,2054.0,2290.0,6700.0,48740.0,9100.0,8165.0,6500.0,2105.0,5444.0,2475.0,2172.0,15150.0,5837.0,1560.0,9845.0,313,21100,1800.0,2216.0,6531.0,,1100.0,19287.0,1487.0,2850.0,50700.0,33870.0,670000.0,210619,4710.0,11325.0,4005.0,11830.0,1589.0,2410.0,48000.0,13760.0,32050.0,2780.0,1839.0,13850.0,1755.0,2492.0,120000,4045.0,16550.0,1488.0,5480.0,4090.0,3743.0,19551.0,2457,9582.0,9500.0,15116,12300.0,25000.0,48400.0,4535.0,12490.0,3625.0,2415.0,163470.0,14600.0,4359.0,5282.0,16900.0,16531.0,15150.0,3170.0,9920.0,11625.0,,1515,6500.0,,5580.0,3275.0,77325.0,1344.0,14932.0,9400.0,930,3235.0,7580.0,12814,1455.0,7468.0,20633,5890.0,150500.0,4139.0,936.0,3190.0,3370.0,1785.0,21350.0,1837.0,2900.0,4600.0,14274.0,16755.0,4844.0,18117,4721.0,2625.0,7045.0,31162.0,920.0,33357.0,1930.0,125900.0,19688.0,7000.0,1385.0,2935.0,,9057.0,8230.0,4700.0,18000.0,3825.0,,19472.0,8259.0,9840.0,4720.0,2120.0,26777.0,4290.0,121011.0,1879.0,4145.0,5700.0,2630.0,,2565.0,2005.0,2017.0,18450.0,1635.0,8950.0,41950.0,,3230.0,8000.0,5243.0,4155.0,2500.0,3327,5720.0,5580.0,2735.0,3926.0,2499.0,61800.0,17150.0,6140.0,5050.0,6541.0,2585.0,8270.0,24000.0,4631.0,8013.0,129500.0,,2500.0,6330.0,4580.0,4763.0,2685.0,851.0,45414.0,10350.0,16800,11406.0,44600.0,4325.0,1814.0,24000.0,4807.0,25650.0,10020.0,10342.0,7636.0,58200.0,23614.0,3850.0,134000.0,,1930.0,8112.0,2065.0,,5400.0,6917.0,638912.0,11420.0,5730.0,7749.0,7970.0,11052.0,3368.0,4055.0,18450.0,13300.0,,82584.0,815.0,789.0,1385.0,5714.0,3230.0,1610.0,2560.0,21999.0,3500.0,4375.0,2860.0,12200.0,13000.0,6849.0,1250.0,34603.0,23563.0,5288.0,4137.0,67524,10436.0,44250.0,40752.0,6790.0,10317.0,41550.0,,2615.0,13850.0,1649.0,6500.0,15143.0,13050.0,4249.0,11400.0,4727,3765.0,20210.0,3471.0,4310.0,9990.0,8225.0,7056.0,1630.0,4240.0,3970.0,940.0,4129.0,6771.0,13625.0,4096.0,4709.0,4900.0,4900.0,4980.0,4900.0,5000.0,4525.0,3452.0,,2942.0,4975.0,4915.0,4955.0,4810.0,5020.0,5000.0,6538.0,4180.0,4327.0,33572.0,29985.0,18700.0,8620.0,,16950.0,30560.0,36440.0,14747,15416.0,1527.0,4970.0,3705.0,3365.0,,3430.0,,2805.0,12250.0,7628.0,1011.0,5700.0,,1100.0,279867.0,5580.0,5440.0,2444.0,,41100.0,,8550.0,3775.0,12356.0,4020.0,11692.0,5114.0,7338.0,2215.0,23740.0,16937,,9330.0,7320.0,950.0,,6540.0,1325.0,489.0,4625.0,285574.0,4845.0,3600.0,3147.0,6180.0,2715,4800.0,5000.0,4905.0,5100.0,5000.0,2795.0,4352.0,12800.0,,,10498.0,9050.0,3722.0,5795.0,70100.0,1925.0,7340.0,3660.0,3645.0,8474.0,,31500.0,6100.0,1736.0,15550.0,2917.0,3100.0,3060.0,15700.0,,3183.0,18100.0,1153.0,6811.0,5360.0,15368.0,8920.0,2056.0,2500.0,4901.0,2151.0,10683.0,22153.0,517.0,11150.0,18595.0,6000.0,5415,73521.0,2084.0,101839.0,53060.0,9907.0,8555.0,17749.0,357500.0,12550.0,1797.0,20169.0,1185.0,11136.0,2744.0,1746.0,,18655.0,11050.0,30950.0,3475.0,8380.0,3903.0,5923.0,5100,45971.0,2150.0,5844.0,8667.0,3003.0,4180.0,,10311.0,23120.0,16454.0,10550.0,12179.0,4380.0,7449.0,,1760.0,1900.0,14500.0,5160.0,1940.0,21480.0,,6210.0,23375.0,28530.0,8080.0,9673.0,30603.0,8574.0,34500.0,13500.0,,194000.0,20900.0,4364.0,19373.0,6210.0,,1675.0,1967.0,6475.0,72998.0,,1455.0,,,,17400.0,,50500.0,4666.0,1744.0,13120.0,4215.0,34750.0,539202,2490.0,20286,5895.0,10723.0,147140.0,,10537,4345.0,1953.0,19620.0,3250.0,7550.0,10700.0,,5730.0,255167.0,,30470.0,3200.0,13508.0,9432.0,3060.0,4615.0,5245,73700.0,12000.0,3680.0,11533.0,19789.0,3361.0,,3300.0,2807.0,4130.0,1142.0,46550.0,27650.0,10008.0,4539.0,18150.0,15006.0,27906.0,6130.0,7200.0,7190.0,14724.0,119675.0,14600.0,8147.0,,,1910.0,4740.0,6063.0,1420.0,8930.0,4648,3675.0,2100.0,,,6978.0,4435.0,3540.0,2855.0,48900.0,15000.0,9975.0,8750.0,18300.0,3480.0,2890,4145.0,4770.0,3600.0,2004.0,15650.0,4495.0,13679.0,1085,9680.0,14850.0,4410.0,9980.0,10000.0,12592.0,3435.0,,5804.0,25492,2880.0,3410.0,,11399.0,3059.0,,4595.0,5568.0,200583,2133.0,10685.0,,7744.0,16300.0,10000.0,2483.0,,,,843.0,,1904.0,,300.0,6000.0,12000.0,34104.0,9500.0,11250.0,,3590,5847.0,9880.0,,11700.0,1891.0,3670.0,3650,6850.0,15941.0,17731.0,3590.0,3765.0,139750.0,10743.0,,48000.0,5720.0,61400.0,9870.0,,104400.0,6053.0,15350.0,84902.0,17500.0,4277.0,,8176.0,3815.0,,14771.0,,,,,8860.0,4910.0,,11000.0,,30616.0,,,2995.0,11503.0,,31000.0,9820.0,14750.0,40168.0,2527.0,27800.0,5479.0,,7442.0,,1420.0,2535.0,5100.0,,20000.0,27250.0,6660.0,29750.0,379067.0,123780.0,10550.0,,36950.0,3234.0,,,32130.0,,2471.0,2826.0,6615.0,1363.0,51708.0,11889.0,17232.0,13550.0,,1026.0,,48150.0,2405.0,,8030.0,41281.0,,4650.0,,2002.0,11828.0,11986.0,18396.0,2610.0,11600.0,,,,,19581.0,,,,,,,,,,,,,,,,,,,,,,,,,,,,,,,,,,,,,,,,,,,,,,,,,,,,,,,,,,,,,,,,,,,,,,,,,,,,,,,,,,,,,,,,,,,,,,,,,,,,,,,,,,,,,,,,,,,,,,,,,,,,,,,,,,,,,,,,,,,,,,,,,,,,,,,,,,,,,,,,,,,,,,,,,,,,,,,,,,,,,,,,,,,,,,,,,,,,,2726.0,2386.0,1166.0,2160.0,123057.0,152167.0,9980.0,2733.0,,,,,,,,3515.0,,,,
2015-03-31,7510.0,19400.0,26365.0,195000.0,14000.0,5216.0,,6500.0,11250.0,12475.0,2685.0,80000.0,158502.0,45550.0,117035.0,49038.0,32700.0,79400.0,29812.0,4770.0,42200.0,16950.0,5990.0,4150.0,12875.0,15348.0,1141.0,2432.0,4829.0,3897.0,3490.0,2770.0,33350.0,25935.0,622253.0,14950.0,13500.0,8470.0,1650.0,11365.0,68200.0,41900.0,12593.0,5860.0,2440.0,56884.0,2950.0,4270.0,36850.0,32000.0,167500.0,84838.0,4985.0,118500.0,2560.0,2380.0,4815.0,34665.0,689926,2380.0,32850.0,6660.0,496917.0,24750.0,2906.0,17900.0,153000.0,19284.0,2882.0,9455.0,1660.0,763.0,33310.0,,21160.0,11403.0,740.0,2225.0,5630.0,441000.0,22050.0,11373.0,3900.0,68460.0,5740.0,9530.0,8090.0,18050.0,14942.0,1203000.0,21465.0,10460.0,,7690.0,1710.0,57908.0,142941.0,2199.0,2915.0,46059.0,12809.0,7550.0,1690.0,2855.0,23620.0,93000.0,6069.0,73170.0,22050.0,41450.0,8110.0,10250.0,4028.0,1595.0,13650.0,9176.0,168500.0,16497.0,6350.0,3020.0,1020.0,21750.0,10546.0,10050.0,40300.0,14650.0,3375.0,31950.0,118000.0,128000.0,14382.0,769.0,2135.0,7450.0,39524.0,3010.0,15750.0,18250.0,1550.0,19300.0,23250.0,15050.0,3541.0,2460.0,2326.0,86100.0,11232.0,3710.0,16700.0,27450.0,172315.0,168500.0,4180.0,38450.0,244500.0,25050.0,285000.0,51200.0,2625.0,14600.0,3990.0,8890.0,15718.0,13150.0,12600.0,24757.0,14906.0,4576.0,6300.0,12600.0,3930.0,38263.0,5740.0,5995.0,52000.0,176000.0,30200.0,17200.0,26082.0,133638.0,,109000.0,11550.0,11045.0,9400.0,6170.0,3988.0,4570.0,33950.0,28566.0,1200.0,96000.0,1625.0,6850.0,597000.0,7149.0,9021.0,1781.0,20058.0,37982.0,2460.0,2740,39277.0,9075.0,7838.0,13700.0,14250.0,7704.0,6520.0,19550.0,27400.0,5430.0,1240.0,3415.0,2110.0,2835.0,52700.0,1120.0,5602.0,1705.0,48850.0,1475.0,28296.0,2135.0,3905.0,22800.0,76900.0,6950.0,3194.0,2750.0,184500.0,2395.0,13800.0,9750.0,27850.0,4260.0,5780.0,2630.0,4580.0,10956.0,12350.0,37900.0,2825.0,16652.0,92500.0,3635.0,3210.0,12760.0,13050.0,2070.0,,9050.0,2573.0,3235.0,7480.0,3245.0,4455.0,64300.0,3245.0,12876.0,116000.0,12950.0,10152.0,141500.0,3846.0,3020.0,4235.0,14190.0,2410.0,3995.0,6330.0,6955.0,1805.0,2585.0,23968.0,78500.0,65185.0,12630.0,330.0,2320.0,7975.0,112711.0,246500.0,12714.0,4296.0,5420.0,13150.0,15200.0,83900.0,10509.0,4470.0,2370.0,28450.0,4140.0,,629.0,1782.0,14100.0,5010.0,6400.0,,10200.0,34312.0,4730.0,1025.0,5751.0,15780.0,4455.0,3800.0,4815.0,2860.0,13600.0,9600.0,6040.0,54786.0,1805.0,1977.0,5410.0,3820.0,8472.0,33550,7200.0,29024,15200.0,10717.0,46000.0,7300.0,6280.0,2755.0,67800.0,46150.0,50146.0,229126.0,16300.0,22500.0,4000.0,10850.0,32900.0,1562.0,2512.0,2856.0,4455.0,146000.0,4590.0,3990.0,5100.0,9353.0,48343.0,14250.0,6140.0,2995.0,65500.0,30302.0,267500.0,9308.0,36797.0,1074.0,86259.0,17632.0,7138.0,1030.0,1450.0,4135.0,12550.0,6575.0,13680.0,5800.0,4163.0,32850.0,8384.0,4430.0,3193.0,42859.0,4660.0,1680.0,91500.0,10200.0,2775.0,33488.0,5630.0,4125.0,8110.0,10400.0,4875.0,4130.0,14420.0,17300.0,7948.0,8240.0,44450.0,19800.0,1488.0,2540.0,5482.0,5640.0,26669.0,2159.0,3015.0,3167.0,2191.0,3545.0,4180.0,23199.0,54710.0,7280.0,1549.0,5360.0,69100.0,3015.0,25780.0,1365.0,9130.0,1862.0,2870.0,10838.0,4690.0,1515.0,202000.0,2455.0,6220.0,70000.0,29124.0,1360.0,5610.0,759.0,24031.0,54286.0,222100.0,69300.0,24050.0,20132.0,51487.0,6770.0,16564,6830.0,2500.0,1645.0,42800.0,2400.0,10425.0,62938.0,2410.0,2585.0,9954.0,1814.0,4302.0,2040.0,11000.0,4195.0,543.0,5590.0,1540.0,3125.0,4055.0,4630.0,7360.0,9275.0,3010.0,4293.0,15950.0,5680.0,18150.0,3060.0,2792.0,7850.0,11700.0,16410.0,1560.0,88700.0,3050.0,44526.0,21650.0,38700.0,28930.0,19900.0,232500.0,29678.0,20275.0,41650.0,9520.0,45400.0,4520.0,2846.0,134390.0,24917.0,9530.0,22700.0,4795.0,6868.0,23162.0,229100.0,5737.0,4995.0,6520.0,7240.0,2690.0,50000.0,2574.0,14350.0,3695.0,29400.0,7036.0,94500,5850.0,21757.0,10800.0,181500.0,12900.0,1431.0,5350.0,3052.0,22304.0,6500.0,,4656.0,1990.0,5500.0,18000.0,12100.0,3395.0,15183.0,61600.0,1400.0,4780.0,,14850.0,4660.0,5800.0,3649.0,2795.0,10892.0,7490.0,7000.0,4950.0,127900.0,2751.0,3795.0,1620.0,7370.0,2685.0,6197.0,4909.0,26478,4690.0,1225.0,12800.0,12200.0,5410.0,2880.0,13840.0,6720.0,8460.0,8480.0,5515.0,17000,6640.0,35800.0,22800.0,14598.0,7710.0,33050.0,13000.0,,84913.0,2250.0,4250.0,17800.0,7003.0,22500.0,4410.0,80401.0,3230.0,17052.0,23100.0,5734.0,1030.0,1382.0,2875.0,16500.0,1355.0,5310.0,7323.0,14645.0,11950.0,644.0,2552.0,7304.0,70025.0,14696.0,1905.0,58100.0,4175.0,3476.0,8400.0,2348.0,2530.0,1215.0,4650.0,3685.0,1565,5370.0,2180,4140.0,3421.0,3591.0,19900.0,3575.0,2074.0,7930.0,26550.0,4275.0,1663.0,40000.0,56400.0,42420.0,,396400,3373.0,8420.0,3860.0,3130.0,8150.0,2238.0,2409.0,8060.0,45780.0,10200.0,10973.0,5990.0,1910.0,5934.0,2730.0,2302.0,16200.0,6290.0,1710.0,9870.0,534,22750,1805.0,2360.0,6219.0,,1335.0,19793.0,1510.0,2955.0,50000.0,39345.0,841000.0,242881,4610.0,13675.0,3500.0,12936.0,1812.0,2890.0,48250.0,12568.0,36450.0,3150.0,2624.0,14700.0,1810.0,2421.0,88000,4300.0,18500.0,1550.0,5466.0,4045.0,10789.0,19600.0,3354,9234.0,10350.0,14135,13650.0,,45650.0,10052.0,13988.0,3630.0,2490.0,181605.0,14600.0,5509.0,7041.0,21300.0,19787.0,16100.0,3310.0,9990.0,13700.0,,1605,5800.0,,6280.0,3045.0,54520.0,1583.0,16334.0,8319.0,980,2935.0,7540.0,12814,1460.0,7799.0,19412,5860.0,170500.0,4948.0,1054.0,3520.0,4225.0,2485.0,22350.0,1820.0,4050.0,4615.0,13428.0,14075.0,4592.0,17384,5353.0,2340.0,6645.0,31950.0,920.0,30825.0,1910.0,121000.0,27840.0,9950.0,1945.0,3265.0,,9876.0,6740.0,4960.0,19100.0,4295.0,,19397.0,7598.0,11100.0,5200.0,2370.0,30248.0,4340.0,159764.0,1730.0,6062.0,6320.0,2675.0,,2337.0,1990.0,2243.0,18700.0,2060.0,9050.0,40250.0,,3095.0,9320.0,5223.0,4870.0,2485.0,5755,5910.0,5460.0,2150.0,4309.0,3996.0,58900.0,18100.0,5480.0,7690.0,6749.0,2525.0,12300.0,25150.0,4999.0,7053.0,133600.0,,2660.0,6460.0,5230.0,4557.0,2549.0,790.0,48464.0,13100.0,15200,12874.0,54600.0,4295.0,1586.0,28100.0,4993.0,25550.0,10000.0,9432.0,7962.0,60000.0,23346.0,4330.0,149000.0,,2850.0,9950.0,1987.0,,5010.0,6926.0,638912.0,12837.0,5390.0,7200.0,13085.0,11407.0,3217.0,4940.0,18400.0,12800.0,,67712.0,1015.0,586.0,1340.0,7142.0,3483.0,1780.0,2970.0,22570.0,2685.0,4350.0,2695.0,12200.0,13600.0,7518.0,1370.0,33316.0,25239.0,5034.0,5654.0,72695,10969.0,42900.0,42907.0,5770.0,11637.0,39950.0,,2533.0,17550.0,1977.0,6070.0,17017.0,13500.0,5003.0,10100.0,4575,3905.0,22078.0,3451.0,4245.0,9850.0,9925.0,6834.0,1685.0,4735.0,4365.0,1035.0,3757.0,7174.0,14400.0,3964.0,4956.0,5000.0,5000.0,4955.0,4980.0,4955.0,4500.0,3142.0,,2970.0,5050.0,4960.0,5030.0,5020.0,5050.0,5050.0,6083.0,4395.0,4167.0,38118.0,31178.0,24150.0,10450.0,,15500.0,38003.0,38070.0,17471,14170.0,1667.0,5630.0,3945.0,3655.0,,3240.0,,3115.0,12350.0,7087.0,1200.0,6100.0,,965.0,259938.0,5342.0,5180.0,2205.0,,40650.0,,9299.0,3690.0,10707.0,4745.0,9685.0,4911.0,7538.0,2225.0,23110.0,13704,,9150.0,6307.0,1053.0,,6850.0,1338.0,489.0,5050.0,335586.0,4805.0,5310.0,3282.0,6060.0,2890,4155.0,5000.0,5150.0,5150.0,5160.0,3750.0,4508.0,14300.0,,,13158.0,9980.0,4117.0,6345.0,74700.0,2115.0,8170.0,3747.0,3660.0,11828.0,,31700.0,6683.0,1995.0,16250.0,3189.0,2995.0,3145.0,15550.0,,3097.0,16300.0,1376.0,7249.0,5440.0,16994.0,9930.0,2196.0,2590.0,4793.0,2655.0,10050.0,24768.0,416.0,12150.0,18821.0,7200.0,5652,81585.0,2573.0,93869.0,64522.0,11714.0,11398.0,20216.0,378000.0,13000.0,2004.0,16363.0,1030.0,10934.0,3167.0,1646.0,,17215.0,11400.0,28850.0,3690.0,9910.0,4279.0,5992.0,4890,58624.0,2290.0,7512.0,9452.0,3233.0,5160.0,,9472.0,25290.0,18492.0,13500.0,13528.0,4905.0,6948.0,,1870.0,2165.0,14200.0,5270.0,1940.0,19338.0,,6270.0,24025.0,28745.0,8270.0,9906.0,31916.0,8574.0,39050.0,13000.0,,172500.0,20800.0,4425.0,22876.0,6720.0,,2841.0,2210.0,6629.0,68042.0,,1455.0,,,,17400.0,,54500.0,5072.0,1843.0,16749.0,6240.0,37850.0,599302,2441.0,26819,5935.0,12048.0,143910.0,,12957,4575.0,2290.0,19330.0,3635.0,8200.0,8530.0,,6210.0,234770.0,,32120.0,3300.0,13604.0,9868.0,3370.0,4386.0,5726,69700.0,13600.0,3895.0,11533.0,20904.0,3573.0,,3334.0,2807.0,4140.0,1056.0,46750.0,25600.0,10138.0,4361.0,21050.0,13130.0,30212.0,5790.0,12700.0,7310.0,17682.0,144756.0,14100.0,10683.0,,,2401.0,4930.0,6919.0,1510.0,8740.0,5009,4273.0,2100.0,,,6187.0,4100.0,3500.0,3180.0,54500.0,15000.0,10275.0,8900.0,17050.0,3065.0,2870,4090.0,3705.0,3950.0,2206.0,15000.0,4716.0,14250.0,1084,10650.0,14350.0,4456.0,9550.0,11179.0,13544.0,3435.0,,6695.0,37252,2870.0,3450.0,,9530.0,2952.0,,4890.0,5568.0,293613,2152.0,8933.0,,8984.0,16850.0,11200.0,2627.0,,,,846.0,,1980.0,,,5580.0,11200.0,33732.0,11500.0,11050.0,,3585,5976.0,9860.0,,12100.0,1785.0,4060.0,3655,6960.0,15611.0,19960.0,3545.0,3715.0,175995.0,12220.0,,45350.0,5300.0,68200.0,12887.0,,142800.0,6833.0,13300.0,106691.0,16200.0,3708.0,,7259.0,3880.0,,23000.0,,,,,13736.0,5450.0,,10900.0,,34969.0,,,3570.0,11994.0,,48900.0,9945.0,13300.0,46978.0,2527.0,27300.0,5778.0,,8457.0,,1355.0,2535.0,7450.0,,18025.0,25400.0,7598.0,28977.0,361347.0,130472.0,9220.0,,38850.0,3188.0,,,37260.0,,3085.0,2672.0,9664.0,1448.0,54930.0,12775.0,15829.0,15850.0,,1024.0,,51480.0,2260.0,,8255.0,56043.0,,4810.0,,2007.0,12374.0,11986.0,17071.0,2610.0,12400.0,,,,,21462.0,,,,,,,,,,,,,,,,,,,,,,,,,,,,,,,,,,,,,,,,,,,,,,,,,,,,,,,,,,,,,,,,,,,,,,,,,,,,,,,,,,,,,,,,,,,,,,,,,,,,,,,,,,,,,,,,,,,,,,,,,,,,,,,,,,,,,,,,,,,,,,,,,,,,,,,,,,,,,,,,,,,,,,,,,,,,,,,,,,,,,,,,,,,,,,,,,,,,,2417.0,1875.0,1131.0,2340.0,148119.0,163877.0,9151.0,2246.0,,,,,,,,3105.0,,,,
2015-04-30,8330.0,26200.0,32568.0,204500.0,16150.0,5684.0,,6230.0,11950.0,12222.0,3237.0,89100.0,144821.0,46150.0,124385.0,50497.0,27600.0,73600.0,25660.0,4970.0,47550.0,16150.0,8200.0,3410.0,21892.0,14685.0,1215.0,2386.0,7656.0,3907.0,3510.0,2755.0,36700.0,25935.0,622253.0,20450.0,12550.0,9050.0,1860.0,11600.0,72200.0,46500.0,13750.0,5800.0,2620.0,61551.0,4180.0,4660.0,35950.0,44700.0,158000.0,96427.0,4700.0,111000.0,2560.0,2440.0,5440.0,46620.0,743750,2270.0,34300.0,6280.0,482869.0,32200.0,2720.0,19350.0,129000.0,23404.0,2990.0,9500.0,1900.0,1116.0,29600.0,,20848.0,10860.0,743.0,2229.0,5540.0,492000.0,19500.0,10642.0,3840.0,69398.0,5810.0,9790.0,7210.0,19600.0,14390.0,1201000.0,17701.0,10160.0,,8570.0,1795.0,63009.0,121781.0,2240.0,3275.0,51543.0,12464.0,7720.0,1970.0,3025.0,27460.0,98400.0,6797.0,73170.0,19000.0,43550.0,7150.0,11150.0,4505.0,1595.0,12250.0,8442.0,201500.0,16497.0,6750.0,3750.0,90.0,21700.0,11616.0,9260.0,46300.0,16400.0,3500.0,29550.0,128500.0,132000.0,17240.0,789.0,2305.0,8290.0,54249.0,3925.0,14314.0,14700.0,1897.0,17500.0,21500.0,11950.0,3686.0,2518.0,2465.0,87200.0,9148.0,4005.0,18450.0,29200.0,237821.0,169000.0,4334.0,44500.0,252000.0,24300.0,259000.0,49050.0,4401.0,15200.0,4105.0,9090.0,16333.0,19050.0,13250.0,23225.0,14946.0,5323.0,6100.0,12500.0,3470.0,41932.0,5067.0,6300.0,54100.0,177000.0,32250.0,17000.0,23758.0,117483.0,,174000.0,12050.0,12190.0,8870.0,6390.0,3286.0,4655.0,33950.0,33185.0,1185.0,110500.0,1735.0,6290.0,704000.0,6906.0,8119.0,1919.0,23170.0,36472.0,2555.0,2660,51982.0,11850.0,10416.0,13700.0,11700.0,7254.0,5240.0,19500.0,28200.0,5490.0,1265.0,3370.0,2135.0,2650.0,40900.0,1085.0,6002.0,1883.0,47300.0,1660.0,35471.0,2268.0,3830.0,22050.0,67500.0,7570.0,3580.0,3510.0,198500.0,2435.0,14550.0,12000.0,28650.0,3775.0,5880.0,2955.0,5000.0,8662.0,12750.0,35950.0,2755.0,19618.0,103000.0,3795.0,3390.0,11840.0,13122.0,2073.0,,8400.0,3035.0,3235.0,7600.0,3195.0,3955.0,73400.0,3395.0,12826.0,100000.0,13375.0,8965.0,152500.0,3768.0,3470.0,4500.0,14930.0,2250.0,4350.0,7280.0,6930.0,1845.0,2800.0,29949.0,86200.0,61711.0,13140.0,355.0,2417.0,7975.0,124769.0,236500.0,12333.0,6291.0,5250.0,14000.0,15200.0,80100.0,14255.0,4751.0,2970.0,34000.0,4765.0,,674.0,1959.0,12150.0,5070.0,6670.0,,13000.0,43677.0,8330.0,1105.0,9414.0,16860.0,5830.0,3595.0,5660.0,2910.0,15700.0,12500.0,6400.0,55386.0,1755.0,2490.0,5290.0,3729.0,7386.0,34750,7320.0,68042,16250.0,10765.0,46850.0,6670.0,6260.0,3165.0,82900.0,53700.0,44200.0,212816.0,16650.0,21550.0,4200.0,11550.0,33600.0,1553.0,3001.0,2840.0,4255.0,140500.0,4420.0,4085.0,5230.0,13645.0,47535.0,19650.0,6580.0,2625.0,71400.0,33523.0,256000.0,8934.0,37296.0,1150.0,92201.0,17373.0,7510.0,1240.0,1710.0,3811.0,10050.0,5554.0,17400.0,5720.0,4712.0,35300.0,7929.0,4595.0,3364.0,36654.0,4840.0,2595.0,90300.0,9690.0,3021.0,35215.0,5420.0,4025.0,8000.0,10800.0,7270.0,5680.0,14675.0,18800.0,8086.0,7980.0,40300.0,22700.0,1485.0,2900.0,5727.0,5090.0,26518.0,2105.0,3015.0,2779.0,2298.0,3350.0,6000.0,27065.0,57729.0,9240.0,1491.0,5980.0,73200.0,3090.0,24605.0,1440.0,9830.0,2087.0,3425.0,10340.0,5490.0,1470.0,212000.0,2700.0,11800.0,59000.0,30284.0,1275.0,5580.0,899.0,24218.0,62541.0,239000.0,69600.0,22950.0,18751.0,56232.0,7349.0,18128,8880.0,2320.0,1659.0,48400.0,2380.0,10552.0,58194.0,2650.0,2735.0,10617.0,1924.0,4673.0,4155.0,10750.0,4049.0,566.0,6030.0,1630.0,3810.0,3750.0,5150.0,7150.0,8875.0,3025.0,3783.0,12900.0,5945.0,19900.0,2900.0,2617.0,7650.0,13450.0,17660.0,2210.0,95100.0,3340.0,35699.0,23334.0,42100.0,27590.0,19750.0,254500.0,28695.0,23575.0,40850.0,10250.0,44700.0,5200.0,2535.0,130184.0,22065.0,10750.0,23400.0,4480.0,5958.0,21657.0,240000.0,5497.0,5360.0,7680.0,6350.0,2520.0,48150.0,4005.0,14850.0,3940.0,29570.0,8077.0,101800,4900.0,26948.0,10800.0,204500.0,14200.0,1982.0,6370.0,3479.0,19858.0,6610.0,,5285.0,2290.0,5220.0,17900.0,20225.0,3430.0,14322.0,62700.0,1430.0,4195.0,,13450.0,5030.0,7040.0,3757.0,2955.0,11711.0,7900.0,6000.0,4770.0,110700.0,3813.0,3525.0,1706.0,7080.0,2545.0,6729.0,6365.0,24859,5010.0,2060.0,12400.0,13800.0,7640.0,2915.0,15395.0,6510.0,7730.0,7290.0,5348.0,16450,6520.0,31450.0,23200.0,14928.0,8440.0,32000.0,10100.0,,75620.0,2080.0,4220.0,19450.0,8754.0,21700.0,5500.0,80623.0,3020.0,16069.0,26550.0,5820.0,1045.0,1636.0,3030.0,17800.0,2475.0,5160.0,8607.0,21390.0,11680.0,688.0,2669.0,7304.0,84200.0,14476.0,1730.0,57500.0,4265.0,3307.0,9540.0,1929.0,2595.0,1355.0,5080.0,3699.0,1485,7027.0,2190,4232.0,3640.0,4241.0,19400.0,4850.0,2517.0,7130.0,31400.0,3920.0,1947.0,40000.0,65600.0,41850.0,,397680,2893.0,7920.0,4440.0,2900.0,8000.0,2412.0,2707.0,7750.0,39910.0,9225.0,17219.0,6310.0,1995.0,4852.0,4100.0,2160.0,14250.0,7670.0,1445.0,9233.0,505,31350,1905.0,2294.0,6228.0,,1790.0,13303.0,1512.0,3380.0,49550.0,66765.0,788000.0,168008,4975.0,13100.0,3080.0,14331.0,2432.0,2910.0,41700.0,9530.0,30550.0,2970.0,2530.0,15850.0,1865.0,2554.0,103600,4525.0,17450.0,1720.0,6253.0,4500.0,12555.0,16980.0,4671,8812.0,10300.0,15473,11650.0,,49400.0,14864.0,22034.0,3980.0,2455.0,168960.0,14600.0,6045.0,7212.0,27350.0,29856.0,15600.0,3370.0,10350.0,11525.0,,1615,7030.0,,6700.0,3760.0,47605.0,1527.0,15305.0,8556.0,1043,3800.0,7910.0,12814,1800.0,9210.0,30666,6190.0,184500.0,4417.0,1126.0,3795.0,5640.0,2540.0,22500.0,1827.0,4565.0,4900.0,15448.0,10859.0,5859.0,21921,4739.0,2350.0,7045.0,21750.0,920.0,24317.0,1980.0,118500.0,24598.0,17850.0,1800.0,2930.0,2255.0,14549.0,6060.0,5338.0,19050.0,4330.0,,20149.0,7468.0,18400.0,4620.0,2100.0,34932.0,5520.0,171683.0,2819.0,10733.0,5340.0,4140.0,,2151.0,1840.0,2344.0,18700.0,2030.0,9370.0,39000.0,,3725.0,8950.0,4843.0,7310.0,4225.0,7009,5770.0,6750.0,2120.0,4801.0,4148.0,60400.0,19400.0,5450.0,7290.0,8435.0,2570.0,17500.0,23950.0,4803.0,7225.0,181480.0,,3230.0,6640.0,4755.0,5765.0,3432.0,965.0,59419.0,11850.0,15800,13050.0,56400.0,4085.0,2200.0,42350.0,4478.0,26500.0,10140.0,8691.0,8245.0,64700.0,28426.0,4200.0,146000.0,,2495.0,8935.0,2437.0,,5340.0,7666.0,638912.0,12715.0,5220.0,7200.0,10240.0,11407.0,3272.0,5080.0,16700.0,12750.0,,54106.0,824.0,583.0,1425.0,7368.0,3430.0,1885.0,3060.0,17461.0,2480.0,5250.0,2635.0,12200.0,14450.0,8214.0,1285.0,39394.0,25400.0,5237.0,5783.0,54841,9637.0,50200.0,50322.0,5520.0,10302.0,37700.0,,2663.0,20700.0,2350.0,6070.0,13120.0,12800.0,4464.0,10550.0,4087,3950.0,24379.0,3606.0,4360.0,9740.0,7725.0,7065.0,1700.0,4470.0,4300.0,965.0,3807.0,7127.0,15275.0,3320.0,7075.0,5110.0,5020.0,5070.0,5140.0,5030.0,4733.0,3277.0,,3078.0,5080.0,5050.0,5010.0,5010.0,5130.0,5120.0,5907.0,4395.0,4641.0,41978.0,30332.0,27800.0,10550.0,,21200.0,60804.0,36100.0,18496,15185.0,1647.0,7100.0,3875.0,3445.0,,4000.0,,2910.0,15800.0,9580.0,1048.0,5700.0,,881.0,293865.0,5317.0,6210.0,2513.0,,47280.0,,8982.0,3725.0,11471.0,5750.0,8271.0,5519.0,7813.0,2270.0,24690.0,13132,,7510.0,5952.0,1480.0,,6600.0,1338.0,360.0,5000.0,388500.0,4100.0,5490.0,3692.0,6300.0,2775,5700.0,5190.0,5150.0,5160.0,5160.0,3350.0,4586.0,11300.0,,,15634.0,10400.0,4928.0,5755.0,67400.0,2130.0,7770.0,3693.0,3400.0,12801.0,,35300.0,6577.0,2238.0,16800.0,3892.0,3030.0,3305.0,13600.0,,2471.0,15900.0,1923.0,6539.0,5200.0,14264.0,13300.0,2304.0,2385.0,5214.0,3041.0,10873.0,25603.0,392.0,12550.0,17992.0,6250.0,5312,79143.0,4798.0,116106.0,69554.0,11089.0,10978.0,19360.0,418500.0,13800.0,2078.0,16529.0,1005.0,12496.0,2854.0,1646.0,,31148.0,9570.0,29550.0,3640.0,11000.0,4390.0,7572.0,5320,44594.0,2215.0,9118.0,6771.0,3522.0,7110.0,,9383.0,22323.0,20455.0,14000.0,12060.0,3800.0,6617.0,,1740.0,2585.0,16700.0,5850.0,2310.0,19457.0,,7080.0,23225.0,27170.0,8070.0,9840.0,29873.0,8427.0,40750.0,13450.0,,167000.0,21000.0,5133.0,30534.0,6410.0,,3295.0,2140.0,7207.0,100473.0,,856.0,,,,17400.0,,65800.0,5153.0,1942.0,16844.0,6375.0,38550.0,584250,2520.0,48387,7490.0,12247.0,171130.0,,13058,5280.0,2985.0,22145.0,3580.0,8120.0,7800.0,,6250.0,213597.0,,26960.0,3065.0,14470.0,11092.0,3215.0,4310.0,5752,85000.0,16450.0,3945.0,11800.0,22091.0,4127.0,,3884.0,2329.0,3970.0,1150.0,47000.0,27350.0,10442.0,4151.0,17750.0,14008.0,31840.0,6250.0,17500.0,7770.0,16367.0,182162.0,15750.0,10425.0,,,2054.0,5320.0,6396.0,1525.0,11700.0,5263,3946.0,2000.0,,,6105.0,4265.0,3665.0,3250.0,58800.0,12600.0,10150.0,7930.0,18800.0,3125.0,2730,3945.0,4105.0,4080.0,2125.0,13200.0,4716.0,13610.0,1163,9650.0,9260.0,4273.0,9410.0,12794.0,11977.0,3435.0,,9234.0,59075,3030.0,3195.0,,9196.0,4499.0,,4675.0,4264.0,359667,2401.0,11360.0,,15452.0,16900.0,14800.0,3412.0,,,,1030.0,,2599.0,,,4965.0,9560.0,31759.0,14950.0,10100.0,,3500,5764.0,11585.0,,12350.0,1661.0,3970.0,3610,6250.0,16106.0,20160.0,3800.0,3770.0,196880.0,11920.0,,45100.0,6030.0,72700.0,11292.0,,68200.0,7400.0,11600.0,111642.0,17150.0,3712.0,,6994.0,3765.0,,20350.0,,,,,16212.0,5425.0,,14000.0,,32230.0,,,4030.0,11945.0,,48350.0,10805.0,12400.0,49316.0,2906.0,27000.0,5870.0,,7285.0,,1355.0,2535.0,8900.0,,19075.0,24400.0,5937.0,30909.0,346975.0,138596.0,9800.0,,30800.0,3006.0,,,39060.0,,3448.0,3207.0,17804.0,1526.0,61877.0,12262.0,18538.0,15650.0,,1050.0,,51480.0,2285.0,13600.0,8495.0,56043.0,,5190.0,,2007.0,13084.0,12638.0,17554.0,2610.0,12900.0,,,,,23102.0,,,,,,,,,26860.0,125500.0,13755.0,,,,,,,,,,,,,,,,,,,,,,,,,,,,,,,,,,,,,,,,,,,,,,,,,,,,,,,,,,,,,,,,,,,,,,,,,,,,,,,,,,,,,,,,,,,,,,,,,,,,,,,,,,,,,,,,,,,,,,,,,,,,,,,,,,,,,,,,,,,,,,,,,,,,,,,,,,,,,,,,,,,,,,,,,,,,,,,,,,,,,,,,,,2267.0,1870.0,1908.0,2839.0,135588.0,206211.0,10756.0,2391.0,,,,,,,,3320.0,,,,
2015-05-31,9370.0,24300.0,37644.0,188000.0,22900.0,6047.0,,6760.0,11750.0,11420.0,4295.0,84000.0,161332.0,51100.0,129568.0,43054.0,27200.0,70800.0,26861.0,4875.0,64000.0,22250.0,13150.0,3220.0,38115.0,14297.0,1036.0,2497.0,14054.0,3786.0,4690.0,2800.0,42250.0,25935.0,454530.0,21700.0,12550.0,7840.0,1685.0,11515.0,93500.0,36950.0,13972.0,6100.0,2830.0,61404.0,4460.0,4550.0,31700.0,73400.0,148000.0,82528.0,4295.0,108000.0,2450.0,2275.0,5400.0,40142.0,877821,2270.0,35100.0,5850.0,481114.0,35800.0,2640.0,19750.0,138500.0,26589.0,3994.0,8960.0,1810.0,959.0,25960.0,,18660.0,12144.0,852.0,2486.0,5510.0,469000.0,17200.0,12602.0,3535.0,62492.0,5770.0,13442.0,7220.0,18900.0,17949.0,1233000.0,16996.0,9000.0,,8540.0,1800.0,58853.0,117054.0,2474.0,2780.0,51036.0,10507.0,7490.0,1790.0,3030.0,29000.0,114500.0,7703.0,74363.0,19600.0,41000.0,7400.0,13700.0,4821.0,1600.0,10700.0,11063.0,243000.0,21980.0,6550.0,4864.0,,20700.0,11498.0,10250.0,45450.0,14500.0,3400.0,35000.0,142500.0,124500.0,22276.0,596.0,2240.0,8150.0,52425.0,8060.0,12430.0,16350.0,2738.0,18400.0,20500.0,13100.0,4196.0,1900.0,2436.0,109000.0,7176.0,4030.0,19800.0,33700.0,256523.0,158000.0,4576.0,38500.0,244000.0,26700.0,290500.0,47800.0,3541.0,15350.0,4170.0,8970.0,25502.0,19300.0,13400.0,24278.0,15304.0,4494.0,5600.0,12600.0,3595.0,49152.0,5400.0,6425.0,49250.0,205500.0,27050.0,16350.0,20582.0,119931.0,,167000.0,11600.0,11575.0,9370.0,6920.0,3057.0,4260.0,33700.0,33741.0,1140.0,83700.0,2145.0,8120.0,725000.0,7619.0,8390.0,1919.0,26432.0,51463.0,2395.0,2550,47489.0,10600.0,8662.0,13900.0,9650.0,8780.0,5100.0,19850.0,25350.0,5770.0,1185.0,4220.0,2235.0,2505.0,44100.0,1195.0,8190.0,1876.0,65500.0,1805.0,50568.0,1982.0,3675.0,22950.0,55200.0,7750.0,3956.0,3510.0,225000.0,2630.0,17850.0,12250.0,29750.0,3765.0,5300.0,2505.0,4645.0,8899.0,11800.0,36750.0,2945.0,21728.0,98400.0,4250.0,3340.0,10600.0,12941.0,2060.0,,8500.0,2781.0,3200.0,6840.0,3475.0,4430.0,66000.0,3380.0,13076.0,95100.0,25400.0,7752.0,143000.0,3781.0,3950.0,4550.0,25220.0,2345.0,4035.0,8690.0,6980.0,2040.0,2440.0,36414.0,78700.0,57891.0,13460.0,463.0,2531.0,7500.0,133681.0,223500.0,15622.0,7416.0,4650.0,13250.0,16450.0,82700.0,17603.0,3921.0,2770.0,36650.0,5220.0,,610.0,2324.0,11100.0,4555.0,6210.0,,13200.0,50169.0,10650.0,1065.0,7775.0,17120.0,5850.0,3890.0,6470.0,2790.0,13650.0,9190.0,5340.0,54700.0,1635.0,1880.0,4820.0,3883.0,7293.0,37800,7540.0,65384,13800.0,9764.0,46200.0,7000.0,6210.0,3060.0,108700.0,59100.0,60775.0,138058.0,19950.0,22000.0,3960.0,13950.0,31150.0,1576.0,2993.0,3034.0,3690.0,144000.0,4015.0,3875.0,4850.0,13837.0,48530.0,22600.0,11100.0,2275.0,74000.0,39111.0,335000.0,8272.0,22885.0,1489.0,108303.0,8790.0,6860.0,1295.0,1530.0,3733.0,9350.0,10448.0,16140.0,5350.0,4597.0,37550.0,7832.0,4480.0,3228.0,32932.0,5160.0,2650.0,91500.0,9200.0,3263.0,35445.0,5050.0,3880.0,10650.0,11150.0,6340.0,5230.0,18062.0,18200.0,7679.0,6380.0,39950.0,22650.0,1808.0,2790.0,5453.0,4875.0,29220.0,2072.0,2635.0,2789.0,2018.0,2755.0,5890.0,25347.0,53861.0,10000.0,1419.0,5480.0,90600.0,2795.0,25585.0,1305.0,10850.0,1917.0,3200.0,13217.0,5560.0,1500.0,213000.0,2580.0,16950.0,57700.0,39305.0,1210.0,4894.0,852.0,23377.0,62541.0,235000.0,75600.0,20600.0,18071.0,49682.0,8874.0,21487,8370.0,2515.0,1664.0,63700.0,2185.0,11273.0,64124.0,2415.0,2930.0,10617.0,2114.0,4822.0,3480.0,9320.0,4122.0,577.0,5920.0,1665.0,4045.0,3095.0,5050.0,7010.0,8325.0,2870.0,3227.0,12000.0,6710.0,22650.0,2605.0,2286.0,7240.0,11700.0,16575.0,2035.0,96400.0,3215.0,45956.0,20847.0,41000.0,27036.0,21250.0,249500.0,28940.0,22700.0,41100.0,11550.0,47450.0,6170.0,2444.0,121973.0,24692.0,18800.0,23350.0,5180.0,6890.0,23544.0,244500.0,5627.0,4900.0,6290.0,5700.0,2460.0,51800.0,8726.0,16850.0,4165.0,38270.0,12370.0,114600,4070.0,26240.0,10650.0,197000.0,18400.0,1813.0,7190.0,4914.0,22065.0,8030.0,,5020.0,2375.0,4610.0,16150.0,20450.0,3670.0,16166.0,70800.0,1530.0,3780.0,,13925.0,11050.0,6550.0,3300.0,2640.0,17061.0,7600.0,7250.0,4390.0,109900.0,3736.0,3030.0,1522.0,6230.0,2460.0,6953.0,5870.0,39544,4360.0,3950.0,13600.0,18150.0,6760.0,2845.0,16570.0,6630.0,7180.0,6600.0,5089.0,14350,7210.0,33700.0,23650.0,27334.0,7870.0,37800.0,12100.0,,74178.0,2290.0,4390.0,18050.0,10105.0,22600.0,3880.0,71073.0,2750.0,18676.0,27000.0,7550.0,980.0,1408.0,3140.0,16400.0,1990.0,4680.0,8675.0,33035.0,8600.0,659.0,2513.0,8355.0,99550.0,13992.0,1670.0,69300.0,4870.0,4551.0,13050.0,1947.0,2420.0,1280.0,5370.0,3800.0,1595,7309.0,2145,5681.0,3005.0,4179.0,17900.0,5110.0,2621.0,7070.0,26650.0,3660.0,1676.0,40000.0,63700.0,38985.0,,463810,2850.0,7780.0,3590.0,2855.0,7660.0,2408.0,2349.0,8070.0,39860.0,9000.0,17964.0,9070.0,1840.0,4480.0,4045.0,2100.0,17000.0,7085.0,1325.0,10825.0,507,35000,1895.0,2372.0,5361.0,,5260.0,12429.0,1455.0,4490.0,56500.0,90805.0,808000.0,174095,5880.0,16500.0,2810.0,12696.0,5516.0,2885.0,37850.0,9918.0,34150.0,2880.0,3480.0,16650.0,1935.0,2332.0,114000,4635.0,17700.0,1540.0,9524.0,4175.0,9548.0,18388.0,4620,8708.0,10200.0,12837,13850.0,,48000.0,9519.0,19929.0,3835.0,2580.0,155955.0,14600.0,6053.0,7711.0,32750.0,25097.0,16700.0,2900.0,9580.0,13675.0,,1720,6230.0,,6810.0,3005.0,48635.0,2065.0,14863.0,8319.0,948,3800.0,7640.0,12814,1750.0,10191.0,37427,6740.0,188500.0,4096.0,1212.0,4100.0,6410.0,2560.0,19700.0,1756.0,6690.0,5650.0,17208.0,9743.0,6091.0,24428,4625.0,2400.0,6295.0,21100.0,920.0,23452.0,2620.0,99800.0,24312.0,18950.0,1380.0,3075.0,2313.0,19273.0,6050.0,5150.0,20450.0,3735.0,,18194.0,9637.0,21150.0,6220.0,3315.0,36199.0,6130.0,162139.0,3637.0,10290.0,4595.0,4080.0,,1930.0,1800.0,2227.0,19950.0,1910.0,9940.0,35650.0,,3495.0,10750.0,4422.0,9870.0,7620.0,7009,8400.0,5800.0,120.0,4556.0,4080.0,55300.0,22100.0,5760.0,7740.0,6667.0,2550.0,20250.0,20600.0,5537.0,7122.0,240300.0,,3920.0,6590.0,5130.0,4827.0,4185.0,749.0,47840.0,11950.0,15200,11475.0,59100.0,3635.0,2412.0,33150.0,3337.0,26000.0,7700.0,8253.0,8339.0,92200.0,33238.0,3695.0,153000.0,,2100.0,9534.0,2458.0,,4745.0,6556.0,463432.0,14740.0,4840.0,7860.0,11585.0,11878.0,3341.0,5300.0,17000.0,10200.0,,57585.0,919.0,457.0,1195.0,9899.0,3111.0,1915.0,2690.0,16504.0,2450.0,4335.0,2247.0,9860.0,14100.0,8492.0,1260.0,42810.0,19569.0,4860.0,5210.0,49846,10436.0,49600.0,64329.0,5820.0,8522.0,43950.0,,2499.0,19400.0,2831.0,5620.0,12792.0,11650.0,4303.0,10750.0,4026,5276.0,22278.0,3281.0,3975.0,9770.0,7250.0,6486.0,1625.0,4500.0,4280.0,873.0,3173.0,6105.0,12400.0,4088.0,11707.0,5060.0,5120.0,5020.0,5140.0,5030.0,4775.0,3658.0,,4246.0,5120.0,5020.0,5030.0,5040.0,5080.0,5170.0,6790.0,3815.0,4174.0,50636.0,28909.0,27150.0,17000.0,,17250.0,70765.0,57450.0,22295,13662.0,1360.0,6570.0,3915.0,3835.0,,5130.0,,2950.0,15700.0,11391.0,1009.0,5850.0,,787.0,368358.0,5842.0,7360.0,1478.0,,42765.0,,8464.0,4640.0,12001.0,4835.0,7190.0,5494.0,8528.0,2315.0,19500.0,12232,,7510.0,6256.0,1550.0,,5950.0,1338.0,25.0,9330.0,404000.0,3620.0,4640.0,3857.0,5920.0,2600,7025.0,5160.0,5150.0,5150.0,5080.0,3150.0,3676.0,9540.0,,,19141.0,10500.0,4590.0,5835.0,84000.0,2015.0,7850.0,4800.0,3490.0,17794.0,,31150.0,7347.0,2039.0,16000.0,3749.0,3100.0,3125.0,12750.0,,2413.0,15100.0,2021.0,6976.0,5040.0,12883.0,13700.0,2156.0,2100.0,5240.0,3985.0,12935.0,32685.0,375.0,11950.0,21987.0,6425.0,4424,83260.0,7404.0,110694.0,61727.0,19903.0,9084.0,23300.0,410000.0,14500.0,2739.0,18199.0,1030.0,11715.0,2215.0,1804.0,,49803.0,12250.0,31100.0,3480.0,11000.0,4404.0,8413.0,4950,42213.0,2150.0,10365.0,4881.0,3622.0,8370.0,,8367.0,19887.0,26116.0,19450.0,11465.0,3945.0,6740.0,,1770.0,2720.0,12800.0,6550.0,2525.0,20171.0,,7070.0,27000.0,21675.0,7900.0,9740.0,28462.0,8967.0,38600.0,13300.0,,156000.0,22600.0,5386.0,38921.0,5700.0,,5343.0,2377.0,7516.0,267967.0,,725.0,,,,17400.0,,60500.0,4866.0,1819.0,18363.0,6220.0,41500.0,539202,2872.0,56786,7815.0,14247.0,178970.0,,11546,4380.0,3839.0,26130.0,3080.0,7740.0,7410.0,,6770.0,194740.0,,27930.0,3025.0,16486.0,12358.0,3170.0,4640.0,5929,79700.0,15300.0,4000.0,18733.0,22154.0,3513.0,,4250.0,5212.0,3655.0,1080.0,49850.0,31400.0,9312.0,3388.0,22600.0,10137.0,34011.0,6800.0,16450.0,7140.0,14461.0,159891.0,12600.0,10834.0,,,2046.0,4550.0,7942.0,1455.0,11850.0,6712,3800.0,2000.0,,,6372.0,4085.0,4140.0,3415.0,66100.0,13750.0,9875.0,7410.0,18350.0,2600.0,2455,3875.0,5250.0,4865.0,1906.0,13350.0,4158.0,14113.0,1122,9310.0,7410.0,3832.0,10480.0,15359.0,10872.0,3435.0,,12450.0,62828,2585.0,2835.0,,12701.0,4379.0,,4630.0,4401.0,390792,2350.0,11711.0,,12576.0,17350.0,17850.0,3275.0,,,,1004.0,,1992.0,,,5200.0,9560.0,28296.0,13000.0,9580.0,,3050,5167.0,9905.0,,9650.0,1677.0,3800.0,3455,5430.0,18171.0,19960.0,3700.0,3150.0,167305.0,13923.0,,43850.0,5240.0,94900.0,12456.0,,41900.0,6980.0,10450.0,141804.0,16200.0,4846.0,,8381.0,3615.0,,21450.0,,,,,17272.0,4975.0,,13200.0,,30225.0,,,3825.0,11257.0,,45000.0,10760.0,14600.0,58878.0,2906.0,23250.0,4653.0,12650.0,6867.0,,1394.0,2535.0,6550.0,,20250.0,26450.0,5355.0,41495.0,280058.0,184476.0,10100.0,,31850.0,3079.0,,,44250.0,,3837.0,4937.0,13493.0,1451.0,68824.0,17391.0,22806.0,16850.0,,1040.0,,51480.0,2810.0,13600.0,8475.0,56043.0,,5180.0,,1984.0,13139.0,12696.0,17176.0,2610.0,10700.0,,,,,22282.0,,,,,,,,,19355.0,127800.0,13600.0,19167.0,17800.0,,2194.0,9167.0,,,,,,,,,,,,,,,,,,,,,,,,,,,,,,,,,,,,,,,,,,,,,,,,,,,,,,,,,,,,,,,,,,,,,,,,,,,,,,,,,,,,,,,,,,,,,,,,,,,,,,,,,,,,,,,,,,,,,,,,,,,,,,,,,,,,,,,,,,,,,,,,,,,,,,,,,,,,,,,,,,,,,,,,,,,,,,,,,,,,,2349.0,1877.0,1413.0,2312.0,152171.0,169583.0,11532.0,2304.0,,,,,,,,3190.0,,,,
2015-06-30,9070.0,24800.0,38490.0,194000.0,17075.0,9343.0,,6700.0,11150.0,10434.0,3981.0,78800.0,191994.0,42300.0,137012.0,39941.0,26900.0,69500.0,27011.0,4225.0,52400.0,17050.0,15800.0,4800.0,31579.0,18800.0,999.0,3197.0,13559.0,3616.0,4170.0,4450.0,43550.0,25935.0,410502.0,26600.0,15150.0,8190.0,1600.0,10545.0,121500.0,35550.0,16731.0,8020.0,2840.0,51481.0,6160.0,4200.0,28500.0,74500.0,147500.0,93110.0,4645.0,112000.0,2390.0,2305.0,7700.0,37804.0,886628,2310.0,34800.0,5200.0,431071.0,38550.0,3110.0,26400.0,138500.0,28735.0,3544.0,9600.0,1665.0,832.0,27190.0,,19017.0,14957.0,1200.0,2533.0,4555.0,487000.0,14100.0,14519.0,3410.0,58826.0,5670.0,20042.0,7100.0,20950.0,21309.0,1357000.0,19995.0,7920.0,,8310.0,1680.0,58380.0,133261.0,2255.0,3155.0,44180.0,10552.0,7930.0,1695.0,2955.0,29800.0,115000.0,9653.0,69392.0,17150.0,34650.0,7040.0,12850.0,5126.0,2495.0,9740.0,9323.0,268000.0,21183.0,6310.0,4903.0,,19900.0,10937.0,11350.0,48600.0,11700.0,4010.0,41300.0,129500.0,122000.0,20325.0,720.0,2230.0,9150.0,65645.0,12500.0,12320.0,14850.0,2587.0,26700.0,20150.0,16700.0,4041.0,1640.0,2308.0,116000.0,6468.0,3690.0,19850.0,49850.0,265824.0,136000.0,5091.0,34100.0,224000.0,29500.0,269000.0,49150.0,4913.0,14500.0,4520.0,8750.0,34217.0,16250.0,16500.0,27199.0,14268.0,5142.0,5590.0,12150.0,3635.0,44760.0,6173.0,6200.0,43450.0,256500.0,26800.0,15550.0,18258.0,108672.0,,193000.0,10650.0,11000.0,9120.0,6150.0,2866.0,4595.0,31050.0,39942.0,1100.0,88500.0,1880.0,9190.0,794000.0,7408.0,7863.0,2145.0,40117.0,86257.0,2305.0,2445,53532.0,10150.0,8423.0,16400.0,9900.0,8870.0,4580.0,19850.0,28500.0,5120.0,1015.0,3920.0,2185.0,2420.0,54500.0,1120.0,6656.0,2200.0,71400.0,1810.0,109306.0,1956.0,3290.0,26650.0,51100.0,7510.0,3655.0,3855.0,281000.0,2300.0,18200.0,10100.0,29400.0,4075.0,4485.0,2355.0,5220.0,12650.0,10700.0,36200.0,3025.0,21329.0,88000.0,4285.0,2970.0,9140.0,12327.0,2350.0,,8100.0,2708.0,3100.0,5900.0,3915.0,3725.0,67600.0,3430.0,13778.0,100500.0,29250.0,7321.0,103000.0,3511.0,3620.0,4180.0,24350.0,2970.0,4480.0,7990.0,6295.0,1950.0,2200.0,31576.0,70800.0,50537.0,10890.0,577.0,2684.0,7350.0,126866.0,212000.0,14744.0,7467.0,4590.0,13050.0,17450.0,78500.0,14752.0,3491.0,2690.0,38700.0,5470.0,,881.0,2094.0,12550.0,4180.0,5620.0,,10750.0,46554.0,9650.0,1025.0,6112.0,16000.0,5170.0,3495.0,7150.0,2855.0,11850.0,8150.0,4910.0,58044.0,1550.0,2450.0,4280.0,3610.0,6982.0,37000,7400.0,62939,12000.0,9079.0,45800.0,6780.0,6690.0,2760.0,103500.0,80500.0,54723.0,148738.0,21100.0,23150.0,3950.0,13500.0,31500.0,1612.0,3077.0,2921.0,3435.0,139000.0,4220.0,3900.0,4595.0,14719.0,50352.0,22400.0,9190.0,2165.0,71700.0,50839.0,259500.0,7728.0,24652.0,1270.0,87793.0,10064.0,7166.0,1280.0,1350.0,4388.0,8570.0,10118.0,14960.0,5090.0,4421.0,35700.0,6845.0,4060.0,4745.0,30259.0,5405.0,2395.0,91400.0,8580.0,2932.0,28885.0,5340.0,3720.0,14350.0,10200.0,6840.0,4350.0,15349.0,27700.0,7255.0,5940.0,36950.0,21750.0,4450.0,2815.0,5296.0,4675.0,40629.0,2370.0,2520.0,2759.0,1915.0,2345.0,4545.0,27548.0,54710.0,9060.0,1453.0,5550.0,92400.0,2625.0,24312.0,1310.0,11800.0,1597.0,3080.0,13331.0,5990.0,1430.0,193600.0,2575.0,14950.0,60400.0,41238.0,1440.0,4904.0,865.0,19699.0,58538.0,209900.0,64200.0,17300.0,39424.0,49682.0,8661.0,28611,13150.0,4170.0,1841.0,67000.0,2135.0,10467.0,55080.0,2250.0,2900.0,11251.0,2130.0,4781.0,5370.0,9860.0,4176.0,571.0,6200.0,1320.0,4735.0,2920.0,4415.0,9200.0,7500.0,2810.0,3632.0,11400.0,4815.0,26000.0,2860.0,2883.0,6050.0,10400.0,20200.0,2045.0,94900.0,3675.0,62228.0,18361.0,32000.0,23893.0,19950.0,276500.0,27810.0,23250.0,41100.0,10550.0,46700.0,5630.0,2584.0,126980.0,21865.0,19000.0,22850.0,6150.0,9295.0,25330.0,205800.0,7532.0,4935.0,5530.0,5860.0,2210.0,51700.0,9369.0,14000.0,3535.0,34570.0,13411.0,129000,3500.0,26382.0,10650.0,198500.0,19250.0,1965.0,6710.0,5779.0,23432.0,6700.0,,4280.0,1910.0,4195.0,14900.0,19950.0,4320.0,15736.0,64000.0,1655.0,3320.0,,14125.0,16450.0,6020.0,2842.0,4005.0,25398.0,7820.0,8730.0,4510.0,93900.0,4764.0,2577.0,1476.0,5990.0,2280.0,6011.0,6695.0,22061,4340.0,3315.0,13600.0,19950.0,12100.0,2690.0,15510.0,6570.0,6500.0,6560.0,4445.0,13800,8920.0,32200.0,18900.0,47009.0,6390.0,49700.0,21100.0,,66648.0,2430.0,5350.0,17200.0,15382.0,25200.0,3850.0,59079.0,2770.0,15298.0,29100.0,6320.0,935.0,1878.0,3460.0,14150.0,2125.0,4585.0,12054.0,34905.0,8660.0,641.0,2395.0,9355.0,81575.0,14476.0,1695.0,87400.0,4120.0,3720.0,14050.0,2178.0,2780.0,1190.0,4275.0,4174.0,2660,8801.0,2290,5856.0,2459.0,3816.0,16000.0,4640.0,2487.0,6180.0,25800.0,3310.0,1654.0,40000.0,79500.0,37125.0,,576590,3708.0,6290.0,3380.0,2535.0,7200.0,2430.0,1515.0,10100.0,29190.0,8225.0,17620.0,9050.0,1700.0,4159.0,4135.0,2077.0,16750.0,8710.0,913.0,9870.0,918,53800,1930.0,2434.0,5308.0,,5410.0,10863.0,1460.0,5280.0,54100.0,83685.0,774000.0,130267,5230.0,20000.0,2740.0,14812.0,9956.0,3050.0,38350.0,10960.0,30000.0,3600.0,3348.0,19150.0,1865.0,2572.0,105000,4760.0,20250.0,1474.0,8937.0,3905.0,9395.0,18291.0,4858,8004.0,10350.0,11133,13050.0,,51500.0,6822.0,17449.0,3460.0,2850.0,140220.0,14600.0,5454.0,6758.0,29450.0,25448.0,16600.0,2960.0,9680.0,13900.0,,2345,6070.0,,5980.0,2705.0,43535.0,4252.0,17646.0,7683.0,1020,3800.0,7730.0,16624,1885.0,10191.0,46675,5980.0,193500.0,4383.0,1712.0,4240.0,7000.0,2865.0,16950.0,2109.0,6940.0,6020.0,15494.0,9106.0,8025.0,31979,4239.0,2160.0,6190.0,19700.0,920.0,23016.0,3200.0,86400.0,34418.0,19350.0,1325.0,3120.0,1686.0,39113.0,8200.0,4493.0,20250.0,4150.0,,17743.0,8697.0,27300.0,8880.0,3350.0,36640.0,6280.0,140078.0,2674.0,9602.0,3865.0,4105.0,,1695.0,1715.0,3355.0,21000.0,1960.0,9370.0,33500.0,,5190.0,15700.0,4642.0,9150.0,4880.0,7009,9340.0,5490.0,,4219.0,8060.0,47200.0,24750.0,4455.0,10550.0,7187.0,2595.0,41700.0,37150.0,6354.0,6369.0,238930.0,,4070.0,6240.0,5180.0,4646.0,4866.0,704.0,54080.0,11000.0,14050,11545.0,70300.0,3400.0,2280.0,32000.0,3553.0,25000.0,6990.0,7647.0,8974.0,127000.0,30386.0,3395.0,147000.0,,2200.0,12031.0,3027.0,,4830.0,6250.0,451066.0,12594.0,5200.0,5900.0,10060.0,13024.0,3368.0,4485.0,12350.0,11650.0,,55179.0,814.0,494.0,1215.0,10049.0,2906.0,1885.0,2755.0,16154.0,2290.0,5400.0,2025.0,8990.0,14900.0,11972.0,1190.0,51904.0,21445.0,4962.0,4436.0,49689,12345.0,49750.0,81124.0,6290.0,7048.0,54700.0,,2425.0,20250.0,2831.0,5390.0,11573.0,12100.0,4657.0,10850.0,4452,6728.0,22145.0,4127.0,3380.0,10600.0,6025.0,6322.0,1590.0,4380.0,4670.0,1260.0,3073.0,6295.0,11400.0,5138.0,14560.0,5060.0,5090.0,5040.0,5140.0,5040.0,4325.0,3778.0,,4000.0,5100.0,5100.0,5100.0,5080.0,5090.0,5140.0,9844.0,3360.0,5628.0,68263.0,27179.0,25800.0,17450.0,,15350.0,93461.0,49130.0,33443,15416.0,1240.0,6250.0,5750.0,3740.0,,4500.0,,2850.0,16450.0,11571.0,1199.0,5780.0,,1248.0,440480.0,6055.0,8450.0,1351.0,28800.0,42465.0,,7572.0,4330.0,11853.0,4500.0,6195.0,5696.0,12110.0,2190.0,21850.0,9164,,7060.0,6915.0,1250.0,,6390.0,1410.0,,9150.0,418000.0,3125.0,3620.0,3522.0,6000.0,2445,8825.0,5100.0,5140.0,5200.0,5150.0,3180.0,3447.0,8470.0,,,27486.0,11700.0,4633.0,6305.0,76400.0,1990.0,8810.0,5580.0,3435.0,22940.0,,30300.0,6763.0,2525.0,16200.0,4150.0,2935.0,3685.0,12850.0,4723.0,2047.0,14100.0,2118.0,6753.0,4850.0,14110.0,13550.0,2647.0,1915.0,5276.0,5488.0,11349.0,42671.0,425.0,11400.0,20655.0,5350.0,4028,85233.0,9597.0,120042.0,54570.0,26600.0,8369.0,23094.0,441000.0,14850.0,3154.0,20370.0,907.0,12950.0,2071.0,1755.0,,40879.0,12500.0,42950.0,3320.0,9460.0,4077.0,7486.0,4015,43842.0,3440.0,8533.0,4740.0,3628.0,9710.0,,7719.0,20418.0,31776.0,18900.0,10592.0,3970.0,5880.0,,1650.0,2270.0,12100.0,6600.0,2185.0,23206.0,,10040.0,40100.0,21305.0,7370.0,10640.0,27878.0,8476.0,37600.0,13650.0,,149000.0,24900.0,4660.0,26553.0,7450.0,,4509.0,2627.0,7099.0,468452.0,,956.0,,,,17400.0,,55100.0,6423.0,1802.0,15160.0,5680.0,31100.0,544249,3157.0,62612,10190.0,12498.0,161900.0,,14873,4450.0,5930.0,22100.0,3060.0,8250.0,7380.0,,6330.0,185112.0,,26280.0,2935.0,22312.0,13052.0,3230.0,4873.0,6005,80800.0,14750.0,3800.0,23033.0,23754.0,3408.0,,4550.0,4230.0,3505.0,1202.0,48000.0,30000.0,9789.0,3501.0,20650.0,12611.0,38852.0,6380.0,14000.0,7090.0,13541.0,192108.0,13950.0,8340.0,,,2729.0,4390.0,8941.0,1470.0,10650.0,5898,3473.0,1400.0,,,5436.0,3590.0,4525.0,3400.0,78300.0,15250.0,10550.0,7930.0,15600.0,2395.0,2630,3265.0,4465.0,4610.0,1663.0,18600.0,4198.0,14387.0,1163,9350.0,13200.0,3893.0,10220.0,14333.0,10627.0,3435.0,,11089.0,55461,2420.0,2410.0,,12484.0,3625.0,,4650.0,4427.0,478979,2320.0,18617.0,,17608.0,16150.0,24900.0,2566.0,,,,986.0,,1914.0,,,4275.0,9160.0,24619.0,13100.0,10250.0,,2480,4587.0,8840.0,,8070.0,1526.0,3545.0,3505,4415.0,21062.0,53228.0,3670.0,3340.0,157985.0,14624.0,7889.0,42000.0,5040.0,101500.0,12715.0,,66600.0,6400.0,11100.0,133702.0,16250.0,4169.0,,8278.0,3250.0,,21700.0,,,,,14066.0,4320.0,14906.0,12100.0,,26801.0,,,3050.0,12584.0,,76800.0,9465.0,23450.0,62249.0,2957.0,21500.0,4468.0,19075.0,6741.0,,1394.0,2535.0,6125.0,,19675.0,27650.0,5275.0,43350.0,256316.0,192600.0,12000.0,,31600.0,2906.0,,,42870.0,,4353.0,6680.0,21930.0,1329.0,78937.0,19583.0,25736.0,13450.0,,1040.0,,61290.0,2500.0,13600.0,8525.0,52216.0,,5180.0,,1998.0,13520.0,11879.0,18255.0,2935.0,10350.0,16076.0,,,,20112.0,22425.0,,,,23483.0,,,225802.0,17535.0,128000.0,13110.0,14005.0,16950.0,,2233.0,8885.0,,,,2303.0,2085.0,21000.0,,,4260.0,9815.0,,,,,,,,,,,,,,,,,,,,,,,,,,,,,,,,,,,,,,,,,,,,,,,,,,,,,,,,,,,,,,,,,,,,,,,,,,,,,,,,,,,,,,,,,,,,,,,,,,,,,,,,,,,,,,,,,,,,,,,,,,,,,,,,,,,,,,,,,,,,,,,,,,,,,,,,,,,,,,,,,,,,,,,,,,,2131.0,1890.0,1400.0,2095.0,112552.0,169921.0,11960.0,1742.0,,,,,,,,3600.0,,,,
2015-07-31,8160.0,24050.0,37996.0,171500.0,18525.0,8590.0,,6500.0,10250.0,10434.0,3543.0,78900.0,164162.0,37100.0,128343.0,33470.0,26000.0,66400.0,26261.0,5000.0,60000.0,14750.0,17200.0,3500.0,24139.0,17760.0,1147.0,3232.0,8683.0,3336.0,4380.0,3140.0,33100.0,25935.0,532521.0,21200.0,13050.0,10350.0,1695.0,11660.0,98900.0,35550.0,16197.0,8040.0,2800.0,56688.0,5510.0,5070.0,26800.0,61500.0,138000.0,90642.0,4415.0,116500.0,2300.0,2300.0,7950.0,34731.0,891521,2820.0,36100.0,4330.0,429754.0,32100.0,3900.0,25500.0,178000.0,17657.0,6744.0,9895.0,1500.0,875.0,35390.0,,17767.0,21523.0,1160.0,2702.0,4525.0,461000.0,18400.0,11396.0,3460.0,58485.0,6400.0,16391.0,8030.0,20150.0,18976.0,1215000.0,14819.0,7450.0,,7520.0,2280.0,54791.0,125158.0,2337.0,3255.0,45705.0,10326.0,8580.0,1790.0,2870.0,30980.0,123000.0,9392.0,73269.0,21500.0,34350.0,8600.0,11750.0,5696.0,2000.0,9070.0,9386.0,208000.0,16521.0,6300.0,4120.0,,18450.0,10454.0,10200.0,46000.0,10400.0,6690.0,34400.0,125000.0,123000.0,17694.0,744.0,2355.0,8830.0,64962.0,13850.0,11493.0,21350.0,2447.0,23800.0,22100.0,15000.0,3695.0,1559.0,2075.0,98900.0,7300.0,3410.0,22450.0,41050.0,224820.0,149000.0,4601.0,33650.0,196500.0,29900.0,347500.0,43900.0,9122.0,13800.0,6430.0,8700.0,42985.0,24350.0,16000.0,25858.0,12275.0,4825.0,5630.0,14400.0,3200.0,42594.0,6287.0,5775.0,39200.0,220000.0,26100.0,15500.0,21263.0,84001.0,,180000.0,10500.0,11945.0,10150.0,5930.0,2763.0,4555.0,33000.0,44646.0,1090.0,100500.0,1980.0,10300.0,822000.0,7943.0,8630.0,1787.0,41808.0,61980.0,2385.0,2135,62596.0,8575.0,8582.0,20400.0,8390.0,8820.0,4080.0,23500.0,27500.0,5670.0,1120.0,3745.0,2425.0,2560.0,48850.0,1160.0,6636.0,2177.0,62200.0,2040.0,107243.0,1939.0,3515.0,22550.0,54300.0,6100.0,4194.0,4335.0,297000.0,1720.0,20000.0,8510.0,33000.0,4180.0,4420.0,2425.0,6310.0,10956.0,11650.0,35900.0,3500.0,23553.0,87900.0,3615.0,3160.0,10440.0,9976.0,2218.0,,8000.0,2646.0,3080.0,6150.0,3630.0,3455.0,62700.0,3435.0,12199.0,81600.0,32350.0,7066.0,107000.0,3756.0,3775.0,3800.0,24350.0,3500.0,4145.0,8450.0,6565.0,2375.0,3030.0,25507.0,60500.0,48048.0,11480.0,620.0,2783.0,7800.0,115857.0,213500.0,16172.0,6127.0,4530.0,15600.0,15500.0,84300.0,14189.0,3432.0,3360.0,33450.0,5200.0,,1100.0,1953.0,10900.0,4060.0,5270.0,,11250.0,57774.0,12650.0,1175.0,5421.0,18600.0,5730.0,3010.0,5720.0,2815.0,10400.0,9070.0,4720.0,63918.0,1510.0,2380.0,5240.0,3512.0,7759.0,36300,8250.0,61663,13900.0,8583.0,50900.0,10100.0,6280.0,2605.0,74000.0,89300.0,46436.0,133981.0,27750.0,24400.0,3190.0,13000.0,34850.0,1704.0,3346.0,3174.0,3180.0,137500.0,4355.0,4150.0,4625.0,11691.0,53153.0,23500.0,8910.0,2200.0,69000.0,43792.0,293000.0,7898.0,23066.0,1938.0,80987.0,8502.0,6757.0,1750.0,1780.0,4332.0,7700.0,9067.0,18680.0,4455.0,4607.0,39750.0,6690.0,4725.0,3816.0,28398.0,5835.0,2510.0,97800.0,8600.0,2936.0,28885.0,5070.0,3615.0,13300.0,10350.0,6280.0,4490.0,15130.0,30050.0,7385.0,5790.0,35650.0,19250.0,3390.0,3000.0,5384.0,5090.0,37827.0,2233.0,2490.0,3731.0,2055.0,2365.0,5550.0,26260.0,53484.0,9280.0,1443.0,5080.0,102000.0,2605.0,35644.0,1465.0,11400.0,1634.0,3200.0,17490.0,8400.0,1630.0,159800.0,3200.0,13550.0,150000.0,51290.0,1970.0,4974.0,1120.0,18203.0,49933.0,202900.0,60000.0,19100.0,45447.0,52615.0,7471.0,34692,10000.0,3205.0,2056.0,46400.0,2200.0,9281.0,51225.0,2540.0,3700.0,11553.0,2254.0,5300.0,3250.0,11550.0,4381.0,606.0,6950.0,1470.0,4155.0,3005.0,4610.0,7550.0,7500.0,2755.0,3683.0,11350.0,5115.0,25600.0,3410.0,2611.0,5740.0,10250.0,21210.0,1860.0,110000.0,3445.0,52859.0,15378.0,33850.0,20427.0,22250.0,306000.0,20538.0,25050.0,41750.0,8960.0,53750.0,5170.0,2745.0,104748.0,20689.0,17700.0,22300.0,8020.0,8861.0,24266.0,203100.0,7512.0,5090.0,6170.0,5210.0,2560.0,47300.0,9086.0,15050.0,3250.0,48880.0,12210.0,132900,3070.0,21804.0,9920.0,219500.0,19350.0,1791.0,8070.0,4319.0,20362.0,5690.0,,6218.0,1890.0,4495.0,12750.0,20100.0,4235.0,15797.0,64000.0,1870.0,3675.0,,12800.0,10250.0,5990.0,3000.0,3255.0,21398.0,7550.0,10450.0,4935.0,114100.0,4325.0,3045.0,1436.0,6130.0,2310.0,7672.0,5044.0,29369,4600.0,1755.0,13900.0,22750.0,10500.0,2720.0,21365.0,6740.0,7000.0,6430.0,3852.0,14400,12550.0,31650.0,18800.0,28295.0,6300.0,47800.0,24350.0,,87636.0,2285.0,6000.0,20200.0,15082.0,20350.0,4100.0,30828.0,2060.0,34616.0,29750.0,6932.0,986.0,2083.0,3325.0,10800.0,2400.0,6550.0,9655.0,41725.0,8720.0,600.0,4908.0,8830.0,74300.0,15312.0,1690.0,91700.0,4710.0,3636.0,12150.0,1965.0,2000.0,1200.0,6300.0,4160.0,2050,7871.0,2555,7353.0,2431.0,3616.0,15850.0,3515.0,2487.0,6900.0,20700.0,3945.0,1663.0,40000.0,97500.0,36345.0,,507910,3368.0,5730.0,3315.0,2510.0,6320.0,2490.0,1321.0,10150.0,27540.0,8250.0,13938.0,10500.0,1655.0,3516.0,4095.0,2045.0,15450.0,8780.0,911.0,8914.0,1027,81500,1895.0,2870.0,5100.0,,5540.0,9712.0,1410.0,3975.0,70200.0,89025.0,857000.0,109449,5000.0,16450.0,3285.0,14764.0,7281.0,3135.0,28150.0,10334.0,51300.0,4000.0,2190.0,24100.0,1875.0,2998.0,94200,4510.0,23900.0,1711.0,9248.0,3775.0,11648.0,16883.0,4279,8079.0,12050.0,9565,15250.0,,47800.0,10052.0,16280.0,3215.0,2880.0,138870.0,14600.0,5509.0,6162.0,20300.0,22091.0,18400.0,3255.0,9430.0,10000.0,,1770,4515.0,,5250.0,2545.0,69785.0,3311.0,15588.0,8081.0,1038,3800.0,7470.0,15616,1705.0,9230.0,27307,5400.0,200000.0,4196.0,2540.0,4220.0,7310.0,3090.0,16100.0,2288.0,6140.0,6850.0,18030.0,9714.0,7667.0,38601,4199.0,2155.0,6360.0,15500.0,920.0,21851.0,2945.0,92400.0,23931.0,21000.0,1800.0,4000.0,1120.0,75455.0,8810.0,4422.0,17550.0,4085.0,,18269.0,9451.0,20400.0,15200.0,2830.0,35042.0,6010.0,149621.0,2927.0,6669.0,3000.0,3490.0,,1805.0,1885.0,3763.0,21650.0,1875.0,8850.0,38850.0,,5150.0,12300.0,4512.0,5820.0,5130.0,7009,12650.0,5700.0,,5605.0,6525.0,40600.0,21300.0,4910.0,9230.0,6217.0,2765.0,34550.0,33300.0,6354.0,5293.0,312800.0,8400.0,3370.0,6150.0,4750.0,4331.0,3382.0,704.0,54010.0,9670.0,14550,11091.0,70500.0,3660.0,1898.0,32300.0,3963.0,22750.0,6560.0,11757.0,8433.0,89500.0,25574.0,3440.0,147500.0,,2095.0,9889.0,2759.0,,5950.0,6430.0,415734.0,15023.0,5520.0,5940.0,12300.0,12266.0,3330.0,5960.0,11850.0,11200.0,,52942.0,991.0,720.0,1370.0,9172.0,2804.0,1960.0,2885.0,16601.0,2280.0,4190.0,2017.0,7010.0,15400.0,10128.0,1275.0,48666.0,17412.0,7510.0,4436.0,45658,12169.0,45400.0,74152.0,5650.0,6060.0,63500.0,,2761.0,20300.0,2566.0,5700.0,9520.0,13300.0,5604.0,8620.0,3978,9695.0,26114.0,4296.0,3470.0,9520.0,5275.0,6129.0,1730.0,4585.0,5210.0,1240.0,2833.0,6699.0,10150.0,5248.0,12729.0,5100.0,5000.0,5020.0,5130.0,5130.0,3992.0,3247.0,,3598.0,5000.0,5050.0,5050.0,5040.0,5080.0,5080.0,7371.0,3295.0,7268.0,67017.0,28756.0,23350.0,16500.0,,14200.0,92151.0,58650.0,26894,14585.0,1220.0,5950.0,8380.0,4610.0,,4675.0,4900.0,2800.0,14300.0,12352.0,1059.0,5510.0,,1163.0,420947.0,7043.0,8500.0,1244.0,34000.0,41100.0,,6305.0,4410.0,10910.0,4095.0,6204.0,5747.0,14135.0,2390.0,26270.0,9123,,5390.0,7371.0,1045.0,,6700.0,1388.0,,9100.0,411000.0,2920.0,3430.0,2905.0,6020.0,2360,8300.0,5080.0,5170.0,5090.0,5150.0,3625.0,3194.0,8090.0,,,21319.0,10350.0,4737.0,5385.0,73800.0,1890.0,7300.0,5207.0,3250.0,21481.0,,35000.0,7638.0,3708.0,15650.0,4023.0,3325.0,3925.0,11600.0,4464.0,1987.0,15200.0,2368.0,7054.0,4815.0,12485.0,15050.0,2451.0,2055.0,4695.0,3468.0,9574.0,47030.0,462.0,11150.0,29501.0,6225.0,4013,83406.0,6578.0,97903.0,50656.0,23000.0,13185.0,23163.0,411000.0,11050.0,3259.0,18734.0,1080.0,13000.0,2090.0,1616.0,,37482.0,10400.0,40250.0,3350.0,9470.0,3802.0,7211.0,3660,43216.0,2320.0,7692.0,5064.0,3534.0,10350.0,,7166.0,21393.0,26984.0,19850.0,12298.0,4080.0,5228.0,,1560.0,1965.0,13450.0,6410.0,2835.0,20766.0,,11220.0,34800.0,20780.0,7400.0,11474.0,29094.0,11375.0,33950.0,12800.0,,177000.0,23600.0,5149.0,45295.0,6670.0,,4349.0,2500.0,6984.0,440166.0,,1435.0,,,,17400.0,,58300.0,7272.0,2254.0,14520.0,5385.0,30100.0,699671,3195.0,57135,8295.0,11748.0,152220.0,,14268,4445.0,6250.0,20370.0,3090.0,13340.0,8480.0,,7720.0,185112.0,,22690.0,2770.0,25609.0,10412.0,2925.0,4863.0,6537,78500.0,14000.0,3850.0,27967.0,22298.0,3390.0,,3934.0,2899.0,3550.0,984.0,53000.0,30650.0,11401.0,3715.0,19950.0,11653.0,25418.0,5170.0,11900.0,6550.0,9715.0,179351.0,10300.0,9307.0,,,4772.0,4050.0,7704.0,1545.0,10650.0,4510,4293.0,2230.0,4210.0,,4275.0,4230.0,4700.0,3115.0,74000.0,12550.0,13375.0,7980.0,12950.0,2450.0,3830,2765.0,4220.0,4720.0,1741.0,15650.0,3972.0,14843.0,1175,12500.0,15450.0,4187.0,10600.0,11897.0,10074.0,3435.0,,10489.0,72975,2380.0,2375.0,,12217.0,3342.0,,4625.0,4401.0,408083,2298.0,15764.0,,26590.0,19050.0,24200.0,2274.0,,,,1019.0,,2023.0,,,4065.0,9570.0,18650.0,12900.0,9890.0,,2575,4569.0,7955.0,,7740.0,1573.0,3515.0,3490,4490.0,25109.0,36594.0,3340.0,3320.0,162415.0,14100.0,7827.0,40600.0,4460.0,102500.0,13361.0,,47200.0,5720.0,11150.0,125148.0,16000.0,3523.0,,8360.0,3135.0,,27000.0,,,,,11178.0,4015.0,20674.0,10550.0,,27682.0,,,3020.0,11306.0,,58500.0,10490.0,22500.0,56402.0,3533.0,24700.0,4844.0,13625.0,6710.0,,852.0,1820.0,5500.0,,16625.0,33100.0,6560.0,46286.0,244104.0,194512.0,10800.0,,31450.0,2455.0,,,40770.0,,4133.0,13594.0,22637.0,1204.0,70384.0,14384.0,22296.0,12300.0,,1085.0,,68940.0,2690.0,27000.0,9930.0,63424.0,,10125.0,,2087.0,14390.0,13596.0,18476.0,3800.0,10500.0,21505.0,,,,18954.0,16075.0,,,,15154.0,26676.0,103600.0,179347.0,18920.0,110100.0,13695.0,14785.0,19600.0,,2368.0,10561.0,,,,2417.0,2216.0,22200.0,,,4750.0,10861.0,,,,4720.0,,,,,,,,,,,,,,,,,,,,,,,,,,,,,,,,,,,,,,,,,,,,,,,,,,,,,,,,,,,,,,,,,,,,,,,,,,,,,,,,,,,,,,,,,,,,,,,,,,,,,,,,,,,,,,,,,,,,,,,,,,,,,,,,,,,,,,,,,,,,,,,,,,,,,,,,,,,,,,,,,,,,,,,2163.0,1880.0,1454.0,1898.0,94093.0,148437.0,11692.0,1932.0,,,,,,,,3380.0,,,,
2015-08-31,7100.0,20950.0,35035.0,178000.0,15350.0,7448.0,,5880.0,9300.0,9493.0,3049.0,84400.0,154728.0,35800.0,122218.0,32303.0,21950.0,65600.0,24760.0,4150.0,57900.0,13500.0,15550.0,3480.0,26144.0,14582.0,1130.0,3080.0,8722.0,2785.0,3800.0,2820.0,31900.0,25935.0,205461.0,21350.0,12700.0,7820.0,1570.0,10270.0,84400.0,31500.0,17087.0,6490.0,2570.0,45832.0,4275.0,5500.0,26000.0,83900.0,124000.0,91452.0,4100.0,80300.0,2185.0,2070.0,7540.0,31124.0,1078438,2380.0,36400.0,3920.0,344593.0,25900.0,2800.0,18550.0,166500.0,15233.0,6274.0,9305.0,1265.0,831.0,33630.0,,16517.0,16932.0,1000.0,2476.0,4160.0,478000.0,17850.0,10620.0,3110.0,58826.0,6340.0,14906.0,8370.0,20550.0,18620.0,1189000.0,15231.0,6900.0,,6610.0,2160.0,54979.0,128309.0,2055.0,2830.0,43824.0,10917.0,7160.0,1615.0,2985.0,32300.0,111000.0,8444.0,80924.0,19400.0,35550.0,8150.0,11000.0,5670.0,1715.0,8960.0,7980.0,250500.0,19154.0,6280.0,3633.0,,18800.0,10702.0,10700.0,42900.0,10400.0,5870.0,28800.0,115000.0,82700.0,19010.0,810.0,2080.0,7380.0,58352.0,11350.0,10784.0,18550.0,2296.0,22000.0,18100.0,12400.0,3122.0,1481.0,1813.0,98700.0,6876.0,3305.0,21700.0,43400.0,228521.0,149000.0,3987.0,31750.0,190000.0,26100.0,366000.0,37750.0,8242.0,12400.0,5290.0,8220.0,39938.0,22000.0,15800.0,24661.0,12395.0,4200.0,4950.0,13350.0,2970.0,41210.0,4893.0,4860.0,31150.0,197500.0,24350.0,14050.0,21603.0,82728.0,,145500.0,9800.0,11000.0,11300.0,6300.0,2842.0,4190.0,31400.0,57133.0,1180.0,72400.0,1785.0,9650.0,1042000.0,8397.0,10224.0,1796.0,35102.0,53253.0,2420.0,1835,55391.0,9200.0,7493.0,20150.0,8930.0,8030.0,4830.0,22600.0,26700.0,5430.0,1060.0,3780.0,2400.0,2475.0,54300.0,1020.0,5089.0,1902.0,69000.0,1845.0,131991.0,2471.0,3165.0,20400.0,60700.0,6990.0,3838.0,3970.0,318500.0,1765.0,13850.0,7300.0,31000.0,3700.0,3965.0,2395.0,5650.0,10351.0,10950.0,35800.0,4025.0,20702.0,84000.0,3155.0,2800.0,8640.0,8134.0,2340.0,,6160.0,2387.0,2990.0,5810.0,3370.0,3240.0,60000.0,3280.0,11849.0,91900.0,31850.0,6732.0,104500.0,3472.0,3290.0,3415.0,24350.0,3400.0,3820.0,7240.0,5900.0,2300.0,2295.0,28718.0,54800.0,47123.0,11440.0,649.0,2502.0,6975.0,116905.0,206500.0,13702.0,6045.0,3940.0,12100.0,17300.0,93900.0,11470.0,2972.0,3440.0,34100.0,5470.0,,1385.0,2691.0,9370.0,3735.0,5200.0,,11250.0,44420.0,12300.0,1005.0,6232.0,16800.0,4485.0,3115.0,5130.0,2520.0,10350.0,8090.0,3870.0,64843.0,1335.0,6750.0,5370.0,3582.0,7107.0,36150,8120.0,51988,15100.0,7459.0,48000.0,13450.0,6060.0,2335.0,52300.0,95600.0,45778.0,137864.0,29550.0,23150.0,2895.0,12350.0,34400.0,1608.0,2585.0,3013.0,4460.0,136000.0,4340.0,3715.0,4220.0,10081.0,44216.0,18900.0,7820.0,2260.0,67700.0,40772.0,256500.0,6081.0,20710.0,1651.0,84726.0,6362.0,6757.0,1280.0,1560.0,4149.0,6760.0,10779.0,19000.0,4140.0,4607.0,39100.0,5935.0,4400.0,3479.0,24198.0,5995.0,2220.0,84400.0,7260.0,2636.0,25203.0,5090.0,3375.0,11450.0,10450.0,5010.0,3860.0,14348.0,29900.0,7150.0,6040.0,38650.0,22400.0,2910.0,2600.0,4992.0,4960.0,36976.0,2171.0,2230.0,3896.0,2387.0,1860.0,4150.0,23467.0,52729.0,9200.0,1253.0,5110.0,101500.0,2450.0,34961.0,1155.0,10450.0,1538.0,2790.0,12932.0,7240.0,1630.0,161200.0,2865.0,12650.0,127500.0,51934.0,1535.0,4480.0,985.0,16457.0,51534.0,200000.0,57700.0,17400.0,43766.0,42499.0,6770.0,33129,9740.0,2905.0,1908.0,45300.0,1995.0,9450.0,40328.0,2235.0,3085.0,10255.0,2077.0,4525.0,2705.0,11000.0,3922.0,606.0,7770.0,1310.0,3555.0,2970.0,4150.0,7000.0,6700.0,2470.0,3130.0,10500.0,6165.0,22050.0,3065.0,2624.0,5150.0,9360.0,19500.0,1650.0,110500.0,3400.0,50097.0,14077.0,34400.0,21305.0,25000.0,270000.0,21669.0,21700.0,40400.0,8840.0,66500.0,4000.0,2351.0,99240.0,15836.0,14000.0,21200.0,6450.0,8970.0,27076.0,199200.0,7143.0,4320.0,5320.0,4945.0,4540.0,39900.0,6563.0,12300.0,2500.0,50780.0,11410.0,109700,3800.0,26429.0,9750.0,218500.0,18800.0,1626.0,8720.0,4158.0,20794.0,5050.0,,6019.0,1525.0,4150.0,13300.0,15100.0,4260.0,14261.0,62500.0,1500.0,3145.0,,12625.0,7720.0,5900.0,3283.0,2960.0,21591.0,6250.0,11250.0,3775.0,107900.0,6362.0,3360.0,1596.0,5360.0,2120.0,7924.0,4429.0,24281,3590.0,1600.0,14400.0,22300.0,10550.0,2450.0,19860.0,6670.0,6200.0,5520.0,3351.0,11850,13650.0,44000.0,20450.0,32140.0,6750.0,43200.0,18650.0,,72416.0,1970.0,4930.0,17100.0,16758.0,18650.0,3075.0,29895.0,1986.0,28229.0,36150.0,6440.0,871.0,1338.0,2765.0,11700.0,2480.0,6110.0,7762.0,37355.0,7130.0,572.0,3887.0,8180.0,75025.0,13200.0,1645.0,89400.0,5900.0,3511.0,9050.0,1867.0,2110.0,1365.0,4575.0,3780.0,1865,7754.0,2940,10066.0,2319.0,3403.0,14150.0,4710.0,2631.0,6370.0,21800.0,3350.0,1492.0,40000.0,92300.0,45360.0,,549460,2695.0,5410.0,3900.0,2890.0,6450.0,1990.0,819.0,8390.0,26910.0,7025.0,11403.0,9690.0,1500.0,3381.0,3915.0,1855.0,14350.0,8299.0,846.0,8204.0,950,55000,1480.0,2566.0,4076.0,,5300.0,10081.0,1287.0,3690.0,90000.0,91025.0,802000.0,125397,4565.0,13425.0,3385.0,13417.0,6950.0,2795.0,25200.0,9798.0,46450.0,4990.0,2190.0,20000.0,2050.0,2581.0,83400,4015.0,19650.0,1588.0,8454.0,3775.0,11123.0,16785.0,4657,7957.0,10850.0,5726,12900.0,,45000.0,10958.0,12069.0,3105.0,2760.0,136455.0,11100.0,4745.0,5648.0,17550.0,18059.0,16650.0,3100.0,9760.0,8775.0,,1645,4900.0,,5010.0,2105.0,54935.0,2688.0,14042.0,7966.0,940,3800.0,7490.0,14614,1710.0,9200.0,33414,4920.0,199000.0,4144.0,2676.0,3950.0,5970.0,2960.0,12650.0,2056.0,4710.0,5380.0,16409.0,7771.0,6681.0,26570,3778.0,1935.0,5955.0,16300.0,920.0,20380.0,2465.0,72400.0,19688.0,22900.0,1685.0,6240.0,1581.0,79108.0,7210.0,4413.0,17150.0,4720.0,,18419.0,7868.0,24600.0,14600.0,2555.0,35648.0,4970.0,138700.0,2983.0,7111.0,2325.0,3250.0,,1600.0,1795.0,4640.0,19300.0,1885.0,8380.0,42500.0,,4290.0,8640.0,4092.0,5220.0,4680.0,7009,9620.0,6130.0,,4754.0,5800.0,44500.0,19400.0,4615.0,7470.0,5362.0,2725.0,30150.0,29950.0,5276.0,4382.0,282710.0,4630.0,2910.0,6340.0,3960.0,3958.0,2913.0,644.0,49226.0,9480.0,13000,9620.0,58800.0,3285.0,1666.0,31200.0,3971.0,19550.0,6540.0,17180.0,7413.0,76000.0,26732.0,4060.0,150500.0,,2420.0,8945.0,2340.0,,5230.0,6367.0,399246.0,11946.0,4960.0,5140.0,8255.0,14456.0,3384.0,5410.0,10050.0,10550.0,,48857.0,914.0,1330.0,1155.0,9072.0,2645.0,1755.0,2490.0,15578.0,2455.0,3815.0,1632.0,7300.0,15350.0,9815.0,1180.0,38773.0,23402.0,6949.0,4114.0,47192,10392.0,46450.0,72251.0,5250.0,9977.0,57700.0,,2575.0,19300.0,2413.0,5250.0,9490.0,11300.0,4995.0,8400.0,3732,10191.0,28315.0,3390.0,3520.0,8190.0,4360.0,8928.0,1560.0,4175.0,4735.0,1030.0,2500.0,5084.0,8975.0,5888.0,10985.0,5000.0,4995.0,4510.0,5080.0,5080.0,3792.0,2851.0,,3260.0,5030.0,5020.0,5020.0,5050.0,5080.0,5030.0,6588.0,3565.0,7035.0,65834.0,29602.0,24750.0,13100.0,,9800.0,82820.0,58220.0,22145,13570.0,1203.0,5430.0,7900.0,3810.0,,4300.0,4985.0,2710.0,13250.0,9810.0,913.0,5780.0,,965.0,402601.0,6818.0,7650.0,2275.0,28300.0,36285.0,,6881.0,4195.0,10612.0,3840.0,5724.0,5392.0,13060.0,2160.0,15190.0,8010,,4130.0,8156.0,1010.0,,7070.0,1388.0,,11800.0,378500.0,2770.0,2950.0,2590.0,5650.0,2215,6850.0,5100.0,5060.0,5090.0,5030.0,3140.0,2785.0,7800.0,,,19898.0,10200.0,7878.0,4305.0,70500.0,1900.0,7800.0,4867.0,2635.0,15208.0,,32700.0,8699.0,2533.0,14600.0,3706.0,3275.0,3255.0,12200.0,3910.0,2248.0,19850.0,1555.0,6315.0,4600.0,13589.0,11900.0,2382.0,1670.0,4078.0,4392.0,8401.0,34065.0,398.0,10250.0,23470.0,5450.0,3571,76712.0,6163.0,98296.0,44618.0,15500.0,6701.0,17132.0,393000.0,9060.0,4385.0,18633.0,948.0,12748.0,1720.0,1367.0,,25506.0,9300.0,36500.0,3355.0,8560.0,3773.0,7537.0,3510,35700.0,2470.0,7598.0,4068.0,3816.0,8800.0,,6688.0,17628.0,25059.0,21250.0,11584.0,3675.0,5199.0,,1410.0,2295.0,13700.0,5020.0,2805.0,19874.0,,9650.0,34700.0,21890.0,7530.0,9473.0,29289.0,13954.0,35350.0,12150.0,,157000.0,24000.0,4946.0,44740.0,6290.0,,4044.0,2267.0,7053.0,530768.0,,1240.0,,,,17400.0,,61300.0,9857.0,2156.0,11412.0,5030.0,31300.0,792518,2925.0,48623,8580.0,11298.0,170210.0,,15428,4180.0,4970.0,15720.0,2960.0,13840.0,7560.0,,7130.0,160483.0,,19960.0,2475.0,25514.0,9254.0,2970.0,4097.0,5726,72900.0,13950.0,3850.0,26400.0,16029.0,3649.0,,3917.0,2205.0,3385.0,1116.0,58200.0,31900.0,11618.0,4167.0,15350.0,12053.0,29353.0,5440.0,12300.0,6470.0,9058.0,147135.0,10100.0,6212.0,,,3269.0,3745.0,7562.0,1435.0,10000.0,4261,4002.0,2290.0,3705.0,,3962.0,4005.0,5550.0,2760.0,82600.0,11250.0,16800.0,7760.0,13000.0,2365.0,4435,2470.0,3745.0,4450.0,1626.0,14600.0,3586.0,13062.0,1125,13850.0,10300.0,3696.0,9880.0,10820.0,7739.0,3435.0,,9140.0,77840,2210.0,2325.0,,10281.0,3959.0,,4640.0,4549.0,332000,1951.0,11636.0,,17966.0,18150.0,29850.0,2225.0,,,,1036.0,,2035.0,,,4140.0,8990.0,15320.0,11000.0,9090.0,,2480,4808.0,7800.0,,5790.0,1410.0,3555.0,3365,4080.0,21021.0,28810.0,3130.0,3035.0,178125.0,12100.0,6438.0,36950.0,3660.0,104000.0,12586.0,,55400.0,5400.0,9900.0,106240.0,14050.0,3362.0,,6382.0,3015.0,,23600.0,,,,,11438.0,3000.0,16004.0,11100.0,,24014.0,,,3280.0,10519.0,,50000.0,10405.0,21800.0,49591.0,4043.0,22200.0,4209.0,12975.0,5875.0,,1004.0,9830.0,6575.0,,12675.0,29700.0,5676.0,42191.0,216499.0,206938.0,9710.0,,28050.0,2282.0,,,35580.0,3840.0,4312.0,5338.0,15983.0,1095.0,58697.0,9022.0,22168.0,11450.0,,1045.0,,62880.0,2495.0,30000.0,9930.0,56317.0,,9845.0,,2034.0,13409.0,12556.0,17361.0,4040.0,8220.0,14765.0,,,,19051.0,19675.0,,,,13539.0,23606.0,75300.0,165752.0,17535.0,93000.0,13415.0,14445.0,13900.0,,2267.0,9753.0,,,,2336.0,2165.0,21550.0,,,4470.0,10656.0,,,12729.0,3996.0,25930.0,,,,,,11226.0,,,,,,,,,,,,,,,,,,,,,,,,,,,,,,,,,,,,,,,,,,,,,,,,,,,,,,,,,,,,,,,,,,,,,,,,,,,,,,,,,,,,,,,,,,,,,,,,,,,,,,,,,,,,,,,,,,,,,,,,,,,,,,,,,,,,,,,,,,,,,,,,,,,,,,,,,,,,,,,,2049.0,1850.0,1259.0,2029.0,95894.0,134564.0,9606.0,1697.0,,,,,,,,3240.0,,,,
2015-09-30,7020.0,20800.0,34330.0,199500.0,13350.0,7500.0,,5880.0,9830.0,9493.0,3036.0,82600.0,137273.0,33550.0,127306.0,33276.0,21900.0,65500.0,24860.0,4025.0,54900.0,14650.0,14100.0,2680.0,29924.0,14537.0,1354.0,3045.0,9446.0,3245.0,3400.0,2950.0,30100.0,25935.0,333769.0,19500.0,11150.0,7950.0,1675.0,11115.0,90500.0,30800.0,14996.0,6720.0,2500.0,46274.0,3945.0,7650.0,26300.0,67200.0,122500.0,100158.0,4025.0,52500.0,2190.0,1915.0,7800.0,30924.0,1026571,2370.0,36000.0,3840.0,362591.0,23000.0,2760.0,18600.0,161000.0,14125.0,5146.0,8885.0,1250.0,917.0,31940.0,,18124.0,12983.0,930.0,2621.0,4360.0,516000.0,17900.0,9672.0,3040.0,58826.0,6170.0,13442.0,8390.0,18300.0,16841.0,1197000.0,15642.0,7500.0,,6640.0,2035.0,57530.0,111651.0,2160.0,2705.0,44382.0,10871.0,7390.0,1690.0,3130.0,31960.0,116000.0,8197.0,81421.0,18100.0,40250.0,11450.0,10350.0,5566.0,1875.0,9710.0,7708.0,236500.0,26569.0,6490.0,3648.0,,18350.0,11616.0,10550.0,44300.0,10550.0,4855.0,30000.0,112000.0,55300.0,21596.0,798.0,2310.0,7050.0,51286.0,10750.0,10498.0,15150.0,2738.0,19300.0,17800.0,11750.0,3268.0,1470.0,2053.0,98500.0,9964.0,3430.0,25300.0,40050.0,241222.0,164000.0,4116.0,33200.0,168500.0,26300.0,316000.0,32100.0,6386.0,13400.0,5000.0,8400.0,42504.0,16750.0,16950.0,22506.0,14826.0,4367.0,5170.0,14550.0,2960.0,44219.0,4867.0,5350.0,34300.0,187000.0,24550.0,14100.0,22000.0,106225.0,,166000.0,9920.0,12320.0,9500.0,8130.0,4058.0,4320.0,31800.0,52172.0,1075.0,79000.0,1685.0,9130.0,1039000.0,8219.0,8826.0,1829.0,29242.0,59295.0,2355.0,2015,53532.0,9675.0,7254.0,13400.0,9920.0,7900.0,4565.0,20150.0,24300.0,5360.0,1125.0,3710.0,2465.0,2440.0,49700.0,965.0,6709.0,1792.0,75300.0,1940.0,114667.0,1923.0,3110.0,20250.0,64300.0,7450.0,3944.0,3425.0,285500.0,1840.0,13550.0,9500.0,38850.0,3855.0,4480.0,2370.0,5120.0,10395.0,12450.0,37100.0,3530.0,24579.0,85500.0,3120.0,2890.0,9100.0,8893.0,2223.0,,7330.0,2387.0,2995.0,6040.0,3215.0,3680.0,62600.0,3505.0,12024.0,88000.0,33300.0,7014.0,129000.0,3781.0,3445.0,3480.0,24350.0,3320.0,3675.0,7260.0,7005.0,2335.0,2395.0,32500.0,53200.0,45443.0,11020.0,670.0,2687.0,7375.0,113235.0,231500.0,18859.0,7375.0,3940.0,11750.0,16550.0,93300.0,11370.0,2780.0,3750.0,34150.0,4630.0,,1130.0,2829.0,9400.0,4130.0,5600.0,,12100.0,48130.0,9410.0,1090.0,12608.0,13680.0,4395.0,3030.0,5150.0,2605.0,10150.0,7580.0,3950.0,65074.0,2155.0,2840.0,5290.0,3519.0,6920.0,36400,8080.0,59537,16100.0,7526.0,49000.0,13400.0,6120.0,2975.0,42400.0,80000.0,40464.0,162330.0,23850.0,20500.0,2970.0,12800.0,37500.0,1608.0,2558.0,2900.0,4135.0,127500.0,4190.0,3495.0,4195.0,10732.0,34146.0,21250.0,8020.0,2350.0,69500.0,39866.0,288000.0,6267.0,19260.0,1766.0,81658.0,6945.0,7296.0,1290.0,1540.0,4261.0,7050.0,9428.0,19040.0,4230.0,4650.0,39150.0,8559.0,4885.0,3244.0,25200.0,5770.0,2440.0,83700.0,8800.0,2824.0,27159.0,5530.0,3495.0,10800.0,10600.0,5230.0,4430.0,14074.0,29200.0,7454.0,6090.0,39500.0,23000.0,3420.0,2580.0,5011.0,5320.0,37877.0,2200.0,2535.0,3945.0,3279.0,1900.0,4120.0,22125.0,51503.0,7660.0,1278.0,5290.0,102000.0,3115.0,50975.0,1175.0,9350.0,1977.0,2705.0,12733.0,5950.0,2400.0,126000.0,3020.0,14700.0,110000.0,52063.0,1415.0,4602.0,1068.0,19013.0,58538.0,190000.0,62600.0,18200.0,31559.0,36131.0,5575.0,50195,8720.0,2870.0,2128.0,48800.0,2010.0,8815.0,33878.0,2405.0,2695.0,10286.0,2684.0,4434.0,3750.0,12100.0,4308.0,649.0,8770.0,1280.0,3340.0,2930.0,4125.0,7160.0,7050.0,2900.0,3342.0,11300.0,9915.0,21300.0,3165.0,2708.0,6050.0,11800.0,19010.0,2000.0,111500.0,3525.0,46399.0,16182.0,39700.0,20935.0,26850.0,244000.0,23437.0,20675.0,41200.0,9940.0,63750.0,3885.0,2497.0,102745.0,18863.0,15300.0,19900.0,7330.0,11721.0,25270.0,185300.0,6136.0,4190.0,5390.0,5650.0,4720.0,43100.0,6255.0,11150.0,2350.0,46210.0,11940.0,91100,3590.0,26713.0,9400.0,189000.0,17400.0,1791.0,8880.0,4211.0,20578.0,5390.0,,4868.0,1675.0,4295.0,11850.0,21650.0,5650.0,13769.0,62000.0,1455.0,3375.0,,11650.0,11950.0,5790.0,3092.0,4040.0,15278.0,6300.0,11300.0,3710.0,109900.0,5406.0,3300.0,1602.0,6140.0,2145.0,7747.0,4496.0,23356,4700.0,1780.0,13200.0,20250.0,12900.0,2480.0,19915.0,6650.0,6260.0,6230.0,3656.0,11650,12400.0,39750.0,20750.0,36346.0,7260.0,38900.0,20350.0,,83951.0,2100.0,5000.0,17050.0,29465.0,19000.0,3430.0,28296.0,2020.0,27103.0,39150.0,7678.0,920.0,1408.0,2870.0,13650.0,2555.0,6030.0,8506.0,40815.0,7950.0,587.0,4947.0,8755.0,86100.0,13112.0,1685.0,82500.0,7510.0,3867.0,8950.0,1981.0,2130.0,1255.0,4490.0,4850.0,2090,9383.0,2920,9016.0,2702.0,3228.0,14200.0,4230.0,2557.0,6380.0,20750.0,3810.0,1628.0,40000.0,67900.0,45210.0,,552850,2337.0,5800.0,3100.0,2750.0,6330.0,2201.0,1367.0,8230.0,31130.0,7225.0,10916.0,10950.0,1640.0,3702.0,3785.0,1930.0,14900.0,8736.0,1055.0,9527.0,1141,46850,1415.0,2901.0,4936.0,,4950.0,11093.0,1497.0,4380.0,78200.0,79675.0,854000.0,118093,4470.0,12175.0,3310.0,14350.0,8191.0,4120.0,29400.0,12270.0,39500.0,6360.0,2190.0,16900.0,2030.0,2847.0,85500,4530.0,20350.0,1668.0,8213.0,3880.0,17759.0,18048.0,4527,8417.0,10550.0,5930,12500.0,,42600.0,21248.0,11087.0,3320.0,3195.0,151140.0,13300.0,5383.0,5767.0,19550.0,19837.0,17600.0,3530.0,10000.0,9600.0,,1830,4875.0,,5520.0,2340.0,48435.0,3025.0,15961.0,8693.0,935,2205.0,7400.0,15616,1765.0,8850.0,30142,5330.0,193000.0,4364.0,2436.0,3755.0,5500.0,3040.0,14150.0,1921.0,5160.0,5390.0,16715.0,9425.0,6226.0,26767,4041.0,2115.0,6140.0,15350.0,920.0,23782.0,2600.0,68900.0,19116.0,21850.0,1730.0,10400.0,1596.0,104049.0,6660.0,4654.0,17200.0,7000.0,,19923.0,9274.0,20800.0,14550.0,2850.0,36585.0,5060.0,160343.0,2992.0,8062.0,2820.0,3090.0,,1946.0,2375.0,3735.0,17550.0,1755.0,8220.0,65250.0,,4550.0,9780.0,4652.0,4990.0,4430.0,4888,7200.0,6620.0,,5464.0,6744.0,45650.0,17900.0,5230.0,6980.0,5547.0,2990.0,29050.0,30600.0,5224.0,4512.0,294110.0,7300.0,3110.0,6210.0,3985.0,3904.0,3130.0,892.0,47076.0,12600.0,12050,8955.0,55200.0,3260.0,1812.0,31950.0,4351.0,19550.0,7280.0,15024.0,6589.0,81000.0,27624.0,4090.0,134000.0,,2115.0,10356.0,2712.0,,5680.0,6331.0,383936.0,13687.0,5480.0,9230.0,7980.0,13125.0,3910.0,5990.0,9730.0,10400.0,,49844.0,1025.0,2260.0,1115.0,8320.0,2869.0,1865.0,2435.0,17624.0,2940.0,4300.0,1965.0,7800.0,14600.0,10232.0,1265.0,39793.0,22324.0,6644.0,4387.0,53877,9725.0,45550.0,66547.0,5170.0,10969.0,50700.0,,2561.0,16850.0,2912.0,5910.0,8895.0,12350.0,5288.0,8620.0,3647,7711.0,25580.0,3884.0,4200.0,8600.0,3980.0,8359.0,1515.0,4975.0,5370.0,1125.0,2440.0,5345.0,9575.0,6086.0,10558.0,4950.0,5030.0,5010.0,5000.0,5050.0,3817.0,2896.0,,3422.0,5050.0,5030.0,5050.0,5010.0,5020.0,5030.0,6664.0,4020.0,7468.0,55993.0,31908.0,24250.0,14900.0,,10850.0,64474.0,53680.0,20595,13062.0,1593.0,5780.0,7420.0,3640.0,,6890.0,4000.0,2760.0,10450.0,9129.0,1086.0,5910.0,,1109.0,337120.0,6268.0,8480.0,1503.0,24350.0,40350.0,,7888.0,4835.0,11484.0,3825.0,6326.0,5266.0,18967.0,2435.0,11110.0,9327,,4125.0,8941.0,1315.0,,9070.0,1383.0,,13250.0,385000.0,2965.0,3130.0,2515.0,5530.0,2350,6650.0,5040.0,5060.0,5080.0,5100.0,2995.0,4966.0,9400.0,,,19072.0,11550.0,8668.0,4755.0,73300.0,1940.0,7660.0,5433.0,3175.0,13774.0,,32750.0,7797.0,3064.0,16500.0,3789.0,3230.0,4140.0,13150.0,4262.0,2183.0,18100.0,1921.0,6179.0,4730.0,13804.0,10700.0,2451.0,1770.0,4069.0,4958.0,7894.0,29053.0,525.0,10400.0,20806.0,5825.0,4377,85233.0,7918.0,96427.0,45959.0,17433.0,6381.0,13809.0,380500.0,8210.0,3235.0,18741.0,1140.0,12345.0,2210.0,1282.0,,28039.0,10100.0,33200.0,3450.0,8860.0,3754.0,8516.0,3985,36451.0,2230.0,9001.0,4279.0,3728.0,7420.0,,6857.0,16919.0,22078.0,20850.0,11187.0,3515.0,5596.0,,1380.0,2225.0,13000.0,5180.0,3060.0,18803.0,,11460.0,31750.0,21055.0,7130.0,9606.0,29192.0,12579.0,32900.0,12850.0,,160500.0,22300.0,4996.0,46176.0,5980.0,,4304.0,1963.0,7022.0,446144.0,,974.0,,,,17400.0,,60500.0,12072.0,1999.0,10012.0,6600.0,33250.0,797476,2992.0,58803,8240.0,10873.0,180350.0,,14672,4200.0,4522.0,18730.0,3495.0,18910.0,7300.0,,7200.0,169153.0,,23890.0,2625.0,23720.0,11364.0,2965.0,4062.0,5524,70000.0,15000.0,3850.0,22967.0,20212.0,3673.0,,3617.0,3408.0,3735.0,2700.0,52200.0,29400.0,12575.0,4034.0,16600.0,10217.0,36996.0,5120.0,14350.0,6930.0,9689.0,134378.0,10900.0,5889.0,,,2882.0,3510.0,6943.0,1425.0,11150.0,4907,4127.0,2160.0,3145.0,,3926.0,3830.0,8000.0,2895.0,91300.0,11300.0,13950.0,10700.0,12400.0,2975.0,5950,2440.0,4460.0,4615.0,1764.0,13950.0,3511.0,13199.0,1013,14600.0,4595.0,4715.0,9330.0,12974.0,7431.0,994.0,,7773.0,96606,2400.0,2400.0,,9380.0,3501.0,,4440.0,4565.0,208883,1994.0,11385.0,,19764.0,20700.0,23100.0,2187.0,,,,1034.0,,1833.0,,,4075.0,8800.0,17319.0,9890.0,9080.0,,2490,5084.0,7955.0,,7280.0,1453.0,3775.0,3295,4035.0,16726.0,30972.0,3465.0,3040.0,240665.0,12550.0,6287.0,39600.0,5920.0,98800.0,12757.0,,46000.0,5040.0,9680.0,103540.0,13900.0,3804.0,,6137.0,2870.0,,24150.0,,,,,11418.0,3270.0,15249.0,11400.0,,24601.0,,,3560.0,10667.0,,45800.0,14440.0,20400.0,52963.0,4574.0,19000.0,5026.0,12650.0,5659.0,,914.0,9850.0,5300.0,,14200.0,35100.0,6091.0,42036.0,215468.0,203592.0,10300.0,,29250.0,2086.0,,,42810.0,3500.0,4021.0,8785.0,14607.0,1156.0,53249.0,7693.0,20895.0,13400.0,,989.0,,62760.0,2465.0,10000.0,8095.0,28295.0,,9925.0,,1953.0,13249.0,11768.0,17808.0,2150.0,9010.0,13607.0,,,,19919.0,19575.0,,,,10347.0,27934.0,82100.0,168729.0,16945.0,86600.0,12925.0,12684.0,19550.0,,2126.0,8703.0,,3571.0,,2266.0,2105.0,21050.0,,,4240.0,10564.0,7170.0,,12963.0,3141.0,25390.0,2100.0,,,,,9942.0,,,,,,,,28650.0,,,,,,,,,,,,,,,,,,,,,,,,,,,,,,,,,,,,,,,,,,,,,,,,,,,,,,,,,,,,,,,,,,,,,,,,,,,,,,,,,,,,,,,,,,,,,,,,,,,,,,,,,,,,,,,,,,,,,,,,,,,,,,,,,,,,,,,,,,,,,,,,,,,,,,,,2031.0,1724.0,1513.0,1976.0,101522.0,145044.0,7224.0,1581.0,,,,,,,,3210.0,,,,
2015-10-31,6920.0,19200.0,39899.0,195000.0,14725.0,6151.0,,6290.0,9450.0,9608.0,3049.0,79900.0,153313.0,30700.0,117977.0,33665.0,20050.0,62200.0,22334.0,4195.0,51500.0,12950.0,12150.0,2950.0,27483.0,17005.0,1299.0,3004.0,9865.0,8265.0,3220.0,3190.0,28750.0,25935.0,443628.0,19450.0,12300.0,7650.0,1875.0,10630.0,79800.0,31100.0,16509.0,6430.0,2250.0,47158.0,3990.0,7710.0,25350.0,64100.0,117000.0,88983.0,4055.0,50800.0,2100.0,2095.0,7470.0,27551.0,879778,2565.0,35100.0,3900.0,358640.0,24950.0,2880.0,17200.0,154000.0,16895.0,5994.0,9625.0,1375.0,881.0,29140.0,,20579.0,16735.0,922.0,2793.0,4190.0,507000.0,17450.0,10836.0,3540.0,54478.0,5980.0,12780.0,8910.0,15800.0,16446.0,1110000.0,13820.0,5640.0,,6590.0,2280.0,62348.0,111201.0,2451.0,2785.0,42048.0,13055.0,7450.0,1790.0,3090.0,30320.0,111000.0,7647.0,83609.0,18000.0,37550.0,12800.0,10900.0,5515.0,1685.0,9730.0,7529.0,232500.0,20482.0,7300.0,3687.0,,17950.0,11159.0,11000.0,43500.0,10350.0,4855.0,25250.0,102500.0,49850.0,22775.0,930.0,2250.0,6810.0,53337.0,10550.0,10080.0,15450.0,2555.0,18800.0,17350.0,11400.0,3259.0,1590.0,2122.0,95800.0,8520.0,3645.0,24600.0,41050.0,223320.0,156000.0,4455.0,30300.0,182000.0,24450.0,282000.0,33900.0,5481.0,12500.0,4905.0,8460.0,31330.0,13100.0,16300.0,24565.0,13551.0,4666.0,5000.0,17850.0,3125.0,41748.0,4700.0,5525.0,38700.0,181500.0,23300.0,14200.0,22000.0,104267.0,,177000.0,10450.0,14110.0,9140.0,6940.0,3782.0,4535.0,33050.0,49264.0,1375.0,68500.0,1775.0,9440.0,1049000.0,8089.0,8495.0,2536.0,24378.0,62763.0,2435.0,2080,47566.0,9950.0,6749.0,12600.0,11050.0,7410.0,4265.0,19800.0,24400.0,5190.0,1195.0,4675.0,2920.0,2595.0,49900.0,1410.0,10791.0,1643.0,70500.0,1975.0,108481.0,2302.0,3060.0,19600.0,65200.0,6440.0,3562.0,3545.0,233500.0,1890.0,13600.0,9690.0,37800.0,4470.0,4715.0,2390.0,5380.0,10697.0,12550.0,37300.0,3630.0,25378.0,72000.0,3200.0,2780.0,9940.0,9615.0,2318.0,,9620.0,2387.0,3000.0,5880.0,3430.0,5860.0,68300.0,3410.0,10947.0,92700.0,24250.0,5880.0,133500.0,4438.0,3200.0,3465.0,24350.0,3570.0,3910.0,7230.0,6955.0,2325.0,2080.0,33500.0,58000.0,45790.0,13370.0,580.0,2761.0,7450.0,110614.0,240000.0,20885.0,7293.0,3980.0,11350.0,16000.0,99000.0,11337.0,2946.0,4150.0,31900.0,4280.0,,1140.0,2507.0,9590.0,4295.0,5630.0,,13100.0,49057.0,8830.0,1135.0,11995.0,12500.0,4520.0,3100.0,4900.0,2600.0,9400.0,7330.0,3865.0,59064.0,1915.0,2635.0,5670.0,3491.0,7821.0,37100,7490.0,71657,14150.0,8412.0,51400.0,12050.0,6130.0,3685.0,37700.0,78200.0,41227.0,216699.0,21300.0,20700.0,2720.0,11900.0,34700.0,1704.0,2488.0,2910.0,3900.0,119000.0,4250.0,3620.0,4350.0,35302.0,34946.0,18550.0,7500.0,2430.0,69000.0,37450.0,256500.0,6539.0,18942.0,1470.0,81658.0,6581.0,8347.0,1200.0,1605.0,4494.0,7630.0,10043.0,18300.0,4265.0,4950.0,38850.0,8007.0,4765.0,3384.0,23124.0,6290.0,2240.0,85200.0,8120.0,3133.0,28022.0,4995.0,3630.0,10200.0,11300.0,5610.0,5000.0,14803.0,24850.0,7255.0,6240.0,36200.0,21300.0,3040.0,2945.0,5158.0,4765.0,33123.0,2411.0,2580.0,4674.0,3083.0,2020.0,3800.0,20030.0,53673.0,7330.0,1372.0,5360.0,98600.0,3420.0,58005.0,1265.0,10050.0,1844.0,3005.0,12847.0,9000.0,2410.0,206000.0,2950.0,10550.0,105000.0,43815.0,1750.0,6498.0,1575.0,11345.0,50783.0,170200.0,60900.0,20000.0,43226.0,34684.0,5758.0,36005,9350.0,3890.0,2056.0,52000.0,2140.0,8645.0,43738.0,2950.0,3535.0,9501.0,2577.0,4880.0,4070.0,10950.0,4228.0,735.0,8830.0,1565.0,3335.0,2345.0,4255.0,7030.0,7825.0,2745.0,3259.0,11250.0,8775.0,18700.0,4715.0,2947.0,5760.0,11050.0,19860.0,2100.0,114000.0,3310.0,47336.0,15760.0,38500.0,19965.0,25450.0,267000.0,21226.0,21725.0,48500.0,9740.0,58500.0,4515.0,2592.0,120170.0,20439.0,12050.0,17000.0,6750.0,14950.0,22801.0,176500.0,7253.0,4630.0,5160.0,5580.0,5450.0,41100.0,6435.0,10700.0,2715.0,47070.0,10899.0,92900,3605.0,25108.0,9310.0,189500.0,15450.0,1753.0,8590.0,4201.0,19115.0,5120.0,,5080.0,1640.0,4390.0,12300.0,23250.0,4780.0,13400.0,59700.0,1745.0,3275.0,,11975.0,7710.0,5620.0,2959.0,4180.0,17591.0,6240.0,8900.0,3720.0,99800.0,4364.0,3675.0,1660.0,6460.0,2980.0,7280.0,4736.0,19183,5870.0,2260.0,14200.0,28400.0,13750.0,3000.0,20470.0,6750.0,7820.0,6170.0,4136.0,14000,10750.0,45800.0,20000.0,30007.0,7080.0,49100.0,21700.0,,89238.0,2260.0,4865.0,18100.0,20985.0,20600.0,3990.0,30828.0,2160.0,39427.0,38950.0,7534.0,968.0,1310.0,3000.0,14600.0,4390.0,4890.0,7537.0,40910.0,9860.0,663.0,5516.0,8855.0,91350.0,13200.0,1710.0,71300.0,6470.0,3951.0,9400.0,2042.0,2420.0,1280.0,4510.0,4270.0,2120,9693.0,2940,7361.0,2665.0,3741.0,19000.0,4970.0,3780.0,6510.0,19950.0,3850.0,1829.0,40000.0,90000.0,80415.0,,566410,3416.0,6600.0,3390.0,2545.0,6540.0,2297.0,1156.0,9610.0,27150.0,8650.0,13810.0,9410.0,2070.0,3685.0,3600.0,1860.0,15900.0,8387.0,1210.0,10188.0,1340,48700,1570.0,2551.0,5465.0,,5550.0,11599.0,1455.0,5860.0,73700.0,107940.0,947000.0,111275,4925.0,12575.0,3440.0,13450.0,5874.0,3740.0,34200.0,12777.0,37300.0,5160.0,2190.0,16250.0,2080.0,2678.0,84000,5700.0,18700.0,1540.0,7419.0,4320.0,12842.0,18000.0,4433,8069.0,9920.0,7043,12350.0,,41550.0,12339.0,10713.0,3510.0,3310.0,154215.0,12050.0,6069.0,5946.0,18000.0,20538.0,17100.0,3385.0,10300.0,9950.0,,1975,5820.0,,5480.0,2400.0,98495.0,3100.0,17038.0,8834.0,1205,3405.0,7600.0,16552,1635.0,8760.0,30535,5720.0,175000.0,4890.0,2135.0,3600.0,5030.0,2860.0,11850.0,1898.0,5450.0,5440.0,14626.0,10764.0,6671.0,23217,4669.0,2165.0,6370.0,20100.0,920.0,26753.0,2330.0,84000.0,18830.0,19100.0,1970.0,8080.0,1686.0,184543.0,6570.0,4612.0,16300.0,5800.0,,20073.0,9172.0,23250.0,18300.0,2560.0,39946.0,5020.0,159564.0,4675.0,9766.0,2885.0,3560.0,,1862.0,2240.0,3824.0,16150.0,1770.0,8700.0,89250.0,,5270.0,9860.0,5803.0,6850.0,4930.0,4742,7640.0,6440.0,,7142.0,33552.0,49100.0,19150.0,4915.0,8100.0,6471.0,3035.0,29050.0,25400.0,5022.0,4443.0,255350.0,5900.0,3335.0,6020.0,4010.0,3732.0,2968.0,1141.0,53386.0,12700.0,10600,9760.0,61600.0,3305.0,1680.0,32550.0,4182.0,18750.0,7650.0,10746.0,7601.0,76200.0,26288.0,4085.0,125500.0,,2200.0,10762.0,3236.0,,5600.0,6241.0,402190.0,13849.0,5710.0,8440.0,8875.0,15130.0,4259.0,6250.0,10300.0,10650.0,,75752.0,1121.0,3730.0,1290.0,7969.0,3009.0,1875.0,3045.0,20301.0,2970.0,4240.0,2067.0,9440.0,14550.0,10058.0,1400.0,43165.0,19728.0,8091.0,4573.0,63198,9414.0,50200.0,65913.0,5520.0,9483.0,50300.0,93600.0,2567.0,16300.0,2993.0,5930.0,8954.0,12850.0,6604.0,8490.0,3727,6575.0,24346.0,4716.0,4520.0,8000.0,4590.0,9894.0,1690.0,5760.0,4860.0,1210.0,2100.0,5844.0,14525.0,6306.0,8770.0,5000.0,4930.0,5000.0,4995.0,4990.0,3692.0,3082.0,,3896.0,5010.0,4990.0,5010.0,4995.0,5020.0,5040.0,6235.0,3675.0,6434.0,57986.0,28564.0,21350.0,17300.0,,9750.0,83292.0,49820.0,21970,14216.0,1723.0,5800.0,6750.0,3740.0,,5390.0,4100.0,3260.0,8400.0,9870.0,1545.0,6090.0,,1099.0,385043.0,5917.0,7070.0,1581.0,21050.0,40350.0,,7773.0,6560.0,12140.0,4150.0,6003.0,5023.0,18432.0,2500.0,13490.0,18573,,3895.0,9118.0,1360.0,,9630.0,1442.0,,12750.0,377500.0,2975.0,3650.0,2710.0,5540.0,2515,6575.0,5010.0,5060.0,5070.0,5080.0,3540.0,4187.0,9830.0,,,15336.0,10950.0,7574.0,4650.0,69500.0,2075.0,7530.0,5053.0,2845.0,18153.0,,31650.0,7744.0,3068.0,15850.0,4077.0,3585.0,3870.0,13400.0,4224.0,2225.0,16750.0,1782.0,5838.0,4735.0,12669.0,10350.0,6739.0,1820.0,4404.0,5723.0,7735.0,31014.0,1170.0,10550.0,19876.0,6250.0,5086,87974.0,7098.0,116598.0,49873.0,18733.0,6232.0,13843.0,350000.0,8300.0,3453.0,18515.0,1315.0,11035.0,1994.0,1597.0,,30170.0,11800.0,38450.0,3710.0,8800.0,3947.0,8430.0,3900,36952.0,2290.0,8767.0,5384.0,3651.0,7290.0,,6850.0,17982.0,27324.0,17800.0,12298.0,4030.0,5388.0,,1580.0,2375.0,12050.0,5590.0,2630.0,19517.0,,9670.0,29150.0,20560.0,7100.0,9806.0,31138.0,16510.0,34000.0,13150.0,,170000.0,21700.0,4891.0,53508.0,6190.0,,4768.0,1967.0,6968.0,363274.0,,1125.0,,,,17400.0,,47900.0,11592.0,2101.0,10106.0,6105.0,31800.0,707192,2850.0,57503,7965.0,10923.0,160060.0,,12352,4330.0,4948.0,14590.0,4180.0,23930.0,6660.0,,6630.0,199361.0,,22770.0,2775.0,23850.0,10752.0,3605.0,4255.0,5549,68900.0,13500.0,3305.0,22933.0,21183.0,4310.0,,3600.0,4270.0,3520.0,4000.0,45450.0,29700.0,14097.0,3848.0,18250.0,9698.0,35322.0,5210.0,11150.0,6640.0,8335.0,150486.0,13250.0,5954.0,,,3275.0,3280.0,6563.0,1540.0,9800.0,5975,4689.0,2050.0,3215.0,,4141.0,3590.0,6960.0,3195.0,83600.0,10600.0,14350.0,9380.0,12250.0,2920.0,7670,2360.0,7360.0,4740.0,1717.0,16700.0,3768.0,12742.0,1075,12800.0,5110.0,5059.0,9330.0,11230.0,7555.0,,,9401.0,83678,2405.0,2260.0,,9012.0,3724.0,,4215.0,4745.0,242083,2007.0,12061.0,,16170.0,19850.0,23200.0,2524.0,,,,1138.0,,1922.0,,,4880.0,7410.0,20115.0,8800.0,8830.0,,2495,5406.0,9040.0,,7470.0,1551.0,3710.0,3335,4085.0,16891.0,34931.0,3610.0,3125.0,239165.0,11850.0,6274.0,43750.0,12150.0,89800.0,12499.0,,46100.0,5280.0,8930.0,112093.0,13150.0,3385.0,,5689.0,2955.0,,21800.0,,,,,12266.0,3285.0,16553.0,10650.0,,21275.0,,8673.0,3730.0,10618.0,,40800.0,17685.0,18800.0,43883.0,5206.0,17250.0,5035.0,11425.0,5230.0,,1103.0,9850.0,4870.0,,13825.0,32750.0,6580.0,38714.0,241143.0,183997.0,11250.0,,30950.0,2268.0,,,47250.0,3470.0,3581.0,6587.0,13344.0,1150.0,58609.0,7040.0,19110.0,12200.0,,989.0,,61500.0,2240.0,8340.0,9585.0,28887.0,,8390.0,,1890.0,12374.0,11439.0,17808.0,2090.0,8550.0,16797.0,,,,19870.0,17750.0,,,,10861.0,35836.0,71500.0,130424.0,16630.0,99900.0,12890.0,12824.0,17100.0,,2126.0,8663.0,,3972.0,,2266.0,2105.0,21050.0,,,4180.0,10002.0,6220.0,,11949.0,2817.0,25450.0,2095.0,,,,,7583.0,,,,,,,10710.0,21950.0,,,,21865.0,,2335.0,,,36250.0,,,,,17900.0,,,,,,,,,,,,,,,,,,,,,,,,,,,,,,,,,,,,,,,,,,,,,,,,,,,,,,,,,,,,,,,,,,,,,,,,,,,,,,,,,,,,,,,,,,,,,,,,,,,,,,,,,,,,,,,,,,,,,,,,,,,,,,,,,,,,,,,,,,2226.0,2253.0,1581.0,1907.0,110001.0,132584.0,7278.0,2221.0,,,,,,,,3585.0,,,,
2015-11-30,7750.0,18950.0,39054.0,192500.0,14575.0,6903.0,,5810.0,9340.0,9493.0,3250.0,80600.0,153784.0,31600.0,106104.0,31086.0,18450.0,52500.0,18482.0,4290.0,58300.0,11750.0,12100.0,2830.0,35240.0,20742.0,1244.0,2508.0,8417.0,6351.0,3220.0,3380.0,28750.0,25935.0,507363.0,21900.0,12500.0,7530.0,1940.0,10630.0,94800.0,33350.0,17176.0,7490.0,2225.0,56049.0,3500.0,9050.0,24250.0,82200.0,106500.0,85252.0,4060.0,43950.0,1975.0,1965.0,6700.0,27251.0,899350,2375.0,32600.0,3250.0,403415.0,26300.0,2570.0,13950.0,150000.0,19942.0,6484.0,9205.0,1230.0,812.0,28560.0,,19329.0,12785.0,805.0,3318.0,4200.0,496000.0,16850.0,10986.0,3295.0,47658.0,5910.0,11877.0,8900.0,15800.0,13323.0,1132000.0,13291.0,5040.0,,5990.0,2370.0,69527.0,99721.0,2369.0,2795.0,38797.0,12054.0,7390.0,1790.0,3160.0,29900.0,99900.0,7497.0,74264.0,18850.0,35550.0,14250.0,9590.0,5204.0,1695.0,9860.0,7917.0,250500.0,19371.0,7540.0,3891.0,,16350.0,10898.0,12150.0,43900.0,9650.0,4790.0,23000.0,102000.0,38600.0,27086.0,1008.0,2640.0,6470.0,52653.0,8630.0,8077.0,12400.0,2361.0,18400.0,15500.0,10250.0,2913.0,1373.0,2021.0,89300.0,11936.0,3975.0,23450.0,42100.0,223820.0,147500.0,4301.0,29650.0,169000.0,22700.0,282000.0,30150.0,4577.0,12300.0,4440.0,7680.0,26465.0,13100.0,15050.0,21405.0,14149.0,4712.0,4800.0,18100.0,3170.0,44404.0,4647.0,5075.0,36700.0,193500.0,21900.0,13650.0,22000.0,117483.0,,172000.0,9980.0,14655.0,8720.0,6440.0,4315.0,5200.0,35350.0,47212.0,1475.0,63500.0,1725.0,8550.0,1041000.0,7927.0,8720.0,2437.0,25798.0,60749.0,2565.0,1720,46637.0,8300.0,5633.0,12400.0,10600.0,6830.0,4200.0,19750.0,26200.0,5220.0,1235.0,4355.0,2935.0,3465.0,39700.0,1535.0,16540.0,1563.0,62000.0,2100.0,122917.0,2633.0,3000.0,18150.0,69200.0,6490.0,3138.0,3240.0,236500.0,1885.0,15650.0,9010.0,34200.0,4100.0,4570.0,2740.0,5540.0,11220.0,11100.0,35850.0,3445.0,28401.0,64800.0,3150.0,2760.0,9110.0,8351.0,2255.0,,12350.0,2387.0,2555.0,5830.0,3250.0,5370.0,74200.0,3575.0,9744.0,99600.0,19425.0,5291.0,121000.0,4168.0,3055.0,3425.0,24350.0,4140.0,3730.0,7220.0,7595.0,2210.0,1665.0,30500.0,58800.0,42954.0,15390.0,492.0,2889.0,7475.0,107993.0,249500.0,19187.0,6863.0,3710.0,10550.0,10500.0,94200.0,10144.0,2742.0,4180.0,25200.0,4440.0,,1050.0,2449.0,10300.0,4110.0,4905.0,,10950.0,42751.0,10400.0,1160.0,11467.0,11200.0,4620.0,3375.0,4890.0,2525.0,8650.0,6420.0,3365.0,53400.0,2760.0,2335.0,4440.0,3105.0,9310.0,33350,7430.0,51457,12850.0,7859.0,48950.0,10900.0,5900.0,3035.0,36400.0,79600.0,32124.0,205437.0,24750.0,20850.0,2450.0,10100.0,34800.0,1562.0,2425.0,2765.0,4280.0,116000.0,3925.0,3675.0,4630.0,21618.0,39414.0,17400.0,6950.0,2290.0,66000.0,33926.0,261000.0,8221.0,20800.0,1628.0,77152.0,6740.0,8486.0,1185.0,1735.0,4642.0,8180.0,13556.0,16700.0,3920.0,4545.0,37150.0,8956.0,4975.0,3193.0,21238.0,5610.0,2140.0,84500.0,7260.0,3079.0,25720.0,4840.0,3545.0,8910.0,9860.0,4915.0,4770.0,14202.0,22950.0,7358.0,6550.0,41050.0,21750.0,2650.0,2900.0,4992.0,4860.0,33674.0,2523.0,4280.0,4674.0,3793.0,1990.0,3590.0,18849.0,50182.0,6500.0,1131.0,5700.0,92200.0,3530.0,53028.0,1250.0,10100.0,3249.0,2800.0,9742.0,8800.0,2440.0,180000.0,2875.0,10750.0,104500.0,46264.0,1530.0,12948.0,2300.0,9662.0,48832.0,168800.0,53900.0,20450.0,58836.0,26823.0,5227.0,26545,8230.0,3950.0,1884.0,51200.0,2065.0,8145.0,48112.0,2400.0,3430.0,8868.0,2494.0,4269.0,3990.0,10650.0,5327.0,670.0,7720.0,1595.0,3180.0,2335.0,4640.0,7090.0,7275.0,2705.0,3235.0,11250.0,15240.0,16350.0,5050.0,2779.0,5500.0,9990.0,18710.0,1860.0,107000.0,3450.0,43343.0,18055.0,37450.0,23477.0,23650.0,270000.0,19654.0,22025.0,50000.0,7960.0,56500.0,3970.0,2555.0,126379.0,19363.0,10600.0,16050.0,6180.0,19651.0,24206.0,191200.0,6535.0,4320.0,4810.0,5460.0,4250.0,38000.0,6152.0,11200.0,2600.0,48780.0,8637.0,109800,5130.0,24777.0,8750.0,222500.0,15950.0,1561.0,7370.0,4035.0,18323.0,5450.0,,3962.0,1580.0,4335.0,10900.0,20650.0,5110.0,13400.0,56800.0,1885.0,3190.0,,11575.0,7570.0,4995.0,2867.0,5075.0,19471.0,5450.0,7850.0,3490.0,115000.0,5329.0,3600.0,1730.0,6500.0,2800.0,6832.0,5021.0,16454,5950.0,2280.0,13450.0,28350.0,11800.0,3350.0,17185.0,6640.0,7540.0,6960.0,3785.0,12100,10950.0,42950.0,15350.0,29046.0,6950.0,52500.0,24400.0,,116315.0,2055.0,5010.0,15850.0,17459.0,22650.0,3915.0,27007.0,2080.0,35728.0,36450.0,7856.0,971.0,1518.0,3160.0,14200.0,7540.0,4535.0,7818.0,21125.0,9470.0,645.0,4319.0,8980.0,93375.0,12760.0,1640.0,71600.0,5930.0,3724.0,10650.0,2204.0,2480.0,2070.0,4465.0,3950.0,1930,9548.0,2740,6145.0,2749.0,3503.0,17050.0,4600.0,4815.0,6210.0,19150.0,4160.0,1917.0,40000.0,83900.0,70035.0,,571500,3406.0,9700.0,3620.0,2880.0,6010.0,2041.0,4001.0,9100.0,24290.0,7925.0,13136.0,8440.0,2265.0,3837.0,3790.0,1972.0,14300.0,8246.0,1425.0,11437.0,1523,64500,1580.0,2850.0,5265.0,,6110.0,11645.0,1582.0,5740.0,80500.0,100155.0,1008000.0,94231,4825.0,13725.0,3050.0,12450.0,5654.0,3910.0,35550.0,12627.0,31850.0,2800.0,2190.0,19000.0,1980.0,2643.0,100600,5380.0,18600.0,1777.0,6694.0,4070.0,13367.0,17951.0,4755,7788.0,9090.0,5635,10850.0,,45700.0,10100.0,9356.0,3640.0,3325.0,206580.0,12800.0,7504.0,7451.0,19200.0,19086.0,15950.0,3200.0,10500.0,9525.0,,2530,6190.0,9280.0,4620.0,2050.0,99510.0,2632.0,13365.0,8693.0,1273,3205.0,7580.0,19944,1600.0,8599.0,49030,5740.0,150000.0,4833.0,1982.0,3380.0,4605.0,2610.0,13300.0,1699.0,4665.0,5500.0,11996.0,10033.0,6487.0,22625,4906.0,2055.0,6825.0,19750.0,920.0,25588.0,2600.0,78600.0,21118.0,20400.0,2365.0,7860.0,2108.0,155570.0,7220.0,4749.0,16650.0,6320.0,,52026.0,10150.0,23400.0,17200.0,2465.0,43362.0,5600.0,149242.0,5788.0,10995.0,3280.0,3825.0,,1874.0,1995.0,3779.0,14100.0,1550.0,8250.0,88000.0,,4880.0,13100.0,5093.0,6470.0,4195.0,4555,6100.0,6080.0,,6338.0,22256.0,54200.0,16700.0,4060.0,7420.0,6853.0,3190.0,44200.0,24750.0,6847.0,3992.0,255800.0,5920.0,3290.0,6100.0,3785.0,3516.0,2938.0,1190.0,59835.0,13100.0,11700,11439.0,64800.0,3210.0,1706.0,24450.0,3857.0,17400.0,7040.0,10611.0,7584.0,78000.0,25574.0,3880.0,126500.0,,2215.0,10508.0,3012.0,,5220.0,5835.0,392769.0,12999.0,5170.0,9290.0,7915.0,12434.0,3709.0,5200.0,9550.0,10350.0,,66178.0,1039.0,4840.0,1250.0,8921.0,3279.0,1805.0,2550.0,16601.0,2540.0,4690.0,1892.0,8200.0,14800.0,9049.0,1615.0,47202.0,18011.0,7989.0,3984.0,68015,8969.0,50500.0,73519.0,5340.0,11595.0,40950.0,117500.0,2445.0,17300.0,3222.0,5950.0,12034.0,13500.0,8621.0,7980.0,4310,6016.0,21978.0,5460.0,4450.0,8070.0,4075.0,8967.0,1555.0,6300.0,4455.0,1050.0,1977.0,5535.0,14375.0,5269.0,8021.0,4595.0,4475.0,4290.0,4645.0,4550.0,3333.0,3036.0,,4057.0,4690.0,4610.0,4610.0,4645.0,4990.0,4955.0,6109.0,4540.0,6428.0,61288.0,26141.0,18950.0,14350.0,,11350.0,94877.0,66030.0,24670,13616.0,2113.0,5270.0,5760.0,4050.0,,7030.0,3600.0,3355.0,8520.0,9690.0,1619.0,4660.0,,1568.0,371680.0,5730.0,7890.0,1635.0,16800.0,33120.0,,7543.0,6570.0,11662.0,4635.0,5628.0,4228.0,19803.0,2585.0,11600.0,11455,31317.0,3360.0,7624.0,1780.0,,12200.0,1401.0,,11650.0,403500.0,2670.0,4820.0,2880.0,4995.0,2595,6250.0,4930.0,4805.0,4805.0,4980.0,3140.0,4177.0,9770.0,,,13272.0,9980.0,7765.0,4690.0,66100.0,2385.0,6600.0,4987.0,3145.0,17205.0,,29000.0,7850.0,2351.0,15500.0,4321.0,3480.0,5070.0,12400.0,3818.0,1929.0,15900.0,1748.0,5459.0,4635.0,10982.0,9400.0,5808.0,2020.0,4552.0,9101.0,8147.0,32068.0,1170.0,10300.0,18193.0,6425.0,5888,116600.0,8274.0,125453.0,44841.0,15600.0,5166.0,13946.0,360500.0,6750.0,2849.0,17064.0,1300.0,10506.0,2191.0,2221.0,,22858.0,15650.0,39500.0,4055.0,8240.0,3576.0,10748.0,3800,52360.0,2070.0,8027.0,5384.0,3651.0,7300.0,,6710.0,13597.0,28455.0,18200.0,12774.0,3930.0,4850.0,,3020.0,4250.0,10500.0,4605.0,2345.0,18624.0,,8780.0,32250.0,21025.0,6910.0,9473.0,30603.0,16190.0,33550.0,12350.0,,171000.0,22800.0,4656.0,44033.0,6070.0,,5068.0,2160.0,6945.0,352226.0,,812.0,,,,17400.0,,44600.0,10189.0,1989.0,11483.0,7365.0,23850.0,795002,3026.0,57861,6810.0,11898.0,159130.0,,11344,4280.0,5930.0,13665.0,4270.0,28410.0,7350.0,34000.0,6400.0,187040.0,,20750.0,2860.0,24938.0,9582.0,7550.0,4310.0,5372,67000.0,12200.0,,24750.0,22340.0,4717.0,,3144.0,5693.0,3250.0,4290.0,46500.0,26000.0,12618.0,3852.0,19550.0,8860.0,29715.0,4095.0,10400.0,6460.0,7730.0,148540.0,15400.0,5803.0,,,2183.0,3535.0,7323.0,1440.0,8740.0,4876,4446.0,914.0,2770.0,,3946.0,3260.0,6750.0,3235.0,84400.0,11600.0,12650.0,9500.0,10950.0,2350.0,7800,2180.0,6590.0,4500.0,1714.0,16200.0,4344.0,12651.0,1781,10900.0,4600.0,4816.0,10780.0,9641.0,7247.0,,,10968.0,63384,2315.0,1920.0,,9146.0,3865.0,,4380.0,4501.0,250729,2105.0,13012.0,,15612.0,18100.0,21050.0,3369.0,,,,1021.0,,1914.0,,,4120.0,6950.0,16918.0,6000.0,7760.0,,2385,5553.0,8065.0,,6400.0,1556.0,3740.0,3045,3850.0,17263.0,26813.0,3390.0,3000.0,206720.0,12650.0,6280.0,46150.0,9190.0,90200.0,10648.0,,47400.0,5360.0,8250.0,130550.0,14400.0,3005.0,,5791.0,2795.0,,23200.0,,,,,14294.0,2845.0,19233.0,11100.0,,19025.0,,13715.0,3850.0,9772.0,,41500.0,16850.0,8583.0,57640.0,6318.0,18200.0,4364.0,11375.0,5187.0,,1116.0,7180.0,3975.0,8997.0,13875.0,30050.0,6800.0,37014.0,314727.0,174917.0,12400.0,,27050.0,2300.0,,,55350.0,3350.0,3509.0,3011.0,12452.0,1261.0,62123.0,5921.0,19779.0,14050.0,,940.0,,60780.0,2045.0,9500.0,8515.0,25288.0,,9825.0,,1822.0,11068.0,11062.0,14825.0,2000.0,6600.0,17928.0,,4244.0,,20449.0,17550.0,,84216.0,16192.0,11485.0,33722.0,76500.0,121462.0,15880.0,91200.0,12645.0,12044.0,20000.0,,1943.0,8117.0,,3695.0,,2168.0,2005.0,20100.0,,,4010.0,9400.0,5040.0,,9689.0,2572.0,24180.0,2005.0,,17800.0,,,6593.0,,,,,,,10275.0,20800.0,,9830.0,,21032.0,,2252.0,,,32700.0,9635.0,,,,19350.0,,,,,,,,,,,,,,,,,,,,,,,,,,,,,,,,,,,,,,,,,,,,,,,,,,,,,,,,,,,,,,,,,,,,,,,,,,,,,,,,,,,,,,,,,,,,,,,,,,,,,,,,,,,,,,,,,,,,,,,,,,,,,,,,,,,,,,,,,,2099.0,2453.0,1740.0,1821.0,114278.0,127999.0,6555.0,2432.0,,,,,,,,3730.0,,,,
2015-12-31,8140.0,19250.0,38420.0,191000.0,15950.0,7163.0,,5670.0,8630.0,9540.0,3180.0,79300.0,159917.0,30750.0,103371.0,27778.0,17700.0,55000.0,19983.0,4405.0,61300.0,11700.0,14300.0,2570.0,30162.0,18422.0,1092.0,2281.0,7007.0,5279.0,3100.0,3680.0,27600.0,19794.0,349283.0,19550.0,12650.0,8140.0,1870.0,10840.0,111000.0,32600.0,18689.0,7060.0,2015.0,57277.0,3355.0,11750.0,24750.0,77000.0,102000.0,83594.0,4290.0,48450.0,1995.0,1835.0,7090.0,25447.0,928709,2390.0,35000.0,3440.0,366542.0,29350.0,2640.0,12100.0,164000.0,26624.0,6112.0,9625.0,1240.0,783.0,29930.0,,21562.0,12050.0,790.0,3470.0,4150.0,471500.0,14800.0,12009.0,3140.0,45782.0,5900.0,11355.0,6400.0,15400.0,13956.0,1090000.0,12408.0,6760.0,,6010.0,2130.0,66882.0,92517.0,2456.0,2700.0,39356.0,12464.0,8990.0,1785.0,3020.0,30000.0,100000.0,8116.0,73369.0,18400.0,35600.0,12150.0,9700.0,5173.0,1680.0,9970.0,7257.0,230000.0,22849.0,7740.0,3594.0,,16900.0,11264.0,14550.0,44400.0,9750.0,4700.0,24100.0,102500.0,41900.0,25997.0,969.0,6920.0,6810.0,53565.0,8750.0,8519.0,13900.0,2100.0,18800.0,16450.0,9280.0,2803.0,1319.0,1888.0,95200.0,16168.0,3810.0,31050.0,41950.0,221920.0,149000.0,4100.0,29250.0,166500.0,23250.0,276500.0,26750.0,4353.0,12750.0,4215.0,7730.0,28977.0,12350.0,14650.0,20208.0,13750.0,4666.0,4360.0,24650.0,3305.0,44836.0,4747.0,4975.0,40350.0,183000.0,19750.0,14750.0,22000.0,111609.0,,172000.0,10450.0,15955.0,9150.0,6430.0,4740.0,5660.0,44150.0,46014.0,1290.0,67600.0,1700.0,8500.0,1225000.0,7716.0,9111.0,2020.0,24469.0,54819.0,2640.0,1870,45939.0,8875.0,5952.0,11850.0,10750.0,6990.0,4045.0,19250.0,17200.0,5080.0,1235.0,4245.0,2505.0,2945.0,42450.0,1460.0,10738.0,1381.0,58800.0,2225.0,108134.0,2285.0,3170.0,19650.0,62900.0,5600.0,2917.0,3045.0,231500.0,1775.0,15050.0,9160.0,31250.0,6625.0,5200.0,2445.0,4985.0,8833.0,10800.0,35800.0,3365.0,31025.0,68000.0,3105.0,2870.0,9200.0,7844.0,2200.0,,9500.0,2387.0,2645.0,6320.0,3520.0,5240.0,79400.0,3575.0,9820.0,98500.0,17800.0,4483.0,112000.0,4630.0,3170.0,3860.0,24350.0,3455.0,3875.0,7200.0,7815.0,2390.0,1455.0,28600.0,52100.0,39769.0,18560.0,496.0,2843.0,8325.0,93524.0,246500.0,21049.0,6280.0,3670.0,11400.0,10500.0,99700.0,9613.0,2997.0,4500.0,24850.0,3855.0,4163.0,1095.0,2376.0,9950.0,4440.0,4700.0,,10600.0,41397.0,12000.0,1215.0,9306.0,7860.0,4820.0,3280.0,4950.0,2455.0,8650.0,6640.0,4270.0,52822.0,2835.0,2140.0,2920.0,3000.0,10676.0,31550,7350.0,46141,13200.0,8564.0,50000.0,11950.0,5780.0,3715.0,29900.0,84000.0,34860.0,203495.0,25100.0,19550.0,2540.0,10650.0,37900.0,1539.0,2414.0,2808.0,4535.0,113500.0,3925.0,3495.0,4880.0,20123.0,40148.0,18600.0,6970.0,2335.0,61400.0,34379.0,254000.0,5520.0,18625.0,2425.0,70554.0,8838.0,9648.0,1060.0,1835.0,4332.0,8470.0,17414.0,17800.0,4075.0,4798.0,40600.0,11618.0,6025.0,3063.0,22098.0,6020.0,2300.0,84100.0,7300.0,3402.0,24742.0,5070.0,3640.0,8760.0,9290.0,4400.0,4260.0,14894.0,21800.0,7159.0,6380.0,40950.0,22000.0,2550.0,3040.0,4864.0,4430.0,32523.0,2821.0,4010.0,4674.0,3700.0,1810.0,4300.0,18527.0,45513.0,6650.0,1055.0,5810.0,98200.0,4445.0,43456.0,1450.0,10150.0,3002.0,2650.0,10269.0,8690.0,2230.0,170600.0,2855.0,10850.0,98500.0,44202.0,1310.0,10020.0,1665.0,14550.0,43829.0,167000.0,49850.0,20700.0,42225.0,24972.0,6922.0,26352,8000.0,3295.0,2008.0,45550.0,2105.0,7772.0,39661.0,2890.0,3885.0,7692.0,2517.0,4476.0,3110.0,10400.0,9057.0,803.0,7770.0,1460.0,3010.0,2280.0,5700.0,7130.0,8825.0,2650.0,3539.0,15250.0,14940.0,17400.0,4655.0,2779.0,4825.0,10050.0,19175.0,1765.0,104500.0,3365.0,38200.0,15760.0,35000.0,22691.0,21750.0,240500.0,18868.0,22100.0,50400.0,8800.0,55250.0,4725.0,2913.0,131786.0,16261.0,9830.0,16350.0,5470.0,11613.0,23243.0,190800.0,5687.0,4580.0,4960.0,5880.0,3400.0,35100.0,6615.0,10400.0,2460.0,53350.0,8727.0,116400,2640.0,28532.0,8610.0,213000.0,16300.0,1874.0,6380.0,4276.0,19498.0,5390.0,,3830.0,1750.0,4325.0,11200.0,17550.0,5610.0,12650.0,56600.0,1840.0,3515.0,,11650.0,7190.0,4200.0,2676.0,6735.0,19760.0,5590.0,8540.0,3370.0,124800.0,6758.0,4560.0,1816.0,8160.0,2840.0,6776.0,4759.0,16373,8300.0,2235.0,14050.0,30000.0,13700.0,2915.0,15510.0,6480.0,7130.0,6840.0,4094.0,12100,9400.0,43000.0,16600.0,27304.0,7370.0,58000.0,23500.0,,93885.0,2165.0,4780.0,14950.0,16833.0,19250.0,3850.0,22521.0,2500.0,33640.0,39550.0,8806.0,999.0,1614.0,3425.0,14250.0,7270.0,4385.0,7221.0,16085.0,10640.0,723.0,3710.0,8605.0,78000.0,14080.0,1700.0,68700.0,6540.0,3929.0,10600.0,2412.0,2340.0,2125.0,4760.0,3850.0,1880,8549.0,3240,5777.0,3285.0,3315.0,15700.0,5760.0,4049.0,5600.0,16350.0,4415.0,1886.0,25600.0,78100.0,52935.0,6490.0,686820,2864.0,8880.0,3405.0,2910.0,5380.0,4733.0,4767.0,9370.0,25890.0,9100.0,11346.0,8410.0,3145.0,4159.0,3315.0,2162.0,14050.0,9216.0,1520.0,10923.0,1407,60100,1685.0,3041.0,4987.0,,5230.0,9804.0,2250.0,5680.0,83100.0,119960.0,1050000.0,99831,4680.0,13825.0,2830.0,11700.0,5516.0,3330.0,34600.0,12568.0,31250.0,2755.0,2190.0,16200.0,2010.0,2617.0,94600,5820.0,17300.0,2076.0,6322.0,3900.0,10359.0,20461.0,4354,7806.0,10000.0,7861,12150.0,,81200.0,10100.0,9347.0,3430.0,3415.0,194235.0,13850.0,7803.0,9686.0,15450.0,17508.0,16450.0,4150.0,10400.0,9450.0,,5550,6130.0,9340.0,4890.0,2240.0,100125.0,2491.0,15001.0,10249.0,1185,2950.0,7450.0,20952,1790.0,9390.0,42269,5570.0,131000.0,5005.0,1901.0,3160.0,4760.0,2540.0,13600.0,2109.0,4200.0,6010.0,12419.0,9938.0,5946.0,24344,4809.0,2250.0,7135.0,16900.0,920.0,27088.0,2590.0,77500.0,26314.0,21700.0,1500.0,6460.0,2687.0,129747.0,6410.0,4181.0,14650.0,5450.0,,51349.0,9190.0,26650.0,14550.0,2470.0,47274.0,5810.0,131932.0,5601.0,13617.0,2605.0,4175.0,,1813.0,2025.0,3416.0,15400.0,1440.0,8270.0,85000.0,,5050.0,10250.0,5303.0,7310.0,4015.0,4065,5550.0,6350.0,,5534.0,15326.0,53800.0,19300.0,4125.0,6750.0,6771.0,2945.0,37200.0,28000.0,6420.0,3827.0,214310.0,5650.0,3020.0,5770.0,3860.0,3708.0,3130.0,2262.0,60317.0,14600.0,11900,12686.0,60600.0,3290.0,1734.0,23650.0,4153.0,15300.0,6330.0,12430.0,8210.0,71100.0,24862.0,3800.0,126500.0,,1915.0,9524.0,2761.0,,5320.0,6006.0,333294.0,12999.0,5680.0,12000.0,4990.0,13968.0,5374.0,5040.0,10550.0,9930.0,,59971.0,962.0,3505.0,1165.0,8671.0,3273.0,1820.0,2380.0,17238.0,2885.0,5250.0,1897.0,6800.0,14050.0,8214.0,2005.0,42943.0,20499.0,8835.0,4073.0,94561,9593.0,50700.0,79857.0,5480.0,12089.0,35000.0,103500.0,2433.0,17400.0,3406.0,7130.0,11424.0,14150.0,7967.0,7770.0,4090,6421.0,22478.0,6698.0,5800.0,8100.0,3925.0,8282.0,1795.0,6670.0,4500.0,1100.0,1753.0,5820.0,13500.0,5314.0,8122.0,3735.0,3935.0,3745.0,4000.0,3990.0,3433.0,2931.0,,4538.0,4625.0,4865.0,4735.0,4800.0,4945.0,5000.0,7169.0,4925.0,5561.0,57114.0,27449.0,19150.0,10800.0,,11100.0,96501.0,70660.0,22595,13108.0,1817.0,5160.0,5500.0,4830.0,,6310.0,3890.0,3320.0,8900.0,11732.0,1557.0,4530.0,,1696.0,405526.0,6568.0,7390.0,1433.0,17900.0,30570.0,,7514.0,5000.0,12112.0,4295.0,6733.0,4587.0,15211.0,2660.0,40100.0,9573,30667.0,3235.0,8764.0,1750.0,,12400.0,1717.0,,11500.0,414500.0,2755.0,5510.0,2362.0,4595.0,3050,6025.0,4900.0,4790.0,4790.0,4650.0,3650.0,4401.0,9870.0,,,15198.0,9710.0,7253.0,4570.0,59300.0,2250.0,6310.0,4467.0,2650.0,17769.0,,27000.0,7957.0,2270.0,16500.0,5234.0,3800.0,8050.0,11600.0,3948.0,1923.0,14900.0,2308.0,4704.0,4645.0,10000.0,10300.0,4802.0,2180.0,4248.0,9239.0,10128.0,34101.0,1170.0,12050.0,19022.0,6525.0,5240,316620.0,7419.0,127913.0,43611.0,20667.0,4736.0,14700.0,377500.0,6820.0,2957.0,17039.0,1790.0,10380.0,2580.0,2231.0,,22858.0,13250.0,44550.0,4850.0,8130.0,3566.0,10216.0,3890,39332.0,2040.0,7793.0,5243.0,3651.0,8890.0,,5656.0,12667.0,28606.0,18750.0,13726.0,4280.0,4859.0,,3490.0,3740.0,12400.0,6730.0,2210.0,17732.0,,8090.0,32850.0,24915.0,7460.0,9773.0,29824.0,13340.0,38500.0,12100.0,,146500.0,22850.0,4227.0,46981.0,6100.0,1671.0,4494.0,2153.0,7246.0,360960.0,,872.0,,,,17400.0,,42100.0,7863.0,2122.0,11815.0,6935.0,24200.0,787471,3442.0,58681,7355.0,13747.0,156830.0,,12453,4465.0,5716.0,13155.0,3925.0,26120.0,7850.0,40700.0,5980.0,267087.0,,32030.0,3220.0,24329.0,9690.0,7450.0,4158.0,5346,66400.0,13000.0,,24000.0,38783.0,4539.0,,3204.0,7357.0,6360.0,3320.0,44550.0,25300.0,14326.0,3836.0,22000.0,8660.0,28545.0,4110.0,11400.0,6550.0,7888.0,245621.0,14600.0,5932.0,,,3170.0,3480.0,8369.0,1530.0,9820.0,4724,4391.0,920.0,3045.0,,3581.0,3315.0,5620.0,3625.0,80600.0,11250.0,14300.0,8720.0,12700.0,2325.0,10100,2240.0,6150.0,4480.0,1683.0,16800.0,3688.0,12742.0,1458,9990.0,4020.0,5906.0,18520.0,9282.0,7095.0,,,9227.0,57685,3000.0,1915.0,,9196.0,3843.0,,3995.0,4401.0,237242,2272.0,12486.0,,12540.0,18400.0,23000.0,3790.0,,,67725.0,1036.0,,1869.0,,,4780.0,6680.0,16918.0,6100.0,7950.0,15600.0,2210,5599.0,7300.0,,8060.0,1619.0,4090.0,2875,3500.0,16808.0,25283.0,3335.0,2535.0,169780.0,10500.0,6533.0,47050.0,11500.0,94900.0,10427.0,,41600.0,5590.0,7620.0,132351.0,13100.0,2700.0,,5729.0,2540.0,,22300.0,,,,,13466.0,3200.0,19096.0,10400.0,,19074.0,,14509.0,4030.0,9753.0,,49800.0,14945.0,9896.0,66100.0,5054.0,18400.0,4495.0,9225.0,3933.0,,1116.0,8370.0,3700.0,14536.0,13500.0,28050.0,6250.0,35468.0,280058.0,175873.0,11850.0,,29850.0,2428.0,,,70350.0,2910.0,2455.0,2935.0,12488.0,1200.0,54304.0,6225.0,21245.0,15150.0,,944.0,,49890.0,2050.0,13200.0,9280.0,33763.0,,7125.0,,1800.0,11013.0,10898.0,15194.0,2040.0,6190.0,16719.0,,4208.0,13950.0,19870.0,16400.0,,89819.0,16320.0,10420.0,29796.0,73000.0,157592.0,15720.0,87900.0,12305.0,12324.0,28000.0,,1953.0,8117.0,,4028.0,,2158.0,2005.0,20150.0,7107.0,10073.0,4050.0,9654.0,5260.0,,9871.0,2441.0,24300.0,2025.0,,15800.0,19825.0,,6232.0,6831.0,152927.0,58466.0,,,1756.0,10350.0,19800.0,76500.0,9760.0,,20928.0,,2225.0,,,30700.0,9560.0,,,,17400.0,,,3305.0,,,,,,,,,,,,,,,,,,,,,,,,,,,,,,,,,,,,,,,,,,,,,,,,,,,,,,,,,,,,,,,,,,,,,,,,,,,,,,,,,,,,,,,,,,,,,,,,,,,,,,,,,,,,,,,,,,,,,,,,,,,,,,,,,,,,,,,1899.0,2025.0,1618.0,1690.0,108125.0,113230.0,5512.0,2073.0,,,,,,,,3620.0,,,,
2016-01-31,9080.0,20000.0,46949.0,220000.0,19950.0,8720.0,,5510.0,8080.0,8484.0,3806.0,73000.0,201901.0,27300.0,89707.0,35708.0,21000.0,52000.0,17432.0,3840.0,52500.0,10850.0,13750.0,2480.0,34212.0,15200.0,976.0,2217.0,6582.0,4888.0,2830.0,3245.0,25300.0,26843.0,238167.0,18800.0,12100.0,6710.0,1760.0,10125.0,115000.0,37800.0,16865.0,7240.0,2270.0,50596.0,3470.0,11700.0,23750.0,73800.0,98700.0,82764.0,4090.0,43600.0,1890.0,1740.0,5680.0,23878.0,924794,2410.0,29950.0,3260.0,384101.0,36000.0,2620.0,12100.0,162000.0,26589.0,7146.0,8810.0,1125.0,730.0,29670.0,,19820.0,11700.0,706.0,3162.0,3650.0,485000.0,10950.0,15078.0,3005.0,42969.0,5450.0,12800.0,5880.0,14700.0,14746.0,994000.0,11585.0,6850.0,,4440.0,2545.0,69622.0,91617.0,2319.0,2455.0,33211.0,10780.0,7600.0,1775.0,3205.0,28980.0,99800.0,9282.0,75556.0,18550.0,37800.0,11550.0,9500.0,4790.0,1500.0,9550.0,7739.0,212500.0,21738.0,7470.0,4392.0,,15150.0,11694.0,14950.0,40050.0,9100.0,3765.0,25850.0,92600.0,32750.0,21097.0,969.0,5230.0,6730.0,49234.0,8100.0,6983.0,12950.0,1934.0,17850.0,14600.0,8110.0,2640.0,1301.0,1749.0,86500.0,13020.0,3460.0,29200.0,48000.0,218020.0,133000.0,4036.0,31500.0,178500.0,26850.0,320500.0,24800.0,3953.0,11150.0,4630.0,7100.0,31437.0,13500.0,16000.0,19011.0,13909.0,4304.0,3930.0,18550.0,3175.0,49530.0,4707.0,4545.0,37350.0,214000.0,25300.0,14800.0,22000.0,91539.0,,199000.0,10050.0,13010.0,9340.0,6530.0,4525.0,4715.0,34050.0,56021.0,1270.0,62000.0,1970.0,8330.0,1414000.0,7457.0,8134.0,1730.0,29514.0,68580.0,2680.0,1710,46559.0,7525.0,5739.0,10950.0,11050.0,6300.0,4245.0,18700.0,32650.0,5400.0,1125.0,3885.0,2705.0,2760.0,37200.0,1460.0,14272.0,1491.0,56200.0,2440.0,131186.0,2075.0,3170.0,19950.0,55200.0,5390.0,2807.0,2855.0,272000.0,1755.0,16100.0,7850.0,29300.0,5025.0,4425.0,2370.0,4235.0,10851.0,10000.0,35000.0,3495.0,29713.0,69300.0,2925.0,2530.0,8150.0,7555.0,2113.0,,8690.0,2387.0,2530.0,5540.0,3285.0,5380.0,78200.0,3415.0,9344.0,82300.0,17550.0,3836.0,105000.0,4013.0,2950.0,3305.0,24350.0,3300.0,3785.0,6840.0,8630.0,2485.0,1215.0,24450.0,50500.0,35196.0,16630.0,435.0,2681.0,7975.0,80523.0,258500.0,17373.0,7047.0,3395.0,10500.0,8980.0,102000.0,10144.0,2682.0,3820.0,26600.0,3715.0,4778.0,1130.0,2211.0,9090.0,4420.0,4160.0,,11600.0,41208.0,12900.0,1035.0,10717.0,6920.0,4990.0,3570.0,6040.0,2400.0,8780.0,6560.0,4000.0,48661.0,2240.0,2460.0,2600.0,2920.0,8504.0,32250,7070.0,44865,11450.0,7821.0,52600.0,11600.0,5160.0,3275.0,28300.0,79500.0,25389.0,154563.0,26150.0,20300.0,2270.0,9370.0,35250.0,1534.0,3555.0,2598.0,4100.0,88000.0,3450.0,2980.0,4415.0,17479.0,32512.0,19400.0,6690.0,2345.0,55500.0,31309.0,221500.0,4987.0,19758.0,2057.0,70071.0,7293.0,9760.0,984.0,1760.0,5184.0,8680.0,14172.0,18220.0,3605.0,4521.0,40600.0,11570.0,5025.0,3449.0,21787.0,5905.0,2115.0,97500.0,8800.0,3415.0,23016.0,4565.0,3405.0,7770.0,8430.0,4040.0,3810.0,14821.0,20400.0,6821.0,5350.0,39200.0,24400.0,2550.0,2970.0,4560.0,4075.0,29621.0,2432.0,3640.0,4674.0,2854.0,1625.0,3855.0,21265.0,42448.0,6330.0,1305.0,5080.0,100000.0,3495.0,37983.0,1280.0,9340.0,2279.0,2810.0,9414.0,6390.0,2320.0,164800.0,2575.0,10950.0,70100.0,55414.0,1230.0,9456.0,2290.0,12650.0,39276.0,163000.0,49650.0,22600.0,33520.0,21765.0,6404.0,27511,6900.0,3230.0,1741.0,49350.0,2090.0,7204.0,31617.0,2640.0,3100.0,7149.0,2651.0,5003.0,2605.0,9680.0,6094.0,720.0,8520.0,1300.0,2785.0,2445.0,5090.0,6140.0,7875.0,2620.0,3769.0,15750.0,13830.0,19600.0,6700.0,2779.0,4030.0,9500.0,19175.0,1610.0,103500.0,3375.0,30450.0,12853.0,32650.0,20242.0,20850.0,236000.0,16509.0,24325.0,46350.0,9080.0,53750.0,4985.0,2565.0,125778.0,14510.0,10400.0,13750.0,5610.0,10140.0,21938.0,179000.0,5766.0,4520.0,4080.0,5350.0,3210.0,32000.0,6589.0,6460.0,2755.0,52680.0,10299.0,110500,1880.0,29504.0,8100.0,234500.0,13700.0,1448.0,6550.0,3852.0,18107.0,5280.0,,3413.0,1535.0,4650.0,10600.0,18400.0,4885.0,12000.0,50800.0,1770.0,3640.0,,10675.0,8300.0,3545.0,3133.0,5350.0,17013.0,4700.0,6970.0,3500.0,124900.0,9133.0,4200.0,1824.0,6980.0,2725.0,6972.0,4128.0,16534,6500.0,1990.0,12100.0,35900.0,13600.0,2830.0,19975.0,6450.0,6500.0,7170.0,3940.0,11150,8670.0,43250.0,14250.0,24330.0,6530.0,54000.0,28700.0,,96929.0,2165.0,4740.0,14550.0,19810.0,19900.0,3490.0,18634.0,2500.0,29566.0,48000.0,9502.0,947.0,1766.0,3280.0,12850.0,4815.0,4115.0,8337.0,17210.0,9730.0,661.0,3926.0,8755.0,123850.0,12012.0,1860.0,73400.0,5950.0,3853.0,11350.0,2206.0,2155.0,1835.0,5120.0,3970.0,1595,8520.0,3120,5234.0,2599.0,3290.0,15500.0,4755.0,3004.0,5540.0,15400.0,3515.0,1763.0,34300.0,70800.0,47505.0,8243.0,698690,2794.0,7500.0,3110.0,2635.0,5000.0,3155.0,6197.0,8660.0,27200.0,7600.0,9999.0,7790.0,2355.0,3702.0,2590.0,2032.0,12950.0,14764.0,1290.0,18172.0,1911,51500,1980.0,2578.0,5508.0,,9350.0,9758.0,2100.0,4480.0,79100.0,105715.0,991000.0,118214,4400.0,14025.0,2905.0,11600.0,4628.0,3005.0,29000.0,10067.0,27950.0,2200.0,2190.0,18550.0,1895.0,2660.0,110000,4810.0,14950.0,1848.0,6356.0,4120.0,10455.0,19708.0,4260,7590.0,9190.0,6384,13350.0,,67400.0,10100.0,9206.0,3170.0,3065.0,196275.0,14700.0,6928.0,13113.0,16400.0,16907.0,15800.0,3915.0,9880.0,10900.0,,4465,5050.0,10880.0,5020.0,2000.0,82615.0,2459.0,15023.0,9445.0,1340,3690.0,7110.0,23447,1840.0,7748.0,35857,5100.0,141000.0,4445.0,1996.0,2920.0,4140.0,2470.0,17200.0,2153.0,4550.0,6180.0,10165.0,9045.0,7396.0,25245,5248.0,2200.0,6545.0,19300.0,920.0,22616.0,2360.0,78900.0,24836.0,23500.0,1260.0,6090.0,3056.0,66763.0,7180.0,3813.0,12150.0,5150.0,,46312.0,10569.0,27050.0,14000.0,2160.0,46502.0,5480.0,129156.0,8377.0,10339.0,2480.0,3520.0,,1896.0,2430.0,3941.0,15600.0,1335.0,7800.0,85000.0,,4400.0,9460.0,4702.0,6000.0,4110.0,3787,5180.0,5820.0,,4702.0,11128.0,57900.0,18350.0,4135.0,6810.0,7280.0,2860.0,39750.0,23300.0,6600.0,3438.0,218410.0,4500.0,2850.0,5220.0,4125.0,3482.0,2862.0,2377.0,80019.0,13800.0,11200,12182.0,69400.0,3000.0,1496.0,22700.0,4110.0,16800.0,6180.0,10140.0,7910.0,85000.0,26020.0,3740.0,128000.0,,1745.0,9818.0,2649.0,,4770.0,5492.0,276764.0,13080.0,4845.0,9760.0,6975.0,13007.0,4367.0,5040.0,9040.0,9100.0,,56526.0,1010.0,4025.0,1160.0,8345.0,3602.0,1720.0,2860.0,17972.0,2590.0,4565.0,1645.0,5270.0,13350.0,8214.0,2540.0,41567.0,20718.0,7836.0,3896.0,95190,10392.0,50400.0,84927.0,5500.0,9699.0,38600.0,127000.0,2375.0,17350.0,3694.0,6800.0,10799.0,12500.0,8121.0,7070.0,4475,5465.0,21244.0,5866.0,4560.0,7450.0,3095.0,7616.0,1575.0,8150.0,4370.0,863.0,1400.0,5179.0,14275.0,4807.0,9727.0,3800.0,3700.0,3780.0,3695.0,3660.0,3267.0,2656.0,,4420.0,4500.0,4500.0,4495.0,4500.0,4900.0,4855.0,9138.0,5370.0,5234.0,50698.0,26487.0,17200.0,12850.0,,8600.0,101010.0,57710.0,27744,13985.0,1713.0,4905.0,5860.0,4860.0,,5160.0,4440.0,3045.0,9780.0,12953.0,1377.0,3845.0,,1360.0,405921.0,5504.0,8510.0,1659.0,23700.0,28935.0,,7111.0,4330.0,11675.0,4070.0,6007.0,4395.0,10794.0,2435.0,18140.0,6578,23479.0,3675.0,6307.0,1700.0,,10850.0,1811.0,,10650.0,405500.0,2600.0,5970.0,2052.0,4150.0,2845,5750.0,4400.0,4400.0,4400.0,4430.0,3150.0,3398.0,10800.0,,,16344.0,9260.0,7106.0,4070.0,57400.0,2255.0,6220.0,4147.0,2510.0,16181.0,,25950.0,7400.0,2068.0,16400.0,4136.0,3580.0,5390.0,10350.0,4280.0,1716.0,14000.0,1839.0,4233.0,4400.0,10000.0,9940.0,3889.0,1995.0,3814.0,8536.0,9063.0,36788.0,1170.0,13000.0,19248.0,7600.0,5652,351629.0,7630.0,128897.0,36063.0,18500.0,5064.0,12541.0,411500.0,5400.0,2749.0,19191.0,1535.0,12975.0,1792.0,2142.0,,22224.0,11700.0,49700.0,4635.0,8000.0,3055.0,7898.0,3510,45095.0,2260.0,7286.0,4464.0,3758.0,7490.0,,5229.0,8637.0,29852.0,15650.0,12893.0,3735.0,4315.0,,2465.0,3190.0,10200.0,4800.0,2305.0,18029.0,,7440.0,32250.0,21920.0,7650.0,9940.0,29727.0,13193.0,28000.0,12250.0,,118000.0,21000.0,3715.0,42500.0,5660.0,2970.0,4184.0,2117.0,6768.0,454782.0,,824.0,,,,2910.0,,51000.0,11665.0,2006.0,10059.0,6620.0,22850.0,679581,4200.0,58803,6920.0,11548.0,138380.0,,12957,5220.0,9067.0,15500.0,4215.0,25260.0,7170.0,39950.0,6030.0,268252.0,,24880.0,2940.0,28140.0,8192.0,5780.0,3677.0,4465,61400.0,13400.0,,17750.0,41457.0,4993.0,,2717.0,6896.0,5930.0,3990.0,43800.0,21950.0,13048.0,3513.0,26000.0,5380.0,22060.0,3860.0,11900.0,5910.0,8913.0,296216.0,17250.0,5374.0,,,2729.0,3115.0,6824.0,1485.0,8950.0,4454,4314.0,1020.0,2605.0,,3006.0,2870.0,5050.0,3120.0,92100.0,11050.0,14275.0,8540.0,11550.0,2900.0,7570,2020.0,5050.0,4365.0,1584.0,15300.0,3480.0,12879.0,1315,9290.0,6000.0,5450.0,28200.0,6872.0,6941.0,,,9836.0,50874,2775.0,1765.0,,8862.0,3137.0,,4135.0,4084.0,230325,2367.0,14663.0,,13870.0,17800.0,19200.0,3412.0,,,83719.0,946.0,,1625.0,,,4910.0,7600.0,20782.0,8500.0,6900.0,18000.0,1980,5332.0,9325.0,,7340.0,1722.0,4000.0,2150,3465.0,20401.0,20093.0,3410.0,2475.0,178640.0,10150.0,6173.0,46600.0,10500.0,101500.0,9231.0,,36300.0,4885.0,7170.0,143155.0,12300.0,2470.0,,4995.0,2240.0,,19400.0,,,,,14116.0,3100.0,19782.0,10050.0,,15259.0,,19823.0,3115.0,9084.0,,66400.0,14130.0,18581.0,98705.0,4903.0,15600.0,4300.0,11325.0,3482.0,,1119.0,7350.0,3195.0,17318.0,13075.0,26850.0,5900.0,36859.0,272361.0,178740.0,11350.0,,26300.0,2246.0,,,55470.0,3185.0,2046.0,3807.0,21559.0,1621.0,60454.0,5432.0,23093.0,14250.0,,977.0,,66540.0,2030.0,24900.0,10270.0,37362.0,,7450.0,,1800.0,11013.0,10922.0,16256.0,2010.0,5250.0,16745.0,,4915.0,13000.0,20449.0,15825.0,,104807.0,20656.0,12475.0,32414.0,82100.0,145101.0,15880.0,77800.0,12275.0,11604.0,27450.0,,1943.0,8158.0,,3575.0,,2168.0,2005.0,20000.0,13043.0,7604.0,4070.0,9654.0,4885.0,,9845.0,2429.0,24300.0,1995.0,33900.0,12000.0,27100.0,,5328.0,12436.0,174021.0,114722.0,,,2195.0,10605.0,19300.0,89000.0,9830.0,,20976.0,,2230.0,,,29100.0,9635.0,,,,15700.0,,,8300.0,,,,,,,7710.0,,,,,,,,,,,,,,,,,,,,,,,,,,,,,,,,,,,,,,,,,,,,,,,,,,,,,,,,,,,,,,,,,,,,,,,,,,,,,,,,,,,,,,,,,,,,,,,,,,,,,,,,,,,,,,,,,,,,,,,,,,,,,,,,1840.0,1526.0,1549.0,1236.0,89892.0,105060.0,5266.0,1734.0,13489.0,,,,,,,3500.0,,,,
2016-02-29,7700.0,20900.0,36445.0,195500.0,20250.0,6670.0,,5590.0,8340.0,8782.0,3605.0,76100.0,225016.0,30000.0,99319.0,36973.0,17950.0,54000.0,18357.0,3905.0,51500.0,11050.0,15200.0,2780.0,28384.0,15725.0,1116.0,2228.0,5248.0,4728.0,2950.0,3270.0,27200.0,23854.0,151789.0,16650.0,12450.0,6660.0,2290.0,10500.0,97000.0,31450.0,16242.0,6740.0,2545.0,45046.0,3600.0,11850.0,24400.0,62600.0,108000.0,79961.0,4405.0,45900.0,1930.0,1765.0,6000.0,26683.0,880757,2570.0,31000.0,3330.0,374443.0,31500.0,2550.0,13550.0,145000.0,30640.0,6838.0,8490.0,1545.0,771.0,28360.0,,20044.0,11550.0,629.0,3274.0,3830.0,470000.0,11000.0,13356.0,3340.0,49278.0,5860.0,11636.0,5350.0,15250.0,16709.0,1015000.0,10620.0,5680.0,,5200.0,2425.0,67827.0,92067.0,2274.0,2485.0,39965.0,10598.0,8310.0,1820.0,3165.0,28220.0,96700.0,7784.0,80924.0,18550.0,37100.0,11300.0,9500.0,5256.0,1460.0,10250.0,8945.0,212500.0,21738.0,7500.0,4193.0,,16250.0,10781.0,17350.0,40200.0,10550.0,3925.0,20300.0,97100.0,32600.0,17013.0,969.0,4835.0,7100.0,56984.0,6720.0,6983.0,12200.0,1930.0,17100.0,15200.0,9440.0,2740.0,1242.0,1610.0,84800.0,13300.0,3850.0,27350.0,41400.0,207519.0,147500.0,3632.0,31200.0,198500.0,24800.0,251000.0,28450.0,3709.0,11550.0,5310.0,7520.0,25021.0,15100.0,13150.0,19633.0,14029.0,6229.0,3980.0,18400.0,2995.0,49344.0,4640.0,4575.0,41900.0,182500.0,25100.0,14650.0,22000.0,97805.0,,240000.0,9940.0,12120.0,8630.0,6350.0,4464.0,4585.0,31600.0,43619.0,1165.0,60000.0,1995.0,7450.0,1146000.0,8527.0,7262.0,1886.0,28577.0,56833.0,2385.0,1435,46404.0,6775.0,5420.0,11600.0,11750.0,6090.0,4705.0,18750.0,17900.0,5110.0,1175.0,3835.0,2355.0,2615.0,36800.0,1245.0,15473.0,1563.0,62900.0,2330.0,123641.0,2209.0,3500.0,20500.0,54200.0,5290.0,2392.0,3045.0,255000.0,1670.0,14750.0,7390.0,30100.0,4780.0,4125.0,2290.0,4220.0,11418.0,10100.0,34000.0,3755.0,27318.0,71600.0,2935.0,2860.0,7820.0,7591.0,2090.0,,7710.0,2387.0,2385.0,5650.0,3230.0,4905.0,79000.0,3500.0,8517.0,87200.0,17825.0,3595.0,109500.0,4013.0,2975.0,3130.0,24350.0,3000.0,3920.0,6890.0,10400.0,2540.0,1080.0,20500.0,61500.0,35312.0,17500.0,426.0,2644.0,8525.0,81257.0,249000.0,16881.0,7088.0,3455.0,10800.0,10550.0,91800.0,9249.0,2635.0,4390.0,25200.0,4235.0,4937.0,1140.0,2710.0,8990.0,5530.0,4475.0,,9680.0,38851.0,13700.0,1035.0,12716.0,6550.0,4300.0,3575.0,5260.0,2470.0,9070.0,6630.0,4000.0,55827.0,2360.0,2935.0,2600.0,2800.0,10024.0,32300,7280.0,30885,10700.0,8202.0,58700.0,12450.0,4970.0,3260.0,22600.0,87100.0,26125.0,97087.0,23950.0,16300.0,2210.0,9090.0,35650.0,1631.0,3830.0,2641.0,4100.0,77000.0,3525.0,3020.0,4965.0,14450.0,30878.0,18950.0,6350.0,2300.0,56200.0,32114.0,185500.0,4964.0,17583.0,1909.0,69781.0,7964.0,9239.0,957.0,1860.0,4656.0,6790.0,14592.0,19500.0,3570.0,4264.0,40400.0,11086.0,4745.0,3444.0,21238.0,5905.0,1730.0,97500.0,8740.0,4673.0,22211.0,4610.0,3480.0,8210.0,8980.0,4090.0,3780.0,15367.0,21750.0,6162.0,6410.0,40800.0,26200.0,2620.0,2940.0,4276.0,4280.0,22966.0,2536.0,3660.0,4674.0,2854.0,1770.0,3535.0,22447.0,44759.0,5830.0,1469.0,5340.0,87200.0,4250.0,37206.0,1225.0,8930.0,2421.0,2720.0,10795.0,5660.0,2200.0,162400.0,2585.0,9060.0,60800.0,41882.0,1215.0,8598.0,2730.0,9520.0,37274.0,184000.0,51100.0,16950.0,36222.0,27729.0,8081.0,27414,7160.0,3075.0,1698.0,41400.0,2165.0,7391.0,32729.0,2820.0,2945.0,7149.0,2934.0,4814.0,2715.0,10650.0,6133.0,726.0,7460.0,1225.0,2825.0,2870.0,4775.0,7280.0,7800.0,2700.0,3166.0,15450.0,15515.0,19250.0,7000.0,2280.0,4320.0,9310.0,20175.0,1710.0,106500.0,3265.0,34450.0,12623.0,29950.0,22645.0,21350.0,248000.0,15281.0,22550.0,44250.0,8990.0,46850.0,5340.0,2403.0,114562.0,16611.0,9400.0,13750.0,5190.0,12155.0,19048.0,187300.0,5118.0,4445.0,4100.0,6000.0,3180.0,30400.0,7542.0,5450.0,2995.0,43120.0,10449.0,118500,2200.0,28629.0,8470.0,240000.0,12300.0,1466.0,6620.0,3799.0,20266.0,5090.0,,3175.0,1780.0,4805.0,10600.0,16075.0,4850.0,11800.0,48700.0,2050.0,3695.0,,8950.0,6650.0,3920.0,3050.0,4820.0,16627.0,5000.0,7320.0,3400.0,125500.0,9461.0,3720.0,1798.0,7180.0,2390.0,8027.0,4308.0,21992,6040.0,1845.0,11300.0,34450.0,9770.0,2975.0,23380.0,6440.0,5970.0,9320.0,3614.0,10500,8780.0,40200.0,15100.0,16881.0,8530.0,52200.0,24400.0,,79626.0,2130.0,4720.0,13900.0,20510.0,17050.0,3330.0,18901.0,2640.0,27369.0,44550.0,9656.0,832.0,1822.0,3360.0,11500.0,4445.0,4250.0,6985.0,23335.0,9890.0,771.0,4279.0,8505.0,289400.0,13200.0,1775.0,52600.0,5420.0,4853.0,11700.0,2081.0,2750.0,1945.0,5820.0,3710.0,1750,8404.0,3385,5016.0,2599.0,3203.0,14150.0,4460.0,3701.0,5360.0,19050.0,3510.0,1588.0,22900.0,70800.0,44565.0,6151.0,652060,2699.0,7200.0,3010.0,2590.0,5160.0,2944.0,4605.0,9300.0,30260.0,8025.0,11790.0,8540.0,2170.0,3787.0,2600.0,2010.0,12200.0,13977.0,1515.0,19103.0,2456,49650,1585.0,2512.0,4874.0,,7250.0,9942.0,2050.0,4350.0,55600.0,95255.0,868000.0,119432,4140.0,11200.0,2880.0,10900.0,4335.0,3315.0,27100.0,9887.0,24300.0,2235.0,2190.0,22850.0,1975.0,2749.0,85100,4790.0,14750.0,1753.0,6039.0,4025.0,9882.0,21152.0,3779,7759.0,9250.0,6793,12550.0,,58600.0,10100.0,8561.0,3420.0,3080.0,225390.0,13550.0,6700.0,15460.0,15350.0,15755.0,15450.0,3385.0,9880.0,10650.0,,4295,4900.0,10880.0,5370.0,2130.0,76110.0,2271.0,15913.0,10390.0,1240,3300.0,8900.0,27428,1975.0,7638.0,31931,5570.0,130500.0,4752.0,1838.0,3030.0,4405.0,2250.0,18100.0,2120.0,4460.0,6130.0,8875.0,9871.0,6681.0,25668,4616.0,2235.0,6610.0,17350.0,920.0,21516.0,2370.0,88600.0,26219.0,21300.0,1300.0,7960.0,4584.0,48120.0,7450.0,3699.0,14750.0,5750.0,,43530.0,10662.0,31550.0,14250.0,2295.0,42370.0,6330.0,115440.0,6031.0,7898.0,2030.0,3370.0,,2106.0,2850.0,3925.0,16300.0,1400.0,7720.0,82000.0,31550.0,4235.0,9850.0,3762.0,5010.0,4480.0,4535,5800.0,8700.0,,5014.0,9290.0,64900.0,18650.0,3870.0,6360.0,7627.0,2980.0,36100.0,23350.0,5732.0,3458.0,193330.0,4100.0,2855.0,5360.0,3995.0,3379.0,2400.0,1874.0,71381.0,11500.0,11700,10774.0,60900.0,2900.0,1758.0,21250.0,5112.0,17650.0,6030.0,8859.0,8099.0,75200.0,27268.0,3700.0,135500.0,,1940.0,8721.0,2746.0,,4580.0,5483.0,295018.0,12108.0,5440.0,9640.0,6325.0,13024.0,4011.0,4920.0,8630.0,8390.0,,75483.0,1015.0,2770.0,1325.0,7543.0,3904.0,1700.0,3475.0,16791.0,2655.0,4995.0,1687.0,7050.0,13000.0,9188.0,2750.0,35889.0,23171.0,8855.0,3630.0,104687,9193.0,53000.0,73835.0,5180.0,10236.0,35950.0,115500.0,2523.0,16100.0,4943.0,7980.0,15172.0,12650.0,8082.0,7860.0,4585,5303.0,19143.0,6834.0,4250.0,7700.0,3065.0,7693.0,1560.0,8040.0,4310.0,675.0,1753.0,5203.0,12000.0,5027.0,11557.0,3525.0,3610.0,3430.0,3500.0,3505.0,3192.0,2600.0,,4561.0,4390.0,4435.0,4275.0,4435.0,4660.0,4830.0,7396.0,6090.0,5241.0,51508.0,24180.0,13350.0,10950.0,,10550.0,74853.0,55480.0,25694,12831.0,1653.0,4650.0,5680.0,4170.0,,3350.0,4200.0,2575.0,7740.0,11351.0,1296.0,3820.0,,1275.0,352305.0,5417.0,7250.0,1491.0,18900.0,27075.0,,6909.0,5000.0,11758.0,4115.0,5730.0,4972.0,12170.0,2560.0,16420.0,6259,25467.0,3325.0,6129.0,1855.0,,11350.0,1649.0,,11450.0,367500.0,2645.0,5770.0,2305.0,4010.0,2800,5325.0,4400.0,4350.0,4400.0,4320.0,3180.0,3257.0,11650.0,,,12882.0,9360.0,6932.0,4405.0,59200.0,2190.0,5680.0,4967.0,2110.0,13595.0,,25050.0,7347.0,2039.0,17300.0,4306.0,3190.0,4520.0,10950.0,4815.0,1776.0,13250.0,2366.0,4379.0,4550.0,8150.0,9740.0,5140.0,1865.0,4015.0,7378.0,10933.0,36389.0,1170.0,14700.0,17037.0,10925.0,6885,409473.0,6829.0,142673.0,35951.0,16600.0,6458.0,11890.0,362000.0,5010.0,2702.0,20993.0,1375.0,18140.0,1980.0,2146.0,,19691.0,10550.0,47600.0,5250.0,9170.0,3156.0,8018.0,3275,43466.0,2060.0,7014.0,4886.0,3062.0,8740.0,,5450.0,7618.0,24832.0,16550.0,13528.0,3740.0,4599.0,,2575.0,3105.0,10500.0,4725.0,2045.0,17077.0,,7500.0,30500.0,21055.0,7650.0,9339.0,30457.0,13242.0,29000.0,12300.0,,121500.0,21100.0,4040.0,30534.0,6200.0,3559.0,4678.0,1940.0,6483.0,400621.0,,1015.0,,,,,,50800.0,8528.0,1993.0,9348.0,6710.0,26150.0,732240,3660.0,70115,6890.0,13272.0,122230.0,16706.0,12605,5280.0,9793.0,15210.0,4700.0,23830.0,6710.0,32150.0,6040.0,300593.0,,26610.0,3560.0,26731.0,7158.0,7290.0,3595.0,4541,62000.0,13450.0,,16150.0,44266.0,5306.0,,2754.0,6956.0,6600.0,7540.0,37100.0,19700.0,14326.0,3412.0,27950.0,5436.0,16853.0,3735.0,9880.0,6920.0,10228.0,270162.0,18450.0,5717.0,,,3072.0,3270.0,6776.0,1450.0,10500.0,4154,4676.0,914.0,2625.0,,3067.0,3000.0,5120.0,3320.0,74500.0,8820.0,12950.0,8080.0,10200.0,2290.0,7800,2030.0,5680.0,4565.0,1710.0,15050.0,3573.0,12788.0,1400,9830.0,6550.0,5247.0,24200.0,6666.0,7893.0,,,9401.0,75894,2785.0,1565.0,,9213.0,3030.0,,3990.0,4015.0,214763,2641.0,11961.0,5241.0,17876.0,18550.0,15700.0,3540.0,,,76592.0,1057.0,,1664.0,,,6370.0,9110.0,14053.0,6800.0,6560.0,17050.0,1640,5792.0,7200.0,,7260.0,2170.0,3970.0,2135,3435.0,21021.0,19428.0,3470.0,2360.0,164375.0,11200.0,6438.0,53400.0,9800.0,80500.0,8919.0,,36900.0,5350.0,7180.0,142254.0,10800.0,2640.0,,5444.0,2210.0,,15350.0,,,,,15994.0,2865.0,18450.0,10350.0,,14379.0,,17712.0,3150.0,9389.0,,58600.0,13065.0,13969.0,88043.0,5054.0,12600.0,4522.0,9700.0,3618.0,,1119.0,3805.0,3470.0,19173.0,11900.0,24000.0,5210.0,36241.0,221621.0,117568.0,11300.0,17550.0,25650.0,2041.0,,,57060.0,2680.0,2108.0,3366.0,19960.0,1489.0,48240.0,4802.0,20544.0,14650.0,,933.0,,58470.0,2000.0,17950.0,9320.0,27338.0,,5980.0,,1739.0,10933.0,11062.0,16256.0,1995.0,4645.0,16359.0,,4444.0,12750.0,20739.0,15400.0,,89275.0,17472.0,10310.0,25267.0,70600.0,108680.0,15800.0,71600.0,12275.0,10604.0,24750.0,,1933.0,8057.0,,3315.0,,2147.0,1995.0,19950.0,9749.0,7677.0,4000.0,9654.0,4620.0,,12209.0,2405.0,24300.0,2010.0,22900.0,9870.0,28500.0,,7535.0,9758.0,144488.0,102454.0,,,2195.0,10275.0,16550.0,76250.0,9760.0,311250.0,20824.0,,2241.0,,,24900.0,9680.0,,,,16400.0,,,7350.0,,,,,,21350.0,16900.0,,,,,,,,,,,,,,,,,,,,,,,,,,,,,,,,,,,,,,,,,,,,,,,,,,,,,,,,,,,,,,,,,,,,,,,,,,,,,,,,,,,,,,,,,,,,,,,,,,,,,,,,,,,,,,,,,,,,,,,,,,,,,,,,1831.0,1571.0,1545.0,1268.0,85389.0,103084.0,6128.0,1751.0,11085.0,,,,,,,3440.0,,,,
2016-03-31,8110.0,19650.0,39547.0,190000.0,22475.0,6903.0,,5890.0,9290.0,9447.0,3990.0,74400.0,195769.0,28150.0,102900.0,41011.0,19950.0,57800.0,20058.0,4455.0,46950.0,11350.0,18050.0,4900.0,29088.0,17668.0,1301.0,2351.0,5080.0,4878.0,3010.0,3595.0,27500.0,34056.0,151789.0,16700.0,13000.0,6840.0,3150.0,10800.0,100000.0,29050.0,17132.0,7450.0,2415.0,44898.0,3825.0,11900.0,26250.0,61600.0,106000.0,74827.0,4775.0,47550.0,1930.0,1860.0,6080.0,29655.0,820082,4795.0,29600.0,3520.0,365225.0,35500.0,2410.0,13400.0,156500.0,36906.0,6936.0,8885.0,1860.0,764.0,34090.0,,21383.0,13300.0,634.0,3808.0,4020.0,492000.0,12200.0,13496.0,3390.0,58912.0,6460.0,13241.0,4800.0,14400.0,16180.0,930000.0,10927.0,6300.0,,5680.0,3515.0,64709.0,99721.0,3961.0,2430.0,41945.0,10189.0,8980.0,1855.0,6790.0,29700.0,95900.0,7972.0,81123.0,20900.0,40700.0,11950.0,11400.0,6058.0,1540.0,12050.0,8379.0,203000.0,21738.0,7510.0,4329.0,,17200.0,12295.0,19750.0,41850.0,10650.0,4580.0,23650.0,105000.0,38950.0,18284.0,969.0,4805.0,7110.0,65645.0,9120.0,12872.0,13750.0,2199.0,17850.0,16200.0,9840.0,2803.0,1323.0,1839.0,91600.0,13960.0,3985.0,27150.0,36400.0,181916.0,152500.0,3899.0,32500.0,219500.0,25600.0,214000.0,29150.0,4641.0,11750.0,5080.0,7950.0,28229.0,17100.0,14850.0,20160.0,12873.0,6977.0,4100.0,20000.0,3115.0,49344.0,4760.0,4480.0,44800.0,179000.0,27300.0,14100.0,22000.0,96924.0,,256000.0,10000.0,13010.0,9970.0,6420.0,4684.0,5020.0,33300.0,40326.0,1270.0,60700.0,3130.0,8850.0,907000.0,8851.0,7502.0,2551.0,26070.0,55938.0,2525.0,1500,52680.0,7225.0,6005.0,13350.0,11250.0,6440.0,4985.0,19300.0,20900.0,5320.0,1215.0,4165.0,2500.0,2970.0,45950.0,1260.0,27811.0,1666.0,67400.0,2655.0,124897.0,2218.0,3310.0,20900.0,58800.0,5370.0,2464.0,3240.0,223500.0,1790.0,15400.0,7710.0,34700.0,5325.0,4250.0,2570.0,4865.0,12320.0,10750.0,37500.0,4900.0,28458.0,72000.0,3005.0,3170.0,9530.0,7990.0,2305.0,,7340.0,2387.0,2490.0,6560.0,3440.0,4615.0,97900.0,3740.0,8768.0,79300.0,21850.0,3797.0,105000.0,4090.0,3140.0,3320.0,24350.0,3070.0,4020.0,7090.0,11285.0,2575.0,867.0,23000.0,58200.0,37281.0,16100.0,640.0,2613.0,9100.0,82410.0,249000.0,17373.0,9216.0,3640.0,11250.0,9180.0,88400.0,9348.0,3104.0,4720.0,27450.0,4540.0,5192.0,1220.0,2795.0,10550.0,5440.0,4885.0,,9220.0,35834.0,13200.0,1070.0,30920.0,9100.0,4555.0,3950.0,5430.0,2580.0,11750.0,6860.0,4240.0,57561.0,2600.0,2810.0,3190.0,2909.0,9620.0,32300,7400.0,15575,11400.0,9431.0,60200.0,10250.0,5250.0,3315.0,34350.0,78100.0,27756.0,97087.0,23900.0,15950.0,2430.0,9780.0,36500.0,1759.0,4313.0,2787.0,4100.0,81600.0,3885.0,3115.0,4790.0,15409.0,36547.0,17800.0,7000.0,2270.0,65000.0,32768.0,175000.0,4087.0,20121.0,1871.0,77127.0,8850.0,8551.0,1130.0,2100.0,4529.0,6440.0,17204.0,21300.0,3780.0,4497.0,40150.0,12344.0,7500.0,4032.0,22957.0,5835.0,1830.0,96500.0,7680.0,4538.0,24282.0,4920.0,3750.0,7700.0,11500.0,4595.0,4120.0,15622.0,21650.0,6145.0,6660.0,50100.0,25150.0,2385.0,3690.0,4511.0,4490.0,22991.0,2585.0,3660.0,4674.0,3190.0,1995.0,4215.0,20191.0,50277.0,6690.0,1457.0,5400.0,94900.0,5850.0,42574.0,1300.0,9720.0,2553.0,2970.0,12263.0,6620.0,2340.0,112600.0,2710.0,9170.0,66900.0,42269.0,1625.0,8688.0,4100.0,10850.0,39876.0,185700.0,50400.0,17000.0,47829.0,27683.0,6770.0,27993,9200.0,3315.0,1918.0,38800.0,2310.0,7501.0,33396.0,2800.0,3115.0,7571.0,2501.0,5258.0,2735.0,11050.0,5946.0,817.0,7960.0,1290.0,3030.0,2825.0,4525.0,8300.0,8325.0,2875.0,3834.0,15000.0,11845.0,19700.0,6380.0,1963.0,5600.0,9800.0,19875.0,1945.0,110000.0,3725.0,36050.0,16525.0,29100.0,24586.0,19750.0,223000.0,16362.0,23625.0,42800.0,9330.0,47100.0,5760.0,3196.0,127580.0,16461.0,9540.0,12500.0,5790.0,12198.0,19911.0,198000.0,5517.0,5050.0,4600.0,6260.0,3730.0,36750.0,8056.0,5450.0,4500.0,42790.0,11259.0,111500,2550.0,24108.0,9350.0,253500.0,11600.0,1582.0,6530.0,4482.0,19906.0,5850.0,,3393.0,1710.0,4990.0,11200.0,16050.0,5030.0,12750.0,53200.0,1930.0,3975.0,,9200.0,6650.0,4675.0,3665.0,4530.0,23760.0,5700.0,8850.0,3690.0,119600.0,8959.0,4590.0,2130.0,7150.0,3520.0,8493.0,4353.0,23196,6720.0,1800.0,11350.0,50000.0,10600.0,3185.0,20920.0,6450.0,7300.0,10900.0,4132.0,12900,8100.0,42800.0,14450.0,15649.0,8240.0,48300.0,29200.0,,80106.0,2150.0,5330.0,14850.0,19660.0,17100.0,3825.0,22521.0,2940.0,35476.0,44350.0,8994.0,904.0,1714.0,3850.0,13350.0,3890.0,4075.0,8021.0,37355.0,11660.0,976.0,4358.0,8330.0,284650.0,15972.0,1680.0,51200.0,5380.0,5316.0,12300.0,2324.0,2575.0,2200.0,5380.0,4010.0,1900,8452.0,3330,4210.0,3066.0,4141.0,14950.0,4600.0,3138.0,6280.0,21600.0,3560.0,1750.0,75600.0,65200.0,50355.0,7813.0,667320,3020.0,8280.0,3080.0,2795.0,5950.0,3109.0,4605.0,11500.0,28750.0,8600.0,15543.0,8880.0,4270.0,4092.0,2890.0,2217.0,12350.0,15114.0,1465.0,18589.0,4801,49800,1910.0,2625.0,4563.0,,5400.0,10127.0,2400.0,4595.0,57300.0,110835.0,945000.0,100440,4235.0,11325.0,2910.0,11150.0,5124.0,3260.0,31250.0,13075.0,25550.0,2500.0,1775.0,22250.0,1995.0,2838.0,77300,7330.0,16600.0,1900.0,5749.0,4925.0,9404.0,20837.0,3760,7919.0,9970.0,6135,11800.0,,58100.0,10100.0,9543.0,3580.0,3460.0,225765.0,14200.0,6747.0,13672.0,16250.0,17057.0,16200.0,3545.0,10900.0,10650.0,,4695,4665.0,9240.0,5810.0,3520.0,77120.0,2370.0,15726.0,7753.0,1850,2570.0,11350.0,37465,2030.0,7779.0,39565,5680.0,145000.0,4995.0,2941.0,3235.0,4345.0,2590.0,20200.0,2251.0,6390.0,6720.0,8733.0,12422.0,6584.0,23639,4932.0,2750.0,7165.0,16350.0,920.0,21816.0,2670.0,91300.0,28221.0,21700.0,1600.0,6970.0,6059.0,56811.0,7410.0,3775.0,17350.0,5740.0,,44357.0,12012.0,35850.0,18900.0,2120.0,38072.0,5900.0,121410.0,7340.0,8996.0,1595.0,3530.0,,2166.0,3120.0,3282.0,14950.0,1625.0,7950.0,108500.0,34950.0,4335.0,11400.0,3572.0,5180.0,4430.0,3940,6640.0,7280.0,,8703.0,8801.0,61600.0,21650.0,3915.0,6640.0,6957.0,3080.0,35900.0,22000.0,5942.0,3506.0,163240.0,5200.0,3675.0,5460.0,4425.0,4037.0,3094.0,1534.0,78376.0,12000.0,11200,12000.0,67200.0,3060.0,1852.0,23300.0,6937.0,19200.0,6170.0,9971.0,8502.0,97500.0,33772.0,4195.0,137500.0,,1900.0,8894.0,2933.0,,4920.0,6033.0,309151.0,14699.0,4995.0,10000.0,6040.0,13075.0,5266.0,4350.0,8770.0,8760.0,,68073.0,1083.0,2085.0,1700.0,7067.0,3694.0,1810.0,3090.0,17015.0,2600.0,5050.0,1840.0,7060.0,13300.0,9049.0,2425.0,36954.0,25843.0,12626.0,4097.0,104196,10303.0,59000.0,62554.0,5840.0,11853.0,34650.0,105500.0,2651.0,15700.0,4058.0,7820.0,15619.0,13850.0,10854.0,8890.0,4955,5790.0,20077.0,8153.0,4400.0,8080.0,3315.0,7944.0,1600.0,7480.0,4670.0,638.0,1887.0,5250.0,12300.0,5269.0,11200.0,3300.0,3175.0,3100.0,3305.0,3065.0,3817.0,2585.0,,5105.0,4055.0,4000.0,4145.0,4215.0,4755.0,4750.0,7699.0,5350.0,6868.0,46089.0,25987.0,13100.0,11700.0,,10650.0,80672.0,51880.0,22495,12693.0,1623.0,4915.0,5600.0,5140.0,,2000.0,5090.0,2710.0,8400.0,13213.0,1315.0,4110.0,,1062.0,349141.0,5392.0,7900.0,1203.0,18700.0,26505.0,,7600.0,4520.0,12590.0,4360.0,5959.0,5342.0,13720.0,2730.0,14910.0,7020,27188.0,3915.0,6611.0,2060.0,,11800.0,1969.0,,12500.0,386500.0,2780.0,5300.0,2475.0,4545.0,2865,5425.0,4790.0,4600.0,4520.0,4680.0,3470.0,3359.0,12150.0,,,15198.0,9970.0,6767.0,4835.0,62800.0,2410.0,5950.0,5560.0,2850.0,16668.0,,25900.0,7214.0,2120.0,18000.0,4272.0,3505.0,4750.0,12100.0,4723.0,1821.0,13550.0,2678.0,4330.0,4700.0,9690.0,9870.0,6175.0,1975.0,4315.0,3220.0,11900.0,51424.0,1170.0,14650.0,16886.0,9850.0,8046,282518.0,6787.0,169239.0,40648.0,15833.0,12138.0,12678.0,347500.0,7300.0,3024.0,18115.0,1650.0,18089.0,1773.0,2672.0,,24009.0,12200.0,49600.0,5490.0,11650.0,3696.0,7881.0,3235,39082.0,2800.0,7777.0,5126.0,3062.0,8050.0,,6128.0,7140.0,23851.0,17750.0,11306.0,4450.0,4821.0,,2780.0,3650.0,10500.0,5110.0,2070.0,16839.0,,9080.0,32000.0,20160.0,7870.0,9806.0,31916.0,13660.0,33300.0,14250.0,,138500.0,20100.0,5705.0,18090.0,6210.0,3083.0,12807.0,2607.0,6976.0,353961.0,,1025.0,,,,,,48100.0,9303.0,2112.0,9656.0,7185.0,22850.0,664529,5002.0,67165,7475.0,12147.0,121310.0,19876.0,14470,6770.0,9238.0,18760.0,5530.0,26500.0,6980.0,36600.0,6220.0,311362.0,,28470.0,3465.0,24681.0,7212.0,9020.0,4224.0,5093,66900.0,13900.0,,16500.0,37470.0,5807.0,,3027.0,6996.0,6940.0,7390.0,39100.0,18950.0,15284.0,3985.0,23700.0,5595.0,19078.0,3990.0,10400.0,7240.0,11398.0,257405.0,15050.0,5610.0,,,3433.0,3400.0,6729.0,1515.0,9810.0,4475,5780.0,904.0,3035.0,,3432.0,3385.0,5540.0,3700.0,63800.0,11050.0,12950.0,8550.0,9430.0,2230.0,7210,2305.0,7150.0,4735.0,1685.0,26300.0,3950.0,13336.0,2501,9860.0,14450.0,5221.0,26700.0,6513.0,7770.0,,,9053.0,57407,2995.0,1610.0,,11165.0,3531.0,,3730.0,4703.0,175338,2774.0,14688.0,5816.0,16350.0,18550.0,16400.0,3431.0,,,94938.0,1927.0,,1754.0,,,11550.0,8130.0,13654.0,7000.0,7600.0,16950.0,1725,6251.0,7550.0,,7640.0,2240.0,4555.0,2120,4050.0,21062.0,20958.0,3470.0,2055.0,132845.0,15250.0,6533.0,54400.0,9580.0,81300.0,9851.0,,29100.0,5400.0,7600.0,136853.0,10700.0,3900.0,,6545.0,2100.0,,17150.0,,,,,15084.0,3325.0,18697.0,10250.0,,21911.0,,19211.0,3260.0,9281.0,,60800.0,13330.0,15450.0,95265.0,6015.0,13000.0,4400.0,11075.0,4452.0,,1152.0,4585.0,3570.0,18747.0,13025.0,24900.0,6360.0,30986.0,261824.0,119958.0,37050.0,11950.0,24700.0,4450.0,,,57000.0,3040.0,2059.0,5200.0,20964.0,1580.0,48592.0,6877.0,21150.0,14050.0,,954.0,,187290.0,2000.0,13900.0,16190.0,27520.0,,6420.0,,1734.0,10958.0,10951.0,16501.0,1990.0,6960.0,14739.0,9700.0,4404.0,12300.0,21221.0,15500.0,,82284.0,19376.0,11852.0,25820.0,65900.0,120640.0,15640.0,72400.0,12095.0,10204.0,24700.0,,1924.0,8057.0,,3648.0,,2136.0,1975.0,19700.0,8705.0,7897.0,3930.0,9654.0,4915.0,,11664.0,2381.0,24300.0,1985.0,25150.0,9390.0,28400.0,19500.0,7421.0,11460.0,185621.0,90739.0,,,2623.0,10145.0,15750.0,85250.0,9705.0,273750.0,20712.0,,2191.0,,,24550.0,10550.0,,,,17000.0,,1051.0,6450.0,,,,,,23750.0,15450.0,,,,,,,,,,,,,,,,,,,,,,,,,,,,,,,,,,,,,,,,,,,,,,,,,,,,,,,,,,,,,,,,,,,,,,,,,,,,,,,,,,,,,,,,,,,,,,,,,,,,,,,,,,,,,,,,,,,,,,,,,,,,,,,,1922.0,1228.0,1509.0,1350.0,98446.0,99541.0,5057.0,1804.0,11850.0,,,,,,,4085.0,,,,
2016-04-30,9330.0,17400.0,41169.0,194500.0,18075.0,7319.0,,5920.0,9150.0,9906.0,4094.0,78600.0,175484.0,28150.0,102052.0,39114.0,20750.0,55000.0,20458.0,4175.0,38200.0,12150.0,19450.0,3320.0,32931.0,18331.0,1812.0,2368.0,5027.0,5550.0,3190.0,4055.0,29150.0,26062.0,151789.0,17200.0,13550.0,6870.0,1960.0,10965.0,88500.0,28600.0,17799.0,6700.0,2190.0,45684.0,3400.0,14750.0,29050.0,58800.0,116500.0,75973.0,5510.0,45200.0,2060.0,2035.0,6580.0,28486.0,802467,3900.0,30850.0,3600.0,373126.0,39500.0,2540.0,14200.0,152500.0,57817.0,9122.0,9525.0,1875.0,905.0,27320.0,,18838.0,12950.0,691.0,4183.0,4095.0,471000.0,11800.0,13425.0,3530.0,70847.0,6700.0,11817.0,4780.0,14200.0,16424.0,993000.0,14055.0,6600.0,,5480.0,8000.0,64332.0,101297.0,4042.0,2625.0,40778.0,11099.0,8970.0,1740.0,4010.0,29780.0,109000.0,8101.0,73866.0,20500.0,37550.0,11300.0,11550.0,6576.0,1885.0,12350.0,8547.0,211500.0,19584.0,7470.0,4922.0,,17200.0,13509.0,20800.0,43500.0,10800.0,4575.0,21100.0,107500.0,36200.0,19872.0,969.0,5350.0,7720.0,55844.0,9230.0,10208.0,13550.0,2167.0,22350.0,17300.0,14000.0,2904.0,1743.0,2132.0,89000.0,14524.0,4715.0,27250.0,35200.0,197018.0,143500.0,3907.0,31200.0,240500.0,27400.0,213000.0,28200.0,4481.0,12450.0,5620.0,8080.0,26465.0,14800.0,14800.0,21644.0,12714.0,7203.0,11050.0,18500.0,3260.0,44898.0,5220.0,4515.0,50800.0,173000.0,31000.0,14000.0,18100.0,111609.0,,235500.0,10300.0,14540.0,8650.0,6290.0,7059.0,4875.0,34550.0,45758.0,1295.0,57700.0,2570.0,9060.0,817000.0,9143.0,8119.0,2410.0,29332.0,52694.0,2550.0,2345,50898.0,6500.0,7014.0,12850.0,10550.0,6450.0,5580.0,19550.0,19500.0,5290.0,1275.0,4100.0,2620.0,2950.0,45950.0,1275.0,30612.0,1737.0,70400.0,2805.0,114002.0,2378.0,3405.0,22300.0,52100.0,5060.0,2519.0,3100.0,191000.0,1875.0,17000.0,8740.0,38600.0,5450.0,4585.0,3130.0,4335.0,10615.0,10050.0,37800.0,5325.0,28686.0,64300.0,3150.0,3200.0,10460.0,7736.0,2373.0,,7350.0,2387.0,2630.0,6820.0,3755.0,4710.0,87100.0,3660.0,8818.0,73700.0,21450.0,5449.0,96600.0,4347.0,3120.0,3430.0,24350.0,2975.0,4135.0,7300.0,14065.0,2580.0,867.0,26650.0,68300.0,29638.0,17200.0,805.0,2834.0,9050.0,83459.0,260500.0,18747.0,8285.0,4140.0,10750.0,8400.0,93100.0,11271.0,3312.0,4920.0,28450.0,4330.0,6021.0,1250.0,2556.0,12800.0,5470.0,4795.0,,9220.0,36872.0,13150.0,1030.0,32421.0,10780.0,4495.0,4200.0,6550.0,2620.0,12150.0,7200.0,4980.0,54267.0,3225.0,2270.0,2690.0,2990.0,10335.0,32900,7470.0,18021,12100.0,8869.0,61800.0,10550.0,5180.0,3685.0,29350.0,77400.0,27572.0,90000.0,20900.0,16200.0,2500.0,9930.0,35600.0,1870.0,4788.0,2926.0,4140.0,87400.0,3900.0,3280.0,5070.0,16405.0,38547.0,17950.0,8160.0,2370.0,62600.0,33926.0,170500.0,3284.0,26465.0,1546.0,82248.0,9608.0,9574.0,1090.0,2500.0,5184.0,7040.0,15523.0,18860.0,3850.0,4364.0,44350.0,14958.0,8375.0,3891.0,22813.0,6085.0,2060.0,98600.0,9440.0,4843.0,23304.0,5740.0,3620.0,8190.0,10750.0,5620.0,3970.0,15713.0,23400.0,6258.0,7080.0,50100.0,27400.0,2325.0,3345.0,4575.0,4980.0,25368.0,2697.0,4920.0,4674.0,3134.0,1980.0,3865.0,23843.0,48579.0,8110.0,1457.0,5940.0,89400.0,3290.0,40817.0,1360.0,9870.0,2695.0,2985.0,11750.0,7800.0,2625.0,83700.0,2770.0,8920.0,66400.0,47939.0,1595.0,8728.0,6200.0,12650.0,37174.0,184500.0,48900.0,16800.0,42225.0,28498.0,6770.0,26256,8020.0,3610.0,2013.0,40400.0,2685.0,8476.0,38252.0,3340.0,2735.0,7873.0,2687.0,5819.0,3035.0,11200.0,6100.0,894.0,7700.0,1320.0,3130.0,3255.0,3635.0,9240.0,8400.0,3020.0,4093.0,13200.0,9420.0,19300.0,6050.0,1866.0,5710.0,9900.0,19735.0,1845.0,123000.0,3780.0,32100.0,19968.0,28550.0,22090.0,20300.0,224000.0,18770.0,31550.0,42450.0,8820.0,44050.0,6900.0,3200.0,135592.0,16061.0,9000.0,17200.0,6170.0,11938.0,20172.0,199800.0,6225.0,5190.0,4540.0,6580.0,3820.0,38900.0,7953.0,3000.0,4995.0,42510.0,13131.0,118800,2875.0,23185.0,9200.0,229000.0,12850.0,1596.0,6810.0,4531.0,20865.0,6400.0,,3539.0,2265.0,4660.0,10550.0,14900.0,6080.0,12300.0,52400.0,2400.0,3715.0,,9225.0,6930.0,4980.0,3823.0,5455.0,22507.0,5650.0,9080.0,3815.0,113400.0,9268.0,4260.0,2150.0,7550.0,3355.0,9175.0,4864.0,24159,7000.0,2015.0,11950.0,54500.0,10400.0,3030.0,37445.0,6410.0,6830.0,13850.0,4203.0,12100,9990.0,41000.0,13600.0,23609.0,8150.0,44700.0,22300.0,,82029.0,2225.0,5220.0,15100.0,18934.0,20450.0,3985.0,24520.0,3400.0,35107.0,38500.0,8640.0,963.0,1890.0,4020.0,12850.0,2930.0,4280.0,7717.0,56660.0,11280.0,1002.0,3965.0,8505.0,312050.0,16060.0,2375.0,52900.0,5770.0,4551.0,12400.0,2309.0,2940.0,2995.0,5320.0,4315.0,2010,7948.0,3325,5348.0,2851.0,4441.0,15400.0,4900.0,3223.0,6350.0,24850.0,4220.0,4446.0,66400.0,67800.0,50640.0,9445.0,607110,2789.0,8270.0,3375.0,2665.0,5920.0,4888.0,13100.0,10900.0,34870.0,8725.0,14755.0,9270.0,3815.0,3973.0,3080.0,2235.0,13200.0,16599.0,1500.0,18221.0,8909,50400,2070.0,2772.0,3859.0,,5160.0,10586.0,2415.0,4995.0,54200.0,104605.0,1007000.0,90335,4400.0,11800.0,2800.0,12200.0,5461.0,3485.0,33650.0,11705.0,22950.0,2950.0,1640.0,19700.0,2030.0,3316.0,70200,6830.0,16200.0,2066.0,5749.0,4410.0,8965.0,22093.0,4031,8455.0,11000.0,5680,11750.0,,66300.0,10100.0,9272.0,3675.0,3825.0,197025.0,13450.0,7724.0,14715.0,15850.0,18485.0,16650.0,4505.0,11450.0,10450.0,,4150,4840.0,9200.0,5600.0,4500.0,82815.0,2702.0,16547.0,7612.0,2195,2525.0,10750.0,30439,2280.0,8579.0,44058,6170.0,139500.0,4845.0,4613.0,3110.0,4820.0,2975.0,20350.0,2459.0,5830.0,6660.0,11104.0,23220.0,6381.0,22202,4958.0,2470.0,7135.0,17450.0,920.0,23151.0,2430.0,85400.0,25647.0,18750.0,3945.0,6860.0,5664.0,61724.0,8970.0,3801.0,17950.0,6280.0,,45034.0,12384.0,44400.0,25150.0,2490.0,36695.0,6300.0,101724.0,6975.0,9995.0,73.0,3810.0,,2205.0,3450.0,3792.0,18100.0,1545.0,8020.0,112000.0,31050.0,4390.0,12800.0,3452.0,5990.0,4260.0,4502,6500.0,7840.0,,10289.0,6727.0,58200.0,22000.0,4160.0,6860.0,6841.0,3055.0,36250.0,29000.0,7275.0,3691.0,160050.0,5200.0,3795.0,5720.0,4365.0,4091.0,3059.0,1350.0,71810.0,12900.0,10800,15027.0,68700.0,3080.0,2040.0,23250.0,4529.0,20150.0,6860.0,10611.0,12063.0,89900.0,34128.0,3980.0,147500.0,,2385.0,8894.0,3180.0,,5090.0,6178.0,282063.0,14740.0,5670.0,10800.0,6500.0,13428.0,4677.0,4335.0,8740.0,10200.0,,89618.0,1092.0,2085.0,2700.0,7568.0,3834.0,1965.0,3740.0,17428.0,2770.0,4740.0,1985.0,6150.0,13300.0,9153.0,3125.0,37797.0,28603.0,11372.0,4218.0,83766,10926.0,55300.0,72568.0,6000.0,12220.0,33150.0,89300.0,2839.0,15250.0,3802.0,6680.0,14607.0,15000.0,9506.0,8510.0,4740,5709.0,19377.0,8153.0,5440.0,8750.0,3445.0,8861.0,1730.0,6500.0,4710.0,638.0,2354.0,6105.0,10850.0,4961.0,12360.0,2740.0,2755.0,2725.0,2920.0,2765.0,3763.0,2711.0,,4908.0,3975.0,3925.0,3765.0,3660.0,4770.0,4850.0,7977.0,5620.0,7902.0,50388.0,27641.0,13750.0,14050.0,,11700.0,73909.0,39360.0,21045,13062.0,1920.0,5140.0,5440.0,5590.0,,160.0,3995.0,3750.0,8100.0,12873.0,1824.0,4300.0,,1200.0,334512.0,5229.0,8090.0,1175.0,18650.0,28365.0,,7716.0,4710.0,13995.0,4420.0,6064.0,6506.0,17117.0,2990.0,14670.0,6096,26002.0,3660.0,6256.0,2370.0,,13000.0,1753.0,,11400.0,407500.0,2850.0,6670.0,2705.0,4600.0,3230,5850.0,3680.0,3710.0,3675.0,3700.0,3615.0,4221.0,11150.0,,,14556.0,10450.0,7765.0,4465.0,64300.0,2445.0,6000.0,5600.0,1965.0,18588.0,,25750.0,7612.0,7562.0,14700.0,5732.0,3620.0,7330.0,11550.0,4815.0,1573.0,14000.0,2551.0,4306.0,4765.0,8570.0,10150.0,5418.0,2315.0,4543.0,3220.0,13650.0,40238.0,1170.0,13700.0,17615.0,10550.0,8323,294699.0,8077.0,152512.0,45400.0,16100.0,13304.0,12507.0,380000.0,7110.0,3027.0,17940.0,1620.0,18291.0,2052.0,2696.0,,23145.0,11400.0,50400.0,5530.0,12950.0,3426.0,8928.0,3315,38831.0,2620.0,7793.0,5451.0,3092.0,8410.0,,6430.0,6998.0,22795.0,18150.0,9838.0,4605.0,5190.0,,3070.0,5070.0,10400.0,5110.0,2300.0,18862.0,,10500.0,29650.0,22165.0,7780.0,10640.0,37122.0,15232.0,31900.0,13450.0,,150000.0,19550.0,4748.0,20483.0,6500.0,4499.0,13531.0,4400.0,6914.0,345323.0,,933.0,,,,,,45700.0,8343.0,2390.0,9798.0,7725.0,28850.0,724719,4837.0,82954,7120.0,11573.0,122230.0,17670.0,13411,6190.0,8320.0,18440.0,4520.0,32410.0,7520.0,42200.0,6280.0,312902.0,,39090.0,3720.0,26410.0,7240.0,12250.0,4224.0,5473,64800.0,14850.0,,16200.0,40228.0,6514.0,,3074.0,7537.0,6310.0,7510.0,42800.0,16950.0,15056.0,5112.0,26850.0,5907.0,20924.0,4395.0,10350.0,7500.0,10189.0,287675.0,15450.0,5094.0,,,2936.0,3700.0,6919.0,1630.0,8830.0,4744,6787.0,986.0,5100.0,,3412.0,3405.0,5690.0,3815.0,67300.0,11700.0,13600.0,8270.0,9520.0,2410.0,8320,2820.0,7250.0,4980.0,1781.0,19900.0,4105.0,13519.0,2538,9930.0,20000.0,6413.0,27300.0,7487.0,7770.0,,,10533.0,65052,3445.0,1575.0,,9597.0,3569.0,,3300.0,4711.0,217875,2341.0,15464.0,5816.0,19224.0,17900.0,15600.0,3419.0,,,103771.0,1390.0,,1813.0,,,10800.0,7910.0,13308.0,8400.0,7640.0,17300.0,1690,6435.0,7350.0,,7950.0,2935.0,4185.0,2020,3795.0,23044.0,35263.0,3470.0,1900.0,170760.0,12350.0,6817.0,53100.0,11250.0,87200.0,9495.0,,44600.0,5440.0,7600.0,128750.0,13950.0,3380.0,,6953.0,2080.0,,15950.0,,,,,14514.0,3410.0,22349.0,10300.0,,19750.0,,18530.0,3525.0,10618.0,,75800.0,12705.0,15215.0,77037.0,6570.0,14900.0,5597.0,12525.0,4610.0,,348.0,7140.0,4035.0,14286.0,13325.0,27150.0,6350.0,32223.0,265041.0,134294.0,32400.0,12450.0,24250.0,2478.0,,,65250.0,3250.0,2844.0,6342.0,20629.0,1451.0,45517.0,6388.0,21117.0,15300.0,,942.0,,233340.0,1960.0,13200.0,14990.0,25971.0,,7175.0,,1856.0,10958.0,10951.0,15729.0,2000.0,7880.0,14739.0,9170.0,4493.0,10900.0,23825.0,14550.0,,89003.0,17360.0,11668.0,24965.0,61400.0,122264.0,15800.0,72400.0,12095.0,10003.0,30350.0,,1928.0,7976.0,,3708.0,,2125.0,1965.0,19700.0,9195.0,9266.0,3940.0,9414.0,5880.0,,10391.0,2393.0,24300.0,1965.0,39850.0,10000.0,32400.0,17950.0,7402.0,11110.0,157144.0,85212.0,,5629.0,3285.0,10170.0,19250.0,89900.0,9660.0,258750.0,20768.0,,2213.0,,,24850.0,11055.0,10650.0,,22000.0,17900.0,,1056.0,7600.0,,,,,,27050.0,14800.0,,,,,,,,,,,,,,,,,,,,,,,,,,,,,,,,,,,,,,,,,,,,,,,,,,,,,,,,,,,,,,,,,,,,,,,,,,,,,,,,,,,,,,,,,,,,,,,,,,,,,,,,,,,,,,,,,,,,,,,,,,,,,,,,1786.0,1025.0,1454.0,1317.0,104523.0,102188.0,5486.0,1660.0,13289.0,,,,,,,5070.0,,,,
2016-05-31,10500.0,16200.0,44694.0,214000.0,18950.0,7967.0,,5970.0,8210.0,10640.0,4356.0,78000.0,181145.0,28700.0,89048.0,33276.0,19350.0,51700.0,18857.0,3945.0,39300.0,11850.0,20050.0,2900.0,43714.0,20742.0,1589.0,2257.0,5781.0,6211.0,2870.0,3960.0,25500.0,21611.0,62057.0,18150.0,13150.0,6260.0,2080.0,11050.0,91200.0,29050.0,15352.0,6020.0,2370.0,47649.0,3140.0,13750.0,26800.0,58900.0,113500.0,75065.0,4765.0,48200.0,1985.0,1975.0,6130.0,26381.0,894457,4165.0,30900.0,3480.0,355128.0,38550.0,2380.0,11900.0,179000.0,72358.0,11802.0,11105.0,1910.0,1070.0,24850.0,,18883.0,11400.0,785.0,4099.0,3880.0,454000.0,9360.0,15148.0,3350.0,60702.0,6100.0,12278.0,4715.0,14450.0,16709.0,925000.0,10409.0,5880.0,,4755.0,12050.0,62253.0,128309.0,4220.0,2415.0,36003.0,9825.0,9680.0,1675.0,4455.0,32200.0,106000.0,9195.0,71778.0,22000.0,35350.0,12150.0,12200.0,5178.0,1990.0,13000.0,7823.0,207500.0,17687.0,7510.0,5778.0,,16400.0,14944.0,21650.0,45200.0,9330.0,4295.0,22900.0,106000.0,50900.0,19010.0,969.0,5290.0,7450.0,53565.0,11400.0,9799.0,12800.0,2361.0,20850.0,16300.0,10600.0,2603.0,1639.0,2218.0,90200.0,14680.0,5410.0,27350.0,34850.0,194217.0,139500.0,3754.0,37000.0,208000.0,32300.0,202000.0,26300.0,4369.0,12200.0,6730.0,8300.0,25155.0,11550.0,16100.0,20974.0,12435.0,7951.0,18700.0,21100.0,3550.0,48171.0,4940.0,4405.0,56800.0,182500.0,29600.0,13950.0,37000.0,110141.0,,226000.0,10200.0,14460.0,8510.0,6020.0,8798.0,5040.0,36000.0,45244.0,1515.0,64100.0,2690.0,7870.0,848000.0,8754.0,7638.0,2377.0,28940.0,53589.0,2900.0,3090,44932.0,7025.0,9512.0,13400.0,9760.0,5210.0,4365.0,19350.0,18500.0,5190.0,1385.0,4195.0,2640.0,3110.0,48650.0,1415.0,31546.0,1746.0,73700.0,2805.0,129090.0,2268.0,3440.0,23300.0,52200.0,5400.0,2701.0,2840.0,184500.0,1930.0,17600.0,7910.0,49500.0,5425.0,5590.0,2710.0,4010.0,10439.0,8770.0,38650.0,6250.0,27204.0,61900.0,2985.0,2750.0,10200.0,6897.0,2320.0,,6210.0,2387.0,2600.0,6740.0,3610.0,4720.0,85900.0,3590.0,9269.0,86900.0,17050.0,4607.0,92600.0,4720.0,3050.0,3680.0,24350.0,2765.0,3955.0,6790.0,12220.0,2485.0,867.0,26300.0,63800.0,19913.0,16100.0,773.0,3577.0,14300.0,83878.0,255000.0,19515.0,7907.0,4955.0,11700.0,8730.0,100000.0,12233.0,3053.0,7780.0,25550.0,4595.0,5557.0,981.0,2315.0,10850.0,5070.0,4830.0,,7840.0,31589.0,12550.0,1115.0,34582.0,9700.0,4070.0,3660.0,7330.0,2635.0,10050.0,7040.0,4440.0,57619.0,5540.0,2215.0,3240.0,2814.0,14059.0,33100,7470.0,12545,11000.0,7573.0,62900.0,8600.0,5120.0,3435.0,26400.0,76800.0,27072.0,60333.0,18050.0,17500.0,2430.0,9610.0,34850.0,2109.0,4587.0,2862.0,3710.0,87400.0,4230.0,3270.0,5670.0,17440.0,40681.0,17000.0,7750.0,2265.0,63400.0,33926.0,183000.0,4783.0,17220.0,1728.0,83119.0,10539.0,11479.0,1185.0,2350.0,4593.0,7140.0,24020.0,18720.0,3605.0,3700.0,40800.0,16265.0,8550.0,4192.0,21310.0,6020.0,2135.0,103000.0,9130.0,4310.0,22901.0,6030.0,3540.0,7690.0,9490.0,5150.0,3780.0,16897.0,24700.0,6023.0,6520.0,52400.0,32300.0,2113.0,3255.0,4550.0,4895.0,27419.0,2606.0,5640.0,4674.0,3536.0,1810.0,3635.0,21963.0,49239.0,7170.0,1866.0,5190.0,93000.0,4725.0,35153.0,1690.0,9520.0,2627.0,3260.0,10311.0,7820.0,2570.0,83400.0,2630.0,7450.0,55600.0,56574.0,1640.0,11524.0,7000.0,9670.0,35523.0,184500.0,49350.0,16250.0,126877.0,37668.0,7460.0,25966,7300.0,3355.0,1903.0,39700.0,2670.0,8942.0,40328.0,3560.0,2785.0,8445.0,2524.0,5159.0,3195.0,11550.0,4961.0,749.0,8170.0,1315.0,3000.0,2800.0,3810.0,9130.0,7850.0,3360.0,3963.0,13100.0,9790.0,21200.0,7540.0,1781.0,5900.0,9290.0,19600.0,1785.0,127500.0,3735.0,29800.0,18552.0,28450.0,23847.0,22550.0,229000.0,20293.0,33500.0,43000.0,8600.0,37250.0,7210.0,3109.0,144204.0,14835.0,8760.0,15800.0,6700.0,10855.0,20633.0,193000.0,6814.0,5090.0,5420.0,6390.0,3530.0,37950.0,6744.0,3500.0,4500.0,42980.0,14402.0,118200,2030.0,21824.0,8420.0,240500.0,14300.0,1530.0,7060.0,3946.0,23504.0,5840.0,,3340.0,2175.0,4710.0,9600.0,13675.0,6720.0,13200.0,52900.0,2360.0,4770.0,,8650.0,7480.0,4730.0,3491.0,4840.0,17013.0,5950.0,8490.0,3790.0,98300.0,8631.0,4230.0,2060.0,7550.0,3270.0,9473.0,4451.0,26486,6950.0,2325.0,12700.0,47300.0,10700.0,2860.0,49780.0,6650.0,7600.0,14250.0,3685.0,12350,8980.0,40250.0,11600.0,16520.0,7090.0,46300.0,23100.0,,89238.0,2055.0,5010.0,15500.0,15983.0,20300.0,4145.0,21721.0,3050.0,42272.0,37300.0,8030.0,1180.0,1774.0,4045.0,13200.0,4220.0,4270.0,8021.0,40765.0,12390.0,997.0,3965.0,8480.0,237950.0,15620.0,2115.0,58500.0,5900.0,4364.0,15500.0,2467.0,2750.0,2770.0,5960.0,4095.0,2040,7638.0,4175,4718.0,4172.0,6644.0,14450.0,4925.0,2959.0,5830.0,23600.0,4250.0,5085.0,59400.0,66900.0,54660.0,7556.0,630860,3119.0,7200.0,3225.0,2620.0,5300.0,3898.0,9800.0,10800.0,33120.0,8200.0,30155.0,9300.0,3710.0,3499.0,2690.0,2220.0,12900.0,15025.0,1490.0,15552.0,4198,46950,1925.0,2800.0,3639.0,,5000.0,8782.0,2750.0,4470.0,55500.0,99260.0,1056000.0,70734,4345.0,10025.0,2625.0,12350.0,4109.0,3390.0,28600.0,11854.0,21450.0,3045.0,1525.0,19600.0,2110.0,3015.0,83900,6940.0,15350.0,2038.0,4928.0,4875.0,8192.0,20837.0,3648,8323.0,11350.0,5476,11850.0,,61200.0,10100.0,8982.0,3700.0,3420.0,238020.0,11250.0,8710.0,14827.0,17200.0,16556.0,16700.0,4275.0,12700.0,10175.0,,4960,4800.0,8600.0,5340.0,4145.0,62260.0,2917.0,17177.0,10082.0,3035,1785.0,8870.0,24272,2265.0,8499.0,34941,5540.0,124000.0,5130.0,6829.0,2655.0,4875.0,3145.0,17150.0,2321.0,5550.0,5580.0,9672.0,29719.0,5965.0,22569,5283.0,2760.0,7335.0,12750.0,920.0,19244.0,2355.0,94100.0,28698.0,18450.0,3380.0,6100.0,5269.0,37475.0,8900.0,3469.0,17450.0,5630.0,,43229.0,12431.0,42800.0,28850.0,2165.0,39560.0,5650.0,100546.0,6246.0,9962.0,,3500.0,,2174.0,2655.0,5012.0,16500.0,1450.0,8530.0,120500.0,30300.0,4400.0,13500.0,3712.0,5510.0,3895.0,4365,5390.0,8050.0,,8869.0,5176.0,56100.0,19150.0,3885.0,7390.0,6552.0,3005.0,42750.0,27350.0,9468.0,3242.0,165520.0,4620.0,3505.0,5640.0,4700.0,4208.0,3680.0,1185.0,70740.0,13350.0,9410,16867.0,69900.0,3110.0,2120.0,21900.0,4951.0,20150.0,6040.0,9500.0,9523.0,100000.0,30476.0,3850.0,132500.0,10900.0,2000.0,9737.0,3105.0,,4990.0,5862.0,218172.0,25633.0,5400.0,11200.0,5090.0,11693.0,4352.0,4615.0,7200.0,10050.0,,80135.0,1088.0,2085.0,3950.0,8871.0,3473.0,2000.0,3190.0,16057.0,2670.0,4445.0,1942.0,5390.0,12800.0,7587.0,3085.0,38019.0,31318.0,15886.0,3807.0,86027,9991.0,52400.0,72251.0,6150.0,13988.0,26650.0,99300.0,2958.0,16300.0,3478.0,6280.0,14310.0,13500.0,9630.0,7660.0,4500,8207.0,19977.0,8153.0,5420.0,9130.0,3270.0,8040.0,1790.0,5750.0,4490.0,638.0,1895.0,6414.0,9200.0,5115.0,12003.0,3510.0,3500.0,3400.0,3400.0,3455.0,3783.0,2435.0,,4369.0,4380.0,4370.0,4365.0,4385.0,4900.0,4850.0,8482.0,5220.0,6088.0,50388.0,27141.0,14200.0,12400.0,,9600.0,80881.0,42020.0,22195,14955.0,1903.0,5210.0,7540.0,8090.0,,144.0,4000.0,3345.0,8760.0,15315.0,1780.0,4160.0,,989.0,347164.0,5054.0,7610.0,977.0,17250.0,30120.0,,6852.0,5790.0,13832.0,4450.0,4909.0,7038.0,24454.0,2885.0,18280.0,5187,24931.0,3535.0,5521.0,1770.0,,13100.0,1712.0,,10200.0,417500.0,2443.0,9650.0,2357.0,4885.0,3435,5350.0,3330.0,3320.0,3270.0,3265.0,4005.0,4153.0,10750.0,,,15794.0,10950.0,8199.0,4815.0,61300.0,2690.0,5840.0,5333.0,1950.0,18588.0,,24000.0,7532.0,5610.0,15200.0,6152.0,3420.0,6820.0,10500.0,4224.0,1332.0,13300.0,2882.0,4850.0,4745.0,9280.0,9490.0,4802.0,2085.0,3836.0,3220.0,15200.0,44306.0,1170.0,15800.0,17916.0,16400.0,8662,271865.0,11803.0,160876.0,43388.0,11567.0,12750.0,11650.0,382500.0,6140.0,2592.0,18891.0,1420.0,19676.0,1812.0,2433.0,,23664.0,10250.0,53300.0,6450.0,10650.0,3224.0,8241.0,3220,52861.0,2570.0,7715.0,4847.0,4075.0,8390.0,36250.0,5406.0,6874.0,25097.0,17100.0,9085.0,8090.0,4623.0,,2980.0,4080.0,10700.0,5480.0,2165.0,20171.0,,8390.0,30000.0,32420.0,7120.0,11241.0,39506.0,15158.0,37450.0,12100.0,,141000.0,19000.0,4600.0,32144.0,6600.0,4212.0,12333.0,3900.0,6614.0,344185.0,,783.0,,,,,,41950.0,8417.0,2101.0,9656.0,7230.0,28200.0,561775,4537.0,73999,8405.0,11822.0,116240.0,20112.0,15025,6600.0,7594.0,17255.0,4685.0,18300.0,7200.0,44800.0,6220.0,320602.0,,39670.0,3445.0,29707.0,7226.0,10600.0,3849.0,5929,65300.0,14500.0,,14250.0,50339.0,6750.0,,3097.0,7196.0,5330.0,5910.0,45600.0,13050.0,13688.0,6332.0,28150.0,5021.0,17516.0,4400.0,9440.0,7030.0,8572.0,256972.0,13800.0,4578.0,,,3044.0,3745.0,7014.0,1655.0,8120.0,4960,5961.0,936.0,6950.0,,3037.0,3480.0,5900.0,3800.0,75300.0,11900.0,12975.0,8900.0,9400.0,2220.0,7900,2680.0,6570.0,5310.0,1903.0,19750.0,4322.0,12971.0,2701,9890.0,17000.0,6261.0,27200.0,5795.0,6603.0,,,10489.0,55322,3140.0,1705.0,,9163.0,3277.0,,3400.0,5568.0,202658,2452.0,17316.0,6097.0,23896.0,15100.0,16350.0,4378.0,,,115945.0,1493.0,,2067.0,,,12100.0,7350.0,12707.0,8400.0,6670.0,21450.0,2195,6555.0,6700.0,,7230.0,2749.0,4520.0,2125,3395.0,20608.0,29874.0,,2110.0,162875.0,11850.0,7574.0,51200.0,12350.0,92000.0,10606.0,,38800.0,4875.0,7600.0,120646.0,13300.0,3300.0,,6504.0,2235.0,,15350.0,,,,,13966.0,3260.0,25177.0,9520.0,,17850.0,,19642.0,3620.0,8583.0,,69700.0,11835.0,14743.0,78757.0,5383.0,15450.0,4372.0,13650.0,4836.0,,365.0,7460.0,3430.0,13408.0,14700.0,24900.0,6450.0,27664.0,232802.0,149110.0,25000.0,11075.0,28250.0,2624.0,,,60420.0,2820.0,2097.0,8848.0,18213.0,1648.0,42880.0,5828.0,20289.0,13150.0,,937.0,,193770.0,1960.0,10400.0,15845.0,28887.0,,5920.0,,1861.0,10082.0,10951.0,16097.0,1995.0,6300.0,14713.0,7300.0,4341.0,10600.0,23584.0,15900.0,,76409.0,18400.0,11741.0,28639.0,54000.0,118464.0,15760.0,69400.0,12155.0,9603.0,35700.0,,1928.0,7936.0,,3855.0,,2125.0,1960.0,19600.0,9325.0,8679.0,3900.0,9414.0,5400.0,,10131.0,2345.0,26950.0,1975.0,30300.0,9570.0,39150.0,17000.0,6289.0,9183.0,138685.0,83002.0,,5704.0,3463.0,9970.0,16700.0,90000.0,9565.0,196500.0,20295.0,3479.0,2175.0,,,21300.0,10040.0,10300.0,,20700.0,15950.0,,1061.0,6800.0,,,,,,28350.0,15000.0,,,,,,,22200.0,,,,,,,,,,,,,,,,,,,,,,,,,,,,,,,,,,,,,,,,,,,,,,,,,,,,,,,,,,,,,,,,,,,,,,,,,,,,,,,,,,,,,,,,,,,,,,,,,,,,,,,,,,,,,,,,,,,,,,,,,1672.0,1025.0,1390.0,1227.0,91467.0,99020.0,4806.0,1296.0,14203.0,,,,,,,4500.0,,,,
2016-06-30,10100.0,17300.0,43143.0,217000.0,16750.0,7422.0,,5660.0,8200.0,10227.0,4812.0,76000.0,165577.0,32400.0,90650.0,32449.0,19150.0,51400.0,17532.0,3900.0,36100.0,10850.0,18450.0,2545.0,51481.0,16011.0,1536.0,2240.0,5203.0,6171.0,2700.0,3525.0,24850.0,19185.0,62057.0,19500.0,12150.0,6140.0,2660.0,10755.0,97800.0,27450.0,14996.0,5850.0,2330.0,46274.0,2990.0,12350.0,28400.0,55500.0,101500.0,73505.0,4975.0,49750.0,1925.0,2010.0,5800.0,24779.0,833783,4090.0,29300.0,4100.0,334058.0,36200.0,2310.0,11350.0,166500.0,69242.0,11284.0,10145.0,1885.0,1088.0,26020.0,,19598.0,10950.0,810.0,3764.0,3735.0,444500.0,8720.0,16163.0,3695.0,57974.0,5890.0,12699.0,4340.0,12450.0,15977.0,868000.0,9644.0,5830.0,,5230.0,11700.0,60175.0,134162.0,4006.0,2245.0,35547.0,9415.0,8560.0,1515.0,4530.0,30300.0,109000.0,9655.0,68398.0,20400.0,31200.0,11900.0,11550.0,5204.0,2155.0,13100.0,7582.0,195000.0,15592.0,7360.0,5817.0,,16550.0,13052.0,22650.0,43750.0,9370.0,4455.0,21500.0,106000.0,45700.0,16967.0,969.0,4010.0,6700.0,56756.0,12300.0,8905.0,11350.0,2339.0,21050.0,15250.0,10700.0,2494.0,1472.0,2132.0,83300.0,13520.0,5020.0,25050.0,37850.0,178616.0,135500.0,3614.0,35950.0,201500.0,35300.0,187500.0,25200.0,4361.0,12050.0,6420.0,7840.0,21386.0,10900.0,15900.0,20351.0,11478.0,7566.0,28250.0,27650.0,3310.0,44836.0,5113.0,4435.0,56100.0,188000.0,27750.0,13350.0,36800.0,105735.0,,239500.0,10150.0,14690.0,8270.0,5930.0,8499.0,4580.0,33300.0,46613.0,1380.0,59800.0,2215.0,6500.0,823000.0,8689.0,8510.0,2476.0,39150.0,64553.0,3140.0,12000,46017.0,7100.0,8662.0,12350.0,9080.0,5510.0,3955.0,19400.0,16150.0,4965.0,1240.0,4635.0,2520.0,3190.0,45300.0,1260.0,27344.0,1585.0,70700.0,,128252.0,2252.0,3150.0,22450.0,50100.0,5150.0,2404.0,2865.0,159000.0,1970.0,18300.0,7350.0,55000.0,5225.0,5040.0,2700.0,4120.0,11352.0,8390.0,39600.0,5500.0,27089.0,62700.0,2890.0,2790.0,9510.0,6622.0,2295.0,,5720.0,2387.0,2400.0,7340.0,3595.0,4520.0,75700.0,3440.0,8993.0,78800.0,15750.0,4932.0,89100.0,4296.0,3180.0,4035.0,24350.0,2770.0,3920.0,5810.0,11975.0,3290.0,867.0,23100.0,59500.0,26628.0,22450.0,781.0,3554.0,10050.0,83039.0,252000.0,18251.0,6669.0,4780.0,10500.0,9750.0,108000.0,11437.0,2572.0,4200.0,22100.0,4390.0,5168.0,1050.0,2094.0,11300.0,4770.0,5540.0,,7220.0,30741.0,11300.0,1030.0,27768.0,9300.0,3915.0,3365.0,7610.0,2720.0,9200.0,6280.0,5410.0,51204.0,5130.0,1915.0,2890.0,2797.0,12879.0,33800,8050.0,11482,11000.0,7364.0,60400.0,7700.0,5020.0,3285.0,26400.0,73200.0,29467.0,55333.0,16650.0,16150.0,2065.0,9440.0,34800.0,2223.0,7005.0,2905.0,3470.0,86400.0,4260.0,4910.0,5490.0,15792.0,41348.0,14750.0,8050.0,2155.0,64100.0,33423.0,143500.0,4217.0,16900.0,1618.0,83409.0,14557.0,9760.0,1185.0,2715.0,4304.0,8080.0,25821.0,17620.0,3355.0,3880.0,39300.0,17863.0,9975.0,3535.0,20857.0,6740.0,1900.0,104500.0,11300.0,3912.0,21578.0,6340.0,3495.0,7390.0,8210.0,4860.0,4360.0,18317.0,23300.0,5651.0,6710.0,53800.0,29750.0,1970.0,3015.0,4330.0,5570.0,30121.0,2444.0,4595.0,5500.0,5629.0,2170.0,3395.0,19278.0,47730.0,6140.0,2103.0,5650.0,90000.0,3550.0,36620.0,1560.0,8720.0,2850.0,3025.0,10240.0,7820.0,1890.0,95100.0,2650.0,8060.0,51600.0,55027.0,1645.0,10838.0,7400.0,10250.0,35423.0,171500.0,50200.0,16900.0,129678.0,36541.0,6410.0,25387,6800.0,3185.0,1660.0,38150.0,2835.0,9577.0,32840.0,3175.0,2505.0,7360.0,2617.0,4904.0,2880.0,10900.0,5227.0,775.0,8760.0,1325.0,3300.0,3690.0,3390.0,10600.0,7600.0,4020.0,3719.0,12250.0,9280.0,20700.0,9600.0,2805.0,6410.0,9750.0,19675.0,1800.0,136500.0,3675.0,24250.0,16219.0,25750.0,24401.0,20800.0,202500.0,16657.0,31650.0,41200.0,8150.0,29800.0,7860.0,3109.0,142201.0,15385.0,8180.0,13700.0,6170.0,12350.0,18686.0,175400.0,6654.0,6120.0,4960.0,6330.0,4170.0,35900.0,6435.0,,3670.0,39940.0,13611.0,122800,2030.0,20123.0,8370.0,236000.0,12800.0,2196.0,7790.0,3867.0,26669.0,5680.0,,5444.0,2220.0,4335.0,9250.0,12175.0,5790.0,11250.0,50800.0,2360.0,4020.0,,8925.0,7200.0,4345.0,3802.0,4510.0,16000.0,5110.0,7830.0,3640.0,97400.0,9654.0,3735.0,1996.0,6520.0,3055.0,7980.0,4338.0,26085,6710.0,1750.0,11550.0,47600.0,9590.0,2760.0,45985.0,6480.0,7220.0,13250.0,4729.0,11900,9000.0,36450.0,12150.0,16010.0,7060.0,40700.0,21850.0,,95967.0,1925.0,4530.0,14100.0,15157.0,20800.0,4520.0,18790.0,2800.0,35728.0,37500.0,7820.0,1100.0,1834.0,3600.0,12150.0,3760.0,4320.0,7773.0,46050.0,15080.0,975.0,5849.0,8505.0,218650.0,15972.0,1970.0,63700.0,5780.0,4213.0,11950.0,2509.0,2670.0,2700.0,6120.0,4310.0,2095,6475.0,4095,4998.0,4335.0,8521.0,14850.0,6630.0,3019.0,5610.0,25000.0,4055.0,3737.0,13400.0,73200.0,49500.0,7657.0,661380,3529.0,7040.0,3140.0,2460.0,5080.0,3063.0,8110.0,11200.0,29530.0,8400.0,43979.0,8550.0,4325.0,3276.0,2525.0,2160.0,12850.0,12099.0,1535.0,12931.0,3148,48400,1930.0,2722.0,3834.0,,4650.0,8838.0,2775.0,4085.0,46800.0,92805.0,1117000.0,94961,4250.0,10800.0,2550.0,11950.0,4010.0,4095.0,26600.0,10096.0,19650.0,2840.0,1805.0,23950.0,2110.0,3610.0,82600,5810.0,16200.0,1938.0,4755.0,6540.0,7361.0,21590.0,3116,7703.0,11000.0,5021,11250.0,,50800.0,10100.0,11976.0,3405.0,3085.0,216510.0,11400.0,8158.0,12964.0,15900.0,15529.0,16150.0,4135.0,10900.0,9750.0,,5450,4415.0,8920.0,5300.0,3740.0,62465.0,2660.0,16755.0,21322.0,3460,2020.0,8470.0,22890,2390.0,8139.0,41920,5500.0,119500.0,5190.0,5504.0,2535.0,4415.0,2990.0,14250.0,3028.0,4815.0,5540.0,9719.0,31852.0,5888.0,18652,5090.0,2555.0,6995.0,12050.0,920.0,16843.0,2310.0,84800.0,28412.0,16000.0,2540.0,5930.0,5374.0,36846.0,8210.0,3927.0,17850.0,5760.0,,36012.0,11779.0,37050.0,32850.0,2080.0,35923.0,5650.0,95574.0,5498.0,8881.0,,3345.0,,1980.0,2580.0,4345.0,15250.0,1390.0,8740.0,117000.0,32750.0,4235.0,12150.0,3932.0,5430.0,3540.0,6723,5430.0,7930.0,,11968.0,5176.0,53900.0,19500.0,4240.0,7090.0,6541.0,3090.0,39150.0,29400.0,8344.0,3718.0,194250.0,4135.0,3180.0,5380.0,4230.0,4105.0,4154.0,1170.0,68597.0,11250.0,10300,17193.0,72000.0,3350.0,1980.0,18700.0,5044.0,21200.0,5720.0,8657.0,10484.0,104500.0,29316.0,3835.0,129000.0,7800.0,1995.0,8630.0,2909.0,,4540.0,5654.0,173713.0,24054.0,4875.0,10850.0,5660.0,11188.0,4375.0,4555.0,6560.0,11500.0,,106678.0,1063.0,2085.0,3165.0,8696.0,3327.0,1845.0,2710.0,14876.0,2515.0,4415.0,1862.0,5520.0,12150.0,6390.0,4020.0,38950.0,30749.0,7663.0,3823.0,87954,9547.0,47450.0,65596.0,5750.0,12606.0,25850.0,97100.0,2927.0,15500.0,3038.0,5820.0,13298.0,12900.0,8160.0,7810.0,4110,7035.0,18476.0,8153.0,5020.0,8560.0,3245.0,7316.0,1735.0,5430.0,4390.0,638.0,1974.0,5488.0,9300.0,5705.0,13342.0,4005.0,4480.0,3995.0,4000.0,3980.0,3542.0,2540.0,,4238.0,4745.0,4795.0,4745.0,4735.0,4945.0,4950.0,14691.0,5000.0,5428.0,46678.0,26679.0,13300.0,11050.0,,8540.0,74171.0,38540.0,21320,14262.0,2793.0,5380.0,6860.0,8800.0,,,4485.0,3650.0,7500.0,14394.0,1550.0,3890.0,,894.0,341155.0,4529.0,7370.0,957.0,14550.0,27255.0,,6938.0,6600.0,12411.0,4385.0,4966.0,6911.0,20818.0,2915.0,17240.0,7257,24167.0,3615.0,5243.0,1575.0,,10250.0,1599.0,,9260.0,431500.0,2285.0,11850.0,2217.0,4575.0,3230,6000.0,3640.0,3510.0,3400.0,3400.0,3830.0,3768.0,10550.0,,,14510.0,12000.0,8069.0,4880.0,59700.0,2490.0,5470.0,6473.0,1950.0,19612.0,,21150.0,7400.0,7513.0,14450.0,6113.0,3345.0,5140.0,10450.0,3929.0,1462.0,12650.0,3574.0,4991.0,4680.0,10000.0,8330.0,6006.0,2295.0,3935.0,3220.0,15700.0,42708.0,718.0,18800.0,16635.0,13150.0,7409,252070.0,10624.0,138245.0,44506.0,10400.0,11550.0,9628.0,388500.0,5890.0,2525.0,18365.0,1450.0,22221.0,1768.0,1757.0,,23491.0,10050.0,49800.0,6390.0,11450.0,3441.0,7778.0,3030,65012.0,2765.0,9195.0,4665.0,3828.0,9060.0,28700.0,5332.0,6768.0,25059.0,19500.0,9521.0,4720.0,4694.0,,2940.0,3835.0,11800.0,5170.0,1945.0,19457.0,,7400.0,29200.0,30320.0,7000.0,10373.0,41257.0,18690.0,33100.0,11550.0,,127500.0,16500.0,4946.0,29424.0,7020.0,4475.0,14180.0,3973.0,7022.0,310849.0,,804.0,,,,,,41400.0,7826.0,2091.0,9086.0,6915.0,26550.0,514154,5190.0,69993,8905.0,10423.0,125460.0,24033.0,14571,7220.0,7423.0,16795.0,4150.0,15270.0,7340.0,46950.0,6230.0,407974.0,,42960.0,4000.0,29196.0,7816.0,8650.0,3595.0,5954,60600.0,13800.0,,15550.0,49462.0,5365.0,,2820.0,8579.0,5700.0,5970.0,40150.0,11600.0,13367.0,4951.0,24250.0,4725.0,22249.0,4290.0,9540.0,6800.0,7993.0,218162.0,13050.0,5030.0,,,2979.0,3730.0,8227.0,1585.0,7040.0,4720,4844.0,867.0,5360.0,,3062.0,3070.0,6020.0,3465.0,69300.0,10650.0,12550.0,7520.0,9250.0,2100.0,6690,2870.0,6200.0,6520.0,2088.0,16800.0,4158.0,12674.0,2323,10650.0,17500.0,5754.0,28100.0,5333.0,6296.0,,,9314.0,50735,2320.0,1745.0,,9814.0,3277.0,,3250.0,5013.0,179833,3031.0,20269.0,6364.0,38090.0,13600.0,14950.0,5193.0,48200.0,,108408.0,1505.0,,2460.0,,,13800.0,6700.0,12469.0,8700.0,6700.0,20800.0,2095,7226.0,6325.0,,6420.0,2870.0,4875.0,2500,3115.0,19741.0,40752.0,,2280.0,139290.0,11700.0,6407.0,51000.0,9480.0,100000.0,11449.0,,37500.0,4960.0,7600.0,121997.0,12300.0,2600.0,,7340.0,2390.0,,12950.0,,,,,12806.0,3045.0,21800.0,9860.0,,16500.0,,18484.0,3770.0,7747.0,,71000.0,10805.0,14911.0,76004.0,5282.0,13750.0,4209.0,12125.0,6135.0,,927.0,6500.0,3150.0,13032.0,17850.0,22650.0,5780.0,22486.0,232546.0,162969.0,20975.0,10900.0,28000.0,2619.0,,14250.0,52380.0,2960.0,2640.0,12856.0,18362.0,1753.0,39630.0,4602.0,20321.0,12850.0,,947.0,,176610.0,2005.0,10650.0,14605.0,25607.0,,5940.0,,3139.0,10983.0,12305.0,13396.0,2070.0,6010.0,14199.0,7200.0,4515.0,9550.0,21550.0,15325.0,,72682.0,18800.0,15337.0,29041.0,52700.0,111397.0,17500.0,69100.0,12185.0,9033.0,34100.0,,1938.0,8077.0,,3428.0,,2131.0,1965.0,19800.0,11706.0,7677.0,4060.0,9557.0,6480.0,,13404.0,2728.0,26500.0,2000.0,25150.0,11700.0,36800.0,18500.0,7373.0,8707.0,132358.0,64324.0,,7179.0,3630.0,10170.0,14450.0,83300.0,9735.0,158250.0,20608.0,3627.0,2208.0,,,20100.0,9950.0,9440.0,,18550.0,14500.0,,1059.0,10250.0,,,,,,27500.0,14400.0,43100.0,,,,2005.0,,22850.0,,,,,,,47175.0,,2422.0,,,,,,,,,,,,,,,,,,,,,,,,,,,,,,,,,,,,,,,,,,,,,,,,,,,,,,,,,,,,,,,,,,,,,,,,,,,,,,,,,,,,,,,,,,,,,,,,,,,,,,,,,,,,,,,,1822.0,1025.0,1554.0,1256.0,100396.0,111888.0,4190.0,1284.0,15461.0,15180.0,,,,,,4875.0,,,,
2016-07-31,9920.0,17200.0,43143.0,200500.0,16275.0,7137.0,,5890.0,8330.0,11007.0,4366.0,77500.0,154728.0,34400.0,105821.0,35805.0,19100.0,49950.0,18657.0,4025.0,38900.0,10250.0,17800.0,2790.0,47764.0,18948.0,1722.0,2158.0,5759.0,7613.0,2780.0,4035.0,26800.0,19276.0,62057.0,17800.0,12050.0,6210.0,4415.0,10775.0,93300.0,30400.0,16108.0,5640.0,2555.0,45242.0,3185.0,11750.0,27100.0,65900.0,105500.0,75321.0,4870.0,51500.0,2110.0,2130.0,6280.0,24645.0,796595,4325.0,28950.0,5010.0,346349.0,32300.0,2680.0,12750.0,191000.0,49508.0,10392.0,9625.0,1840.0,1196.0,26670.0,,17321.0,10750.0,797.0,5584.0,3990.0,447500.0,8970.0,14394.0,3690.0,59508.0,6040.0,12519.0,4510.0,12800.0,18131.0,896000.0,10127.0,6510.0,,5670.0,10800.0,59986.0,96794.0,4334.0,2380.0,36562.0,10143.0,9500.0,1585.0,5250.0,31600.0,106000.0,9569.0,67801.0,19350.0,35550.0,12250.0,12200.0,5385.0,2125.0,13300.0,7467.0,182000.0,16225.0,7130.0,5399.0,,16000.0,13443.0,20100.0,46000.0,11850.0,4950.0,22750.0,106500.0,44450.0,19010.0,969.0,4415.0,6750.0,63366.0,9750.0,8862.0,11150.0,2339.0,21650.0,15300.0,11100.0,2621.0,1608.0,3334.0,82600.0,15352.0,6120.0,25200.0,34300.0,165015.0,132000.0,4109.0,37300.0,226500.0,33100.0,192000.0,25400.0,5057.0,12250.0,6460.0,7990.0,19541.0,12400.0,15700.0,21596.0,11518.0,7815.0,23850.0,28650.0,3380.0,41254.0,5400.0,4820.0,53300.0,175000.0,28700.0,13450.0,41800.0,103288.0,,235000.0,10150.0,15930.0,7990.0,5960.0,9060.0,4825.0,35500.0,43106.0,1545.0,68100.0,2240.0,6430.0,781000.0,8527.0,8209.0,3831.0,39150.0,55155.0,3200.0,9820,44003.0,7325.0,8396.0,13450.0,10000.0,6980.0,3815.0,19650.0,17400.0,4555.0,1465.0,4790.0,2700.0,3075.0,41950.0,1400.0,23076.0,1724.0,102000.0,,120708.0,2421.0,3145.0,21650.0,55200.0,5170.0,2366.0,3110.0,172000.0,1885.0,22400.0,8250.0,61700.0,5625.0,6190.0,2850.0,4370.0,11071.0,9260.0,39400.0,6075.0,29142.0,60600.0,3060.0,3030.0,8670.0,7186.0,2800.0,,5820.0,2387.0,2350.0,7480.0,3775.0,4455.0,76500.0,3515.0,9519.0,89400.0,15850.0,5148.0,85900.0,4579.0,3350.0,4095.0,24350.0,3295.0,4125.0,6380.0,16105.0,3135.0,867.0,23400.0,60700.0,28192.0,24000.0,778.0,3469.0,10250.0,83039.0,255000.0,17783.0,6679.0,6430.0,12000.0,9200.0,101500.0,10873.0,2691.0,4600.0,22550.0,4935.0,5874.0,1005.0,2256.0,12200.0,5230.0,5200.0,,8300.0,32061.0,10000.0,1085.0,30200.0,10380.0,4065.0,3660.0,6900.0,2755.0,9230.0,6320.0,5080.0,52533.0,7060.0,2120.0,3210.0,2927.0,14958.0,34000,7810.0,11801,11000.0,7793.0,61300.0,7580.0,4995.0,3830.0,28150.0,80900.0,32150.0,54167.0,12800.0,16150.0,2335.0,9490.0,33800.0,2279.0,5606.0,2996.0,3600.0,80000.0,4200.0,4300.0,8100.0,14872.0,41148.0,13400.0,9200.0,2960.0,64600.0,33674.0,157000.0,4545.0,16350.0,1804.0,82248.0,21692.0,10643.0,1295.0,2855.0,4529.0,9280.0,23930.0,16680.0,3620.0,3975.0,38950.0,16556.0,10925.0,3816.0,23052.0,7060.0,2340.0,85700.0,12300.0,4914.0,21232.0,6130.0,3560.0,7970.0,8700.0,5320.0,10150.0,23306.0,26600.0,6205.0,7200.0,52600.0,32100.0,1973.0,3240.0,4325.0,5400.0,23616.0,2652.0,5350.0,5771.0,4952.0,2500.0,3460.0,18580.0,47730.0,7020.0,1816.0,5650.0,87800.0,4055.0,35055.0,1905.0,8840.0,3520.0,3275.0,10981.0,7700.0,2150.0,82600.0,2750.0,7720.0,47100.0,51419.0,1660.0,9848.0,7740.0,10600.0,37174.0,170100.0,51700.0,18000.0,115470.0,44082.0,7820.0,26449,6810.0,3450.0,1770.0,36150.0,3800.0,12290.0,30394.0,3210.0,2670.0,7601.0,2644.0,5093.0,3285.0,10950.0,5247.0,922.0,8770.0,1525.0,3190.0,3615.0,3995.0,11700.0,8950.0,4005.0,4646.0,13300.0,10390.0,21550.0,7900.0,2448.0,7020.0,11000.0,21000.0,2040.0,121000.0,3740.0,23700.0,20044.0,26900.0,28653.0,19500.0,208500.0,16411.0,30850.0,39800.0,8410.0,29750.0,7040.0,3211.0,142201.0,13484.0,8190.0,13950.0,6750.0,12458.0,18245.0,162000.0,6485.0,5300.0,5620.0,7670.0,4790.0,38650.0,6718.0,,3475.0,40410.0,13381.0,147400,1685.0,18324.0,8760.0,251000.0,14600.0,3478.0,6760.0,4177.0,31178.0,6090.0,,4491.0,2185.0,4560.0,13000.0,13650.0,6600.0,9230.0,49900.0,2750.0,4335.0,,8875.0,7740.0,4460.0,4480.0,4460.0,16900.0,5630.0,8600.0,3565.0,107800.0,12502.0,8700.0,2080.0,6800.0,3265.0,9072.0,4616.0,33429,7410.0,1890.0,11850.0,57200.0,10400.0,2750.0,36670.0,6660.0,7760.0,15950.0,4763.0,10000,9920.0,31000.0,12000.0,14493.0,7170.0,40600.0,16600.0,,181842.0,1980.0,4495.0,14400.0,16683.0,18950.0,4900.0,19900.0,3010.0,33388.0,39100.0,8060.0,1490.0,3014.0,4280.0,11750.0,7330.0,4555.0,8123.0,46050.0,17360.0,925.0,5575.0,8455.0,242950.0,18700.0,2075.0,53400.0,5920.0,4400.0,13700.0,2531.0,3670.0,3090.0,6230.0,4955.0,2285,6698.0,4120,5068.0,4685.0,5430.0,16750.0,6100.0,3253.0,6220.0,21350.0,4905.0,3072.0,5250.0,80600.0,59955.0,7657.0,646120,3873.0,7380.0,3500.0,2370.0,5360.0,3481.0,10550.0,13950.0,33220.0,9525.0,30871.0,8810.0,4990.0,3652.0,2600.0,2600.0,12700.0,12099.0,1555.0,14743.0,4019,48600,2495.0,2753.0,4211.0,,4415.0,15282.0,2935.0,4800.0,44550.0,93030.0,1008000.0,132093,4470.0,11400.0,2335.0,12450.0,5229.0,4050.0,31400.0,10990.0,20650.0,2165.0,1955.0,21100.0,2155.0,3645.0,82400,6710.0,18300.0,2142.0,4714.0,5710.0,7867.0,23097.0,2962,10052.0,11400.0,5976,9830.0,,56100.0,10100.0,11227.0,3860.0,3345.0,217185.0,13400.0,8276.0,14082.0,16800.0,15880.0,16300.0,4450.0,11750.0,11900.0,,5190,4485.0,10760.0,5740.0,5010.0,56565.0,3245.0,17507.0,25576.0,3800,2350.0,9260.0,26459,2615.0,8419.0,45192,5940.0,133500.0,5160.0,4639.0,2585.0,4540.0,3530.0,17350.0,4677.0,5150.0,5590.0,10400.0,36821.0,4810.0,21450,5380.0,4290.0,11060.0,12300.0,920.0,19515.0,2670.0,78000.0,28078.0,16050.0,2360.0,6720.0,6428.0,39113.0,9920.0,4736.0,21300.0,6220.0,,38192.0,11314.0,36850.0,29100.0,2395.0,33444.0,6150.0,101923.0,6732.0,8684.0,,3750.0,,3801.0,3170.0,4265.0,15500.0,1520.0,10150.0,111250.0,33100.0,4785.0,12300.0,4342.0,5810.0,3660.0,18173,5680.0,10000.0,,9792.0,5176.0,53500.0,19150.0,5180.0,7220.0,7269.0,3200.0,41650.0,32350.0,8083.0,4821.0,186950.0,4480.0,3400.0,5190.0,4640.0,4469.0,3498.0,1170.0,74308.0,11450.0,10450,17624.0,72700.0,3405.0,2012.0,18800.0,5348.0,19500.0,6010.0,9500.0,17107.0,95100.0,29674.0,4145.0,124000.0,7570.0,2080.0,8996.0,5686.0,4319.0,5470.0,5952.0,206100.0,19680.0,5530.0,11200.0,5860.0,11356.0,5103.0,6350.0,7360.0,10600.0,2900.0,98061.0,1141.0,2085.0,3365.0,9347.0,3737.0,2105.0,3070.0,17493.0,2740.0,4310.0,2055.0,6850.0,12100.0,7135.0,4340.0,37397.0,28208.0,8682.0,4065.0,100656,10569.0,48100.0,58118.0,6070.0,14246.0,26050.0,104500.0,3038.0,15250.0,3501.0,6100.0,17671.0,13700.0,10100.0,8120.0,5090,7756.0,17843.0,8153.0,5400.0,9390.0,4340.0,7548.0,1800.0,6100.0,4920.0,65.0,2475.0,8196.0,10625.0,5899.0,16019.0,4290.0,4300.0,4290.0,4470.0,4275.0,3508.0,2951.0,,4277.0,4900.0,4900.0,4890.0,4890.0,5030.0,4975.0,14843.0,6590.0,6134.0,39723.0,27179.0,12600.0,16050.0,,9700.0,66728.0,41890.0,20821,14816.0,3230.0,5320.0,6460.0,7280.0,,,4500.0,3990.0,9820.0,13273.0,1532.0,4260.0,,936.0,342973.0,4954.0,7910.0,1232.0,17250.0,28545.0,,9702.0,7500.0,12809.0,4260.0,5606.0,7316.0,20043.0,3095.0,17720.0,8345,23861.0,5060.0,5977.0,1758.0,,10450.0,1654.0,,9400.0,388000.0,3955.0,14100.0,2435.0,4605.0,3525,5825.0,4200.0,4245.0,4230.0,4095.0,4435.0,4143.0,11850.0,,,13387.0,12200.0,8442.0,5485.0,59600.0,2895.0,5750.0,9300.0,,17845.0,,20850.0,7373.0,5456.0,14950.0,7578.0,3575.0,6140.0,11700.0,4575.0,1458.0,13000.0,3924.0,5021.0,4970.0,11850.0,7890.0,5627.0,2415.0,4069.0,3220.0,19450.0,39948.0,966.0,29150.0,18243.0,15525.0,8457,277645.0,9992.0,143656.0,49985.0,11300.0,14186.0,9731.0,393500.0,8410.0,2457.0,19216.0,1565.0,29930.0,2153.0,1810.0,,22570.0,12700.0,49800.0,7810.0,14750.0,3542.0,7246.0,3040,72779.0,3345.0,8689.0,4964.0,4182.0,9620.0,25650.0,5649.0,7025.0,27021.0,20650.0,8648.0,5780.0,4679.0,,3670.0,4850.0,11650.0,5760.0,2195.0,20231.0,,7980.0,35000.0,29855.0,6930.0,10874.0,42960.0,19916.0,31600.0,12400.0,,126500.0,14950.0,5826.0,30153.0,7250.0,8535.0,21670.0,4180.0,7654.0,298200.0,,874.0,,,,,,35450.0,8158.0,2503.0,11506.0,7590.0,26050.0,531680,5010.0,68230,8850.0,11298.0,134690.0,22619.0,12957,7610.0,8491.0,19255.0,4195.0,19640.0,7930.0,42450.0,6460.0,536904.0,,63530.0,3895.0,29773.0,8242.0,8500.0,3753.0,6993,60400.0,14450.0,,16450.0,61742.0,5748.0,,3330.0,12970.0,5760.0,5540.0,38100.0,12550.0,13824.0,5322.0,27400.0,5691.0,19788.0,4750.0,9950.0,7330.0,8335.0,359675.0,13050.0,7781.0,,,2886.0,3825.0,8061.0,1730.0,7660.0,5260,5263.0,1060.0,8940.0,,2841.0,3085.0,5810.0,3780.0,71100.0,10050.0,13000.0,7830.0,9270.0,2820.0,7050,3190.0,6800.0,7460.0,1977.0,17800.0,4038.0,12605.0,2451,12000.0,4200.0,6311.0,31300.0,5615.0,7310.0,,,11534.0,48094,2670.0,1810.0,,9797.0,3484.0,,3200.0,5348.0,148708,3987.0,21945.0,8490.0,25422.0,13050.0,16850.0,8376.0,38100.0,,119389.0,1390.0,,2320.0,,,11600.0,7760.0,13986.0,14400.0,7190.0,23250.0,2090,9699.0,7200.0,,7190.0,2598.0,4635.0,2895,3485.0,18006.0,31604.0,,2360.0,143720.0,12950.0,9183.0,54200.0,8900.0,94900.0,12025.0,,36800.0,5040.0,8100.0,103989.0,15800.0,3275.0,,8299.0,2495.0,,12350.0,76000.0,,,,18012.0,3750.0,25369.0,12000.0,,17650.0,,22548.0,3810.0,7668.0,,68500.0,11215.0,15820.0,76693.0,5155.0,13600.0,5306.0,12650.0,5365.0,,676.0,6990.0,3185.0,16992.0,32500.0,24300.0,7000.0,23027.0,274291.0,138596.0,24200.0,9950.0,27000.0,3339.0,,15350.0,56880.0,3030.0,2634.0,13191.0,20034.0,1913.0,38136.0,5735.0,20448.0,13000.0,,979.0,,194820.0,2055.0,14000.0,12620.0,26518.0,,5470.0,,2434.0,12059.0,12135.0,14501.0,2195.0,6230.0,12964.0,8200.0,4782.0,10500.0,22800.0,17050.0,,74858.0,22032.0,13283.0,31004.0,55600.0,116018.0,17500.0,74800.0,12375.0,9433.0,35900.0,,2020.0,8077.0,,4149.0,,2158.0,1995.0,20250.0,10696.0,7090.0,4220.0,9654.0,6210.0,2400.0,18704.0,2841.0,29350.0,2000.0,26150.0,12550.0,34950.0,23200.0,7744.0,8858.0,134994.0,86649.0,,7430.0,4365.0,10300.0,14250.0,74000.0,9760.0,168750.0,20872.0,2852.0,2219.0,,,17850.0,10075.0,9560.0,,19500.0,14950.0,,1059.0,9250.0,,,,,,26200.0,18950.0,52000.0,,,,2130.0,,24850.0,,,,,,,44598.0,,2500.0,,,,,,,,,,,,,,,,,,,,,,,,,,,,,,,,,,,,,,,,,,,,,,,,,,,,,,,,,,,,,,,,,,,,,,,,,,,,,,,,,,,,,,,,,,,,,,,,,,,,,,,,,,,,,,,,1758.0,1330.0,1499.0,1326.0,106474.0,95290.0,4420.0,1445.0,15513.0,14420.0,,,,,,4460.0,,,,
2016-08-31,8830.0,17100.0,40675.0,201000.0,14800.0,6592.0,,5940.0,8520.0,9540.0,4051.0,87800.0,175484.0,36450.0,102617.0,37508.0,19950.0,51500.0,19007.0,3880.0,36800.0,10600.0,17050.0,2460.0,59581.0,27760.0,1610.0,2135.0,4634.0,8114.0,2830.0,6070.0,24100.0,17241.0,56690.0,15950.0,14400.0,6300.0,3800.0,11010.0,81300.0,32050.0,23495.0,4995.0,2385.0,36498.0,3410.0,10800.0,27450.0,55400.0,99500.0,73505.0,4830.0,47250.0,1970.0,2370.0,5760.0,25080.0,659589,4010.0,28000.0,4430.0,362152.0,28450.0,2680.0,11900.0,155000.0,65988.0,8744.0,9105.0,1960.0,1118.0,24850.0,,17500.0,10700.0,789.0,6926.0,3860.0,438500.0,11200.0,13120.0,3660.0,56183.0,5890.0,10954.0,4480.0,12500.0,15123.0,832000.0,9151.0,7480.0,,5440.0,10750.0,62253.0,92292.0,4015.0,2235.0,38544.0,9916.0,9800.0,1525.0,4560.0,30180.0,104000.0,9079.0,69989.0,17500.0,35200.0,10350.0,11300.0,5644.0,2075.0,13050.0,7016.0,203500.0,14762.0,6520.0,4859.0,,15500.0,13965.0,18800.0,45950.0,11550.0,4060.0,21800.0,101500.0,40850.0,15425.0,969.0,4530.0,6800.0,60175.0,8460.0,8225.0,12350.0,2188.0,18000.0,14750.0,8730.0,2539.0,1666.0,3231.0,72500.0,18676.0,5830.0,23100.0,30200.0,150113.0,133000.0,3738.0,44250.0,231000.0,32150.0,184500.0,24550.0,4553.0,12000.0,5370.0,8250.0,15611.0,9860.0,14850.0,25092.0,13351.0,8313.0,23100.0,34650.0,3830.0,40760.0,5773.0,4985.0,62900.0,175000.0,28750.0,13200.0,36000.0,113078.0,,195500.0,10950.0,14715.0,7420.0,5850.0,11300.0,4590.0,33350.0,40284.0,1340.0,62100.0,2090.0,4495.0,699000.0,8089.0,7187.0,3640.0,53900.0,52078.0,3440.0,6430,44312.0,6925.0,8928.0,13400.0,8370.0,7770.0,3360.0,19600.0,16600.0,4715.0,1340.0,4585.0,2670.0,2945.0,40050.0,1325.0,24143.0,1812.0,97500.0,,112325.0,2633.0,3185.0,22300.0,53200.0,5060.0,2175.0,2770.0,147000.0,1720.0,27850.0,7800.0,55200.0,5400.0,5370.0,2625.0,4130.0,12111.0,9140.0,40300.0,5200.0,29199.0,59800.0,3060.0,3180.0,8540.0,6998.0,5250.0,,5600.0,2387.0,2340.0,8630.0,3700.0,4035.0,70700.0,3435.0,9269.0,82500.0,12825.0,4226.0,91000.0,4476.0,3060.0,4250.0,24350.0,2375.0,4125.0,8580.0,17950.0,2790.0,867.0,20350.0,68900.0,33865.0,21500.0,802.0,3332.0,9175.0,80208.0,260500.0,15959.0,5421.0,5720.0,11200.0,8570.0,103000.0,8817.0,2733.0,3860.0,20850.0,4730.0,6118.0,1085.0,2223.0,13200.0,4995.0,5090.0,,7610.0,29703.0,8680.0,1010.0,30740.0,9750.0,4065.0,3420.0,6210.0,2700.0,9130.0,7210.0,4860.0,51031.0,10550.0,1985.0,3030.0,3032.0,15735.0,35750,7890.0,8665,10550.0,7402.0,58000.0,6990.0,5000.0,3485.0,23550.0,74600.0,27230.0,54833.0,10350.0,16100.0,2260.0,9100.0,33450.0,2049.0,4650.0,2695.0,3615.0,85300.0,4165.0,4445.0,5975.0,11269.0,46684.0,12350.0,9770.0,2650.0,63900.0,32265.0,160000.0,4375.0,14900.0,1670.0,97133.0,22567.0,10875.0,1115.0,3445.0,4219.0,8190.0,18615.0,16160.0,4010.0,3810.0,38150.0,17427.0,10850.0,3816.0,25629.0,7170.0,2190.0,83400.0,10950.0,4780.0,21693.0,6010.0,3570.0,8180.0,8200.0,5500.0,9220.0,25600.0,21050.0,6067.0,7700.0,53100.0,30200.0,1713.0,2965.0,4266.0,4360.0,19714.0,2536.0,5920.0,4836.0,5652.0,2185.0,3360.0,16647.0,57540.0,7020.0,1576.0,5180.0,76600.0,3515.0,32811.0,1755.0,8430.0,4935.0,3430.0,9101.0,7410.0,1975.0,50600.0,2780.0,7360.0,53500.0,52192.0,1380.0,7336.0,5030.0,11250.0,37024.0,157200.0,51300.0,15900.0,108265.0,41775.0,6690.0,21719,6350.0,4000.0,1705.0,30250.0,3630.0,11612.0,28244.0,3080.0,2550.0,8959.0,2440.0,5950.0,2730.0,11650.0,5174.0,843.0,7930.0,1485.0,3055.0,4000.0,3610.0,9920.0,8125.0,3775.0,4056.0,15200.0,9235.0,18100.0,7850.0,2206.0,5490.0,11850.0,21285.0,2035.0,117000.0,3700.0,23150.0,21153.0,23400.0,27775.0,19250.0,212000.0,14937.0,26350.0,39850.0,8380.0,25950.0,7890.0,3291.0,169240.0,9957.0,7690.0,11650.0,5760.0,10963.0,16318.0,158400.0,6335.0,5020.0,4645.0,7130.0,4220.0,38800.0,5997.0,,2400.0,34710.0,14142.0,145900,1345.0,15165.0,8600.0,270000.0,12400.0,2744.0,7430.0,3882.0,29691.0,6030.0,,3751.0,2110.0,5130.0,12850.0,11475.0,5960.0,9030.0,52700.0,2400.0,6500.0,5660.0,8675.0,6760.0,3915.0,6283.0,4355.0,15350.0,6120.0,8960.0,3250.0,87300.0,9365.0,10245.0,2180.0,9580.0,2840.0,8512.0,4533.0,34753,6950.0,1825.0,10750.0,49250.0,9990.0,2880.0,34710.0,7240.0,8160.0,12000.0,4040.0,8060,9440.0,27300.0,11200.0,11774.0,6870.0,34000.0,15900.0,,230707.0,1915.0,4865.0,15450.0,17409.0,17700.0,4970.0,19900.0,2950.0,28706.0,39250.0,8440.0,1180.0,3645.0,4500.0,11750.0,7660.0,4065.0,7627.0,46050.0,23150.0,905.0,5006.0,7829.0,192700.0,24024.0,1955.0,45100.0,5940.0,4058.0,12500.0,2946.0,2995.0,3300.0,6080.0,5920.0,1990,5787.0,3630,4622.0,4760.0,4604.0,14900.0,6350.0,2646.0,6080.0,22900.0,4460.0,2275.0,4000.0,84700.0,43140.0,7003.0,482470,3269.0,8220.0,3855.0,2175.0,6510.0,3228.0,7050.0,12500.0,31080.0,9825.0,25499.0,9560.0,4050.0,3905.0,2615.0,3050.0,12300.0,11880.0,1685.0,11829.0,2841,47750,2400.0,2730.0,3448.0,,4245.0,16893.0,2740.0,4310.0,38350.0,90585.0,951000.0,114440,4075.0,10200.0,1925.0,11750.0,4175.0,4050.0,32450.0,9829.0,17650.0,2025.0,1795.0,21000.0,2050.0,4789.0,44400,6040.0,16100.0,2265.0,4438.0,6350.0,8860.0,21026.0,2709,10568.0,12450.0,5726,9700.0,,61700.0,10100.0,9824.0,3640.0,3010.0,188445.0,13350.0,8513.0,14491.0,15800.0,13776.0,15550.0,3655.0,12500.0,11475.0,,5340,4070.0,8720.0,5290.0,4205.0,50455.0,2707.0,18232.0,23838.0,3425,1700.0,13550.0,21646,2405.0,8259.0,39172,5570.0,125500.0,5520.0,3509.0,2470.0,3895.0,3015.0,14200.0,3106.0,4275.0,5950.0,8875.0,34845.0,4626.0,19230,4958.0,4120.0,13450.0,14100.0,920.0,23582.0,2585.0,64400.0,24550.0,14000.0,1870.0,7280.0,8430.0,32689.0,24950.0,4992.0,23950.0,6350.0,,32930.0,9163.0,33050.0,25650.0,2735.0,28706.0,6890.0,93378.0,5601.0,8733.0,,3455.0,,2732.0,2955.0,3905.0,15350.0,1495.0,9430.0,111000.0,26200.0,4690.0,12350.0,4212.0,5270.0,3365.0,15441,5280.0,9060.0,,10241.0,5176.0,51500.0,16600.0,4375.0,6920.0,7014.0,3110.0,40050.0,29650.0,8382.0,4224.0,173730.0,4240.0,3575.0,5340.0,4540.0,3752.0,2862.0,1170.0,76236.0,11000.0,9890,16940.0,64500.0,3365.0,1936.0,16950.0,5323.0,19650.0,6580.0,8758.0,15134.0,75800.0,24238.0,4160.0,125500.0,7690.0,2165.0,8853.0,6623.0,3421.0,8160.0,6132.0,121894.0,17453.0,5490.0,10100.0,5340.0,10918.0,5769.0,5010.0,7200.0,9380.0,2000.0,56007.0,1005.0,132.0,3305.0,8295.0,3581.0,1995.0,2825.0,16182.0,2625.0,4300.0,2605.0,7250.0,12850.0,7239.0,3800.0,32784.0,21069.0,7510.0,3928.0,117370,9370.0,49400.0,52287.0,6730.0,13081.0,23350.0,91600.0,2960.0,13450.0,4494.0,5910.0,14221.0,13100.0,8290.0,7830.0,4970,6981.0,19077.0,8153.0,4910.0,8660.0,3435.0,7558.0,1690.0,5380.0,4715.0,,2442.0,7032.0,9300.0,5536.0,13252.0,4355.0,4355.0,4445.0,4590.0,4495.0,3283.0,2701.0,,4021.0,4850.0,4880.0,4875.0,4890.0,5000.0,5000.0,13025.0,6100.0,6901.0,36091.0,27756.0,12750.0,12050.0,,8950.0,61958.0,39960.0,19171,14585.0,2173.0,5280.0,6400.0,7570.0,,,4180.0,3770.0,9170.0,12512.0,1849.0,4560.0,,759.0,349932.0,4516.0,6440.0,1006.0,17250.0,28905.0,,10566.0,6230.0,10870.0,3950.0,5854.0,6608.0,33698.0,2810.0,15230.0,6774,22943.0,3650.0,5648.0,1800.0,,11250.0,1645.0,,9700.0,386000.0,5575.0,12950.0,2945.0,4825.0,3455,4065.0,2155.0,2195.0,2150.0,1985.0,4070.0,4352.0,10600.0,,,13639.0,13900.0,9978.0,5020.0,64100.0,2940.0,5440.0,11467.0,,16975.0,,21800.0,8063.0,5011.0,15500.0,6846.0,4145.0,5860.0,11450.0,4612.0,1313.0,11900.0,5887.0,4369.0,5040.0,9200.0,8480.0,6073.0,2180.0,4149.0,3220.0,20000.0,33592.0,685.0,23300.0,17288.0,12100.0,6669,283730.0,10960.0,143164.0,47749.0,12700.0,13831.0,9834.0,389500.0,6900.0,3084.0,17089.0,1590.0,24539.0,1970.0,1725.0,,17273.0,13950.0,60000.0,8230.0,16650.0,3460.0,6164.0,2820,64135.0,3000.0,7832.0,5471.0,4152.0,9200.0,21250.0,6562.0,6121.0,23964.0,20200.0,8340.0,4655.0,5029.0,,3865.0,4580.0,10900.0,5440.0,2165.0,17791.0,,8950.0,33750.0,29545.0,6750.0,11207.0,41257.0,17905.0,28550.0,12500.0,,109000.0,13150.0,6057.0,17057.0,6610.0,7235.0,21146.0,4013.0,7007.0,259349.0,,632.0,,,,,,33450.0,7095.0,4842.0,11578.0,8530.0,26100.0,493975,3847.0,65987,8895.0,10298.0,124080.0,17820.0,12504,6170.0,7893.0,16200.0,4080.0,17350.0,9840.0,41000.0,6300.0,427207.0,,78810.0,3830.0,25323.0,8006.0,6060.0,3428.0,6233,66000.0,13450.0,,17850.0,42676.0,5424.0,,2764.0,11366.0,5100.0,3300.0,31750.0,13300.0,12364.0,4539.0,24650.0,4813.0,20214.0,4710.0,14950.0,6440.0,7559.0,379459.0,13150.0,5743.0,,,2808.0,3885.0,7562.0,1705.0,8450.0,4900,4725.0,1008.0,4335.0,,2625.0,2960.0,6030.0,4300.0,69500.0,8720.0,12400.0,7260.0,9960.0,2250.0,6230,3050.0,8080.0,7000.0,1876.0,21950.0,3781.0,12560.0,2813,11400.0,1355.0,5779.0,34400.0,5031.0,7494.0,,,9184.0,37669,2380.0,1780.0,,8695.0,3287.0,,3300.0,5706.0,108419,2624.0,21745.0,6885.0,20570.0,12350.0,15400.0,8187.0,27600.0,,142646.0,1261.0,,3550.0,,,10750.0,7460.0,13920.0,14450.0,7070.0,19050.0,2030,7851.0,7100.0,,7530.0,3645.0,4365.0,2715,3520.0,18832.0,25915.0,,2325.0,114145.0,10450.0,8553.0,55800.0,8020.0,90100.0,11403.0,,34300.0,6030.0,8010.0,93635.0,12600.0,3020.0,,7708.0,2350.0,,9990.0,55750.0,,,,18320.0,3695.0,28417.0,12750.0,,19000.0,,20983.0,3435.0,7491.0,,48950.0,11370.0,14171.0,68645.0,5711.0,11300.0,5688.0,11225.0,4926.0,,553.0,6210.0,3360.0,17067.0,26300.0,22450.0,8520.0,21636.0,393457.0,140030.0,21400.0,10200.0,26750.0,2665.0,,13900.0,52200.0,2945.0,3274.0,9885.0,21038.0,2096.0,33390.0,4658.0,19047.0,16250.0,,972.0,,185190.0,2025.0,13000.0,14605.0,24741.0,,5605.0,,2182.0,11858.0,11724.0,13194.0,2115.0,5750.0,12681.0,9250.0,4827.0,9050.0,21700.0,14725.0,,68058.0,19152.0,12218.0,26022.0,49550.0,108680.0,12975.0,65400.0,12375.0,8913.0,28400.0,,2025.0,8178.0,,3748.0,,2158.0,2020.0,20100.0,8803.0,6454.0,4940.0,9727.0,5180.0,2679.0,16626.0,2692.0,30100.0,2030.0,24450.0,10600.0,29450.0,20950.0,7050.0,9358.0,124974.0,139700.0,,6754.0,4700.0,10350.0,12500.0,51800.0,9810.0,188000.0,20928.0,3094.0,2247.0,,,18900.0,10130.0,8380.0,,20650.0,18000.0,,1629.0,10800.0,,,,,,21750.0,13400.0,52300.0,,,,2080.0,8330.0,23300.0,,,,,,,30229.0,,2545.0,,,41450.0,,,,,,,,,,,,,,,,,,,,,,,,,,,,,,,,,,,,,,,,,,,,,,,,,,,,,,,,,,,,,,,,,,,,,,,,,,,,,,,,,,,,,,,,,,,,,,,,,,,,,,,,,,,,,1677.0,1535.0,1381.0,1276.0,94319.0,89137.0,5260.0,1259.0,14604.0,13690.0,153360.0,,,,,4035.0,,,,
2016-09-30,8980.0,19300.0,39124.0,215500.0,15625.0,6592.0,,6450.0,8880.0,9952.0,4059.0,85100.0,170767.0,40200.0,99414.0,38189.0,20850.0,52300.0,18732.0,4070.0,38600.0,10500.0,17800.0,2575.0,71975.0,22880.0,1500.0,2217.0,4592.0,7854.0,2910.0,5920.0,25050.0,17241.0,45453.0,15950.0,15700.0,6510.0,3665.0,11390.0,76500.0,29500.0,28256.0,4945.0,2380.0,40625.0,3420.0,10650.0,27300.0,55100.0,99600.0,71175.0,5170.0,52100.0,1930.0,2340.0,5950.0,25981.0,672311,4130.0,29700.0,4170.0,347227.0,29250.0,2580.0,13350.0,171000.0,72358.0,9730.0,10615.0,1835.0,1158.0,24790.0,,17812.0,10950.0,780.0,9026.0,4150.0,449500.0,10450.0,13662.0,4350.0,54478.0,5870.0,10533.0,4385.0,12500.0,15286.0,838000.0,8904.0,7500.0,,5620.0,12400.0,61120.0,94318.0,4820.0,2440.0,40017.0,10598.0,9000.0,1690.0,4625.0,30200.0,105000.0,9871.0,68497.0,18550.0,31450.0,10250.0,11350.0,5696.0,2395.0,12100.0,7162.0,181500.0,13557.0,6320.0,5117.0,,16100.0,14292.0,20950.0,47400.0,12200.0,4495.0,22150.0,100500.0,40100.0,14654.0,969.0,4800.0,7180.0,59263.0,8520.0,9005.0,12200.0,2167.0,17450.0,14900.0,8790.0,2530.0,2127.0,4301.0,72800.0,18268.0,5300.0,21750.0,28650.0,160014.0,135500.0,3859.0,44700.0,227000.0,32250.0,198000.0,26300.0,6354.0,11750.0,5610.0,8270.0,15718.0,10300.0,14650.0,28252.0,13112.0,8177.0,24650.0,29600.0,4240.0,41748.0,5640.0,5325.0,58200.0,181500.0,29350.0,13200.0,36550.0,93987.0,,213500.0,11750.0,15905.0,7720.0,5750.0,5640.0,5370.0,38300.0,42080.0,1560.0,65500.0,2065.0,5340.0,750000.0,8089.0,9126.0,3126.0,49300.0,55099.0,5100.0,5750,42763.0,7825.0,9645.0,14700.0,8880.0,8670.0,3365.0,19600.0,18050.0,4690.0,1435.0,5140.0,2965.0,3030.0,39500.0,1250.0,21342.0,1863.0,90900.0,,95560.0,2521.0,3575.0,21050.0,48900.0,5280.0,2311.0,2910.0,176000.0,1800.0,24400.0,7710.0,61500.0,6100.0,5550.0,2615.0,4060.0,11044.0,9130.0,42550.0,5000.0,27603.0,59400.0,3270.0,3090.0,8400.0,7805.0,4560.0,,5430.0,2387.0,2335.0,8010.0,4090.0,4070.0,81200.0,3480.0,9168.0,78300.0,12800.0,3972.0,86600.0,5686.0,2995.0,4015.0,20300.0,2190.0,5310.0,8960.0,18045.0,2770.0,867.0,21800.0,69900.0,28365.0,28550.0,764.0,3384.0,9875.0,79684.0,275000.0,16138.0,5544.0,5990.0,11800.0,8650.0,101500.0,9150.0,2827.0,3940.0,21700.0,4825.0,6970.0,1030.0,2134.0,14850.0,5660.0,5060.0,,8210.0,31872.0,9180.0,1085.0,38245.0,9830.0,5580.0,3445.0,6410.0,2740.0,8860.0,7600.0,4805.0,51897.0,11250.0,2120.0,4520.0,3256.0,19180.0,34350,7520.0,9090,10600.0,7602.0,54000.0,6910.0,4980.0,3620.0,24950.0,78000.0,27493.0,49500.0,11350.0,15500.0,2510.0,9170.0,32650.0,2081.0,5057.0,2706.0,3750.0,86000.0,4305.0,7080.0,6875.0,12036.0,45283.0,12650.0,10000.0,2530.0,63100.0,32718.0,154000.0,4575.0,15400.0,1752.0,100032.0,39309.0,11526.0,1135.0,3085.0,4522.0,7810.0,18015.0,17340.0,4330.0,4315.0,40600.0,15442.0,10175.0,3765.0,23052.0,7375.0,2270.0,95400.0,11100.0,4655.0,21462.0,5710.0,3680.0,8350.0,8390.0,5290.0,9180.0,25126.0,21700.0,7125.0,7610.0,57300.0,29350.0,2068.0,3045.0,4398.0,4280.0,20589.0,2697.0,6490.0,5323.0,5769.0,2115.0,3475.0,15036.0,56880.0,,1609.0,5290.0,77600.0,3740.0,32615.0,2045.0,8530.0,5420.0,3575.0,9371.0,7340.0,2030.0,39100.0,3125.0,7270.0,43650.0,49743.0,1535.0,8356.0,2995.0,10800.0,38525.0,164700.0,50300.0,16000.0,83150.0,40915.0,7320.0,20753,6100.0,4120.0,1860.0,30450.0,3880.0,12417.0,27837.0,3555.0,2775.0,8461.0,2634.0,6470.0,2960.0,11750.0,5195.0,832.0,7000.0,1525.0,6700.0,3800.0,3785.0,9700.0,9500.0,3735.0,3948.0,18300.0,9950.0,19200.0,7310.0,2143.0,5950.0,11650.0,21685.0,2350.0,125000.0,4000.0,23900.0,19776.0,24700.0,25973.0,18300.0,212000.0,14544.0,26700.0,41300.0,8290.0,25250.0,7970.0,5909.0,176850.0,10457.0,7250.0,13450.0,5820.0,11461.0,16418.0,161000.0,6235.0,5060.0,4760.0,7140.0,3710.0,38000.0,6049.0,,2185.0,35140.0,13792.0,157600,740.0,15408.0,8510.0,295500.0,13350.0,2313.0,7210.0,3902.0,29212.0,6840.0,,4015.0,2185.0,4800.0,15500.0,11775.0,11150.0,9000.0,51900.0,2465.0,6100.0,7660.0,8975.0,6510.0,3615.0,5884.0,4495.0,16200.0,6780.0,8980.0,3415.0,64800.0,9239.0,9120.0,2370.0,12400.0,2830.0,9380.0,4991.0,32145,6900.0,2035.0,10400.0,51500.0,10350.0,2980.0,40460.0,7130.0,8140.0,15200.0,3697.0,7930,9580.0,27800.0,10800.0,15019.0,7040.0,36800.0,16200.0,,346061.0,1955.0,6230.0,16050.0,15658.0,17350.0,5660.0,19900.0,2770.0,27847.0,37600.0,8860.0,1300.0,4185.0,5580.0,12050.0,7970.0,4075.0,7886.0,46050.0,26070.0,868.0,4711.0,8880.0,207475.0,21384.0,2075.0,47250.0,6270.0,4329.0,13650.0,2878.0,3175.0,3200.0,6340.0,6250.0,2160,6727.0,3660,5077.0,5500.0,4454.0,14650.0,5470.0,2641.0,6360.0,24500.0,4460.0,2144.0,3695.0,76300.0,40845.0,6874.0,517230,3067.0,12950.0,4260.0,2075.0,8720.0,3545.0,5160.0,13000.0,30990.0,18425.0,37819.0,9200.0,4200.0,3888.0,2745.0,3660.0,19150.0,12493.0,1915.0,13274.0,1931,46850,3050.0,3453.0,3427.0,,3855.0,18320.0,2492.0,4460.0,44500.0,135765.0,955000.0,124789,4135.0,10625.0,2080.0,12600.0,4236.0,4385.0,29150.0,9410.0,17850.0,2980.0,1660.0,17300.0,2155.0,4629.0,36200,7010.0,16000.0,2322.0,4403.0,6900.0,7991.0,20084.0,2845,9958.0,12900.0,5930,9100.0,,62300.0,1520.0,10198.0,3890.0,3170.0,179580.0,13100.0,9301.0,18254.0,16550.0,13826.0,15150.0,4760.0,13700.0,12275.0,,6050,4065.0,9140.0,5430.0,4080.0,38820.0,2763.0,17459.0,21368.0,3660,2285.0,12400.0,19322,2430.0,8990.0,42836,5640.0,125000.0,5990.0,3748.0,2480.0,3905.0,3070.0,14400.0,3449.0,5300.0,6020.0,8850.0,33443.0,5260.0,19590,4871.0,4360.0,12410.0,12350.0,920.0,23352.0,2855.0,62400.0,24884.0,14400.0,1735.0,6450.0,10432.0,26579.0,24000.0,4875.0,20600.0,6710.0,,30223.0,8986.0,31700.0,23400.0,2995.0,26226.0,6490.0,85632.0,6461.0,8422.0,,3550.0,,2657.0,3080.0,3917.0,15350.0,1540.0,9260.0,159750.0,24950.0,4910.0,11800.0,4853.0,5280.0,3740.0,12713,5650.0,9350.0,,8893.0,5176.0,47900.0,16650.0,4065.0,6700.0,5963.0,3270.0,37050.0,27850.0,8158.0,4314.0,165970.0,4335.0,3445.0,5650.0,4635.0,3875.0,3185.0,1170.0,75950.0,11500.0,9790,17516.0,62000.0,3705.0,1976.0,17100.0,5737.0,20000.0,10000.0,9196.0,14636.0,81100.0,26288.0,4795.0,118500.0,9410.0,2220.0,8650.0,7748.0,3528.0,7710.0,6475.0,120422.0,22029.0,5750.0,9270.0,4790.0,11036.0,5924.0,4840.0,8800.0,9590.0,2305.0,51181.0,1407.0,39.0,3305.0,9047.0,3802.0,3340.0,2920.0,15932.0,3530.0,4150.0,2452.0,6730.0,12000.0,7274.0,4125.0,32784.0,20937.0,7989.0,3823.0,98533,9769.0,53500.0,53047.0,7590.0,14849.0,24300.0,82900.0,2603.0,14200.0,7002.0,6100.0,15321.0,13950.0,7920.0,7670.0,4710,7531.0,19210.0,8153.0,5400.0,8890.0,3355.0,8079.0,2975.0,5460.0,5050.0,,2317.0,6723.0,8575.0,5512.0,14726.0,4305.0,4300.0,4300.0,4345.0,4300.0,3342.0,2861.0,,4347.0,4800.0,4770.0,4770.0,4725.0,4970.0,4960.0,12344.0,6550.0,6901.0,35705.0,27679.0,12100.0,12300.0,,9700.0,63331.0,41890.0,19645,14493.0,2147.0,5180.0,5860.0,7700.0,,,3990.0,3445.0,12900.0,11972.0,1718.0,6660.0,,671.0,356258.0,4378.0,6210.0,961.0,17700.0,34935.0,,10767.0,6100.0,11101.0,4140.0,6742.0,6557.0,39550.0,3200.0,13790.0,7511,24778.0,3800.0,6028.0,1800.0,,11050.0,1847.0,,9950.0,389000.0,5800.0,15450.0,3087.0,4755.0,3595,4215.0,1530.0,1210.0,1190.0,1200.0,4275.0,4274.0,9060.0,,,12654.0,13600.0,9544.0,5135.0,65800.0,3590.0,5450.0,10433.0,,16949.0,,22150.0,7559.0,4914.0,15950.0,7461.0,4990.0,6340.0,11800.0,4575.0,1231.0,12400.0,5598.0,4276.0,5020.0,8570.0,8610.0,4862.0,2340.0,4829.0,2430.0,22650.0,35300.0,692.0,26150.0,17942.0,12925.0,8087,348578.0,13912.0,158908.0,47525.0,15267.0,12581.0,11239.0,363000.0,6850.0,3775.0,15863.0,1900.0,25194.0,1879.0,1955.0,,19345.0,13500.0,65000.0,7440.0,17550.0,3402.0,6353.0,2880,61129.0,2985.0,7769.0,5159.0,3993.0,8190.0,21950.0,6113.0,6697.0,23398.0,23500.0,6670.0,4715.0,5067.0,,4485.0,4725.0,10400.0,5680.0,2155.0,17970.0,,8260.0,35000.0,26460.0,6890.0,11074.0,42328.0,19180.0,29850.0,12150.0,,105000.0,13950.0,5276.0,19814.0,6690.0,24476.0,18549.0,4433.0,7585.0,208293.0,,633.0,,,,,,37050.0,7457.0,5474.0,11696.0,9790.0,24650.0,477001,3885.0,65044,8635.0,10023.0,133760.0,18805.0,12504,6240.0,7552.0,17235.0,5180.0,16470.0,9210.0,44550.0,6360.0,498414.0,,108850.0,3995.0,25514.0,8316.0,6790.0,3778.0,6461,65600.0,14150.0,,16200.0,40445.0,5271.0,,2804.0,12689.0,5950.0,4400.0,32150.0,12850.0,12045.0,4426.0,25100.0,4414.0,20640.0,4970.0,17250.0,6300.0,7835.0,386162.0,14050.0,5159.0,,,2869.0,3595.0,7585.0,1780.0,8470.0,5110,4750.0,1016.0,4715.0,,2852.0,3030.0,5920.0,4120.0,76000.0,9230.0,12450.0,7610.0,9330.0,2195.0,6450,3125.0,8250.0,6820.0,2530.0,24850.0,4171.0,12971.0,2951,11500.0,2380.0,6337.0,52100.0,4974.0,8200.0,,,9184.0,29190,2695.0,1435.0,,8528.0,3968.0,,3415.0,5600.0,114125,3280.0,20043.0,7113.0,15990.0,12650.0,16950.0,7827.0,30350.0,,145238.0,1546.0,,7425.0,,,11350.0,7180.0,12082.0,13700.0,6750.0,19050.0,2080,7226.0,7175.0,,7320.0,4612.0,4465.0,2830,3555.0,18543.0,25815.0,,2040.0,116160.0,10900.0,9973.0,59400.0,8200.0,96300.0,12158.0,,34600.0,5800.0,8000.0,98137.0,11850.0,2940.0,,8013.0,2300.0,,10350.0,56500.0,,,,21908.0,3455.0,28005.0,13200.0,,18700.0,,18643.0,3495.0,7226.0,,53000.0,10445.0,11612.0,69471.0,5711.0,9620.0,6731.0,10550.0,5457.0,,914.0,5300.0,5800.0,15639.0,24950.0,24800.0,8860.0,22023.0,544484.0,144808.0,27550.0,11175.0,28350.0,2974.0,,13150.0,70650.0,2915.0,2455.0,8146.0,22042.0,1865.0,32819.0,4755.0,18155.0,15350.0,,972.0,,169290.0,2030.0,12400.0,14835.0,23693.0,,6430.0,,2017.0,10182.0,8848.0,12623.0,2210.0,5610.0,12167.0,9850.0,4982.0,9980.0,20600.0,15175.0,,64059.0,16368.0,12182.0,25971.0,49250.0,95648.0,14000.0,68300.0,12245.0,9703.0,26450.0,,2006.0,8016.0,,3708.0,,2158.0,2005.0,19950.0,8511.0,6308.0,4390.0,9605.0,5170.0,2625.0,15248.0,3063.0,28550.0,1990.0,23050.0,10150.0,34700.0,23500.0,7678.0,8482.0,126030.0,259616.0,,7342.0,9148.0,10300.0,12450.0,50300.0,9830.0,142500.0,21032.0,2547.0,2219.0,,,18200.0,10075.0,9340.0,,19100.0,16000.0,6750.0,1392.0,9490.0,,,,,10550.0,23700.0,13900.0,56100.0,,,,2050.0,8500.0,25500.0,,,,,,,31764.0,,2735.0,,,37150.0,,2055.0,15180.0,,,,,,,,,,,,,,,,,,,,,,,,,,,,,,,,,,,,,,,,,,,,,,,,,,,,,,,,,,,,,,,,,,,,,,,,,,,,,,,,,,,,,,,,,,,,,,,,,,,,,,,,,,1645.0,1840.0,1449.0,1309.0,102422.0,86898.0,4843.0,1164.0,13946.0,13645.0,180130.0,,,,,3705.0,,,,
2016-10-31,7780.0,18100.0,29607.0,201000.0,15250.0,5294.0,,5860.0,9200.0,9264.0,3421.0,87000.0,136802.0,41000.0,93759.0,40330.0,20100.0,50200.0,18632.0,3865.0,38000.0,9410.0,17050.0,2320.0,40658.0,22685.0,1553.0,2176.0,3413.0,5940.0,2800.0,4200.0,23200.0,16333.0,29586.0,12250.0,13300.0,6390.0,2865.0,9365.0,66400.0,26950.0,32127.0,4320.0,2405.0,35123.0,3450.0,10000.0,26850.0,50900.0,100500.0,69201.0,4690.0,49200.0,1845.0,2290.0,5610.0,26049.0,676225,4755.0,29050.0,3900.0,355128.0,22700.0,2650.0,12600.0,155500.0,46877.0,7852.0,9875.0,1755.0,1028.0,22830.0,,15714.0,10300.0,809.0,7082.0,4040.0,441000.0,9580.0,11798.0,3635.0,59423.0,5610.0,8827.0,4760.0,13000.0,13862.0,839000.0,8751.0,6040.0,,5200.0,8750.0,57908.0,89141.0,4685.0,2415.0,37274.0,10826.0,8200.0,1560.0,4375.0,30600.0,106000.0,8202.0,67006.0,16500.0,29000.0,12200.0,9970.0,5644.0,2010.0,11900.0,6743.0,186000.0,14248.0,6300.0,4334.0,,15050.0,13704.0,17550.0,44100.0,11500.0,4270.0,20050.0,97600.0,38000.0,13746.0,969.0,4770.0,6640.0,61087.0,6460.0,7658.0,11400.0,2188.0,17800.0,14050.0,7610.0,2658.0,2723.0,3679.0,60000.0,14068.0,4950.0,20700.0,22200.0,154014.0,140000.0,3492.0,44800.0,237000.0,31600.0,170500.0,30850.0,5281.0,11150.0,4610.0,7990.0,16707.0,8640.0,15450.0,25092.0,12156.0,7022.0,18750.0,22750.0,3985.0,36931.0,5073.0,4710.0,54900.0,139500.0,26800.0,13250.0,28900.0,92322.0,,204500.0,11250.0,14435.0,6550.0,5350.0,4525.0,5590.0,34250.0,41738.0,1260.0,62500.0,1705.0,4930.0,658000.0,7814.0,7653.0,3377.0,40800.0,43800.0,3920.0,5390,41989.0,8050.0,9034.0,13750.0,8050.0,7410.0,2935.0,19500.0,16700.0,4625.0,1180.0,5150.0,2710.0,2965.0,39550.0,1160.0,22409.0,1824.0,86000.0,,63791.0,2049.0,3270.0,22100.0,47100.0,4900.0,2281.0,2775.0,177500.0,1640.0,20900.0,8650.0,58700.0,5825.0,5160.0,2700.0,4080.0,11803.0,9230.0,43050.0,4850.0,30853.0,57600.0,3105.0,2900.0,7830.0,8122.0,3600.0,,5050.0,2387.0,2310.0,6880.0,3920.0,3430.0,78500.0,3250.0,8993.0,78000.0,11875.0,3647.0,78700.0,5299.0,3060.0,3845.0,16800.0,1955.0,5210.0,8030.0,15735.0,2570.0,867.0,21000.0,70100.0,39133.0,25950.0,802.0,2840.0,8425.0,70982.0,274000.0,16075.0,5288.0,4600.0,10850.0,7950.0,92500.0,8420.0,2661.0,3440.0,22800.0,4570.0,6878.0,910.0,1996.0,14600.0,4915.0,4785.0,,7440.0,30082.0,7880.0,1005.0,29149.0,9100.0,5290.0,3225.0,5410.0,2640.0,9420.0,6660.0,4600.0,53978.0,8700.0,1995.0,3350.0,3182.0,17690.0,34300,7540.0,9720,9200.0,7316.0,49250.0,5850.0,4845.0,3750.0,19800.0,67400.0,25863.0,42667.0,10500.0,14600.0,2365.0,9230.0,33950.0,1985.0,3888.0,2507.0,3805.0,79900.0,4170.0,5600.0,7400.0,9544.0,37347.0,11850.0,9280.0,2235.0,60800.0,31812.0,154500.0,5280.0,13800.0,1690.0,92881.0,40764.0,9946.0,1160.0,2825.0,4156.0,7300.0,15793.0,16680.0,5890.0,3875.0,40600.0,15588.0,12775.0,3786.0,22050.0,6585.0,2070.0,89600.0,9500.0,3742.0,21808.0,5730.0,3550.0,7770.0,8460.0,4610.0,7780.0,24362.0,20700.0,6847.0,6630.0,54100.0,29450.0,1653.0,3045.0,4349.0,4005.0,14660.0,2544.0,5820.0,4009.0,2887.0,1840.0,3220.0,15143.0,59615.0,,1423.0,5360.0,71500.0,3520.0,27439.0,2000.0,8150.0,3740.0,3450.0,9941.0,7510.0,1970.0,54300.0,3080.0,6010.0,39350.0,44846.0,1325.0,7124.0,3530.0,9470.0,36724.0,175800.0,52500.0,16950.0,79148.0,30708.0,6500.0,25580,5720.0,3330.0,1680.0,29150.0,3210.0,11739.0,23759.0,2935.0,2950.0,7891.0,2671.0,6354.0,2400.0,11800.0,5221.0,725.0,5910.0,1515.0,4420.0,4050.0,4425.0,8400.0,8800.0,3880.0,3378.0,14550.0,9860.0,16800.0,5680.0,1571.0,5720.0,10300.0,23575.0,1985.0,113000.0,4120.0,22750.0,20044.0,24250.0,25233.0,16850.0,223500.0,13463.0,21300.0,42700.0,7880.0,24975.0,8900.0,5016.0,171643.0,14110.0,6510.0,12300.0,5990.0,13065.0,15334.0,162100.0,6036.0,5550.0,4250.0,6640.0,3160.0,37200.0,5663.0,,2925.0,36130.0,12861.0,156000,879.0,14582.0,8380.0,264500.0,11750.0,1835.0,7320.0,3696.0,29931.0,6370.0,,4068.0,2050.0,4805.0,10100.0,10475.0,8250.0,8180.0,50200.0,2100.0,6230.0,7040.0,9100.0,4680.0,3595.0,5236.0,4730.0,12200.0,5990.0,8290.0,3210.0,63000.0,6449.0,8310.0,2210.0,9790.0,2570.0,11480.0,4496.0,26848,6830.0,1865.0,10850.0,45650.0,10100.0,2595.0,28070.0,7800.0,7600.0,15450.0,3242.0,8010,9130.0,27300.0,9720.0,12165.0,6500.0,33050.0,11650.0,,237116.0,1940.0,5020.0,15750.0,13582.0,14800.0,4575.0,19900.0,2770.0,22231.0,31450.0,8130.0,1080.0,3785.0,5560.0,11700.0,7460.0,3580.0,7525.0,46050.0,22300.0,741.0,3985.0,8060.0,158625.0,24288.0,1935.0,40300.0,5670.0,4169.0,12450.0,2866.0,2995.0,3010.0,5780.0,7200.0,2005,6737.0,3770,4429.0,4700.0,4254.0,13700.0,4740.0,2159.0,6330.0,24950.0,3710.0,2735.0,3005.0,64800.0,35760.0,5068.0,462120,2440.0,9710.0,3950.0,2020.0,6680.0,3210.0,3985.0,12700.0,25940.0,18700.0,27290.0,9000.0,3545.0,3685.0,2750.0,2930.0,13700.0,14545.0,1560.0,14376.0,1530,47250,2670.0,2994.0,2296.0,10300.0,4580.0,15938.0,2107.0,4285.0,39300.0,87240.0,820000.0,130876,3930.0,9225.0,1955.0,14050.0,3988.0,3760.0,25100.0,10305.0,12850.0,2790.0,1365.0,15050.0,2160.0,5995.0,29000,6700.0,17850.0,1924.0,3630.0,5010.0,5910.0,16130.0,3391,8577.0,11700.0,6657,8990.0,,64400.0,,9075.0,4140.0,2940.0,173025.0,16700.0,8828.0,19446.0,19150.0,13049.0,14850.0,3790.0,12900.0,10625.0,,4615,3870.0,7820.0,5640.0,3295.0,23555.0,2178.0,13551.0,18473.0,3975,1980.0,12350.0,18909,2700.0,8609.0,38081,5250.0,120000.0,5470.0,2904.0,2460.0,3600.0,3000.0,12300.0,3129.0,4415.0,5680.0,8028.0,32042.0,4327.0,16800,4217.0,4600.0,13065.0,12600.0,920.0,22881.0,2705.0,55600.0,21309.0,12850.0,1935.0,5580.0,11012.0,17006.0,18550.0,3943.0,18700.0,5670.0,,25186.0,7999.0,33050.0,22650.0,3300.0,22535.0,5890.0,79283.0,6479.0,6325.0,,3150.0,,2282.0,2760.0,3355.0,12250.0,1480.0,8960.0,126750.0,17650.0,4270.0,11650.0,4863.0,4950.0,3335.0,14125,5170.0,8370.0,,7900.0,5176.0,47800.0,15400.0,3980.0,5360.0,4703.0,3140.0,25950.0,25100.0,5611.0,3506.0,160960.0,5780.0,3505.0,5500.0,4455.0,4096.0,2837.0,1170.0,75808.0,11500.0,9880,16073.0,62200.0,3345.0,1800.0,17200.0,5458.0,23650.0,11600.0,8219.0,12303.0,68300.0,22990.0,8480.0,117500.0,8180.0,2155.0,7452.0,6873.0,3317.0,9740.0,6042.0,126310.0,19032.0,5450.0,7900.0,5190.0,10901.0,4724.0,4455.0,7570.0,8680.0,2080.0,48597.0,1382.0,,3070.0,8069.0,3473.0,2375.0,2555.0,14044.0,2800.0,3710.0,2462.0,7100.0,12100.0,7761.0,4415.0,25153.0,18352.0,7459.0,3202.0,74288,9236.0,51100.0,42970.0,6370.0,12672.0,24750.0,74000.0,4255.0,12150.0,6876.0,6100.0,14384.0,13400.0,8260.0,7170.0,4675,7008.0,17676.0,8153.0,5120.0,8350.0,2800.0,7587.0,2195.0,4745.0,5140.0,,1931.0,5440.0,7150.0,5246.0,12003.0,4395.0,4445.0,4415.0,4395.0,4485.0,3500.0,2545.0,,4101.0,4785.0,4745.0,4730.0,4775.0,5020.0,5020.0,9517.0,6000.0,6208.0,33270.0,29832.0,10450.0,11350.0,,8260.0,49204.0,41290.0,19398,12739.0,1613.0,5220.0,5670.0,5210.0,,,3600.0,2805.0,13500.0,10510.0,1605.0,8260.0,,475.0,321702.0,4428.0,6000.0,980.0,15800.0,28785.0,,10566.0,6730.0,10174.0,4050.0,5568.0,6380.0,46568.0,3310.0,16860.0,8002,23326.0,3355.0,5116.0,1465.0,,9780.0,1635.0,,13150.0,359000.0,5425.0,17600.0,3202.0,5100.0,3340,3625.0,1380.0,975.0,865.0,899.0,3900.0,4172.0,8950.0,,,11140.0,12350.0,8676.0,4475.0,63700.0,2960.0,5310.0,10300.0,,14670.0,,21700.0,6975.0,4217.0,15650.0,7588.0,3985.0,6690.0,10900.0,4132.0,1298.0,11550.0,4867.0,3989.0,4850.0,8160.0,8300.0,4092.0,2140.0,4427.0,2425.0,21450.0,26802.0,506.0,23400.0,15228.0,10325.0,7573,243239.0,8407.0,149068.0,43611.0,13333.0,11231.0,9286.0,349500.0,5590.0,2809.0,16364.0,1835.0,18467.0,1639.0,1790.0,,15258.0,11300.0,61500.0,8270.0,15050.0,3349.0,6112.0,2855,80170.0,2975.0,7606.0,4873.0,3593.0,8160.0,18650.0,6076.0,6608.0,19248.0,23600.0,5530.0,4520.0,4396.0,,4170.0,4255.0,12800.0,5020.0,1930.0,16423.0,,7520.0,35550.0,25935.0,6530.0,10073.0,39019.0,18837.0,26750.0,11600.0,,94700.0,11200.0,4523.0,15274.0,5730.0,18345.0,18250.0,3867.0,7115.0,270493.0,,480.0,,,,,,32150.0,7059.0,4563.0,11743.0,8060.0,21700.0,401769,3386.0,59624,9140.0,8148.0,134690.0,14243.0,13512,6210.0,6955.0,15340.0,4865.0,11670.0,7500.0,41850.0,6440.0,369872.0,,111960.0,3445.0,25291.0,8760.0,6270.0,3930.0,6259,65700.0,12850.0,,16100.0,50474.0,4162.0,,2740.0,11105.0,5300.0,3405.0,29300.0,12800.0,12181.0,3646.0,24600.0,4214.0,16237.0,4490.0,14450.0,6150.0,6705.0,284864.0,12200.0,4514.0,,,3944.0,3700.0,7466.0,1655.0,6870.0,4550,3995.0,988.0,3860.0,,3294.0,3305.0,5530.0,4180.0,69900.0,8080.0,11950.0,6750.0,8150.0,2015.0,6280,3010.0,6770.0,7230.0,2031.0,22150.0,3963.0,12012.0,2751,11550.0,7140.0,6210.0,46100.0,4559.0,8200.0,,,8548.0,33776,2685.0,1640.0,,7010.0,3578.0,,3420.0,5078.0,117238,1741.0,15664.0,7730.0,12180.0,10700.0,17850.0,7372.0,23950.0,,116968.0,1497.0,,4560.0,,,10500.0,7280.0,9711.0,12000.0,6700.0,17500.0,2040,5544.0,6775.0,,6220.0,3655.0,6210.0,2855,3365.0,19038.0,28843.0,,1995.0,99415.0,11600.0,10130.0,55200.0,7030.0,81500.0,10472.0,,38500.0,5440.0,7000.0,77340.0,11350.0,3530.0,,7177.0,2320.0,,9300.0,62000.0,,,,18870.0,3665.0,23502.0,12400.0,,16900.0,,16578.0,3130.0,7236.0,,49300.0,10680.0,7472.0,63761.0,5004.0,8530.0,6803.0,10325.0,6641.0,15179.0,968.0,3820.0,5150.0,13458.0,22275.0,21500.0,8300.0,20400.0,356601.0,110398.0,22200.0,8275.0,26000.0,2601.0,,10350.0,73680.0,3800.0,2425.0,9749.0,21707.0,1763.0,31809.0,5198.0,14747.0,15200.0,6530.0,987.0,,162390.0,2005.0,11450.0,13020.0,18590.0,,6445.0,,1952.0,8781.0,7832.0,11965.0,2205.0,6400.0,11884.0,8770.0,4648.0,9250.0,20300.0,14900.0,,55790.0,15136.0,9870.0,22624.0,42550.0,88309.0,12425.0,67400.0,12275.0,9463.0,24050.0,,1972.0,8057.0,11915.0,3031.0,,2147.0,2000.0,19950.0,6618.0,6601.0,4810.0,9630.0,5060.0,2636.0,14028.0,3111.0,18700.0,1995.0,21400.0,8760.0,32600.0,17150.0,8382.0,7757.0,121283.0,246685.0,,7580.0,9248.0,10250.0,11400.0,46250.0,9760.0,126500.0,20928.0,2748.0,2208.0,,,16100.0,10050.0,8300.0,,17550.0,15500.0,5210.0,1283.0,8810.0,17250.0,,,,11450.0,23800.0,17800.0,47100.0,10973.0,,,2010.0,8500.0,23300.0,,7500.0,32500.0,,,,29137.0,,2670.0,,,31400.0,,2050.0,15140.0,,,,,,,,,,,,,,,,,,,,,,,,,,,,,,,,,,,,,,,,,,,,,,,,,,,,,,,,,,,,,,,,,,,,,,,,,,,,,,,,,,,,,,,,,,,,,,,,,,,,,,,,,,1181.0,1505.0,1336.0,1109.0,93118.0,79066.0,4709.0,970.0,12544.0,12465.0,164865.0,2064.0,,,,4020.0,15300.0,,,
2016-11-30,7720.0,17600.0,27774.0,184000.0,15450.0,4708.0,,6140.0,8610.0,10066.0,3456.0,79800.0,132556.0,42900.0,98565.0,38286.0,19150.0,48950.0,18157.0,4070.0,26100.0,9710.0,15550.0,2530.0,40408.0,20982.0,1844.0,2007.0,3041.0,6040.0,2850.0,4310.0,24650.0,15906.0,23112.0,11650.0,12200.0,6070.0,2620.0,10290.0,64000.0,28600.0,25542.0,4225.0,2420.0,33404.0,3430.0,9200.0,27500.0,51400.0,107000.0,77552.0,4860.0,52600.0,1795.0,2295.0,5330.0,27918.0,640995,4270.0,31200.0,4260.0,327034.0,24800.0,2770.0,13900.0,165000.0,39399.0,7970.0,12390.0,1745.0,1108.0,22180.0,,15312.0,10450.0,803.0,6213.0,4100.0,447500.0,8700.0,11326.0,3860.0,73746.0,6390.0,9349.0,4190.0,13300.0,15042.0,886000.0,8527.0,5620.0,,5040.0,8400.0,53374.0,82613.0,4470.0,2245.0,36969.0,11145.0,8200.0,1420.0,4785.0,31000.0,104000.0,7986.0,71778.0,18650.0,27700.0,11050.0,10100.0,5204.0,2040.0,10900.0,5998.0,180500.0,12766.0,6210.0,4445.0,,15400.0,13704.0,15550.0,43200.0,11150.0,4275.0,20350.0,98100.0,42950.0,12748.0,969.0,4550.0,6490.0,63366.0,5200.0,8177.0,11200.0,1764.0,15600.0,13600.0,7130.0,2876.0,2737.0,3558.0,61900.0,15260.0,4730.0,18450.0,22500.0,156714.0,133000.0,3250.0,41000.0,249500.0,33800.0,165000.0,45400.0,5761.0,11100.0,4670.0,8130.0,15905.0,8140.0,16900.0,20830.0,14866.0,6320.0,21600.0,22300.0,4180.0,38105.0,4860.0,4300.0,60900.0,146500.0,23650.0,13500.0,25700.0,90364.0,,224000.0,11150.0,13720.0,6230.0,5180.0,5500.0,4610.0,32900.0,40455.0,1285.0,64900.0,1710.0,4435.0,692000.0,8089.0,8750.0,4004.0,38700.0,40387.0,3615.0,5900,42144.0,8375.0,7971.0,13950.0,8380.0,9000.0,3500.0,19450.0,15700.0,4470.0,1185.0,4575.0,2540.0,2795.0,36850.0,1095.0,15540.0,1824.0,87000.0,,62869.0,2016.0,3370.0,21850.0,46300.0,4375.0,2281.0,2575.0,206500.0,1450.0,19800.0,7260.0,48050.0,5925.0,5130.0,3000.0,4075.0,11088.0,9970.0,44500.0,5900.0,26519.0,54800.0,3005.0,2660.0,7780.0,6914.0,4985.0,,7100.0,2387.0,2075.0,6010.0,3625.0,3450.0,84000.0,3420.0,9018.0,81100.0,11250.0,3506.0,68800.0,4862.0,3030.0,3565.0,16450.0,1805.0,5240.0,8150.0,14775.0,2620.0,95.0,19900.0,73000.0,36528.0,19650.0,710.0,2812.0,8800.0,72345.0,249000.0,12791.0,4588.0,4340.0,9710.0,7170.0,94900.0,8156.0,2533.0,3170.0,22550.0,4265.0,5893.0,840.0,2033.0,14300.0,5040.0,4755.0,,6660.0,25178.0,7440.0,935.0,32901.0,8140.0,5570.0,3015.0,5260.0,2665.0,8620.0,6600.0,4240.0,54556.0,9500.0,2435.0,3490.0,3382.0,15548.0,35100,7420.0,8900,8500.0,7297.0,46500.0,5520.0,4710.0,3780.0,19750.0,74400.0,27625.0,47667.0,8860.0,15000.0,2450.0,9960.0,33250.0,2040.0,4596.0,2900.0,3395.0,80900.0,4195.0,5120.0,8325.0,8893.0,38547.0,12600.0,9080.0,2095.0,61900.0,31963.0,135000.0,5480.0,14350.0,1470.0,106314.0,37717.0,9072.0,1135.0,2190.0,3818.0,6680.0,14757.0,16580.0,8700.0,4030.0,36900.0,11618.0,13400.0,3745.0,22503.0,6290.0,2030.0,84500.0,8440.0,3240.0,20714.0,5460.0,3500.0,7780.0,8160.0,4870.0,7320.0,22941.0,18800.0,7557.0,6100.0,52700.0,27500.0,1670.0,3020.0,4124.0,3950.0,14110.0,2337.0,5740.0,3808.0,2934.0,1700.0,2910.0,12566.0,55654.0,,1296.0,5270.0,75300.0,3020.0,26365.0,2045.0,8060.0,4810.0,3365.0,9585.0,7170.0,1810.0,33200.0,2805.0,5900.0,35900.0,44820.0,1460.0,6358.0,2700.0,9480.0,35123.0,172000.0,54100.0,14950.0,56134.0,29808.0,6080.0,21719,6770.0,4485.0,1635.0,27500.0,3130.0,10213.0,23871.0,3360.0,2525.0,6542.0,2811.0,7409.0,2250.0,11450.0,4834.0,680.0,4680.0,1290.0,5040.0,3645.0,2865.0,8720.0,7275.0,3425.0,2900.0,13500.0,5885.0,17800.0,6010.0,1370.0,6230.0,9560.0,24135.0,1850.0,105000.0,3800.0,21950.0,19738.0,23600.0,25880.0,16550.0,231500.0,12824.0,21450.0,42850.0,7790.0,23750.0,9590.0,5561.0,159826.0,15711.0,6540.0,12500.0,5100.0,11223.0,15595.0,164900.0,5936.0,5120.0,4720.0,6850.0,2990.0,35250.0,5508.0,,2285.0,35750.0,12931.0,153000,905.0,15262.0,8490.0,272000.0,12200.0,1735.0,6640.0,3956.0,25039.0,8150.0,,3612.0,2165.0,5230.0,9480.0,12000.0,11400.0,9090.0,48100.0,2500.0,6660.0,6780.0,8975.0,4495.0,3475.0,4879.0,4280.0,10700.0,6180.0,7860.0,3275.0,79500.0,6015.0,7890.0,2220.0,10700.0,2295.0,10640.0,4308.0,22915,5540.0,1535.0,10050.0,40600.0,8260.0,2410.0,30470.0,8330.0,7450.0,14900.0,2766.0,7830,9870.0,24950.0,9000.0,11414.0,6210.0,25850.0,9150.0,,249132.0,1835.0,4625.0,15750.0,11831.0,15550.0,3925.0,19900.0,2620.0,31716.0,33400.0,8790.0,1125.0,3745.0,4760.0,12150.0,7040.0,3215.0,7616.0,46050.0,24730.0,1215.0,3847.0,7670.0,166725.0,19360.0,1815.0,30950.0,6470.0,4253.0,11050.0,2993.0,5140.0,3080.0,5680.0,13750.0,1850,6397.0,4490,4232.0,4505.0,4091.0,14600.0,4165.0,1965.0,5170.0,26650.0,3425.0,2537.0,3195.0,66300.0,27825.0,4662.0,479080,2412.0,10900.0,3695.0,1930.0,6870.0,3077.0,2980.0,9960.0,24240.0,30050.0,27934.0,11300.0,3345.0,3567.0,2750.0,3640.0,15500.0,14764.0,1525.0,15895.0,1351,43700,2840.0,2768.0,2748.0,8520.0,2255.0,16622.0,2160.0,3890.0,40050.0,78120.0,787000.0,85952,3670.0,8750.0,1810.0,14350.0,3403.0,4080.0,23350.0,11436.0,12450.0,2620.0,1225.0,17400.0,2095.0,5250.0,27800,12700.0,17950.0,2009.0,3672.0,4500.0,5360.0,16632.0,3662,8849.0,11000.0,5498,8630.0,,63200.0,,8458.0,4525.0,2700.0,116220.0,18250.0,7795.0,17919.0,19750.0,11747.0,14750.0,3880.0,12250.0,9525.0,,4065,3650.0,6520.0,5910.0,3045.0,26730.0,2000.0,14324.0,15042.0,4145,1935.0,10650.0,18562,3115.0,8399.0,42138,5390.0,119000.0,6000.0,2336.0,2415.0,3590.0,2830.0,12250.0,2523.0,4435.0,6410.0,7089.0,30864.0,4728.0,15240,4111.0,4085.0,9295.0,12700.0,920.0,24517.0,2480.0,53400.0,21261.0,10150.0,1515.0,5770.0,11855.0,20659.0,22300.0,3904.0,18750.0,6340.0,,23381.0,7095.0,30450.0,21650.0,3590.0,23113.0,6370.0,67743.0,5937.0,6308.0,,2920.0,,2027.0,3190.0,4305.0,12400.0,1520.0,8770.0,137750.0,19500.0,3890.0,11500.0,4793.0,4220.0,3285.0,11300,5530.0,7730.0,,6244.0,5176.0,44900.0,16350.0,3730.0,5110.0,4738.0,3065.0,26200.0,23500.0,5515.0,3560.0,150010.0,4275.0,3210.0,5120.0,4295.0,4130.0,2395.0,1170.0,73095.0,11150.0,8460,16111.0,58100.0,3555.0,1850.0,14650.0,5086.0,23300.0,15140.0,8422.0,11616.0,67100.0,23614.0,10300.0,108000.0,8170.0,2045.0,6691.0,6217.0,3122.0,9010.0,5429.0,89507.0,20247.0,5210.0,6410.0,2595.0,10800.0,4847.0,4190.0,7640.0,9210.0,2045.0,36536.0,1170.0,,3050.0,7719.0,3861.0,2750.0,2470.0,13151.0,3080.0,3700.0,2855.0,6730.0,11200.0,7344.0,4240.0,23467.0,18309.0,6746.0,3219.0,58439,8924.0,54400.0,38597.0,8900.0,11830.0,25900.0,75400.0,4115.0,12750.0,7119.0,5800.0,14637.0,13250.0,6410.0,7580.0,4155,6494.0,18209.0,8153.0,4215.0,8030.0,2500.0,8156.0,2505.0,4645.0,5090.0,,1662.0,5036.0,7500.0,6189.0,10263.0,4410.0,4410.0,4410.0,4435.0,4410.0,3650.0,2498.0,,4929.0,4730.0,4760.0,4745.0,4780.0,5030.0,5050.0,8809.0,5600.0,6041.0,27590.0,29563.0,10850.0,10800.0,,8030.0,56401.0,24690.0,16271,11216.0,1633.0,5220.0,5380.0,5740.0,,,2415.0,2935.0,10800.0,10390.0,1236.0,8850.0,,506.0,259543.0,4666.0,4720.0,708.0,15150.0,26865.0,,10479.0,5900.0,7543.0,4125.0,5835.0,6405.0,45102.0,4370.0,14270.0,7814,21261.0,3490.0,4964.0,1535.0,,8100.0,1419.0,,11650.0,328000.0,6175.0,18700.0,2970.0,5280.0,3250,3520.0,1220.0,995.0,720.0,654.0,5890.0,3681.0,9000.0,,,10705.0,12200.0,8607.0,4340.0,67300.0,2810.0,4840.0,6387.0,,14133.0,,22100.0,6763.0,4395.0,13750.0,6914.0,4450.0,6930.0,10850.0,3552.0,1130.0,10850.0,4001.0,4437.0,5090.0,8010.0,8240.0,4308.0,2350.0,4073.0,2675.0,21000.0,31123.0,564.0,18000.0,16208.0,9975.0,7039,385994.0,7242.0,150052.0,36958.0,9600.0,9880.0,8772.0,384000.0,5270.0,2669.0,15163.0,1380.0,17661.0,1542.0,1835.0,,10663.0,10800.0,58200.0,5250.0,12600.0,3176.0,6181.0,2625,66641.0,2780.0,6413.0,5393.0,4123.0,7190.0,18800.0,6481.0,6396.0,21436.0,23150.0,4155.0,4515.0,4452.0,,3495.0,3550.0,10700.0,5060.0,1775.0,15709.0,,7290.0,32600.0,26150.0,7190.0,10040.0,37949.0,18297.0,26700.0,12000.0,,90000.0,9730.0,3930.0,17247.0,7370.0,15696.0,17775.0,2800.0,7146.0,275082.0,,616.0,,,,,,27550.0,7498.0,4930.0,7568.0,8240.0,22000.0,371674,3202.0,55740,9330.0,8174.0,123620.0,15185.0,13512,6200.0,6890.0,13935.0,4635.0,9550.0,7300.0,36850.0,6390.0,396430.0,,99960.0,4530.0,24681.0,7860.0,5780.0,4077.0,6816,65300.0,12050.0,,14300.0,37037.0,4869.0,,2664.0,8900.0,5010.0,2090.0,27050.0,10300.0,12592.0,3452.0,23700.0,3831.0,14249.0,4530.0,12000.0,5960.0,6021.0,260216.0,12150.0,4294.0,,,3890.0,3655.0,6967.0,1655.0,6860.0,4425,3350.0,950.0,3380.0,,4409.0,4250.0,4995.0,5050.0,56400.0,7380.0,11150.0,6040.0,7660.0,1980.0,4630,2580.0,7350.0,6790.0,2335.0,22250.0,4003.0,13199.0,2381,11300.0,10500.0,4735.0,42100.0,3426.0,8230.0,,,7068.0,26492,2455.0,1600.0,,6743.0,3728.0,,3465.0,4859.0,114644,1885.0,17992.0,5903.0,10276.0,9400.0,18200.0,6955.0,23200.0,3360.0,94563.0,1630.0,,4850.0,,,9800.0,6290.0,9723.0,9100.0,6390.0,15000.0,1940,5672.0,6450.0,,6300.0,3434.0,10300.0,2930,4290.0,8850.0,26314.0,,1525.0,85035.0,11200.0,9909.0,54200.0,7240.0,67400.0,9851.0,,34400.0,5130.0,6830.0,75899.0,13350.0,4085.0,,7340.0,2400.0,,7440.0,42200.0,,,4595.0,16412.0,4630.0,22871.0,12250.0,,17800.0,,14670.0,2970.0,7157.0,,43850.0,9280.0,6281.0,68301.0,4786.0,8200.0,6387.0,9850.0,3820.0,15641.0,968.0,3520.0,4390.0,12343.0,23125.0,22500.0,7310.0,20786.0,350192.0,101945.0,21325.0,8050.0,18650.0,2100.0,,10900.0,75480.0,4435.0,2553.0,9218.0,19551.0,1777.0,28997.0,4797.0,15703.0,13800.0,7100.0,965.0,,110910.0,2010.0,8850.0,10750.0,18863.0,,5845.0,223995.0,3139.0,10282.0,6890.0,11763.0,2120.0,8120.0,11896.0,8450.0,4221.0,9380.0,19550.0,13775.0,,53532.0,11776.0,9540.0,22297.0,40450.0,76610.0,11700.0,65300.0,12275.0,9303.0,17600.0,,1948.0,8037.0,9263.0,2601.0,,2141.0,2000.0,19800.0,6586.0,4430.0,4260.0,9630.0,4925.0,2807.0,9533.0,2997.0,17550.0,2000.0,20750.0,7190.0,27500.0,16100.0,10751.0,6681.0,95131.0,324935.0,,6854.0,8881.0,10170.0,10200.0,43150.0,9785.0,117250.0,20608.0,2279.0,2208.0,,,14300.0,10050.0,7640.0,,17100.0,15500.0,5370.0,1572.0,8300.0,12575.0,,,,9550.0,20850.0,14950.0,40250.0,11665.0,,,2065.0,8500.0,21250.0,33450.0,7500.0,25850.0,,,,29187.0,,2600.0,,,30150.0,,2050.0,15105.0,,5005.0,,,12300.0,,,,,,,,,,,,,,,,,,,,,,,,,,,,,,,,,,,,,,,,,,,,,,,,,,,,,,,,,,,,,,,,,,,,,,,,,,,,,,,,,,,,,,,,,,,,,,,,,,,,,1236.0,1450.0,1281.0,1182.0,94769.0,71980.0,4120.0,1049.0,12980.0,12045.0,168120.0,2860.0,2590000.0,,,3865.0,12950.0,,,
2016-12-31,8120.0,15300.0,29365.0,179000.0,15900.0,4822.0,,6170.0,8570.0,10181.0,3679.0,80700.0,147652.0,44700.0,100261.0,41643.0,19300.0,50400.0,18082.0,4010.0,26200.0,9920.0,15900.0,2515.0,44397.0,19897.0,2098.0,2316.0,3463.0,6842.0,2950.0,4290.0,25550.0,16033.0,17745.0,12800.0,12500.0,6230.0,2985.0,11980.0,68900.0,26400.0,23272.0,5350.0,2400.0,32175.0,3355.0,10700.0,27150.0,58600.0,103000.0,73248.0,4885.0,53200.0,1790.0,2500.0,5360.0,26817.0,635123,4495.0,30800.0,3660.0,315621.0,26250.0,2650.0,13500.0,183000.0,55878.0,7872.0,12365.0,1810.0,1158.0,27190.0,,15759.0,10500.0,935.0,10609.0,4435.0,443000.0,9680.0,14826.0,4145.0,78947.0,5660.0,8837.0,4705.0,12350.0,15937.0,947000.0,8939.0,5470.0,,5050.0,8820.0,56680.0,83964.0,4375.0,2255.0,40066.0,10917.0,8280.0,1570.0,4430.0,31720.0,104500.0,9346.0,72971.0,18100.0,30650.0,11450.0,10300.0,5333.0,2290.0,12900.0,7026.0,176000.0,12430.0,6440.0,4737.0,,15150.0,14096.0,17100.0,45100.0,12400.0,4245.0,19500.0,101500.0,42650.0,14019.0,969.0,4060.0,6790.0,66330.0,6400.0,7568.0,11350.0,1820.0,15900.0,14450.0,6990.0,2803.0,2917.0,3693.0,67000.0,18548.0,4560.0,19350.0,23800.0,146013.0,146000.0,3261.0,42700.0,257500.0,34750.0,169500.0,42000.0,5865.0,12150.0,5190.0,8080.0,15023.0,8330.0,17150.0,21884.0,17178.0,7384.0,19400.0,21950.0,4000.0,41378.0,5020.0,4655.0,59300.0,157000.0,26500.0,13900.0,27600.0,106714.0,,275500.0,11350.0,15260.0,6520.0,5250.0,6260.0,4625.0,32600.0,40711.0,1385.0,63900.0,1740.0,4660.0,662000.0,8073.0,7878.0,3335.0,36750.0,46596.0,4395.0,3920,42531.0,8725.0,7865.0,14650.0,11350.0,12500.0,3895.0,19250.0,16500.0,4625.0,1190.0,4725.0,2735.0,2865.0,37150.0,1145.0,14739.0,1740.0,88800.0,,51217.0,2135.0,3315.0,22550.0,50800.0,4740.0,2353.0,2650.0,199000.0,1595.0,21700.0,7540.0,43050.0,5725.0,5550.0,3065.0,4050.0,10939.0,9250.0,44800.0,5875.0,28173.0,59500.0,3145.0,2720.0,7950.0,7705.0,4945.0,,5990.0,1999.0,2160.0,6460.0,3625.0,3775.0,84700.0,3500.0,9243.0,88400.0,11725.0,3473.0,73000.0,5145.0,3160.0,3610.0,15850.0,2125.0,6430.0,8120.0,16770.0,2975.0,,21900.0,82000.0,19218.0,22100.0,734.0,2866.0,9525.0,80418.0,264000.0,13201.0,4853.0,4990.0,10350.0,6590.0,87700.0,9050.0,2601.0,4440.0,21100.0,4260.0,5728.0,880.0,2054.0,14100.0,5270.0,4950.0,,7700.0,29551.0,7480.0,940.0,47191.0,7820.0,6490.0,3270.0,6560.0,2890.0,8860.0,7320.0,4265.0,51666.0,10200.0,2105.0,3510.0,3400.0,17255.0,35650,7420.0,11300,9700.0,7326.0,44050.0,6460.0,4810.0,4165.0,22000.0,75900.0,36070.0,48500.0,10400.0,15850.0,2430.0,10000.0,33000.0,2021.0,4918.0,3255.0,3765.0,82200.0,4375.0,5670.0,9275.0,8969.0,38280.0,14050.0,8910.0,2325.0,62700.0,31611.0,139500.0,4965.0,14000.0,1551.0,126171.0,35763.0,9574.0,1160.0,2230.0,3712.0,6700.0,13541.0,16260.0,9000.0,4500.0,34850.0,13506.0,14000.0,3770.0,20141.0,5975.0,2260.0,88300.0,8320.0,3661.0,20312.0,5780.0,3520.0,7900.0,8290.0,5110.0,6640.0,21194.0,18000.0,7852.0,6690.0,52700.0,27850.0,2365.0,3425.0,4099.0,4100.0,16862.0,2440.0,5770.0,3970.0,3410.0,1765.0,3005.0,13693.0,56031.0,,1423.0,5220.0,78700.0,3315.0,27634.0,2440.0,8400.0,5700.0,3410.0,8716.0,6770.0,1880.0,29100.0,3060.0,6400.0,33700.0,42141.0,1555.0,8486.0,2845.0,10300.0,34973.0,172000.0,54900.0,15750.0,43126.0,32969.0,6740.0,21526,5990.0,4080.0,1765.0,27200.0,4565.0,11484.0,19571.0,4235.0,2655.0,6660.0,2884.0,7277.0,2370.0,11450.0,5287.0,703.0,5480.0,1435.0,5720.0,3330.0,2960.0,9360.0,7800.0,4810.0,2885.0,17050.0,6485.0,18500.0,6840.0,1370.0,5750.0,9470.0,25650.0,1815.0,101000.0,3880.0,22850.0,20810.0,26250.0,29069.0,17600.0,229500.0,13512.0,23150.0,41500.0,8170.0,25100.0,9480.0,6480.0,155220.0,14935.0,7320.0,12100.0,5180.0,11483.0,15455.0,162900.0,6126.0,4925.0,4595.0,7350.0,3040.0,35250.0,6300.0,,2600.0,36750.0,12791.0,179400,799.0,15408.0,8540.0,247500.0,11800.0,1970.0,6610.0,4153.0,28972.0,8800.0,,4019.0,2485.0,5210.0,9410.0,10600.0,11200.0,9370.0,49700.0,2535.0,6260.0,7670.0,9100.0,5320.0,3120.0,5494.0,3920.0,12750.0,6740.0,8250.0,3120.0,89800.0,6903.0,7245.0,2260.0,14400.0,3145.0,10827.0,4466.0,23838,5450.0,1445.0,10500.0,39550.0,9000.0,2480.0,35205.0,7690.0,7340.0,17950.0,3417.0,8500,10000.0,25900.0,9510.0,14628.0,6790.0,27000.0,10650.0,,233911.0,1995.0,5060.0,16500.0,12931.0,16300.0,4495.0,19900.0,3090.0,27942.0,36150.0,8050.0,1200.0,4596.0,4865.0,11950.0,6610.0,3605.0,7818.0,30100.0,15810.0,1131.0,3455.0,8090.0,167450.0,19756.0,1860.0,37400.0,5930.0,4613.0,11500.0,3176.0,3865.0,2890.0,5850.0,11500.0,2015,6368.0,5300,4285.0,5390.0,4316.0,15550.0,4475.0,2303.0,5080.0,27000.0,3920.0,2869.0,3465.0,67000.0,27825.0,4782.0,514690,2497.0,14400.0,4040.0,2020.0,7200.0,2834.0,2380.0,10150.0,26860.0,46350.0,21560.0,11450.0,3800.0,3516.0,2710.0,3985.0,15600.0,16949.0,1630.0,14474.0,797,46900,2905.0,2737.0,3322.0,9200.0,3335.0,25227.0,2120.0,4015.0,39000.0,114175.0,857000.0,79743,3820.0,8975.0,1990.0,13950.0,3657.0,4850.0,23650.0,13075.0,13350.0,2575.0,1560.0,16950.0,2145.0,3875.0,30600,11150.0,17300.0,2242.0,4079.0,6430.0,5660.0,19017.0,3209,10709.0,12050.0,5771,8870.0,,57800.0,,7906.0,6360.0,2820.0,136080.0,13450.0,8513.0,22240.0,19350.0,12874.0,15100.0,4065.0,12850.0,9825.0,,3980,3980.0,5820.0,5800.0,3675.0,23515.0,2444.0,13973.0,14502.0,4135,1555.0,11400.0,20428,2970.0,8680.0,35202,5600.0,129000.0,6180.0,3032.0,2480.0,3700.0,3130.0,13850.0,2574.0,4825.0,6510.0,6403.0,30736.0,4998.0,17160,4326.0,4175.0,11710.0,13550.0,920.0,25213.0,2580.0,48700.0,22453.0,9750.0,1580.0,6140.0,11591.0,19777.0,17600.0,4453.0,18150.0,6930.0,,25111.0,6863.0,32350.0,20350.0,3150.0,26915.0,6920.0,74092.0,6096.0,6144.0,,3130.0,,2536.0,3330.0,4083.0,13650.0,1550.0,8880.0,112500.0,23700.0,3880.0,11550.0,4332.0,6790.0,3450.0,9958,5770.0,8880.0,,7190.0,5176.0,51600.0,17200.0,4225.0,5830.0,4738.0,3040.0,23350.0,24650.0,6092.0,3635.0,159590.0,5490.0,3485.0,5260.0,4530.0,3953.0,2413.0,1170.0,80448.0,11150.0,8350,18063.0,67500.0,4000.0,1790.0,14950.0,4976.0,21700.0,16240.0,9095.0,11908.0,68700.0,23702.0,8820.0,109000.0,8580.0,2100.0,6965.0,7935.0,3068.0,10450.0,5519.0,68896.0,19761.0,5080.0,7190.0,4055.0,11339.0,5335.0,4575.0,7970.0,9110.0,2320.0,45841.0,953.0,,3105.0,8947.0,3732.0,2980.0,2580.0,15499.0,3070.0,4315.0,3665.0,6630.0,11500.0,7552.0,5290.0,24089.0,19888.0,7225.0,4400.0,69136,9414.0,54100.0,44618.0,8740.0,12455.0,23700.0,80500.0,4826.0,12300.0,8485.0,5840.0,16898.0,13100.0,6380.0,8210.0,5200,7188.0,19310.0,5901.0,4385.0,8430.0,2755.0,8600.0,2275.0,4970.0,5430.0,,1796.0,5987.0,7850.0,6140.0,14461.0,4400.0,4345.0,4400.0,4350.0,4400.0,3871.0,2751.0,,4647.0,4765.0,4745.0,4745.0,4760.0,5050.0,5040.0,8582.0,6610.0,6341.0,27027.0,29580.0,10300.0,11250.0,,8700.0,55596.0,24820.0,17746,11723.0,2637.0,5150.0,5650.0,5660.0,,,3300.0,3015.0,12100.0,11491.0,1370.0,8610.0,,873.0,282002.0,5142.0,5630.0,680.0,15650.0,28335.0,,13819.0,5460.0,8224.0,4295.0,8380.0,6987.0,46888.0,4175.0,13430.0,10145,19195.0,3620.0,5395.0,2023.0,,9030.0,1676.0,,17800.0,321500.0,8500.0,21400.0,4590.0,5510.0,3700,3490.0,740.0,536.0,445.0,416.0,4565.0,3856.0,10350.0,,,10212.0,13200.0,8381.0,4650.0,65800.0,3160.0,4895.0,6287.0,,13365.0,,21550.0,6869.0,5011.0,13950.0,7168.0,4230.0,6040.0,10750.0,4151.0,1100.0,11700.0,5252.0,4680.0,4960.0,8450.0,8370.0,4518.0,3095.0,3908.0,2000.0,26800.0,31341.0,561.0,18100.0,17565.0,12150.0,7460,274981.0,7487.0,144148.0,37629.0,12600.0,10913.0,8840.0,357500.0,6910.0,2703.0,14712.0,1475.0,18266.0,1932.0,1880.0,,10490.0,11750.0,59800.0,5670.0,15900.0,3229.0,6593.0,2675,51358.0,2850.0,6749.0,5717.0,2826.0,8050.0,17950.0,6179.0,6723.0,21964.0,23700.0,4735.0,4945.0,4712.0,,3590.0,3595.0,11600.0,4995.0,1920.0,16839.0,,7410.0,33650.0,28775.0,6800.0,9940.0,43739.0,22663.0,27800.0,13850.0,,95700.0,10200.0,4732.0,15315.0,6810.0,16250.0,16702.0,3407.0,7824.0,312565.0,,547.0,,,,,,30650.0,7882.0,4010.0,8327.0,8620.0,20450.0,404243,3566.0,34407,8350.0,9973.0,126850.0,15036.0,14621,6200.0,7103.0,15035.0,5410.0,9440.0,8150.0,38550.0,6400.0,375244.0,,96850.0,4210.0,24329.0,8788.0,6460.0,4255.0,7000,72600.0,12650.0,,15200.0,34372.0,4510.0,,2840.0,12148.0,4975.0,2300.0,28350.0,10400.0,14765.0,3743.0,27600.0,3728.0,15065.0,4750.0,12650.0,6040.0,6823.0,273945.0,14750.0,4625.0,,,4657.0,4135.0,6658.0,1685.0,7720.0,4785,3635.0,895.0,4120.0,,4460.0,3830.0,5400.0,4390.0,70900.0,9000.0,11550.0,6480.0,8000.0,2040.0,5740,2680.0,7600.0,6950.0,2281.0,22300.0,4357.0,12742.0,2626,11550.0,13150.0,5424.0,37900.0,3661.0,9244.0,,,6694.0,26409,2735.0,1680.0,,7677.0,3976.0,,3785.0,4753.0,97871,1675.0,17741.0,7137.0,11084.0,9980.0,17600.0,8599.0,24950.0,4560.0,109500.0,2305.0,,5850.0,,,9280.0,6600.0,9989.0,8050.0,6150.0,16000.0,2020,6016.0,7400.0,,6600.0,5362.0,9300.0,2940,4795.0,7362.0,25416.0,,1340.0,104825.0,11150.0,11203.0,58000.0,7250.0,65800.0,11042.0,,35100.0,5100.0,7570.0,94986.0,14150.0,4150.0,,8278.0,2425.0,1270.0,8450.0,45600.0,,,4180.0,19390.0,5075.0,24271.0,14000.0,,15350.0,,16168.0,3035.0,7147.0,,40450.0,9630.0,7573.0,71879.0,4549.0,9290.0,7302.0,9725.0,4700.0,15039.0,1311.0,1965.0,5000.0,14636.0,25400.0,23100.0,7240.0,19936.0,366237.0,117138.0,24550.0,8250.0,14900.0,2328.0,59853.0,12950.0,81180.0,4035.0,1714.0,7014.0,20629.0,2102.0,30021.0,5191.0,17812.0,14000.0,12000.0,956.0,,102000.0,2020.0,6250.0,10690.0,18818.0,,6440.0,219631.0,4521.0,8806.0,6914.0,13027.0,2120.0,9280.0,11356.0,8780.0,4658.0,9160.0,19700.0,15000.0,,57531.0,13136.0,10237.0,20963.0,40400.0,80419.0,10825.0,65300.0,12275.0,9003.0,23150.0,8494.0,1948.0,7996.0,11337.0,3628.0,,2136.0,2005.0,19800.0,7042.0,5012.0,4080.0,9630.0,5730.0,1410.0,4899.0,2734.0,19200.0,1995.0,23300.0,8190.0,30750.0,16650.0,11464.0,6931.0,111263.0,232649.0,,6554.0,10750.0,10170.0,10600.0,43000.0,9785.0,131750.0,20560.0,2346.0,2191.0,,,16450.0,10025.0,7570.0,,17150.0,16550.0,5660.0,1143.0,8240.0,13675.0,,,,9050.0,20500.0,16500.0,44850.0,13346.0,,,2105.0,8500.0,26200.0,35850.0,7650.0,28000.0,,10900.0,,33175.0,,2250.0,,,30600.0,,2000.0,15065.0,,4990.0,,,12000.0,2174.0,,,,,,,,,,,,,,,,,,,,,,,,,,,,,,,,,,,,,,,,,,,,,,,,,,,,,,,,,,,,,,,,,,,,,,,,,,,,,,,,,,,,,,,,,,,,,,,,,,,,1325.0,1280.0,1290.0,1096.0,91467.0,71980.0,4291.0,1046.0,13986.0,12135.0,144600.0,2452.0,2440000.0,,,3740.0,11900.0,,,
2017-01-31,8210.0,14350.0,27745.0,163000.0,15475.0,4490.0,,6430.0,8630.0,10434.0,3749.0,84700.0,118404.0,53700.0,102712.0,40427.0,21100.0,51900.0,18157.0,4235.0,27850.0,9750.0,17550.0,2490.0,36772.0,21840.0,2317.0,2508.0,3289.0,8315.0,2810.0,4735.0,24850.0,16596.0,19120.0,11050.0,12900.0,6230.0,2565.0,13475.0,59100.0,25200.0,23584.0,5340.0,2300.0,31881.0,3440.0,9970.0,26900.0,55600.0,97700.0,68944.0,4450.0,50800.0,1870.0,2550.0,5280.0,26916.0,615551,3970.0,31700.0,4010.0,305086.0,22350.0,2530.0,12900.0,191500.0,41545.0,8014.0,12195.0,1865.0,1062.0,24000.0,,15981.0,10350.0,934.0,10132.0,4350.0,426500.0,9410.0,12636.0,4100.0,92076.0,5810.0,8276.0,4440.0,11950.0,16464.0,993000.0,8762.0,6030.0,,4520.0,7220.0,55924.0,83738.0,4710.0,2215.0,38544.0,11008.0,7900.0,1625.0,4070.0,30840.0,103500.0,7840.0,72474.0,18500.0,30600.0,12050.0,10500.0,5281.0,1980.0,13400.0,6470.0,176000.0,10553.0,6490.0,4484.0,,14750.0,13378.0,16350.0,44900.0,13250.0,4285.0,16950.0,96900.0,41000.0,14245.0,969.0,4115.0,6800.0,61771.0,5100.0,8277.0,9880.0,1813.0,14550.0,15950.0,6880.0,2995.0,2028.0,3500.0,67800.0,12252.0,4190.0,17900.0,21350.0,144913.0,139500.0,3363.0,41500.0,271000.0,32050.0,171000.0,41600.0,5281.0,11750.0,4765.0,8020.0,17884.0,7730.0,18150.0,24900.0,18572.0,7181.0,18700.0,20300.0,3955.0,36684.0,5220.0,4425.0,62600.0,138000.0,27700.0,13500.0,28400.0,113078.0,,270000.0,11750.0,14635.0,6280.0,5170.0,4385.0,4215.0,33150.0,44475.0,1345.0,65600.0,1795.0,3835.0,650000.0,8235.0,7863.0,3097.0,36800.0,41730.0,3875.0,4015,40439.0,9200.0,9087.0,14100.0,13650.0,14250.0,3700.0,19350.0,15700.0,4545.0,1270.0,4520.0,2915.0,3065.0,35450.0,1120.0,18207.0,1915.0,106000.0,,48367.0,2099.0,3485.0,21500.0,56700.0,4580.0,2273.0,2700.0,208500.0,1650.0,20050.0,7570.0,48050.0,5075.0,5680.0,2930.0,3945.0,10829.0,9110.0,44600.0,6325.0,29770.0,57400.0,3145.0,2650.0,8430.0,8663.0,3460.0,,6530.0,2097.0,2280.0,6840.0,3630.0,3800.0,81100.0,3410.0,8793.0,99100.0,11300.0,3576.0,64600.0,5930.0,3060.0,3445.0,15500.0,2495.0,6190.0,7690.0,22500.0,2805.0,,21800.0,82300.0,29233.0,20100.0,781.0,2894.0,9350.0,79789.0,242000.0,14319.0,4506.0,4920.0,10200.0,6640.0,84100.0,8420.0,2559.0,4640.0,19750.0,4075.0,6056.0,870.0,2018.0,13250.0,5270.0,4975.0,,7810.0,28673.0,7000.0,986.0,29989.0,7560.0,5360.0,3265.0,5750.0,2915.0,10800.0,7200.0,4190.0,51435.0,6250.0,2270.0,2950.0,3193.0,16107.0,34300,7270.0,15850,8710.0,7049.0,42450.0,5540.0,4680.0,3490.0,18400.0,77600.0,33940.0,45500.0,9670.0,15000.0,2530.0,9290.0,32250.0,2164.0,4574.0,6606.0,4335.0,80200.0,4385.0,4765.0,7725.0,9161.0,39214.0,14200.0,7970.0,2210.0,58100.0,29346.0,126000.0,5130.0,14100.0,1451.0,105223.0,35312.0,8449.0,1255.0,2085.0,4226.0,6610.0,13046.0,16160.0,9060.0,4535.0,31100.0,12199.0,11975.0,4810.0,19998.0,6810.0,2100.0,87500.0,8770.0,3818.0,20484.0,5720.0,3525.0,7540.0,9650.0,4720.0,5890.0,21849.0,17750.0,7054.0,6770.0,53700.0,28000.0,1833.0,3140.0,4119.0,3985.0,13259.0,2391.0,6250.0,3569.0,2900.0,1750.0,3140.0,13586.0,59332.0,,1343.0,5200.0,71900.0,3060.0,29098.0,2850.0,8650.0,4350.0,3605.0,9329.0,5910.0,1935.0,30100.0,3135.0,5560.0,33800.0,47241.0,1415.0,7144.0,2870.0,12600.0,34022.0,180800.0,51700.0,18550.0,39624.0,31118.0,6080.0,20753,6650.0,3775.0,1945.0,26000.0,4020.0,11951.0,20397.0,3610.0,2655.0,7058.0,3087.0,7220.0,2615.0,11400.0,4901.0,691.0,5140.0,1395.0,4260.0,3150.0,2685.0,10350.0,7625.0,4795.0,2868.0,19250.0,6625.0,17300.0,6470.0,1370.0,6900.0,9980.0,23660.0,1930.0,100500.0,3935.0,22900.0,21001.0,25900.0,28330.0,16950.0,216500.0,13758.0,21850.0,41150.0,8050.0,23650.0,8790.0,4965.0,151815.0,12208.0,7010.0,11300.0,4980.0,11786.0,15595.0,160800.0,5886.0,4810.0,4860.0,7440.0,2980.0,35900.0,5450.0,,2170.0,40600.0,14172.0,199400,721.0,16380.0,8990.0,304000.0,11950.0,2343.0,5570.0,4133.0,25902.0,7730.0,,3774.0,2240.0,6180.0,9260.0,9250.0,8270.0,9180.0,48400.0,2315.0,6570.0,9330.0,8625.0,4700.0,3110.0,6092.0,7850.0,11000.0,6150.0,7900.0,3215.0,85000.0,5966.0,7545.0,2120.0,12500.0,2830.0,9893.0,4451.0,23156,6060.0,807.0,10050.0,31600.0,9170.0,2465.0,28680.0,7650.0,7290.0,17200.0,3058.0,9010,11150.0,22900.0,9260.0,13411.0,6400.0,22550.0,8870.0,,223497.0,1995.0,5050.0,16100.0,12831.0,14800.0,4395.0,19900.0,3170.0,25124.0,33700.0,7510.0,1305.0,4746.0,5180.0,13500.0,5730.0,3280.0,7942.0,23200.0,13750.0,992.0,4868.0,8770.0,145300.0,19668.0,1880.0,32550.0,5550.0,4720.0,10550.0,3294.0,3430.0,2410.0,6120.0,8550.0,2015,6523.0,4695,4105.0,5900.0,4066.0,15200.0,4360.0,2278.0,5180.0,25450.0,4425.0,2804.0,3810.0,62000.0,24885.0,4930.0,487560,2167.0,10350.0,4060.0,2145.0,6710.0,2962.0,3720.0,7480.0,25460.0,26550.0,18909.0,11400.0,4060.0,3550.0,2590.0,3930.0,13500.0,20399.0,1405.0,13862.0,719,43500,3070.0,2679.0,2661.0,9060.0,2280.0,24738.0,2230.0,4200.0,35700.0,79230.0,879000.0,71343,3765.0,8300.0,1830.0,14200.0,3607.0,4380.0,23600.0,13998.0,15750.0,3180.0,1450.0,15500.0,2155.0,4377.0,32200,7880.0,16100.0,2322.0,3823.0,6110.0,6370.0,20148.0,2812,10615.0,12050.0,5771,9690.0,,62400.0,,7485.0,5480.0,2875.0,125475.0,15000.0,8040.0,20862.0,17550.0,11572.0,15250.0,3805.0,14250.0,9550.0,,3715,3910.0,5440.0,6250.0,4200.0,24075.0,2323.0,14836.0,15679.0,2165,1340.0,10550.0,18110,2880.0,7859.0,32542,5320.0,129000.0,6190.0,2875.0,2565.0,3500.0,3200.0,12050.0,2442.0,4465.0,6490.0,6254.0,27648.0,5008.0,16200,4129.0,4550.0,11125.0,13050.0,920.0,30415.0,2570.0,44450.0,20308.0,10100.0,1530.0,6150.0,11591.0,18265.0,16950.0,4469.0,18950.0,7170.0,,33080.0,6630.0,38500.0,15550.0,3070.0,25097.0,6950.0,71137.0,6741.0,5604.0,,3055.0,,2690.0,3700.0,4265.0,12750.0,1410.0,8650.0,97500.0,19500.0,3845.0,10800.0,3782.0,6540.0,3440.0,10476,5430.0,7930.0,,6551.0,5176.0,55400.0,16200.0,4180.0,5600.0,4565.0,3020.0,20500.0,22300.0,5201.0,4155.0,151840.0,6490.0,3590.0,5100.0,4650.0,4832.0,2236.0,1170.0,75055.0,11850.0,8880,16362.0,67500.0,4030.0,1932.0,14750.0,5061.0,20800.0,12900.0,9634.0,12320.0,68200.0,22278.0,13900.0,96200.0,8470.0,2155.0,6955.0,8730.0,2968.0,8770.0,5402.0,162819.0,16563.0,5580.0,6270.0,4005.0,11642.0,4631.0,4000.0,8840.0,10600.0,2010.0,51181.0,847.0,,3065.0,8646.0,4077.0,2455.0,2745.0,16917.0,3715.0,4190.0,3300.0,7010.0,11300.0,8179.0,5010.0,23334.0,17918.0,7867.0,4750.0,80364,9193.0,51000.0,50322.0,6980.0,12004.0,23450.0,72400.0,6890.0,13200.0,7281.0,6560.0,19159.0,13600.0,6500.0,8060.0,5240,6728.0,21778.0,8287.0,4485.0,8920.0,2850.0,7905.0,2105.0,5130.0,5360.0,,1775.0,6295.0,8725.0,7204.0,13244.0,4410.0,4495.0,4410.0,4455.0,4730.0,3738.0,3242.0,,4243.0,4850.0,4760.0,4740.0,4760.0,5000.0,5030.0,7926.0,7470.0,6201.0,21276.0,28703.0,10050.0,10850.0,,9200.0,55650.0,22590.0,15585,10800.0,3187.0,5120.0,5780.0,5960.0,,,3275.0,2950.0,10750.0,11191.0,1357.0,7710.0,,705.0,327395.0,4866.0,5330.0,716.0,15950.0,29265.0,,16871.0,5330.0,8757.0,4380.0,7750.0,6835.0,52070.0,3755.0,11680.0,9614,19463.0,4765.0,5243.0,1728.0,,8540.0,1572.0,,17050.0,317000.0,9100.0,24350.0,3905.0,5340.0,3480,3475.0,1795.0,958.0,885.0,849.0,4745.0,3895.0,11100.0,,,9169.0,11700.0,7444.0,4530.0,63600.0,3750.0,4675.0,5893.0,,12187.0,,21400.0,6498.0,4492.0,14950.0,7148.0,4085.0,6070.0,11150.0,4612.0,1085.0,11350.0,5656.0,4442.0,4980.0,7930.0,8740.0,4687.0,3120.0,3774.0,1475.0,24600.0,28472.0,434.0,17150.0,16987.0,16150.0,7224,250723.0,6459.0,154480.0,33491.0,14367.0,10635.0,8121.0,354500.0,6820.0,2618.0,14062.0,1450.0,17510.0,2234.0,1715.0,,9799.0,11850.0,69000.0,5330.0,16600.0,3031.0,7022.0,2645,49228.0,2795.0,6366.0,6757.0,1068.0,7180.0,18800.0,6172.0,7990.0,21059.0,21100.0,4990.0,5110.0,4372.0,,,,10550.0,4895.0,1905.0,15768.0,,7160.0,32100.0,22200.0,5570.0,9373.0,48118.0,23939.0,31950.0,15050.0,,97500.0,9150.0,4941.0,13762.0,6460.0,12722.0,16677.0,3133.0,7554.0,312565.0,,553.0,,,,,,26700.0,9770.0,4100.0,7806.0,13245.0,18900.0,439385,3270.0,29816,8060.0,10048.0,113010.0,12980.0,13815,6450.0,7253.0,14925.0,7100.0,9230.0,7600.0,32250.0,6240.0,370624.0,,95080.0,3885.0,24714.0,8744.0,6550.0,4706.0,7110,71000.0,12550.0,,14550.0,29063.0,5129.0,,2627.0,11366.0,4540.0,2370.0,26200.0,10450.0,13618.0,3941.0,27100.0,4446.0,13628.0,4700.0,14900.0,6080.0,6836.0,284864.0,13650.0,4522.0,,,3413.0,3920.0,6158.0,1655.0,8420.0,4420,4055.0,948.0,4270.0,,4748.0,3450.0,5530.0,4145.0,87500.0,7990.0,11025.0,7340.0,9520.0,2380.0,5620,3155.0,6880.0,6750.0,2082.0,21850.0,4335.0,13701.0,2513,11950.0,12400.0,5145.0,37200.0,3605.0,9827.0,,,6973.0,26326,3115.0,1680.0,4605.0,6709.0,3766.0,,3465.0,4385.0,79888,2060.0,15339.0,7001.0,11892.0,9550.0,19450.0,8902.0,25800.0,4550.0,103361.0,1842.0,,4255.0,61275.0,,11050.0,6530.0,8698.0,7040.0,6030.0,16300.0,1940,6007.0,6475.0,,6380.0,6092.0,11950.0,2830,4385.0,6552.0,19362.0,,1355.0,104305.0,9640.0,12813.0,56600.0,6560.0,69300.0,9856.0,,30800.0,4995.0,7350.0,79589.0,13950.0,4905.0,,7993.0,2490.0,1270.0,7540.0,48100.0,,,5950.0,20948.0,5200.0,25534.0,15400.0,,15250.0,,14009.0,2900.0,7216.0,,36750.0,10325.0,6348.0,67406.0,4448.0,9200.0,8972.0,8725.0,4014.0,15595.0,1045.0,1690.0,4345.0,12656.0,26850.0,22500.0,7500.0,19936.0,385477.0,128411.0,31200.0,6900.0,12800.0,2514.0,55617.0,12950.0,87480.0,3640.0,2376.0,7815.0,21930.0,2096.0,24518.0,5356.0,15198.0,15400.0,9370.0,728.0,,97080.0,2010.0,6430.0,14320.0,18544.0,4442.0,6345.0,234176.0,2769.0,8556.0,7011.0,12580.0,2065.0,9140.0,10186.0,8540.0,4244.0,9390.0,20400.0,16000.0,,57694.0,10464.0,9540.0,19529.0,35850.0,67918.0,9725.0,62900.0,12095.0,9673.0,21900.0,6730.0,1924.0,7996.0,9929.0,3175.0,,2104.0,1940.0,19500.0,6618.0,5110.0,3950.0,9532.0,5770.0,957.0,4826.0,2608.0,21700.0,1975.0,22700.0,7500.0,27850.0,14150.0,11892.0,6506.0,139216.0,179598.0,,6279.0,9280.0,9970.0,9950.0,37850.0,9610.0,179750.0,20399.0,2145.0,2169.0,,,14750.0,10025.0,7750.0,,18250.0,12900.0,5980.0,1555.0,8450.0,14675.0,,,,8280.0,19550.0,14800.0,45000.0,14286.0,,,2015.0,8500.0,23800.0,37000.0,7300.0,29650.0,,12800.0,,27924.0,,2500.0,,,31000.0,,1975.0,14915.0,,5005.0,,,9780.0,2185.0,,,,,,,,,,,,,,,,,,,,,,,,,,,,,,,,,,,,,,,,,,,,,,,,,,,,,,,,,,,,,,,,,,,,,,,,,,,,,,,,,,,,,,,,,,,,,,,,,,,,1340.0,1255.0,1255.0,1305.0,87190.0,67132.0,3923.0,1111.0,13325.0,11465.0,135345.0,2064.0,2220000.0,,,3960.0,9300.0,,,
2017-02-28,8900.0,14200.0,32971.0,172500.0,15550.0,4713.0,,6530.0,8570.0,10502.0,3845.0,83200.0,120762.0,46700.0,93288.0,46508.0,19250.0,51700.0,18207.0,4255.0,28050.0,9590.0,18800.0,2440.0,39217.0,19462.0,2393.0,3010.0,3297.0,10378.0,2820.0,5530.0,26050.0,15942.0,20965.0,12100.0,12450.0,6250.0,2495.0,12635.0,61100.0,24700.0,21314.0,5160.0,2465.0,35074.0,3380.0,9650.0,27750.0,56300.0,98200.0,70938.0,4550.0,50800.0,1840.0,2420.0,5300.0,27417.0,623380,3280.0,32950.0,3860.0,304208.0,24500.0,2470.0,13500.0,229000.0,47985.0,6862.0,11355.0,1975.0,1220.0,24390.0,8020.0,16919.0,10600.0,1135.0,7193.0,4395.0,407500.0,9250.0,13198.0,3835.0,95486.0,6120.0,10252.0,4385.0,11650.0,17409.0,962000.0,10809.0,5760.0,,4830.0,8300.0,59325.0,83513.0,3430.0,2260.0,40473.0,11917.0,8020.0,1660.0,4165.0,31440.0,102500.0,8036.0,76451.0,19250.0,33750.0,12100.0,10900.0,5748.0,1965.0,12650.0,6879.0,199500.0,10355.0,6800.0,4338.0,,15650.0,15140.0,17000.0,44000.0,13500.0,4380.0,18200.0,97200.0,42700.0,15561.0,969.0,4945.0,6980.0,59947.0,5680.0,10203.0,10700.0,1707.0,15900.0,15850.0,7260.0,2949.0,1770.0,3496.0,67800.0,6484.0,4030.0,17800.0,26600.0,150814.0,149500.0,4270.0,41400.0,283500.0,33450.0,215000.0,45300.0,4689.0,13100.0,4940.0,8000.0,17750.0,8870.0,17600.0,23943.0,19768.0,7951.0,18950.0,16450.0,3895.0,39957.0,5240.0,4305.0,67800.0,151500.0,29800.0,13950.0,24750.0,126295.0,,266000.0,12700.0,13765.0,6290.0,5200.0,2935.0,4320.0,36650.0,44988.0,1305.0,72200.0,1875.0,4475.0,748000.0,8446.0,7277.0,2619.0,37000.0,44806.0,3345.0,4045,39742.0,11850.0,8954.0,14800.0,13400.0,11750.0,3710.0,19300.0,16350.0,4715.0,1240.0,4880.0,3180.0,3050.0,35900.0,1535.0,15673.0,1853.0,93700.0,,58667.0,1999.0,3390.0,20800.0,58500.0,4670.0,2252.0,2740.0,222000.0,1640.0,21150.0,7490.0,40850.0,5425.0,5780.0,2780.0,3995.0,9878.0,9000.0,44200.0,6775.0,28915.0,56600.0,3190.0,2720.0,8660.0,9329.0,3070.0,,6710.0,2088.0,2210.0,7020.0,3540.0,3650.0,86400.0,4200.0,9319.0,120000.0,14750.0,3548.0,66900.0,4901.0,3165.0,3415.0,16000.0,2135.0,5340.0,7880.0,18095.0,2895.0,,20900.0,76700.0,27613.0,19050.0,719.0,3071.0,9925.0,77902.0,255000.0,12849.0,4163.0,4610.0,10150.0,6970.0,91000.0,9613.0,2538.0,6310.0,20200.0,4330.0,6270.0,1410.0,2085.0,16550.0,5000.0,5480.0,,7180.0,25747.0,6850.0,969.0,36564.0,8240.0,4870.0,3445.0,6270.0,2840.0,9970.0,7100.0,4285.0,51088.0,3220.0,1560.0,2330.0,3281.0,14493.0,35200,7450.0,11400,8550.0,7345.0,43600.0,5310.0,4875.0,3275.0,17150.0,80000.0,36597.0,42833.0,10000.0,14750.0,2540.0,9100.0,31400.0,2173.0,4817.0,5358.0,5220.0,79900.0,5180.0,4315.0,7175.0,10234.0,37814.0,13600.0,8040.0,2125.0,56900.0,31309.0,130000.0,4690.0,15100.0,1432.0,102787.0,34711.0,8514.0,1245.0,2330.0,3599.0,7090.0,12971.0,16280.0,7400.0,6860.0,30200.0,14813.0,9425.0,4072.0,22026.0,5225.0,2065.0,89500.0,8950.0,3715.0,20772.0,6180.0,3565.0,7640.0,9380.0,5080.0,5280.0,22505.0,18400.0,6388.0,6700.0,52100.0,28900.0,1510.0,3140.0,3982.0,4175.0,14010.0,2362.0,5530.0,3360.0,2245.0,1685.0,3240.0,15573.0,61502.0,,1461.0,5270.0,71000.0,3700.0,28805.0,2315.0,9080.0,2650.0,3165.0,8773.0,6290.0,1830.0,28400.0,3045.0,5940.0,35850.0,52547.0,1450.0,7376.0,2175.0,12400.0,33672.0,215700.0,52800.0,18950.0,24015.0,35003.0,5590.0,19692,6100.0,4020.0,1815.0,26650.0,3435.0,10806.0,18055.0,3060.0,2665.0,6841.0,3201.0,7484.0,2480.0,12800.0,4921.0,714.0,5200.0,1405.0,3440.0,3840.0,2745.0,9800.0,7300.0,4900.0,2756.0,17500.0,6115.0,17900.0,6610.0,1370.0,7450.0,10150.0,23060.0,1915.0,102500.0,3725.0,23400.0,18782.0,25100.0,25326.0,17950.0,218000.0,13463.0,21650.0,42550.0,8610.0,23900.0,8320.0,4494.0,155420.0,11633.0,7310.0,11300.0,4825.0,13433.0,17141.0,193900.0,5996.0,5130.0,5360.0,7530.0,3160.0,37200.0,5400.0,,1990.0,36710.0,13291.0,170400,550.0,16720.0,8760.0,274000.0,13250.0,2004.0,5500.0,4296.0,23024.0,7830.0,,3767.0,2320.0,6350.0,9340.0,9075.0,7860.0,8800.0,49400.0,2045.0,5330.0,8280.0,8575.0,4520.0,3485.0,6774.0,8515.0,9420.0,5980.0,7920.0,3445.0,83300.0,6217.0,7200.0,2110.0,12000.0,2735.0,9800.0,4421.0,21229,5250.0,872.0,9500.0,28950.0,9150.0,2440.0,24995.0,7840.0,8550.0,14250.0,1850.0,9030,10350.0,24250.0,9430.0,11669.0,6420.0,23700.0,10250.0,,210680.0,2020.0,5420.0,16300.0,13732.0,16850.0,4020.0,19900.0,3160.0,24810.0,27900.0,6850.0,1220.0,4145.0,3780.0,14800.0,4050.0,3780.0,8449.0,23450.0,20970.0,970.0,8480.0,8950.0,151250.0,21340.0,2120.0,34700.0,4900.0,4800.0,10500.0,3181.0,3325.0,2300.0,5950.0,7920.0,1930,5874.0,4930,3812.0,4845.0,3891.0,16800.0,4530.0,2348.0,6130.0,24550.0,4625.0,1884.0,3775.0,58300.0,23535.0,5141.0,488400,2066.0,9660.0,4005.0,2265.0,6490.0,3027.0,3400.0,6610.0,23180.0,22100.0,16331.0,11250.0,3885.0,3685.0,2605.0,4675.0,13450.0,28435.0,1230.0,13127.0,719,43350,2840.0,2632.0,2267.0,9080.0,2190.0,27182.0,2042.0,4240.0,32050.0,66100.0,878000.0,65134,3785.0,8600.0,2125.0,14100.0,3712.0,3955.0,26800.0,13611.0,21350.0,3360.0,1670.0,15100.0,1975.0,4070.0,28700,7700.0,16750.0,2256.0,3968.0,5570.0,6530.0,19959.0,2976,10803.0,11750.0,5998,10750.0,,64900.0,,8561.0,5170.0,2865.0,126840.0,16350.0,9380.0,20750.0,18900.0,12023.0,14750.0,3785.0,15000.0,9125.0,,4090,3780.0,5940.0,5590.0,3890.0,33145.0,2107.0,15705.0,15442.0,2513,1485.0,11950.0,18425,2870.0,8329.0,28354,5470.0,133000.0,6460.0,3338.0,2590.0,3580.0,3345.0,10450.0,2412.0,4160.0,6070.0,6579.0,26436.0,4863.0,16380,4204.0,5060.0,10790.0,13600.0,451.0,28164.0,2520.0,58000.0,22214.0,10700.0,1480.0,6260.0,11697.0,14927.0,9380.0,4403.0,20600.0,7230.0,,29546.0,5075.0,32750.0,19875.0,3090.0,26447.0,6860.0,76887.0,4965.0,6734.0,,3075.0,,2273.0,3330.0,3743.0,13900.0,1510.0,9530.0,104500.0,19800.0,4010.0,10600.0,3992.0,6050.0,3370.0,11359,5320.0,7940.0,,6315.0,5176.0,59800.0,16100.0,3965.0,5800.0,4622.0,2755.0,22550.0,22150.0,5493.0,3552.0,145910.0,4790.0,3635.0,5220.0,4520.0,5156.0,2251.0,116.0,76029.0,11550.0,9640,16778.0,,3820.0,1926.0,20600.0,5053.0,22950.0,9880.0,9601.0,11616.0,83000.0,22366.0,12700.0,99400.0,9010.0,2205.0,6792.0,7793.0,2874.0,8870.0,5294.0,162819.0,16725.0,5260.0,6800.0,4005.0,11423.0,4638.0,3970.0,9500.0,10100.0,2210.0,44118.0,580.0,,2865.0,8696.0,3527.0,2330.0,2770.0,17689.0,3050.0,3905.0,3050.0,7350.0,11300.0,7970.0,4495.0,25641.0,21233.0,11525.0,4075.0,82940,9681.0,55500.0,47343.0,6710.0,11811.0,28800.0,74300.0,5060.0,12550.0,7910.0,6080.0,16333.0,13300.0,6610.0,7850.0,4660,6647.0,23345.0,7919.0,4520.0,8230.0,2343.0,7693.0,2080.0,5270.0,5120.0,,1756.0,5796.0,7700.0,6479.0,11512.0,4590.0,4795.0,4995.0,4825.0,4845.0,3625.0,3182.0,16650.0,4325.0,4815.0,4825.0,4700.0,4765.0,5010.0,5090.0,7977.0,8260.0,6454.0,22852.0,28504.0,10250.0,10300.0,,8840.0,50224.0,22550.0,15000,12047.0,3127.0,5130.0,6540.0,5630.0,,,3400.0,2775.0,9580.0,11652.0,1549.0,6810.0,,472.0,325339.0,5117.0,5390.0,465.0,14600.0,26415.0,,14970.0,5250.0,8522.0,4590.0,6360.0,6278.0,43047.0,3520.0,11800.0,7715,20763.0,3600.0,5141.0,1465.0,,8990.0,1527.0,,14650.0,301000.0,8950.0,20900.0,3822.0,5680.0,3475,3415.0,2100.0,805.0,790.0,772.0,4765.0,3861.0,11100.0,,,9627.0,12650.0,7878.0,4810.0,64000.0,3865.0,4720.0,5333.0,,13006.0,,21100.0,6418.0,3995.0,14150.0,6582.0,3945.0,6130.0,10750.0,3818.0,1179.0,11300.0,4732.0,4009.0,5010.0,7980.0,10200.0,4377.0,2920.0,3720.0,1720.0,21800.0,28618.0,420.0,17700.0,17288.0,14500.0,7717,244574.0,6736.0,152020.0,35392.0,14367.0,10031.0,8121.0,364500.0,5710.0,2500.0,14437.0,1415.0,18215.0,2100.0,1690.0,,9155.0,11250.0,62900.0,5450.0,15600.0,3156.0,6748.0,2680,43341.0,2615.0,6866.0,6304.0,1687.0,5980.0,19150.0,4809.0,7813.0,22342.0,18300.0,4995.0,4660.0,4330.0,,,,10250.0,4870.0,1870.0,15649.0,,7530.0,29550.0,22505.0,5740.0,9106.0,50015.0,22026.0,30800.0,14550.0,,105000.0,8960.0,4276.0,12961.0,6600.0,9110.0,13032.0,2813.0,7585.0,223004.0,,446.0,,,24450.0,,,32100.0,8640.0,3190.0,7829.0,12775.0,21350.0,413323,3326.0,32286,7790.0,7873.0,111160.0,10345.0,15630,5900.0,6976.0,14505.0,6240.0,4870.0,7170.0,31800.0,6230.0,346383.0,,86990.0,3800.0,23753.0,8950.0,6120.0,4528.0,6860,75200.0,12200.0,,12550.0,31542.0,4534.0,,2700.0,9943.0,4595.0,2590.0,27000.0,11850.0,14526.0,4547.0,23650.0,3640.0,13281.0,4810.0,17200.0,6100.0,7651.0,275891.0,13550.0,3445.0,,,4302.0,3780.0,6039.0,1760.0,8830.0,4745,4265.0,939.0,3815.0,,3956.0,3220.0,6030.0,3920.0,78100.0,8790.0,10675.0,6820.0,9190.0,2185.0,6200,3095.0,6510.0,6700.0,2115.0,18850.0,4495.0,16031.0,2563,12800.0,15350.0,5576.0,43400.0,4118.0,9705.0,,,6885.0,31969,2885.0,,3605.0,6859.0,4337.0,,3360.0,4353.0,62769,2250.0,13788.0,7434.0,11030.0,9520.0,17350.0,7114.0,27000.0,4530.0,125698.0,1441.0,,3620.0,61275.0,,10000.0,6590.0,8245.0,7500.0,5370.0,17250.0,1910,5820.0,6125.0,,6180.0,5563.0,9100.0,2800,4315.0,5480.0,16933.0,,1265.0,105285.0,9020.0,10477.0,59800.0,5700.0,76700.0,9628.0,,32300.0,5120.0,7850.0,85262.0,11600.0,4270.0,,8360.0,2445.0,1270.0,7470.0,49800.0,,,4930.0,17672.0,5100.0,23969.0,14050.0,,16900.0,,14715.0,2770.0,7580.0,,41500.0,11200.0,6482.0,75317.0,3937.0,9610.0,7983.0,9000.0,3965.0,14623.0,697.0,1700.0,3990.0,11554.0,24225.0,21250.0,6080.0,21791.0,282633.0,140664.0,27650.0,8350.0,14000.0,2450.0,51934.0,12700.0,83880.0,3315.0,2374.0,6503.0,23380.0,2079.0,28141.0,5338.0,15721.0,15600.0,12050.0,691.0,,84210.0,2020.0,6440.0,15445.0,18863.0,4066.0,5870.0,239267.0,2426.0,7906.0,5251.0,11685.0,2080.0,9420.0,10224.0,8310.0,4304.0,8990.0,20650.0,16225.0,,55980.0,11056.0,9613.0,21542.0,37700.0,49984.0,9525.0,67500.0,12095.0,9593.0,23300.0,6730.0,1928.0,8885.0,11287.0,3138.0,,2104.0,2000.0,19550.0,6475.0,5281.0,3990.0,9507.0,5130.0,1116.0,4707.0,2512.0,18250.0,1955.0,22250.0,6700.0,29000.0,14100.0,10370.0,6706.0,163471.0,206676.0,,6779.0,9770.0,9890.0,10850.0,47400.0,9565.0,169500.0,20191.0,2812.0,2147.0,,,15600.0,9975.0,7610.0,,18700.0,14450.0,7000.0,1386.0,9830.0,14725.0,,,,8010.0,19900.0,13500.0,43550.0,13246.0,,,1995.0,8500.0,22400.0,36900.0,8300.0,33800.0,,10800.0,,26051.0,,2490.0,,,34000.0,,1965.0,14650.0,,5015.0,,,11950.0,2180.0,,,,,,,,,,,,,,,,,,,,,,,,,,,,,,,,,,,,,,,,,,,,,,,,,,,,,,,,,,,,,,,,,,,,,,,,,,,,,,,,,,,,,,,,,,,,,,,,,,,,1350.0,1015.0,1210.0,1170.0,82988.0,64147.0,4094.0,1072.0,13926.0,11580.0,134095.0,1845.0,2377500.0,,,3930.0,9500.0,,,
2017-03-31,9090.0,14850.0,32751.0,166500.0,15325.0,4661.0,,6340.0,8620.0,10549.0,3622.0,85500.0,124537.0,50500.0,90556.0,48162.0,19200.0,50400.0,18007.0,4120.0,27200.0,9300.0,19100.0,2235.0,37614.0,19040.0,2431.0,3395.0,2996.0,8154.0,2740.0,8520.0,28200.0,14825.0,19724.0,11200.0,13000.0,6180.0,2760.0,12505.0,68000.0,24100.0,23139.0,4715.0,2470.0,32912.0,3230.0,12100.0,27150.0,62500.0,97300.0,69773.0,4475.0,52500.0,1825.0,2300.0,5000.0,26582.0,610658,2940.0,30500.0,3770.0,310792.0,24600.0,2190.0,13650.0,243500.0,44938.0,5686.0,12290.0,2150.0,1222.0,24390.0,10100.0,17186.0,10650.0,1185.0,6003.0,4560.0,397500.0,9200.0,11990.0,4240.0,81078.0,6000.0,10493.0,5100.0,11150.0,17074.0,910000.0,11879.0,5220.0,,5690.0,8170.0,66315.0,79912.0,3570.0,2250.0,40371.0,13964.0,7710.0,1620.0,3855.0,33640.0,99700.0,7584.0,84503.0,17750.0,38650.0,12800.0,10900.0,5825.0,1980.0,13950.0,6596.0,191000.0,11541.0,6450.0,4358.0,,15750.0,17489.0,18950.0,44350.0,12750.0,4310.0,17650.0,107000.0,39500.0,15335.0,969.0,7920.0,6960.0,61771.0,5190.0,10332.0,11550.0,1727.0,16900.0,14800.0,7230.0,2985.0,1635.0,3224.0,58500.0,5936.0,4860.0,17200.0,28650.0,141513.0,157500.0,4230.0,40000.0,291000.0,32450.0,220000.0,41200.0,4665.0,12500.0,4590.0,8450.0,17750.0,7840.0,16100.0,23560.0,15464.0,7452.0,10750.0,13800.0,3905.0,40081.0,5287.0,4150.0,64200.0,158500.0,30700.0,13100.0,21250.0,135106.0,,245000.0,11950.0,13440.0,5670.0,5040.0,2745.0,5690.0,62800.0,45073.0,1350.0,67300.0,1875.0,3925.0,760000.0,8251.0,8510.0,2414.0,36950.0,41842.0,3740.0,3505,38154.0,13275.0,8529.0,14650.0,13700.0,14000.0,4100.0,19150.0,16500.0,4675.0,1310.0,4515.0,3135.0,3160.0,36900.0,5500.0,10884.0,1660.0,87900.0,,52228.0,2125.0,3250.0,21300.0,69500.0,4985.0,2133.0,2715.0,220000.0,1780.0,19500.0,7350.0,32500.0,5775.0,5770.0,2665.0,4130.0,8833.0,8960.0,44500.0,7000.0,30112.0,52600.0,3130.0,2560.0,9450.0,9329.0,3265.0,,6930.0,1909.0,2170.0,6450.0,3480.0,4425.0,100500.0,4305.0,9744.0,136500.0,13025.0,3181.0,67900.0,5943.0,3110.0,3280.0,17600.0,2250.0,5580.0,8200.0,20210.0,3105.0,,21500.0,78800.0,27613.0,18450.0,706.0,3190.0,9500.0,75700.0,240500.0,12497.0,4276.0,4250.0,10000.0,6890.0,89700.0,9083.0,2550.0,7650.0,21850.0,4300.0,5387.0,1305.0,2376.0,17400.0,5370.0,5300.0,,8140.0,26138.0,5850.0,980.0,26537.0,7520.0,5140.0,3865.0,6360.0,2780.0,10500.0,6570.0,4470.0,51724.0,2880.0,1550.0,2660.0,3750.0,15331.0,34200,7410.0,12700,8790.0,7135.0,46450.0,4830.0,4775.0,3125.0,15350.0,90000.0,35517.0,41167.0,9140.0,15750.0,2565.0,8750.0,31850.0,1672.0,5064.0,3023.0,5710.0,81000.0,4950.0,5010.0,7100.0,11499.0,42149.0,13100.0,8160.0,2355.0,54900.0,31258.0,133500.0,5070.0,13800.0,1346.0,117888.0,32157.0,8626.0,1285.0,2205.0,3550.0,6340.0,13016.0,16100.0,8260.0,5820.0,28350.0,16410.0,8700.0,3796.0,21549.0,5250.0,2200.0,96200.0,8200.0,3952.0,21520.0,7090.0,3650.0,7780.0,9400.0,5500.0,3320.0,21303.0,20300.0,5946.0,6510.0,52100.0,27700.0,1378.0,3055.0,3957.0,4075.0,14610.0,2403.0,5760.0,2974.0,2235.0,1600.0,3290.0,16003.0,56220.0,,1554.0,5320.0,72900.0,3435.0,40232.0,2320.0,8980.0,4100.0,3010.0,9143.0,6390.0,1765.0,29700.0,2970.0,5730.0,35750.0,54093.0,1480.0,7680.0,3100.0,12850.0,32821.0,230000.0,50900.0,19000.0,36039.0,34507.0,5490.0,20657,6080.0,4440.0,2020.0,28600.0,3485.0,11018.0,14769.0,3125.0,2555.0,6678.0,3171.0,7698.0,2655.0,14300.0,5653.0,710.0,5980.0,1295.0,4150.0,3260.0,2445.0,8540.0,6775.0,5480.0,3371.0,17500.0,5400.0,18350.0,6880.0,1370.0,6940.0,9800.0,23225.0,1795.0,97500.0,4425.0,23150.0,18323.0,24800.0,27960.0,17300.0,243500.0,13021.0,24250.0,42250.0,9900.0,24000.0,8740.0,4221.0,171242.0,7580.0,6940.0,11450.0,6010.0,12111.0,16679.0,209400.0,6036.0,5400.0,6390.0,7420.0,3420.0,36500.0,5080.0,,1740.0,40410.0,12120.0,162500,553.0,15602.0,8920.0,305000.0,12750.0,1700.0,5010.0,5111.0,24943.0,7600.0,,4040.0,2360.0,6170.0,8120.0,8150.0,7720.0,10150.0,49300.0,2140.0,5040.0,8370.0,8350.0,4535.0,3340.0,6533.0,7125.0,9430.0,5990.0,7910.0,3510.0,87200.0,5899.0,6495.0,1960.0,11750.0,2995.0,10267.0,4293.0,20306,6500.0,780.0,9620.0,32100.0,10900.0,2490.0,26785.0,7580.0,7660.0,14800.0,2140.0,8200,10250.0,23600.0,9630.0,11534.0,6520.0,22950.0,10250.0,,217089.0,2040.0,6040.0,16050.0,15508.0,16950.0,4115.0,19900.0,3370.0,25220.0,28050.0,6620.0,1200.0,3855.0,3960.0,15100.0,4100.0,4735.0,7289.0,22225.0,23600.0,1051.0,5124.0,8640.0,174350.0,22484.0,2180.0,31950.0,4685.0,4836.0,11200.0,2991.0,3200.0,2305.0,6480.0,7500.0,1890,6097.0,5150,3366.0,2775.0,3653.0,17400.0,4835.0,2790.0,7250.0,23850.0,5500.0,1648.0,3355.0,57600.0,21885.0,4791.0,443460,1887.0,10350.0,4105.0,2215.0,7840.0,4581.0,2830.0,6710.0,25600.0,24500.0,8466.0,10600.0,6050.0,3821.0,2770.0,5525.0,12750.0,42456.0,1480.0,13323.0,719,29050,2880.0,2512.0,2233.0,9620.0,1360.0,28600.0,2027.0,4020.0,33050.0,65430.0,811000.0,52350,3845.0,8300.0,2360.0,14450.0,3635.0,4345.0,27700.0,15249.0,20550.0,3085.0,1315.0,13950.0,2445.0,3383.0,28700,7070.0,16500.0,2204.0,3934.0,6090.0,6950.0,20712.0,2616,12870.0,11300.0,6180,10600.0,,147300.0,,7522.0,5010.0,2900.0,107340.0,15800.0,10562.0,20750.0,16500.0,11196.0,14700.0,4490.0,14000.0,9275.0,,4085,3920.0,5020.0,5850.0,4030.0,31410.0,2435.0,13807.0,15866.0,2193,925.0,12400.0,20225,2850.0,8379.0,27481,5900.0,129000.0,6720.0,3295.0,2555.0,3405.0,3025.0,10100.0,2742.0,4220.0,5890.0,6754.0,26056.0,8643.0,17910,4458.0,3065.0,11465.0,14000.0,,36018.0,2490.0,55000.0,21356.0,9830.0,1365.0,7090.0,12698.0,15809.0,9920.0,4561.0,20950.0,7710.0,,31276.0,4623.0,32400.0,23250.0,2975.0,27301.0,6560.0,71915.0,5442.0,6587.0,,3275.0,,2569.0,3955.0,3197.0,12000.0,1510.0,9720.0,110500.0,19300.0,4195.0,11050.0,3892.0,5170.0,3535.0,10664,5360.0,8780.0,,4896.0,5176.0,67900.0,15450.0,3940.0,5450.0,4680.0,2655.0,21350.0,21050.0,5523.0,3512.0,143630.0,5740.0,3450.0,5210.0,4730.0,4906.0,2118.0,27.0,67488.0,10800.0,10250,16024.0,,3860.0,1872.0,21550.0,5745.0,23700.0,10680.0,9297.0,11822.0,84100.0,21742.0,15900.0,101000.0,9030.0,2300.0,7310.0,8340.0,2810.0,8500.0,5158.0,162819.0,15064.0,5380.0,7300.0,5240.0,10648.0,5730.0,4600.0,9150.0,11650.0,2155.0,44118.0,601.0,,2510.0,8646.0,3661.0,2240.0,3255.0,16410.0,3200.0,3935.0,3530.0,7910.0,11400.0,7200.0,4730.0,26440.0,23635.0,12575.0,4600.0,76765,10702.0,59100.0,47596.0,6560.0,11984.0,26900.0,78500.0,4745.0,12000.0,7325.0,6800.0,15500.0,13100.0,7100.0,7470.0,4520,6954.0,25780.0,7719.0,4460.0,9270.0,2215.0,7635.0,2040.0,5410.0,7400.0,,1895.0,6248.0,8075.0,6793.0,11512.0,4830.0,4840.0,4660.0,4660.0,4835.0,3625.0,3573.0,12500.0,4208.0,4840.0,4895.0,4815.0,4810.0,5000.0,5000.0,7775.0,7450.0,7501.0,19738.0,27507.0,10150.0,11250.0,,7780.0,50654.0,18780.0,13250,12231.0,2363.0,5160.0,6720.0,5270.0,,,3250.0,2280.0,9710.0,12893.0,1644.0,9180.0,,333.0,366144.0,5667.0,5310.0,380.0,13500.0,23940.0,,16208.0,5300.0,8566.0,4580.0,7080.0,5823.0,36884.0,4090.0,10280.0,6006,22790.0,3610.0,5699.0,1513.0,,9480.0,1622.0,,15600.0,280500.0,9625.0,21350.0,4400.0,5810.0,3255,3290.0,10950.0,8460.0,5100.0,5100.0,4285.0,3934.0,11500.0,,,9353.0,12500.0,8676.0,4950.0,62300.0,3710.0,4690.0,5413.0,,12187.0,,22400.0,6365.0,3647.0,14250.0,7129.0,3880.0,8560.0,11200.0,3818.0,780.0,12600.0,5002.0,5497.0,4905.0,8310.0,11300.0,5574.0,2780.0,3407.0,937.0,23050.0,30142.0,367.0,16050.0,16534.0,19125.0,7511,219638.0,6727.0,163827.0,43388.0,15133.0,9286.0,7298.0,353000.0,6550.0,2564.0,14737.0,1395.0,20533.0,1961.0,1645.0,,5412.0,14900.0,64500.0,5890.0,14050.0,3074.0,6868.0,2780,50982.0,2625.0,6577.0,6563.0,1062.0,6150.0,18250.0,5413.0,8858.0,21813.0,18100.0,5200.0,5190.0,4519.0,,,,9930.0,5300.0,1770.0,15768.0,,7890.0,29250.0,18125.0,5950.0,9206.0,52350.0,24724.0,30650.0,14350.0,,101500.0,9870.0,5815.0,8459.0,7120.0,6350.0,9716.0,2510.0,7392.0,239104.0,,400.0,,,21600.0,,,33300.0,9024.0,3055.0,8565.0,14255.0,21900.0,324516,3157.0,31466,8050.0,7849.0,109780.0,10859.0,14218,6000.0,6698.0,14795.0,8210.0,5630.0,6820.0,29800.0,6190.0,367944.0,,105300.0,4025.0,24138.0,8966.0,7460.0,4889.0,6700,75800.0,12700.0,,12250.0,41230.0,4663.0,,2607.0,10424.0,4820.0,2000.0,29200.0,13350.0,15051.0,4797.0,25000.0,2546.0,11893.0,6220.0,13850.0,6060.0,6692.0,245621.0,14600.0,3755.0,,,4233.0,3890.0,5873.0,1735.0,9520.0,5050,4150.0,908.0,4075.0,,2446.0,3140.0,6010.0,4090.0,85000.0,9270.0,12150.0,7220.0,8870.0,2270.0,6860,2855.0,6520.0,6790.0,2301.0,17750.0,4610.0,16533.0,2588,13550.0,13800.0,5728.0,42300.0,4610.0,10565.0,,,7120.0,27577,3035.0,,3405.0,6576.0,5279.0,,3580.0,4312.0,35102,2285.0,13012.0,8210.0,10778.0,9230.0,20550.0,7326.0,25400.0,4570.0,125868.0,1268.0,34300.0,5100.0,61275.0,,9840.0,6470.0,8286.0,7430.0,4825.0,16700.0,1705,6765.0,5875.0,,6230.0,5991.0,16350.0,2690,3770.0,6135.0,17964.0,,1795.0,102350.0,8270.0,10288.0,54500.0,7530.0,75100.0,9581.0,,31400.0,5170.0,7900.0,84542.0,11150.0,4735.0,,6810.0,2120.0,1270.0,6950.0,48700.0,,,5250.0,18280.0,7050.0,20317.0,15350.0,,19600.0,,15213.0,2655.0,7786.0,3724.0,28250.0,12245.0,5924.0,76004.0,4549.0,9020.0,7865.0,9050.0,4700.0,12402.0,1009.0,648.0,4160.0,10438.0,25750.0,20300.0,6490.0,20477.0,364564.0,133312.0,35850.0,8250.0,14000.0,1922.0,70903.0,15200.0,69150.0,3835.0,2041.0,6012.0,35387.0,2811.0,26843.0,5081.0,15616.0,14300.0,8760.0,818.0,,83250.0,2055.0,6500.0,15465.0,18180.0,3950.0,5430.0,251631.0,1969.0,8506.0,4738.0,11931.0,5200.0,12200.0,11253.0,8860.0,7207.0,8890.0,19050.0,19425.0,,57068.0,10320.0,9393.0,22247.0,32550.0,49984.0,10050.0,51500.0,12400.0,8853.0,26650.0,7564.0,1967.0,9773.0,12493.0,3075.0,12173.0,2168.0,2115.0,20050.0,6240.0,6234.0,7800.0,9727.0,5030.0,1779.0,4156.0,2835.0,16150.0,1990.0,22550.0,7060.0,21750.0,13400.0,9704.0,6080.0,310071.0,166888.0,,6667.0,9100.0,10250.0,10050.0,42100.0,9760.0,205750.0,20712.0,2923.0,2202.0,,,15800.0,10180.0,7830.0,,18500.0,14950.0,7020.0,1689.0,10000.0,14400.0,,,,7950.0,21600.0,10000.0,40800.0,12013.0,,,2030.0,8500.0,24900.0,36700.0,9025.0,31650.0,,9980.0,,26572.0,,2450.0,,,33600.0,,3315.0,14950.0,,5080.0,,,12500.0,2228.0,,,,,,,,,,,,,,,,8158.0,,,,,,,,,,,,,,,,,,,,,,,,,,,,,,,,,,,,,,,,,,,,,,,,,,,,,,,,,,,,,,,,,,,,,,,,,,,,,,,,,,,,1380.0,1000.0,1160.0,1326.0,80437.0,55756.0,3906.0,1016.0,11762.0,11380.0,139100.0,1738.0,2017500.0,,,4040.0,8840.0,,,
2017-04-30,9200.0,14700.0,34148.0,166500.0,14825.0,4822.0,,6320.0,8810.0,11030.0,3652.0,82700.0,138689.0,54000.0,88859.0,47238.0,18900.0,51300.0,19007.0,4060.0,25650.0,9230.0,21100.0,2010.0,36520.0,14205.0,2108.0,3249.0,2996.0,8735.0,2740.0,4480.0,27900.0,14861.0,46459.0,12200.0,13200.0,6160.0,2605.0,11685.0,68500.0,23750.0,23139.0,4360.0,2550.0,33207.0,3440.0,13300.0,26250.0,62500.0,98300.0,70346.0,4810.0,54900.0,1740.0,2300.0,4955.0,25246.0,628273,2760.0,29800.0,4000.0,298940.0,23200.0,2330.0,14700.0,230000.0,47638.0,6626.0,10615.0,2085.0,1320.0,24390.0,8120.0,16695.0,10700.0,1470.0,5137.0,4530.0,403000.0,9350.0,11709.0,4560.0,82783.0,6260.0,12900.0,7180.0,11800.0,18286.0,891000.0,13761.0,5560.0,,5150.0,8550.0,63859.0,79011.0,3920.0,2225.0,38289.0,13101.0,7490.0,1695.0,3585.0,33780.0,104000.0,7523.0,86193.0,17450.0,38500.0,11600.0,11100.0,5566.0,2485.0,15000.0,6649.0,204500.0,12055.0,6520.0,4411.0,,15500.0,18729.0,18000.0,46300.0,12700.0,4390.0,18100.0,106000.0,38550.0,13883.0,969.0,4075.0,7170.0,65645.0,5430.0,11702.0,11100.0,1610.0,18350.0,14600.0,6970.0,2958.0,1545.0,3465.0,59100.0,5388.0,4580.0,18500.0,32600.0,167715.0,144000.0,4399.0,41300.0,267500.0,33850.0,210500.0,39950.0,4409.0,13000.0,4355.0,8250.0,31750.0,7780.0,16100.0,23703.0,14428.0,7747.0,10450.0,12100.0,4245.0,38907.0,5407.0,4065.0,65200.0,164000.0,31300.0,13050.0,21000.0,134617.0,,236500.0,11800.0,14390.0,6110.0,5080.0,2850.0,6080.0,39600.0,45415.0,1410.0,69300.0,,3835.0,737000.0,8073.0,7367.0,2476.0,37200.0,42904.0,3975.0,3695,37186.0,13475.0,8263.0,14800.0,13250.0,14700.0,3935.0,19200.0,16450.0,4620.0,1245.0,4430.0,3190.0,3320.0,37350.0,3685.0,7950.0,1666.0,87900.0,,54284.0,2075.0,3130.0,21100.0,73100.0,4935.0,2120.0,2730.0,220000.0,1825.0,19950.0,7030.0,36350.0,5625.0,6060.0,2710.0,4140.0,8618.0,9410.0,49400.0,6700.0,28686.0,53100.0,2965.0,2540.0,10160.0,8997.0,3045.0,,6550.0,2058.0,2175.0,6140.0,3610.0,4060.0,99700.0,4580.0,9419.0,131500.0,12075.0,3285.0,64900.0,6316.0,3075.0,3225.0,17600.0,2625.0,5720.0,8390.0,19770.0,3155.0,,20900.0,76100.0,27613.0,18200.0,717.0,3116.0,9050.0,75700.0,222000.0,12087.0,4020.0,4445.0,10250.0,7150.0,97600.0,9216.0,2576.0,5210.0,22400.0,4585.0,5137.0,1595.0,2514.0,17600.0,5140.0,5420.0,,7230.0,23992.0,6090.0,973.0,30200.0,7520.0,5010.0,3685.0,7010.0,2770.0,10550.0,6660.0,4530.0,55423.0,2580.0,2100.0,3060.0,3638.0,10365.0,34800,7370.0,12600,8700.0,7059.0,45350.0,4695.0,4825.0,3210.0,18700.0,87900.0,38096.0,51667.0,10050.0,17250.0,2815.0,9050.0,31600.0,1612.0,4634.0,3163.0,5840.0,79700.0,4940.0,5870.0,7900.0,8893.0,41548.0,13000.0,9080.0,2460.0,58200.0,31661.0,137500.0,4910.0,13700.0,1432.0,114479.0,20286.0,7863.0,1380.0,2315.0,3423.0,6160.0,11439.0,17100.0,4750.0,7580.0,31350.0,16314.0,6925.0,4082.0,21501.0,5150.0,2030.0,100500.0,8400.0,3921.0,21865.0,6860.0,3640.0,7840.0,9060.0,5890.0,3320.0,22068.0,20750.0,6015.0,6150.0,53300.0,27350.0,1505.0,3115.0,4349.0,4005.0,16511.0,2225.0,4775.0,2897.0,2100.0,1505.0,3195.0,14123.0,57729.0,,1545.0,5360.0,71100.0,3200.0,28711.0,2010.0,9180.0,2335.0,2990.0,9257.0,6040.0,1935.0,26000.0,3120.0,6400.0,34250.0,56411.0,1515.0,7982.0,2915.0,12200.0,31470.0,203500.0,52500.0,18450.0,54493.0,28139.0,6590.0,20560,5810.0,5020.0,2170.0,29100.0,3435.0,11781.0,15902.0,3090.0,2545.0,6832.0,3534.0,7006.0,2410.0,14450.0,5287.0,725.0,5960.0,1285.0,5620.0,3170.0,2375.0,8690.0,6800.0,5590.0,3145.0,16500.0,5680.0,20550.0,6580.0,1370.0,6950.0,9380.0,23425.0,1695.0,101500.0,4755.0,23000.0,17788.0,25100.0,27174.0,19200.0,242500.0,13758.0,22575.0,44050.0,9980.0,26850.0,8690.0,3993.0,160227.0,6905.0,7490.0,11450.0,6130.0,11895.0,18144.0,191100.0,6305.0,7050.0,5970.0,7350.0,2940.0,36600.0,6200.0,,1995.0,38040.0,12340.0,176400,68.0,15262.0,8850.0,360000.0,12650.0,1605.0,5440.0,4728.0,26382.0,7740.0,,4300.0,2405.0,6450.0,7880.0,8050.0,8880.0,9430.0,51300.0,1995.0,4405.0,6950.0,8500.0,4895.0,3780.0,6292.0,5145.0,8470.0,6430.0,8460.0,3745.0,84800.0,5918.0,7740.0,2080.0,10600.0,2760.0,12227.0,4353.0,23436,5020.0,780.0,9980.0,35200.0,10250.0,2550.0,25785.0,7570.0,7790.0,16150.0,2560.0,7930,9940.0,25850.0,9610.0,11324.0,6770.0,26700.0,10500.0,,207476.0,1960.0,5090.0,15550.0,15758.0,17050.0,4580.0,19900.0,3740.0,23070.0,29200.0,6460.0,1180.0,4426.0,3580.0,13600.0,2570.0,6310.0,7266.0,22750.0,14800.0,810.0,5124.0,8450.0,169125.0,23100.0,2140.0,35100.0,5010.0,4827.0,11750.0,2937.0,3005.0,2490.0,8770.0,6660.0,1895,6087.0,4350,3320.0,2905.0,3853.0,18800.0,5230.0,3059.0,7290.0,24000.0,5280.0,1434.0,3165.0,63800.0,23895.0,4727.0,447700,1837.0,9900.0,4370.0,2065.0,7130.0,2834.0,2920.0,7440.0,29090.0,21175.0,7807.0,10400.0,4200.0,4058.0,2950.0,6600.0,12550.0,36516.0,1280.0,13764.0,719,26850,2770.0,2702.0,2408.0,10450.0,1360.0,27378.0,1987.0,4060.0,34400.0,55860.0,866000.0,62455,3800.0,9250.0,2435.0,14800.0,3293.0,4030.0,25200.0,14415.0,19550.0,3645.0,1380.0,12600.0,1925.0,2861.0,26800,6490.0,16200.0,2118.0,4762.0,5480.0,6620.0,22156.0,2429,14279.0,11450.0,6180,10300.0,,72500.0,,8486.0,5260.0,2910.0,137820.0,14000.0,10089.0,15450.0,15450.0,12073.0,14800.0,3725.0,14500.0,9175.0,,3425,3975.0,5480.0,6590.0,4015.0,32380.0,2515.0,14628.0,16266.0,2218,117.0,10850.0,19184,3105.0,8529.0,31015,5680.0,137000.0,6690.0,3300.0,2560.0,3560.0,3175.0,11200.0,3449.0,4060.0,6120.0,6779.0,18123.0,6961.0,17400,4305.0,3440.0,9890.0,12650.0,,33267.0,2370.0,74900.0,21595.0,9060.0,1665.0,8850.0,12645.0,18265.0,9050.0,4902.0,20950.0,8320.0,,30524.0,4916.0,35050.0,19800.0,2690.0,24794.0,7280.0,67543.0,5442.0,6702.0,,3205.0,,2386.0,4280.0,3197.0,12750.0,1500.0,9530.0,120000.0,19700.0,4220.0,11950.0,3592.0,4650.0,3585.0,10358,5420.0,8250.0,,5132.0,5176.0,69100.0,15150.0,4085.0,5930.0,5339.0,2725.0,20650.0,23750.0,5807.0,3622.0,146820.0,4990.0,3420.0,5210.0,5200.0,4808.0,2370.0,,67114.0,10400.0,11500,15116.0,,3845.0,1806.0,20250.0,5830.0,23200.0,8950.0,9466.0,12732.0,90200.0,20674.0,9180.0,108000.0,8920.0,2280.0,7209.0,9090.0,2924.0,8340.0,5167.0,162819.0,15509.0,5690.0,6810.0,4725.0,10817.0,4770.0,6690.0,11150.0,11800.0,2430.0,44979.0,783.0,,2565.0,10100.0,3505.0,2280.0,3160.0,17363.0,2955.0,4410.0,3475.0,9440.0,12050.0,6700.0,5410.0,26794.0,28102.0,8346.0,4755.0,68369,10480.0,59300.0,54188.0,6720.0,12845.0,28450.0,80700.0,4210.0,11700.0,8809.0,6220.0,15708.0,13700.0,7110.0,7570.0,4740,7008.0,26347.0,7719.0,4660.0,9150.0,2148.0,7635.0,1885.0,5350.0,9200.0,,2076.0,6557.0,7200.0,7011.0,12542.0,4865.0,4830.0,4665.0,4670.0,4830.0,3638.0,3543.0,14300.0,4208.0,4845.0,4860.0,4880.0,4850.0,5000.0,4985.0,7573.0,6240.0,6768.0,26358.0,28623.0,9730.0,11800.0,,8030.0,49526.0,17060.0,14500,11816.0,2487.0,5210.0,6220.0,5380.0,,,2900.0,2160.0,10800.0,13573.0,1834.0,6120.0,,37.0,395563.0,5767.0,5480.0,424.0,13650.0,24720.0,,19001.0,6000.0,10775.0,4650.0,6890.0,6177.0,41351.0,3415.0,14590.0,6014,24778.0,3525.0,5471.0,1625.0,,12050.0,1563.0,,17700.0,292000.0,11000.0,24850.0,6125.0,5630.0,3275,3350.0,308.0,203.0,136.0,139.0,4305.0,3953.0,10900.0,,,10613.0,13400.0,8893.0,4810.0,62500.0,3735.0,4560.0,5033.0,,13902.0,,24950.0,6683.0,3950.0,14100.0,7070.0,3765.0,4380.0,11850.0,3892.0,1115.0,16250.0,3886.0,4636.0,4920.0,8140.0,11150.0,5173.0,3340.0,3353.0,937.0,26050.0,29997.0,351.0,18250.0,17916.0,14550.0,6782,219638.0,6593.0,168255.0,37796.0,14967.0,10150.0,7744.0,341000.0,6010.0,2584.0,14762.0,1370.0,20205.0,1610.0,1640.0,,7842.0,13650.0,65900.0,6640.0,14750.0,3161.0,6490.0,2860,49103.0,3245.0,6733.0,6321.0,759.0,6250.0,20100.0,5833.0,8132.0,20833.0,19950.0,5030.0,4885.0,4627.0,,,,12450.0,5080.0,1925.0,16780.0,,7500.0,31750.0,18125.0,5900.0,8872.0,65000.0,26882.0,29300.0,13900.0,,100000.0,10750.0,4853.0,7005.0,7100.0,6342.0,8708.0,2740.0,6968.0,229675.0,,32.0,,,22000.0,,,33900.0,9628.0,3260.0,9205.0,10550.0,21700.0,330658,3382.0,32880,7900.0,8673.0,109780.0,11565.0,14369,6530.0,6976.0,15805.0,5780.0,6120.0,7140.0,31900.0,6270.0,367944.0,,54200.0,3850.0,25066.0,9128.0,6220.0,4463.0,7130,75300.0,12700.0,,12900.0,46942.0,5034.0,,2707.0,11286.0,4735.0,3220.0,30200.0,13300.0,15290.0,4434.0,31650.0,1876.0,13281.0,5130.0,14800.0,6320.0,6370.0,260216.0,13050.0,3900.0,,,3275.0,3910.0,6610.0,1645.0,9250.0,4850,4105.0,973.0,3520.0,,2374.0,3135.0,6130.0,4030.0,80500.0,8850.0,12550.0,7250.0,9890.0,2455.0,6780,2485.0,5900.0,6700.0,2176.0,25500.0,4956.0,18588.0,2676,12750.0,17000.0,5931.0,41300.0,5205.0,10258.0,,,7277.0,27939,2370.0,,3095.0,6926.0,4268.0,,3360.0,4703.0,40463,1755.0,14488.0,7073.0,10600.0,9140.0,20950.0,8486.0,26050.0,4650.0,158912.0,1268.0,38450.0,5150.0,57418.0,,11700.0,6880.0,9191.0,7950.0,4970.0,16750.0,1740,6647.0,6125.0,,6350.0,6646.0,9400.0,2815,3440.0,5548.0,20792.0,,1680.0,99415.0,8630.0,11329.0,58900.0,7350.0,80300.0,9217.0,7975.0,27300.0,5210.0,7930.0,84453.0,11000.0,4315.0,,6973.0,2175.0,1270.0,7740.0,47700.0,,,5750.0,19330.0,6650.0,18780.0,17000.0,,20250.0,,14988.0,2575.0,7973.0,3663.0,30700.0,11185.0,6523.0,80132.0,4387.0,9540.0,7575.0,9150.0,3965.0,12865.0,923.0,392.0,5525.0,9461.0,24675.0,20050.0,5690.0,20168.0,324363.0,139194.0,22350.0,9975.0,16700.0,2030.0,67404.0,18900.0,71850.0,3525.0,2044.0,9449.0,33714.0,2706.0,28007.0,4934.0,16175.0,13700.0,8810.0,1094.0,,116760.0,2055.0,6600.0,14570.0,19300.0,3632.0,5620.0,254539.0,2121.0,8831.0,4999.0,12334.0,3415.0,11900.0,10643.0,9010.0,5138.0,9270.0,18900.0,19300.0,,60333.0,11472.0,9687.0,24084.0,35750.0,54605.0,10725.0,52600.0,12375.0,8473.0,25200.0,7275.0,1943.0,11388.0,14831.0,3528.0,12053.0,2147.0,1780.0,20450.0,6586.0,6601.0,4780.0,9727.0,5660.0,2357.0,4363.0,2650.0,19600.0,1970.0,22500.0,7250.0,22500.0,14500.0,10132.0,6255.0,295309.0,188440.0,,6904.0,7030.0,10120.0,10600.0,45500.0,9760.0,100625.0,20768.0,2980.0,2208.0,,,15850.0,10130.0,7230.0,,19600.0,15000.0,6660.0,1458.0,11400.0,13900.0,,,,9050.0,22400.0,11000.0,45750.0,11517.0,,,1989.0,8500.0,25900.0,39150.0,8850.0,32950.0,,12750.0,,27560.0,,2475.0,,,37000.0,,3015.0,15065.0,,5365.0,,,13900.0,2191.0,,,9540.0,,,,,,,,,,,,,7958.0,,,18550.0,52100.0,,,,,,,,,,,,,,,,,,,,,,,,,,,,,,,,,,,,,,,,,,,,,,,,,,,,,,,,,,,,,,,,,,,,,,,,,,,,,,,,1445.0,1000.0,1150.0,1244.0,75260.0,48482.0,3580.0,899.0,12083.0,11245.0,150855.0,1646.0,1932500.0,,,4375.0,7500.0,,,
2017-05-31,8990.0,16350.0,36798.0,192500.0,15525.0,5891.0,,6660.0,9060.0,11374.0,3683.0,86300.0,149067.0,57000.0,98942.0,47384.0,19050.0,53200.0,19358.0,4130.0,24700.0,10000.0,20000.0,2050.0,43725.0,15428.0,2374.0,3739.0,3243.0,7683.0,2840.0,4445.0,28450.0,12054.0,58870.0,12250.0,14500.0,6240.0,2445.0,10735.0,78100.0,27950.0,21492.0,4840.0,2640.0,39200.0,3515.0,15350.0,27400.0,70800.0,106500.0,73663.0,5060.0,54200.0,1670.0,3020.0,5380.0,26716.0,668396,3160.0,30150.0,3970.0,357762.0,25300.0,2520.0,16600.0,430000.0,47500.0,6534.0,11180.0,1945.0,1210.0,27800.0,8550.0,17410.0,10950.0,1090.0,6297.0,4540.0,424000.0,10750.0,12861.0,4710.0,81334.0,6790.0,14150.0,4595.0,11900.0,18078.0,1100000.0,15172.0,6180.0,,5600.0,12500.0,76518.0,83513.0,5190.0,2290.0,36767.0,13328.0,7780.0,1515.0,3600.0,34480.0,125000.0,7945.0,81919.0,24450.0,42400.0,11650.0,11000.0,5696.0,2430.0,18150.0,6984.0,243500.0,13932.0,6550.0,4591.0,,15450.0,20230.0,19900.0,47600.0,12950.0,4375.0,18900.0,118500.0,39850.0,14699.0,969.0,3095.0,7210.0,76587.0,5380.0,14994.0,10450.0,1488.0,19950.0,14850.0,8200.0,2885.0,2168.0,4037.0,65000.0,6032.0,4880.0,18650.0,35500.0,180616.0,163000.0,4696.0,41600.0,282000.0,34900.0,223000.0,50200.0,4673.0,14100.0,4160.0,8660.0,28900.0,9670.0,17400.0,24134.0,16540.0,7407.0,11400.0,13700.0,4090.0,44280.0,5547.0,4285.0,73500.0,180000.0,30700.0,13250.0,20950.0,162029.0,,270000.0,13250.0,14655.0,6000.0,5400.0,3115.0,7110.0,34100.0,47981.0,1555.0,76600.0,,4180.0,851000.0,8819.0,7608.0,2246.0,40450.0,47939.0,3880.0,3350,41059.0,15000.0,8689.0,15500.0,15800.0,18150.0,4005.0,19200.0,17800.0,4815.0,1320.0,4470.0,3370.0,3470.0,35100.0,3340.0,11871.0,1669.0,92700.0,,66179.0,2354.0,3335.0,21450.0,82500.0,4760.0,2167.0,2750.0,220000.0,2515.0,21100.0,7330.0,38900.0,5925.0,6710.0,2715.0,4280.0,9075.0,9460.0,48150.0,6300.0,33990.0,57300.0,3050.0,2600.0,10960.0,10246.0,4310.0,,5960.0,1982.0,2295.0,5800.0,3840.0,3680.0,103500.0,5160.0,9494.0,134000.0,12725.0,3609.0,69000.0,6226.0,3005.0,3100.0,15600.0,3090.0,5100.0,9650.0,18095.0,4150.0,,21900.0,78200.0,27613.0,20600.0,706.0,3082.0,9150.0,54100.0,274500.0,12497.0,4071.0,4435.0,10500.0,7650.0,104500.0,9514.0,2712.0,4090.0,23950.0,4790.0,4931.0,1420.0,2137.0,18700.0,4910.0,5590.0,,6860.0,24577.0,7110.0,990.0,40166.0,7890.0,4825.0,3640.0,6950.0,2890.0,10850.0,7320.0,4890.0,57792.0,2705.0,1725.0,2330.0,4066.0,8659.0,36000,7710.0,10800,9380.0,7850.0,42700.0,5250.0,4920.0,3180.0,18800.0,81700.0,40622.0,49833.0,9600.0,17450.0,2920.0,9520.0,31100.0,1746.0,4780.0,3082.0,7030.0,84100.0,4785.0,5610.0,7200.0,8893.0,41615.0,14300.0,8760.0,2420.0,63300.0,33322.0,163000.0,4500.0,14600.0,1470.0,116428.0,11570.0,9620.0,1445.0,2380.0,3511.0,5740.0,11664.0,16500.0,5030.0,6250.0,35500.0,21881.0,6975.0,4057.0,24341.0,5400.0,1950.0,100500.0,9400.0,3885.0,21865.0,7260.0,3800.0,8190.0,9290.0,6320.0,3320.0,21266.0,21450.0,6292.0,6280.0,53800.0,30400.0,1515.0,3065.0,4477.0,4450.0,19338.0,2200.0,4175.0,3160.0,2345.0,1585.0,3180.0,14284.0,60842.0,,1723.0,5310.0,72400.0,3485.0,27341.0,2360.0,11100.0,2395.0,3070.0,9713.0,7290.0,1975.0,22600.0,3085.0,6350.0,36450.0,71866.0,1595.0,8294.0,3530.0,12600.0,30220.0,221300.0,54700.0,19200.0,44398.0,27552.0,8000.0,36488,5980.0,4155.0,2360.0,30200.0,3240.0,15341.0,18093.0,2950.0,2440.0,7755.0,3394.0,7633.0,2280.0,16200.0,6726.0,661.0,5710.0,1310.0,6220.0,3040.0,2360.0,9700.0,7025.0,5270.0,2943.0,16950.0,5515.0,19500.0,6980.0,1370.0,6890.0,9510.0,23860.0,1610.0,111000.0,4675.0,25350.0,17443.0,27900.0,30132.0,17550.0,273500.0,13414.0,25000.0,46550.0,10100.0,30550.0,9220.0,4345.0,169240.0,9607.0,7370.0,11950.0,6660.0,11981.0,19830.0,191700.0,6804.0,7650.0,8300.0,7480.0,2860.0,36150.0,6220.0,,1835.0,38560.0,12060.0,196400,28.0,16817.0,9120.0,378500.0,13650.0,1439.0,5360.0,4875.0,31610.0,8270.0,,4482.0,2240.0,6260.0,7900.0,8600.0,9140.0,9530.0,51600.0,2205.0,5030.0,6370.0,8500.0,5130.0,3800.0,6632.0,5260.0,9710.0,5940.0,9350.0,3680.0,88800.0,7279.0,6450.0,2070.0,10600.0,2855.0,13487.0,4563.0,29255,4335.0,780.0,10000.0,36350.0,8990.0,2515.0,30250.0,7450.0,7940.0,15500.0,2055.0,7890,11050.0,28450.0,9400.0,10903.0,7230.0,29900.0,12200.0,,220293.0,2055.0,5210.0,16300.0,16008.0,18250.0,4635.0,19900.0,3925.0,22606.0,29800.0,7030.0,1275.0,4246.0,3845.0,14050.0,2550.0,5800.0,7649.0,20425.0,21490.0,782.0,5163.0,8950.0,161975.0,24992.0,1995.0,33400.0,5090.0,4560.0,12350.0,3220.0,2780.0,2415.0,8590.0,7190.0,1875,5748.0,4855,3395.0,2600.0,4116.0,19050.0,5180.0,2547.0,7550.0,24150.0,4870.0,1311.0,3300.0,63600.0,26175.0,5851.0,443460,1997.0,10500.0,5310.0,2260.0,7230.0,2733.0,2950.0,8170.0,32680.0,21200.0,14990.0,9860.0,4420.0,4463.0,2975.0,5900.0,12750.0,55561.0,1185.0,14695.0,719,28200,2600.0,2718.0,2243.0,9660.0,1360.0,33196.0,2120.0,4120.0,42800.0,61200.0,983000.0,48515,3880.0,9500.0,2050.0,13350.0,3365.0,3865.0,23650.0,17274.0,16850.0,3205.0,1415.0,14650.0,1895.0,2717.0,23800,6710.0,16400.0,2152.0,4983.0,5830.0,6590.0,21842.0,2340,15500.0,12050.0,6180,10850.0,,56500.0,,8926.0,5570.0,2680.0,138120.0,16500.0,9380.0,12800.0,15600.0,13325.0,14000.0,3570.0,15400.0,9400.0,,3165,4175.0,5360.0,6370.0,4030.0,27070.0,2627.0,17555.0,16503.0,2318,70.0,10300.0,21574,3290.0,8599.0,30884,6110.0,149500.0,7420.0,3400.0,2530.0,3555.0,3340.0,10100.0,4071.0,4170.0,6500.0,6880.0,21852.0,7996.0,18750,4555.0,3465.0,10620.0,12050.0,,32016.0,2320.0,58700.0,22024.0,8480.0,1575.0,8190.0,13435.0,36594.0,9780.0,5200.0,21900.0,7700.0,,29847.0,5350.0,37750.0,19625.0,2805.0,25565.0,7290.0,70318.0,4572.0,6325.0,,3490.0,,2553.0,3595.0,2967.0,13850.0,1515.0,9920.0,130500.0,21600.0,4250.0,12100.0,3262.0,6210.0,3410.0,14714,5620.0,8300.0,,5346.0,5176.0,82500.0,17200.0,4090.0,5980.0,4275.0,2690.0,25200.0,21800.0,6278.0,3560.0,149100.0,4630.0,3400.0,5220.0,5920.0,5353.0,2456.0,,71609.0,10350.0,11550,15002.0,,3880.0,1798.0,20100.0,5999.0,25450.0,9670.0,9432.0,12577.0,96900.0,23436.0,6570.0,116000.0,12800.0,2670.0,7442.0,8950.0,3152.0,8100.0,5086.0,81797.0,16522.0,5780.0,8290.0,4755.0,10884.0,5273.0,6600.0,9360.0,11600.0,2515.0,39119.0,736.0,,2295.0,11650.0,3483.0,2375.0,3370.0,16475.0,3005.0,4600.0,3760.0,18350.0,12100.0,6470.0,4935.0,30521.0,25508.0,7663.0,5780.0,58439,10881.0,72900.0,53554.0,7230.0,11336.0,27900.0,82000.0,5430.0,12400.0,7820.0,6520.0,16273.0,13700.0,6930.0,7960.0,5080,7513.0,29882.0,7719.0,4895.0,8840.0,2188.0,8687.0,2005.0,4980.0,11850.0,,2183.0,6438.0,7850.0,7011.0,13758.0,5020.0,5010.0,4925.0,4915.0,5020.0,3700.0,3959.0,12950.0,4561.0,5020.0,5000.0,5060.0,5040.0,5040.0,5010.0,7623.0,6840.0,7135.0,28918.0,29141.0,10900.0,12400.0,,8420.0,54145.0,14750.0,13200,11631.0,2703.0,5140.0,5900.0,5580.0,,,2800.0,2205.0,12400.0,13674.0,2101.0,5260.0,,17.0,412802.0,5567.0,6130.0,482.0,13000.0,26895.0,,28300.0,5960.0,12765.0,5190.0,7090.0,6152.0,40190.0,3330.0,21050.0,5343,27991.0,3325.0,5293.0,1580.0,,13000.0,1550.0,,21350.0,343000.0,12500.0,23300.0,6950.0,6210.0,3135,3810.0,,,,,4815.0,4197.0,10350.0,,,9249.0,13300.0,9153.0,5205.0,66100.0,3685.0,4565.0,6667.0,,15669.0,,29900.0,6471.0,3906.0,14100.0,8330.0,3870.0,3755.0,11500.0,3726.0,1345.0,18400.0,3824.0,4729.0,5040.0,8020.0,9870.0,5204.0,3420.0,3568.0,937.0,28400.0,32612.0,385.0,17350.0,19525.0,14425.0,5826,219638.0,8271.0,166287.0,47469.0,14867.0,9731.0,9389.0,381500.0,5670.0,2618.0,14287.0,1600.0,22876.0,1586.0,1410.0,,6564.0,13100.0,58200.0,6840.0,15800.0,3272.0,6146.0,3070,62883.0,3490.0,6405.0,6129.0,941.0,6390.0,21300.0,5524.0,7122.0,21701.0,19300.0,7210.0,5300.0,4528.0,,,,11850.0,4915.0,2355.0,16661.0,,7640.0,39900.0,18125.0,5700.0,8672.0,101000.0,26980.0,31400.0,13700.0,,114000.0,12350.0,4705.0,7925.0,6830.0,6954.0,8488.0,2493.0,6938.0,218415.0,,,,,21750.0,,,36800.0,8200.0,4395.0,11151.0,10910.0,22200.0,286348,3678.0,32173,7955.0,9248.0,105170.0,14115.0,14420,6500.0,7124.0,16400.0,5440.0,7070.0,6700.0,34300.0,6360.0,367944.0,,27940.0,4030.0,23817.0,9348.0,5870.0,4412.0,8910,78300.0,12950.0,,13700.0,41736.0,4699.0,,3080.0,13331.0,5050.0,2215.0,34600.0,13350.0,15433.0,4086.0,30250.0,2930.0,14222.0,4895.0,21500.0,6220.0,6054.0,248864.0,13200.0,3890.0,,,3348.0,3990.0,5801.0,1625.0,10500.0,5100,3900.0,901.0,3495.0,,3186.0,3260.0,6610.0,4190.0,78600.0,9400.0,11900.0,6430.0,12200.0,2740.0,7490,2475.0,5400.0,6730.0,2665.0,25350.0,5302.0,19456.0,2813,12200.0,16150.0,6185.0,38200.0,4949.0,10173.0,,,7495.0,26993,2255.0,,3500.0,7227.0,4310.0,,3275.0,4688.0,38388,1930.0,17091.0,6881.0,10564.0,8700.0,20750.0,7046.0,25300.0,5350.0,159424.0,1282.0,38800.0,4900.0,53993.0,,10250.0,7070.0,8831.0,8530.0,4775.0,19300.0,1790,5957.0,6300.0,,6370.0,8181.0,6900.0,2840,3190.0,5094.0,19495.0,,1495.0,114665.0,9150.0,13255.0,60900.0,7450.0,85400.0,9217.0,8850.0,28500.0,5280.0,7210.0,93186.0,9840.0,3920.0,,6423.0,2275.0,1270.0,8310.0,45950.0,,,4875.0,18640.0,6290.0,16666.0,19800.0,,23350.0,,15509.0,2390.0,8337.0,4173.0,32800.0,11050.0,6933.0,84947.0,5155.0,10000.0,7201.0,9750.0,3941.0,13003.0,891.0,931.0,4780.0,8697.0,28200.0,19100.0,6130.0,23336.0,295204.0,125470.0,20575.0,10075.0,14700.0,1975.0,64089.0,20050.0,68250.0,3550.0,2522.0,9469.0,26911.0,2787.0,29304.0,5494.0,16627.0,15900.0,8230.0,1040.0,,110460.0,2020.0,5970.0,14700.0,19300.0,4153.0,5665.0,319994.0,2513.0,7705.0,5347.0,11026.0,2890.0,14100.0,11684.0,8830.0,5418.0,9440.0,19500.0,20350.0,,62890.0,11616.0,10641.0,22524.0,40400.0,48620.0,9400.0,58200.0,12335.0,7903.0,31000.0,8013.0,1953.0,12115.0,13398.0,3285.0,16371.0,2163.0,1655.0,20400.0,6879.0,6943.0,4340.0,10070.0,5900.0,2282.0,4878.0,2650.0,26800.0,1980.0,20350.0,8020.0,21400.0,13600.0,10370.0,6255.0,196696.0,190098.0,4260.0,7079.0,6680.0,10095.0,11950.0,47650.0,9735.0,102250.0,20712.0,2581.0,2197.0,,,16400.0,10130.0,7410.0,,18500.0,13500.0,6460.0,1431.0,11050.0,16350.0,,,,9150.0,24750.0,10900.0,48950.0,10627.0,,,1989.0,8500.0,29300.0,37300.0,8775.0,37250.0,,13100.0,,30680.0,,2750.0,,,40650.0,,2745.0,15065.0,,5365.0,,,13000.0,2185.0,,,9520.0,,,,,,,,,,,,,7290.0,,,19050.0,55100.0,,58745.0,,,70500.0,,,,,,,,,,,,,,,,,,,,,,,,,,,,,,,,,,,,,,,,,,,,,,,,,,,,,,,,,,,,,,,,,,,,,,,,,,,1645.0,1000.0,1185.0,1293.0,73159.0,52213.0,3645.0,899.0,11381.0,11420.0,150605.0,1667.0,2072500.0,,,4520.0,8190.0,,,
2017-06-30,8470.0,15600.0,36210.0,180500.0,15525.0,6203.0,,6660.0,8970.0,11741.0,3762.0,82000.0,127839.0,67400.0,110062.0,44805.0,19050.0,55900.0,19708.0,4095.0,25300.0,10450.0,22500.0,2020.0,39680.0,13828.0,2782.0,3477.0,3193.0,9116.0,2850.0,4255.0,30550.0,12054.0,27204.0,11750.0,13050.0,6200.0,2410.0,10440.0,76500.0,26450.0,21003.0,4440.0,2720.0,39200.0,3510.0,19800.0,31000.0,82000.0,114000.0,73821.0,5040.0,52100.0,1805.0,2865.0,5740.0,25714.0,622401,3260.0,29850.0,4090.0,383223.0,25800.0,2440.0,15450.0,302000.0,47500.0,5970.0,10785.0,1970.0,1125.0,22500.0,8570.0,17500.0,10600.0,988.0,5682.0,4215.0,402000.0,12000.0,11990.0,4830.0,82868.0,6810.0,13100.0,4260.0,11950.0,16361.0,1077000.0,13526.0,5610.0,19050.0,5480.0,11350.0,73023.0,88691.0,4750.0,2235.0,34735.0,13964.0,7550.0,1530.0,3665.0,35800.0,111000.0,7568.0,76053.0,29150.0,39350.0,11350.0,11050.0,5592.0,2500.0,18850.0,6911.0,229500.0,13240.0,6410.0,4445.0,,15450.0,23559.0,21900.0,50600.0,13550.0,4365.0,19250.0,123500.0,38850.0,15425.0,60.0,2690.0,7100.0,76359.0,4950.0,19832.0,10250.0,1529.0,20050.0,15050.0,7290.0,2894.0,1621.0,5512.0,62700.0,5136.0,4695.0,19000.0,31800.0,171415.0,159500.0,8903.0,43450.0,287000.0,33000.0,181500.0,59900.0,4361.0,13850.0,4220.0,9080.0,24250.0,8500.0,16950.0,24374.0,17217.0,7113.0,10750.0,14250.0,3950.0,45454.0,5580.0,4165.0,72900.0,174500.0,30450.0,12950.0,18100.0,167904.0,,253000.0,14600.0,14135.0,5800.0,5320.0,2690.0,6030.0,32250.0,44133.0,1445.0,80400.0,,3950.0,790000.0,8819.0,7172.0,2548.0,37350.0,45590.0,3530.0,3030,40672.0,13800.0,13764.0,15100.0,17000.0,16900.0,4315.0,19050.0,16850.0,4690.0,1345.0,4520.0,3370.0,3360.0,35400.0,2810.0,10658.0,1660.0,87700.0,,75481.0,2421.0,3145.0,21450.0,102000.0,4730.0,2150.0,2825.0,184000.0,2385.0,19600.0,6650.0,41800.0,5775.0,7620.0,2625.0,4870.0,8772.0,10700.0,47100.0,6375.0,34447.0,59900.0,3150.0,2710.0,11160.0,10371.0,4305.0,,5680.0,1858.0,2395.0,6420.0,3820.0,3790.0,94800.0,4970.0,9519.0,165000.0,10900.0,3412.0,69800.0,6265.0,2780.0,2990.0,15800.0,2790.0,5130.0,13300.0,19520.0,3965.0,,20200.0,73500.0,27613.0,22100.0,750.0,3071.0,9000.0,54900.0,250000.0,13201.0,4086.0,4420.0,10650.0,7800.0,97000.0,9448.0,2648.0,4050.0,25150.0,5020.0,4766.0,1205.0,2106.0,18450.0,4925.0,5390.0,,6400.0,22529.0,6690.0,973.0,38605.0,7800.0,4650.0,3625.0,7310.0,2830.0,10700.0,7120.0,4820.0,55769.0,2315.0,1800.0,2070.0,4171.0,7914.0,39200,7720.0,9870,8860.0,7345.0,40800.0,5500.0,5310.0,3070.0,16550.0,87400.0,37570.0,43000.0,10400.0,18100.0,2980.0,9260.0,32350.0,1709.0,5944.0,3330.0,7100.0,84100.0,4530.0,5490.0,7600.0,7973.0,40881.0,13500.0,8590.0,2340.0,64800.0,33020.0,184500.0,4330.0,13950.0,1537.0,125684.0,9992.0,9574.0,1425.0,2125.0,3441.0,5630.0,11544.0,16320.0,4610.0,6000.0,32700.0,30933.0,6700.0,3972.0,29257.0,5400.0,1970.0,104000.0,9520.0,3728.0,21693.0,7420.0,3795.0,8190.0,10150.0,6020.0,3320.0,20720.0,21950.0,5989.0,6510.0,54400.0,34450.0,1880.0,3020.0,4565.0,4340.0,16061.0,2138.0,3880.0,3013.0,2565.0,1490.0,3105.0,11921.0,61030.0,,1600.0,5240.0,71400.0,3405.0,26951.0,2415.0,10800.0,2500.0,3025.0,9984.0,6390.0,1960.0,20200.0,3075.0,6160.0,34850.0,52032.0,1480.0,7740.0,2855.0,11900.0,29269.0,231400.0,56400.0,18400.0,38862.0,24613.0,8350.0,43052,5800.0,3600.0,2235.0,33750.0,3845.0,16739.0,16091.0,2885.0,2460.0,7393.0,3634.0,7352.0,2255.0,15600.0,6546.0,571.0,5120.0,1265.0,5880.0,2680.0,2300.0,10050.0,7400.0,5380.0,3015.0,21550.0,5815.0,20250.0,6760.0,1370.0,6590.0,9110.0,23450.0,1710.0,117000.0,4150.0,23750.0,16028.0,27050.0,34291.0,17500.0,278000.0,13070.0,23175.0,48800.0,10350.0,30250.0,9210.0,4825.0,167838.0,8181.0,7780.0,12050.0,5900.0,10356.0,20372.0,191500.0,6714.0,8950.0,11850.0,8890.0,2900.0,35950.0,7970.0,,1875.0,37090.0,11440.0,198000,,17449.0,9030.0,379500.0,13300.0,1387.0,5250.0,5012.0,35687.0,9010.0,,4384.0,2125.0,7420.0,7970.0,10100.0,8890.0,9120.0,49800.0,2145.0,4680.0,6800.0,8625.0,5310.0,3900.0,7771.0,5145.0,12450.0,6450.0,9410.0,3530.0,90300.0,7801.0,6360.0,2100.0,9770.0,2980.0,14933.0,4526.0,28092,4360.0,780.0,10050.0,33000.0,8630.0,2500.0,28620.0,7390.0,7750.0,14100.0,1990.0,7370,12400.0,26300.0,9460.0,10257.0,7130.0,27250.0,11900.0,,210280.0,2190.0,5440.0,16050.0,16308.0,17450.0,5090.0,19900.0,4205.0,22258.0,27950.0,6800.0,1375.0,3925.0,3700.0,14600.0,5020.0,5340.0,8100.0,20150.0,16340.0,734.0,4495.0,9280.0,155300.0,23672.0,1955.0,29450.0,5020.0,4404.0,12700.0,3162.0,3165.0,2390.0,8120.0,8620.0,1945,5884.0,4600,4245.0,3170.0,3703.0,21650.0,4405.0,3079.0,7580.0,22300.0,5080.0,1156.0,3095.0,57000.0,23535.0,5888.0,444310,3529.0,10250.0,5730.0,2540.0,6500.0,2733.0,2470.0,7490.0,31470.0,16100.0,10406.0,10050.0,4190.0,4767.0,3030.0,7150.0,12700.0,68577.0,1025.0,15086.0,719,28600,3215.0,2706.0,2218.0,9590.0,1360.0,38524.0,2112.0,4065.0,41550.0,55415.0,994000.0,39385,3680.0,8950.0,1795.0,13250.0,3144.0,3710.0,19650.0,16708.0,14900.0,3455.0,1315.0,11700.0,1960.0,2532.0,25100,6650.0,16350.0,2005.0,4976.0,5640.0,5930.0,22846.0,1971,15265.0,12050.0,6180,11450.0,,50200.0,,8402.0,5640.0,2525.0,156630.0,23850.0,10247.0,11800.0,14150.0,10870.0,13500.0,3355.0,14850.0,9525.0,,3350,4140.0,5940.0,6280.0,3645.0,31505.0,2594.0,18211.0,13537.0,2330,,10550.0,20775,3995.0,9611.0,30230,7000.0,154500.0,7590.0,3147.0,2530.0,3545.0,3560.0,9220.0,4122.0,4010.0,6970.0,7105.0,17615.0,10393.0,19590,4300.0,3505.0,10055.0,11650.0,,29565.0,2275.0,62300.0,21785.0,8100.0,1570.0,8680.0,14541.0,31051.0,9270.0,4818.0,20650.0,6810.0,,26689.0,6060.0,43400.0,18675.0,3165.0,27824.0,7330.0,56622.0,4455.0,5784.0,,3615.0,,2436.0,3805.0,2882.0,12150.0,1560.0,9850.0,124250.0,22500.0,3915.0,13600.0,3202.0,5150.0,3115.0,13654,6100.0,8550.0,,6338.0,5176.0,80200.0,16900.0,4460.0,6200.0,3894.0,2780.0,22700.0,23500.0,5838.0,3506.0,156850.0,4300.0,3390.0,5140.0,5840.0,5471.0,2206.0,,86216.0,10650.0,12600,16740.0,,3895.0,2004.0,21950.0,5965.0,26750.0,10700.0,8859.0,12165.0,85900.0,22900.0,6180.0,110500.0,12150.0,2495.0,7178.0,9070.0,3494.0,8080.0,5050.0,78696.0,14942.0,5180.0,9060.0,3620.0,10413.0,4925.0,13250.0,11600.0,11350.0,2490.0,34327.0,677.0,,2000.0,11800.0,3451.0,2355.0,3120.0,22733.0,3055.0,4590.0,3800.0,19000.0,12050.0,6230.0,5130.0,27416.0,24788.0,8040.0,6630.0,49099,10170.0,68200.0,46646.0,7820.0,11510.0,23800.0,74000.0,5070.0,12250.0,7964.0,6450.0,15648.0,13650.0,7520.0,7700.0,4790,7783.0,31650.0,5478.0,5100.0,8230.0,2493.0,8011.0,1985.0,4995.0,11950.0,,2319.0,6652.0,7975.0,7011.0,14929.0,5020.0,5010.0,5010.0,5050.0,5020.0,3692.0,4134.0,15000.0,4339.0,5020.0,5000.0,5060.0,5040.0,5040.0,5030.0,7648.0,7120.0,8935.0,30692.0,30696.0,11250.0,10900.0,,10450.0,55274.0,13600.0,11550,11493.0,2917.0,5170.0,8280.0,5320.0,,,3100.0,2330.0,13300.0,12653.0,2551.0,5470.0,,,442851.0,5004.0,6100.0,492.0,12850.0,36885.0,,28300.0,6140.0,13585.0,4420.0,6670.0,6481.0,35454.0,3035.0,16000.0,5212,29711.0,3195.0,5420.0,1810.0,,14850.0,1478.0,,22200.0,304000.0,16900.0,20700.0,5950.0,6280.0,3130,3850.0,,,,,5000.0,3822.0,10400.0,,,9362.0,13300.0,8763.0,4625.0,66500.0,3645.0,4615.0,6333.0,,16309.0,,30000.0,7293.0,3918.0,14900.0,10303.0,3890.0,3740.0,12750.0,4077.0,1480.0,16700.0,3832.0,5079.0,4815.0,7750.0,11150.0,5023.0,4210.0,3559.0,937.0,28250.0,35009.0,351.0,20100.0,18972.0,12300.0,5559,219638.0,8146.0,155956.0,50321.0,13933.0,8724.0,8429.0,361500.0,5320.0,2456.0,13762.0,1720.0,23329.0,1490.0,1320.0,,5470.0,12350.0,57500.0,6920.0,14250.0,3229.0,5872.0,2990,71276.0,4660.0,6491.0,6455.0,1101.0,6330.0,18750.0,5855.0,7060.0,21701.0,21150.0,6990.0,4970.0,4391.0,,,,10450.0,4780.0,2430.0,17077.0,,9180.0,38400.0,18125.0,5790.0,8672.0,90800.0,31886.0,35100.0,13450.0,,109500.0,10250.0,4419.0,11025.0,6990.0,9986.0,8818.0,2400.0,6876.0,206924.0,,,,,21400.0,,,34100.0,7794.0,3915.0,13072.0,13380.0,22400.0,302584,3622.0,32409,8115.0,8823.0,107010.0,14650.0,14924,6700.0,7680.0,17210.0,4985.0,7410.0,6760.0,29100.0,6450.0,367944.0,,23410.0,3865.0,22664.0,8406.0,5680.0,5198.0,10050,80500.0,12850.0,,16150.0,63043.0,4581.0,,3050.0,17179.0,4570.0,2050.0,31500.0,13600.0,15003.0,4450.0,33900.0,2920.0,12587.0,4895.0,17700.0,6120.0,5679.0,282486.0,14300.0,3895.0,,,4704.0,4395.0,6848.0,1595.0,12300.0,4690,3550.0,873.0,3300.0,,4244.0,3195.0,6610.0,4425.0,75800.0,9830.0,12050.0,6360.0,13700.0,2625.0,8000,2240.0,5900.0,6780.0,3694.0,24350.0,4468.0,17903.0,2496,12850.0,15500.0,7072.0,34700.0,5128.0,10630.0,,,8026.0,34194,2030.0,,3730.0,8378.0,3882.0,,3400.0,4516.0,43402,1780.0,17966.0,6400.0,10922.0,8280.0,20000.0,6523.0,25600.0,5830.0,190797.0,1236.0,49450.0,4725.0,53993.0,,9490.0,7960.0,8765.0,7900.0,4765.0,19000.0,1790,6430.0,6300.0,,6630.0,8962.0,6560.0,2845,4025.0,6447.0,20592.0,,1305.0,119555.0,8450.0,13759.0,63600.0,6100.0,72200.0,9307.0,11125.0,24200.0,5260.0,6790.0,83011.0,10950.0,4900.0,,6178.0,2300.0,1270.0,7810.0,43150.0,,,4570.0,21548.0,6140.0,16391.0,21900.0,,26500.0,,15236.0,2385.0,8248.0,4877.0,32450.0,10325.0,8381.0,83916.0,3624.0,9080.0,6838.0,9300.0,3255.0,12725.0,865.0,686.0,4605.0,9474.0,33950.0,18350.0,5680.0,22409.0,922034.0,112727.0,18175.0,9500.0,13350.0,1930.0,62984.0,17850.0,71550.0,3130.0,2197.0,9218.0,23232.0,3411.0,28186.0,5861.0,17184.0,15000.0,9400.0,954.0,,95820.0,2030.0,9280.0,13385.0,16450.0,4750.0,5665.0,424718.0,2347.0,7831.0,5405.0,11273.0,2280.0,17050.0,13419.0,8360.0,5765.0,10350.0,19250.0,19250.0,,62781.0,10224.0,9613.0,23329.0,39200.0,34557.0,9800.0,59200.0,12435.0,7503.0,38650.0,12853.0,2001.0,11893.0,13046.0,3091.0,15410.0,2168.0,1700.0,20150.0,6748.0,7824.0,4260.0,9874.0,9110.0,2496.0,7169.0,8820.0,24400.0,1990.0,19550.0,9470.0,20950.0,14900.0,10180.0,7857.0,151871.0,153073.0,6000.0,7217.0,7750.0,10710.0,10450.0,44400.0,9760.0,96500.0,20824.0,2648.0,2219.0,,,15300.0,10205.0,7400.0,,19900.0,13500.0,6410.0,1570.0,11600.0,17000.0,,,,8100.0,24800.0,13750.0,41550.0,11665.0,,,2010.0,8500.0,29650.0,35600.0,8825.0,35050.0,,12300.0,,30836.0,,2530.0,,,37700.0,,2260.0,15255.0,,7795.0,,,13000.0,2239.0,,,10000.0,,,10043.0,,,,,,,,,,6690.0,,2163.0,18350.0,49300.0,,62454.0,1847.0,,62300.0,,,,,,,,,,,,,,,,,,,,,,,,,,,,,,,,,,,,,,,,,,,,,,,,,,,,,,,,,,,,,,,,,,,,,,,,,,,1485.0,1000.0,1130.0,982.0,63779.0,49975.0,3403.0,899.0,11201.0,10690.0,142100.0,1487.0,1957500.0,,,5680.0,7600.0,,,
2017-07-31,8180.0,16300.0,34811.0,186500.0,14450.0,5346.0,,6440.0,8940.0,11833.0,3569.0,90100.0,121707.0,66000.0,116658.0,44076.0,18250.0,59400.0,20258.0,3900.0,21850.0,10350.0,19150.0,2580.0,39764.0,10777.0,2725.0,3103.0,2871.0,9617.0,3120.0,4290.0,34850.0,10755.0,31867.0,10400.0,12500.0,6140.0,2220.0,9405.0,66700.0,25700.0,20736.0,4305.0,2635.0,27600.0,3255.0,21500.0,30900.0,62000.0,114000.0,68194.0,4955.0,49600.0,1930.0,2770.0,6630.0,26315.0,610658,2945.0,29550.0,3980.0,383223.0,25150.0,2130.0,15200.0,304000.0,48850.0,5474.0,10340.0,1855.0,1070.0,22150.0,6950.0,16919.0,9900.0,909.0,5249.0,4080.0,412000.0,11300.0,12131.0,4030.0,82868.0,6680.0,15150.0,4580.0,12150.0,15733.0,1235000.0,14584.0,4700.0,18000.0,5680.0,9580.0,71228.0,94093.0,4995.0,2185.0,31687.0,19059.0,7230.0,1475.0,3265.0,34740.0,113500.0,6286.0,72772.0,25950.0,43250.0,10200.0,11000.0,5773.0,2285.0,18900.0,6533.0,238000.0,13280.0,6390.0,4178.0,,14850.0,28780.0,20400.0,51900.0,12850.0,4270.0,18250.0,114500.0,38700.0,14155.0,49.0,2460.0,7050.0,76359.0,4515.0,15812.0,11600.0,1470.0,20350.0,14300.0,7400.0,2767.0,1459.0,8376.0,56500.0,4448.0,4730.0,17600.0,32800.0,161515.0,145000.0,8984.0,44400.0,332000.0,33400.0,165000.0,61700.0,4041.0,13750.0,3880.0,8830.0,23350.0,8090.0,16500.0,23799.0,17736.0,8109.0,8530.0,12550.0,3780.0,42304.0,5553.0,3895.0,84200.0,184000.0,31850.0,12700.0,24800.0,164967.0,,258500.0,12700.0,12895.0,5790.0,5100.0,2595.0,5480.0,30700.0,41396.0,1340.0,76500.0,,3600.0,783000.0,8916.0,6164.0,2190.0,36250.0,41114.0,3190.0,3015,44312.0,14025.0,12515.0,14850.0,13450.0,17050.0,3935.0,19200.0,16400.0,4570.0,1225.0,4190.0,3365.0,3155.0,34800.0,2800.0,10831.0,1624.0,84900.0,,74497.0,2185.0,3090.0,21550.0,93700.0,4630.0,2052.0,2730.0,176000.0,1910.0,18300.0,6190.0,35350.0,5325.0,7300.0,2570.0,4690.0,8662.0,9900.0,45150.0,5625.0,38439.0,53800.0,3065.0,2690.0,11560.0,9329.0,4250.0,,5400.0,1730.0,2400.0,5750.0,3530.0,3545.0,116500.0,5020.0,9619.0,150000.0,10450.0,3148.0,69000.0,5197.0,2570.0,2855.0,15300.0,3050.0,4840.0,13950.0,18760.0,4380.0,,20350.0,75600.0,27613.0,22600.0,743.0,2735.0,8150.0,53200.0,246000.0,13789.0,3825.0,3980.0,10250.0,7560.0,92200.0,8487.0,2469.0,3510.0,23050.0,5000.0,4096.0,1040.0,1809.0,17900.0,4635.0,6010.0,,5800.0,17321.0,5540.0,876.0,29659.0,7540.0,4700.0,3415.0,6580.0,2705.0,9900.0,7290.0,4960.0,59064.0,2005.0,1290.0,2030.0,4598.0,8813.0,38250,7660.0,8800,8360.0,6802.0,44550.0,5770.0,5000.0,2965.0,14600.0,89600.0,36175.0,40667.0,9910.0,19750.0,2925.0,9080.0,33450.0,1782.0,5184.0,3233.0,7060.0,87200.0,4620.0,4975.0,6625.0,8548.0,35813.0,12450.0,8150.0,2500.0,61200.0,33523.0,179000.0,4080.0,13750.0,1384.0,112044.0,12261.0,9527.0,1335.0,2040.0,3458.0,5170.0,10238.0,16460.0,4845.0,5850.0,36100.0,37450.0,5800.0,4007.0,24723.0,4875.0,1715.0,99100.0,10800.0,3540.0,18988.0,6420.0,3620.0,8050.0,9610.0,6300.0,3320.0,21667.0,22250.0,6153.0,5990.0,51600.0,36350.0,2165.0,3000.0,4624.0,4170.0,14985.0,2063.0,4260.0,2681.0,2640.0,1610.0,3280.0,11277.0,67067.0,,1749.0,5110.0,70500.0,3025.0,25097.0,2320.0,9780.0,2380.0,2965.0,10397.0,6180.0,1870.0,14140.0,2975.0,5160.0,28550.0,47602.0,1435.0,7002.0,2855.0,10200.0,28318.0,235500.0,57600.0,20350.0,24207.0,21224.0,8600.0,26256,5710.0,3320.0,2245.0,31700.0,3510.0,18307.0,14920.0,2620.0,2335.0,7239.0,3454.0,7517.0,2260.0,16650.0,6260.0,533.0,5190.0,1205.0,5030.0,2105.0,2280.0,11200.0,6925.0,5450.0,3683.0,18650.0,5400.0,20150.0,6060.0,1370.0,6010.0,8550.0,22760.0,2285.0,114000.0,3665.0,22700.0,15760.0,29700.0,29254.0,16550.0,271500.0,12775.0,22375.0,53000.0,9980.0,28650.0,9760.0,4171.0,160828.0,8331.0,8240.0,12950.0,5310.0,9360.0,24086.0,199000.0,6904.0,7100.0,9680.0,8390.0,2770.0,37600.0,6960.0,,1620.0,40790.0,11219.0,184600,,16040.0,9390.0,361000.0,12200.0,1007.0,4900.0,5131.0,32857.0,9250.0,,3879.0,1885.0,6700.0,7200.0,8575.0,8290.0,8710.0,49100.0,2015.0,4440.0,5670.0,8450.0,4790.0,3860.0,8162.0,4240.0,9490.0,6150.0,9950.0,3310.0,83900.0,6990.0,6390.0,2050.0,10500.0,2870.0,16800.0,4368.0,28573,4400.0,780.0,10650.0,34950.0,8680.0,2370.0,25785.0,7410.0,7640.0,14350.0,1545.0,7140,12400.0,29600.0,9320.0,10273.0,6890.0,29300.0,9850.0,,146194.0,2065.0,5370.0,15350.0,14757.0,16600.0,5100.0,19900.0,4225.0,20143.0,31000.0,13140.0,1110.0,3915.0,3480.0,14350.0,3230.0,4850.0,7255.0,21350.0,13610.0,713.0,3514.0,9800.0,140050.0,20108.0,1910.0,24950.0,5290.0,4253.0,13050.0,3173.0,2885.0,2400.0,7210.0,7670.0,2020,5709.0,4775,3580.0,3740.0,3503.0,20800.0,4035.0,3069.0,8190.0,23500.0,4680.0,1070.0,2985.0,51700.0,21450.0,5178.0,509600,3001.0,9130.0,5000.0,2875.0,6000.0,2623.0,1730.0,7000.0,32780.0,16475.0,9256.0,9650.0,4700.0,4745.0,3365.0,7400.0,11800.0,66569.0,1040.0,13078.0,719,26050,3075.0,2539.0,2238.0,10000.0,1360.0,33782.0,2080.0,4265.0,42000.0,49180.0,991000.0,41089,3450.0,8150.0,1635.0,14000.0,3067.0,3620.0,18950.0,16113.0,14450.0,3670.0,1215.0,9500.0,1865.0,2542.0,25300,6660.0,16700.0,1905.0,4658.0,5960.0,5660.0,20021.0,1747,14702.0,11950.0,6180,11850.0,,52300.0,,7644.0,5530.0,2860.0,141570.0,21700.0,9931.0,11300.0,10900.0,10820.0,13050.0,2965.0,13100.0,8100.0,,2965,3740.0,5460.0,5930.0,3110.0,31005.0,2234.0,24528.0,13583.0,2078,,9940.0,19256,3195.0,9931.0,22945,7160.0,161000.0,7970.0,3571.0,2385.0,3245.0,4185.0,7390.0,4391.0,3395.0,8080.0,9306.0,15923.0,10635.0,17550,4002.0,3225.0,10075.0,8320.0,,27113.0,2215.0,55100.0,20260.0,8310.0,1415.0,10500.0,14700.0,30106.0,9030.0,4478.0,18750.0,6320.0,,23156.0,4670.0,49700.0,18275.0,3460.0,29257.0,6790.0,52249.0,4404.0,5554.0,,3830.0,,2169.0,3865.0,2676.0,13000.0,1550.0,9760.0,147750.0,19900.0,4320.0,12800.0,3332.0,4865.0,3160.0,8028,5270.0,7260.0,,5369.0,5176.0,67100.0,20000.0,4050.0,5610.0,3247.0,2785.0,21500.0,24050.0,5628.0,3472.0,186490.0,4375.0,3445.0,5010.0,5500.0,6512.0,2143.0,,81272.0,11050.0,10100,15077.0,,3915.0,1976.0,17300.0,6024.0,24950.0,10000.0,9500.0,10947.0,93200.0,22456.0,6220.0,111000.0,12350.0,2315.0,6843.0,9050.0,3488.0,7060.0,4356.0,72493.0,14456.0,4945.0,7450.0,3520.0,10177.0,4708.0,14000.0,11700.0,14350.0,2505.0,32778.0,786.0,,1805.0,11850.0,3106.0,2320.0,3715.0,19158.0,2780.0,4195.0,3760.0,17650.0,12000.0,6420.0,4695.0,30477.0,21665.0,7174.0,7710.0,31796,10524.0,75400.0,43921.0,7340.0,10711.0,25300.0,81900.0,4820.0,12200.0,7236.0,6120.0,16035.0,13150.0,6740.0,8150.0,4845,7215.0,28800.0,4980.0,5160.0,7680.0,2463.0,11197.0,1820.0,4550.0,11500.0,,2256.0,5773.0,5850.0,7011.0,16286.0,,,5000.0,5000.0,,3754.0,4360.0,14100.0,4091.0,,,,,,5040.0,7068.0,7500.0,9269.0,27461.0,29620.0,10950.0,11450.0,,10700.0,54844.0,10800.0,11600,11077.0,2540.0,4995.0,7790.0,4935.0,,,2390.0,2275.0,11900.0,12052.0,3745.0,5630.0,,,467526.0,5229.0,6350.0,382.0,10300.0,37185.0,,21850.0,6020.0,11810.0,4235.0,7590.0,7164.0,28581.0,2915.0,13850.0,5253,27379.0,3210.0,5724.0,1760.0,,16300.0,1361.0,,21700.0,283500.0,20750.0,19150.0,5862.0,5990.0,2875,3395.0,,,,,4770.0,3943.0,8500.0,,42247.0,7879.0,13350.0,9110.0,4490.0,67000.0,3700.0,4720.0,4867.0,,16360.0,,31350.0,6610.0,3343.0,14250.0,10742.0,3715.0,3415.0,12150.0,4667.0,1315.0,15700.0,3155.0,5060.0,5790.0,7300.0,10900.0,4519.0,4735.0,3577.0,937.0,29900.0,30833.0,316.0,16850.0,14650.0,11075.0,4655,219638.0,7563.0,173667.0,49594.0,12767.0,7934.0,7470.0,370000.0,5050.0,2236.0,13611.0,1935.0,21289.0,1446.0,1250.0,,4664.0,11600.0,49000.0,6400.0,13050.0,3079.0,6009.0,3035,98960.0,4745.0,6491.0,6622.0,783.0,6190.0,18400.0,5664.0,6599.0,20794.0,21800.0,8050.0,4900.0,4263.0,,,,10700.0,4595.0,2220.0,16482.0,,8650.0,38650.0,18125.0,5960.0,8305.0,74600.0,28452.0,35650.0,13700.0,,110000.0,9640.0,4106.0,8212.0,6600.0,7392.0,10585.0,2227.0,6675.0,239682.0,,,,,20550.0,,,32800.0,6806.0,3505.0,12716.0,12485.0,22950.0,254874,3442.0,31937,7450.0,8498.0,99630.0,11072.0,13563,6320.0,7893.0,16595.0,4615.0,8060.0,6530.0,27300.0,6230.0,367944.0,,22520.0,3795.0,22888.0,7580.0,5000.0,4868.0,11500,87200.0,12500.0,,15750.0,43534.0,4322.0,,3467.0,19605.0,4005.0,1845.0,29500.0,12750.0,13570.0,5217.0,31950.0,2100.0,10803.0,4785.0,15500.0,5810.0,5055.0,226594.0,15950.0,3775.0,,,4267.0,4180.0,5911.0,1465.0,12850.0,4930,3440.0,841.0,3000.0,,4172.0,3155.0,6080.0,3950.0,74700.0,8790.0,10900.0,5880.0,13000.0,2395.0,7880,2440.0,6130.0,6600.0,6089.0,23250.0,4052.0,16990.0,2926,12700.0,12900.0,6894.0,39000.0,4508.0,9893.0,,,7408.0,35862,1845.0,,3635.0,8812.0,3170.0,,3215.0,4328.0,37869,1585.0,16440.0,6000.0,9772.0,8100.0,18800.0,5811.0,23950.0,5470.0,198265.0,1010.0,54800.0,3890.0,42855.0,,8930.0,7760.0,8604.0,7570.0,4480.0,20950.0,1815,6420.0,5300.0,,6220.0,10774.0,6390.0,2870,3970.0,5941.0,19029.0,,1570.0,117135.0,8050.0,13633.0,62500.0,5600.0,71000.0,8980.0,12100.0,49100.0,5000.0,6500.0,74728.0,9900.0,4420.0,,6015.0,2315.0,1270.0,7060.0,41650.0,,,4695.0,22656.0,5570.0,14332.0,27250.0,,23550.0,3971.0,14600.0,2240.0,8543.0,4969.0,31400.0,10030.0,7102.0,77380.0,3412.0,9950.0,6553.0,8675.0,3401.0,11800.0,935.0,669.0,3820.0,7143.0,37100.0,17900.0,5270.0,21714.0,844847.0,101455.0,15050.0,7925.0,12600.0,1645.0,54144.0,16450.0,71250.0,2875.0,2294.0,7314.0,23417.0,2492.0,26620.0,5650.0,18056.0,13450.0,8400.0,1327.0,,86100.0,2035.0,8300.0,12010.0,15950.0,4582.0,5020.0,395628.0,2513.0,7455.0,5560.0,9720.0,2025.0,17750.0,13207.0,8750.0,5031.0,9550.0,19000.0,20350.0,,54158.0,11504.0,9320.0,25200.0,37300.0,39387.0,9425.0,50800.0,12740.0,7052.0,33000.0,15898.0,2025.0,10258.0,11965.0,3161.0,12472.0,2168.0,1580.0,20800.0,6521.0,9853.0,4260.0,9190.0,8610.0,2700.0,6676.0,4895.0,22650.0,2020.0,18100.0,9020.0,22050.0,14600.0,9895.0,7682.0,133943.0,122127.0,6500.0,7900.0,6630.0,10225.0,9610.0,39000.0,9905.0,73750.0,20824.0,2715.0,2241.0,,13040.0,14750.0,10335.0,7180.0,,18200.0,13000.0,6370.0,1593.0,15250.0,18625.0,,,,7400.0,25200.0,10850.0,39200.0,9986.0,,15353.0,2040.0,8500.0,32700.0,35400.0,7750.0,31050.0,,11150.0,,27352.0,,2422.0,,,38600.0,,2135.0,15140.0,,5630.0,,,14300.0,2217.0,,,10175.0,,,10198.0,,,,,,,,,,6690.0,,2126.0,20950.0,44050.0,,64961.0,1820.0,,61100.0,,,82100.0,51310.0,,30471.0,,,,,,,,,,,,,,,,,,,,,,,,,,,,,,,,,,,,,,,,,,,,,,,,,,,,,,,,,,,,,,,,,,,,,1350.0,1000.0,1055.0,829.0,59277.0,44939.0,2965.0,899.0,11021.0,8755.0,126590.0,1434.0,1900000.0,,,5410.0,7900.0,,,
2017-08-31,9050.0,14650.0,33265.0,169000.0,14575.0,6125.0,,6350.0,8950.0,10824.0,3512.0,83600.0,119347.0,68600.0,116375.0,39551.0,18700.0,60500.0,18882.0,3960.0,22800.0,9790.0,15950.0,3225.0,38458.0,12857.0,2402.0,3045.0,2921.0,10979.0,4090.0,4040.0,35450.0,11927.0,29988.0,11300.0,12650.0,5740.0,2255.0,9300.0,68700.0,24100.0,19223.0,4050.0,2705.0,27500.0,3145.0,25350.0,30550.0,66400.0,116500.0,67779.0,5280.0,48750.0,1880.0,2605.0,7290.0,25848.0,604786,3210.0,28600.0,3810.0,347666.0,23400.0,2280.0,14200.0,285000.0,40050.0,5920.0,10195.0,1390.0,1060.0,20950.0,7150.0,17321.0,9150.0,1005.0,5597.0,3830.0,402000.0,9230.0,11990.0,4125.0,79117.0,6140.0,14950.0,5110.0,11700.0,16278.0,1217000.0,15113.0,4800.0,17150.0,5420.0,10450.0,79352.0,88241.0,4750.0,2045.0,28031.0,30023.0,7470.0,1290.0,3180.0,35320.0,115000.0,6242.0,67304.0,25950.0,43550.0,10800.0,10600.0,5696.0,2275.0,18650.0,6607.0,193000.0,12529.0,6390.0,4207.0,,14800.0,28714.0,20850.0,53000.0,13600.0,4185.0,18300.0,107500.0,38800.0,14609.0,,2500.0,6940.0,72256.0,4100.0,15831.0,11200.0,1647.0,17200.0,14750.0,6840.0,2904.0,1531.0,12600.0,52700.0,5280.0,4295.0,16800.0,33750.0,154714.0,140500.0,10919.0,50800.0,343500.0,33650.0,158500.0,61700.0,3921.0,14000.0,3970.0,8780.0,20600.0,7510.0,16150.0,22506.0,15583.0,7928.0,8250.0,13150.0,3685.0,42242.0,5513.0,4665.0,84500.0,181500.0,28500.0,12250.0,26650.0,192380.0,,267500.0,12800.0,12340.0,5740.0,4900.0,2820.0,6080.0,30300.0,34511.0,1460.0,75400.0,,3625.0,761000.0,8203.0,6360.0,1903.0,34000.0,40499.0,3340.0,3055,41911.0,18725.0,14561.0,14600.0,17200.0,16550.0,3845.0,18900.0,17100.0,4570.0,1255.0,4210.0,2950.0,2905.0,35100.0,2865.0,10738.0,1588.0,81400.0,,80041.0,2488.0,2860.0,20850.0,101000.0,4540.0,2044.0,2605.0,170000.0,1970.0,17950.0,6340.0,35450.0,5550.0,9590.0,2665.0,4575.0,8552.0,9190.0,45000.0,5075.0,40321.0,53400.0,3400.0,2390.0,11640.0,8913.0,3950.0,,5120.0,1645.0,2270.0,5080.0,3495.0,3555.0,125500.0,4295.0,9970.0,184500.0,9525.0,3153.0,70000.0,5286.0,2520.0,2775.0,14050.0,3070.0,4780.0,14300.0,23040.0,4095.0,,22450.0,78800.0,27613.0,21000.0,733.0,2854.0,8000.0,53500.0,236000.0,15255.0,3882.0,4070.0,9940.0,7140.0,89700.0,8487.0,2257.0,3620.0,21950.0,5300.0,3731.0,984.0,1638.0,18450.0,4750.0,6500.0,,5630.0,16775.0,4800.0,851.0,27198.0,6720.0,5090.0,3405.0,6920.0,2715.0,9860.0,7090.0,4550.0,56058.0,3135.0,1270.0,2100.0,4038.0,7138.0,37750,7720.0,9440,8470.0,6173.0,42900.0,5630.0,5200.0,2930.0,14250.0,80300.0,34228.0,35333.0,9360.0,22000.0,2800.0,8750.0,34700.0,1438.0,5825.0,3529.0,7800.0,95900.0,4640.0,5290.0,6875.0,7704.0,34679.0,12600.0,8110.0,2700.0,59100.0,33523.0,167500.0,4030.0,14250.0,1346.0,109121.0,9301.0,10736.0,1300.0,1990.0,3472.0,4700.0,9187.0,16900.0,4265.0,5180.0,32900.0,40850.0,6025.0,4122.0,21406.0,5425.0,1865.0,98800.0,10050.0,3652.0,20599.0,6620.0,3545.0,7150.0,9830.0,6010.0,3320.0,20684.0,19700.0,6214.0,5280.0,49950.0,39350.0,2585.0,2775.0,4207.0,3860.0,15160.0,2908.0,4380.0,2789.0,2835.0,1910.0,2920.0,11116.0,67256.0,,2763.0,4975.0,71800.0,3070.0,25194.0,2530.0,9470.0,2405.0,2865.0,10226.0,5810.0,1975.0,13860.0,2895.0,5020.0,26850.0,46984.0,1375.0,6942.0,3720.0,10700.0,25516.0,220500.0,66500.0,19000.0,27898.0,20415.0,8280.0,28476,10600.0,3220.0,1990.0,32950.0,3935.0,20723.0,6610.0,2490.0,2205.0,7411.0,3331.0,9520.0,1950.0,13800.0,8557.0,557.0,5750.0,1230.0,5710.0,1925.0,2210.0,12050.0,7100.0,5240.0,3447.0,19000.0,5195.0,21450.0,6410.0,1370.0,5450.0,7880.0,26385.0,2105.0,114500.0,3640.0,20000.0,13771.0,26200.0,28792.0,16150.0,267500.0,12480.0,23500.0,53500.0,9910.0,24250.0,7850.0,4468.0,151214.0,8256.0,7920.0,12550.0,5200.0,8320.0,24688.0,214000.0,6654.0,8300.0,9310.0,7750.0,2610.0,43450.0,6640.0,,1510.0,36710.0,10989.0,182600,,15456.0,9370.0,384500.0,12400.0,1002.0,4710.0,4688.0,30938.0,9310.0,,3732.0,2070.0,7170.0,6790.0,8900.0,8450.0,8400.0,49200.0,1905.0,4420.0,6990.0,8350.0,5020.0,3645.0,8004.0,4385.0,9790.0,5950.0,9980.0,3265.0,72200.0,7086.0,3900.0,1984.0,9980.0,3235.0,17967.0,4413.0,20186,3960.0,780.0,9830.0,34200.0,10650.0,2360.0,28785.0,7590.0,6780.0,13050.0,1645.0,10950,12200.0,29500.0,9060.0,10903.0,7690.0,31500.0,10300.0,,134979.0,1940.0,5100.0,14700.0,14507.0,16650.0,6390.0,19900.0,3995.0,20395.0,32550.0,8790.0,1175.0,3605.0,3365.0,11450.0,3190.0,4810.0,6951.0,20600.0,16780.0,712.0,4241.0,9860.0,152450.0,17468.0,1890.0,26850.0,5500.0,4178.0,12200.0,3051.0,3420.0,2730.0,9250.0,8780.0,1840,5535.0,5910,3835.0,5500.0,3465.0,22950.0,4095.0,2820.0,7030.0,21150.0,5390.0,979.0,2815.0,46250.0,20385.0,5611.0,607110,2737.0,8260.0,6480.0,3205.0,5920.0,2353.0,1865.0,7520.0,39760.0,15125.0,9106.0,10650.0,4000.0,5380.0,3090.0,6025.0,11550.0,62637.0,1055.0,13396.0,719,27800,2870.0,2605.0,2106.0,9590.0,1360.0,48693.0,1970.0,4355.0,42700.0,44950.0,960000.0,55698,3360.0,8175.0,2190.0,13700.0,3017.0,3435.0,18100.0,20759.0,15100.0,4880.0,1180.0,9570.0,1815.0,2255.0,24400,7480.0,16100.0,1981.0,4279.0,5950.0,6000.0,19520.0,1514,15688.0,10650.0,6180,11150.0,,51800.0,,7672.0,5460.0,3350.0,166170.0,26250.0,8237.0,10700.0,11800.0,10194.0,13000.0,3185.0,12050.0,7575.0,,2745,3815.0,5160.0,6500.0,3410.0,37960.0,2337.0,38949.0,13209.0,1993,,10300.0,17868,3560.0,10091.0,20895,5940.0,170000.0,7490.0,3462.0,2400.0,3100.0,3910.0,7890.0,4071.0,3420.0,6300.0,8531.0,15130.0,14454.0,11085,4190.0,3390.0,12290.0,9840.0,,28614.0,2200.0,54000.0,19354.0,7210.0,1420.0,11550.0,14752.0,36279.0,11150.0,4362.0,18500.0,6450.0,,25186.0,4805.0,52200.0,23000.0,2975.0,28816.0,7290.0,52249.0,4273.0,5735.0,,4350.0,,2244.0,4140.0,2555.0,13500.0,1525.0,9230.0,141750.0,20500.0,4280.0,13450.0,3292.0,4370.0,3205.0,5368,5220.0,6900.0,,5392.0,5176.0,81500.0,27950.0,4215.0,5660.0,2993.0,2590.0,21050.0,22250.0,5546.0,3399.0,165060.0,4170.0,3370.0,5210.0,4840.0,6541.0,2052.0,,86216.0,10500.0,11100,14320.0,,3875.0,1968.0,18600.0,4976.0,23950.0,9720.0,8893.0,10501.0,101000.0,23168.0,5620.0,96600.0,13750.0,2460.0,6721.0,7470.0,3345.0,6650.0,4387.0,73424.0,14699.0,4750.0,7720.0,4255.0,10598.0,4677.0,13100.0,12000.0,13950.0,2680.0,32191.0,876.0,,1905.0,11700.0,3052.0,2260.0,3775.0,20366.0,3045.0,4300.0,3610.0,15400.0,11950.0,6720.0,4525.0,40325.0,20897.0,7021.0,7340.0,35197,10035.0,70600.0,41449.0,7120.0,10429.0,23550.0,83400.0,4550.0,11950.0,6265.0,5740.0,15083.0,12900.0,6150.0,8410.0,5000,7711.0,27200.0,4935.0,7390.0,7770.0,2675.0,15926.0,1935.0,4855.0,11300.0,,2291.0,5773.0,6450.0,7011.0,16754.0,,,5040.0,5040.0,,3946.0,5036.0,10700.0,4176.0,,,,,,,6815.0,7720.0,8535.0,36050.0,29261.0,9720.0,11150.0,,10350.0,66876.0,11000.0,10550,11585.0,2850.0,4290.0,8470.0,4820.0,,,3115.0,2065.0,10900.0,11852.0,4101.0,5760.0,,,450049.0,4879.0,5590.0,266.0,10100.0,38550.0,,19850.0,5980.0,12208.0,4255.0,6190.0,7570.0,26435.0,2890.0,14650.0,4377,28526.0,3210.0,5319.0,1683.0,,17250.0,1392.0,,20900.0,288000.0,21300.0,22200.0,6062.0,6750.0,2595,2960.0,,,,,5010.0,4167.0,8990.0,,40592.0,7045.0,14500.0,8850.0,7395.0,72700.0,3590.0,4910.0,5200.0,,14773.0,,29100.0,6500.0,2982.0,13650.0,10938.0,3630.0,3550.0,11500.0,5055.0,1435.0,15550.0,2939.0,5887.0,5990.0,7260.0,11800.0,4299.0,4415.0,3461.0,937.0,30400.0,33666.0,336.0,16250.0,15831.0,12025.0,4239,219638.0,7875.0,185474.0,52557.0,11800.0,10066.0,7744.0,362500.0,5360.0,2473.0,11835.0,1665.0,19802.0,1211.0,1240.0,,3812.0,11150.0,48000.0,5550.0,12650.0,3060.0,5408.0,2870,80671.0,4955.0,6055.0,6555.0,780.0,4990.0,17500.0,3403.0,6183.0,22681.0,22550.0,8830.0,4470.0,4443.0,,,,10250.0,4355.0,2270.0,15471.0,,8360.0,39450.0,14325.0,6680.0,8339.0,61200.0,27520.0,43850.0,12800.0,,99200.0,9260.0,4133.0,9572.0,6690.0,8116.0,10386.0,2110.0,6552.0,214964.0,,,,,17100.0,,,33800.0,6038.0,3470.0,13262.0,10685.0,23100.0,258915,3360.0,31344,7110.0,7248.0,97320.0,11115.0,15831,6270.0,11649.0,16180.0,4250.0,8770.0,6130.0,26300.0,6210.0,367944.0,,19230.0,3730.0,21640.0,7446.0,4860.0,4660.0,11250,77000.0,12300.0,,17000.0,40579.0,4345.0,,3247.0,18643.0,3750.0,1145.0,27500.0,11350.0,14621.0,5249.0,31550.0,2460.0,11596.0,4200.0,13400.0,5450.0,5173.0,234702.0,16000.0,3740.0,,,5409.0,4080.0,4533.0,1405.0,14650.0,4715,4000.0,836.0,3070.0,,3391.0,3035.0,5640.0,3540.0,76000.0,8850.0,11950.0,5780.0,16800.0,2290.0,8120,2380.0,5540.0,6100.0,4858.0,21950.0,4242.0,18817.0,2776,13200.0,13900.0,8795.0,37800.0,4390.0,8915.0,,,6563.0,36279,1785.0,,3510.0,9396.0,2998.0,12479.0,3300.0,4117.0,40290,1295.0,17816.0,5407.0,10294.0,8380.0,20000.0,4925.0,23600.0,5400.0,197788.0,1069.0,57700.0,4290.0,41867.0,,6780.0,8180.0,8098.0,7360.0,4100.0,19300.0,1740,6263.0,5800.0,,5700.0,14601.0,6150.0,2905,4160.0,5585.0,18563.0,,1425.0,129910.0,7180.0,14327.0,59000.0,5820.0,67900.0,9108.0,14475.0,64400.0,4230.0,6010.0,75178.0,11700.0,4245.0,,5872.0,2310.0,1232.0,7390.0,42000.0,,,5310.0,23916.0,5290.0,13865.0,33100.0,,22950.0,3716.0,13171.0,2605.0,8416.0,4836.0,24950.0,10570.0,8044.0,71534.0,4524.0,11250.0,6514.0,9475.0,3193.0,12679.0,1168.0,10.0,3915.0,8170.0,40450.0,17650.0,4900.0,20709.0,1105669.0,115668.0,14550.0,8250.0,11050.0,1805.0,56906.0,20100.0,88980.0,2900.0,2097.0,7014.0,30925.0,2336.0,28678.0,6897.0,17254.0,11200.0,8440.0,1503.0,,80850.0,,7310.0,11185.0,15200.0,5078.0,4805.0,411627.0,3108.0,7780.0,5599.0,9105.0,,22700.0,11511.0,8610.0,4671.0,9810.0,18250.0,23800.0,,54620.0,10912.0,9246.0,25450.0,44700.0,39387.0,9450.0,49200.0,12555.0,7503.0,37000.0,15994.0,2025.0,9309.0,11576.0,2781.0,12892.0,2190.0,1620.0,21100.0,6475.0,11295.0,4260.0,9679.0,7890.0,3664.0,8495.0,5640.0,18850.0,2015.0,15900.0,8100.0,20200.0,16000.0,12321.0,7306.0,127085.0,140916.0,6570.0,7430.0,7150.0,10200.0,7540.0,34850.0,9905.0,67375.0,20824.0,3821.0,2258.0,,11766.0,14150.0,10360.0,6210.0,,18000.0,12900.0,6740.0,1486.0,14000.0,19850.0,,,,7640.0,29600.0,11350.0,34950.0,8730.0,,12948.0,2075.0,9000.0,30400.0,38150.0,8375.0,30550.0,,10800.0,,34995.0,,2650.0,,,37900.0,,2290.0,15520.0,,5230.0,,,14300.0,2245.0,,,10175.0,,,10274.0,,,7950.0,,6606.0,,5320.0,,,6056.0,,2148.0,18500.0,44000.0,,54435.0,1816.0,,57000.0,,,87300.0,35481.0,,33687.0,,10220.0,,,,,,,,,,,,,,,,,,,,,,,,,,,,,,,,,,,,,,,,,,,,,,,,,,,,,,,,,,,,,,,,,,,1100.0,1000.0,1115.0,734.0,55751.0,45685.0,3007.0,899.0,10880.0,9335.0,132345.0,1427.0,2100000.0,16275.0,,6400.0,7190.0,,,
2017-09-30,8560.0,14100.0,30394.0,163500.0,13850.0,5761.0,,6370.0,8760.0,10778.0,3254.0,80000.0,114630.0,82900.0,103371.0,37314.0,16900.0,53100.0,18307.0,3955.0,21000.0,9130.0,15300.0,2600.0,34077.0,10925.0,2032.0,3255.0,2887.0,9918.0,3640.0,3540.0,31450.0,10755.0,31867.0,10600.0,11450.0,5600.0,2155.0,5585.0,69900.0,22200.0,15441.0,3735.0,2530.0,22700.0,3045.0,24550.0,31350.0,65400.0,104000.0,62981.0,5280.0,43650.0,1735.0,2435.0,5940.0,23310.0,595000,2920.0,27200.0,3860.0,328790.0,24500.0,2220.0,14000.0,249500.0,32400.0,5406.0,9625.0,1285.0,974.0,19900.0,5750.0,15402.0,7900.0,880.0,4745.0,3705.0,390000.0,9540.0,12523.0,3705.0,80311.0,6130.0,14400.0,5070.0,11700.0,14939.0,1121000.0,13820.0,4640.0,15750.0,4885.0,9690.0,76140.0,88691.0,4085.0,2045.0,26304.0,26975.0,6600.0,1085.0,2915.0,34460.0,115000.0,6038.0,66211.0,23200.0,41350.0,9390.0,10450.0,5644.0,2150.0,19150.0,6261.0,195000.0,10889.0,6100.0,3570.0,,14450.0,27409.0,18350.0,52000.0,11500.0,4035.0,17300.0,101000.0,37100.0,16014.0,,2050.0,6380.0,66330.0,3690.0,15236.0,10650.0,1473.0,16150.0,14500.0,5300.0,2731.0,1355.0,10810.0,46950.0,4432.0,4030.0,15650.0,38200.0,135412.0,150500.0,12651.0,47250.0,317000.0,32650.0,129500.0,,3845.0,13600.0,3915.0,8230.0,17200.0,6520.0,16200.0,21309.0,14826.0,7475.0,8420.0,11050.0,3600.0,40328.0,5247.0,4425.0,78800.0,200500.0,26650.0,12550.0,23400.0,194338.0,,248000.0,12300.0,17355.0,5600.0,4605.0,2905.0,5170.0,29050.0,29550.0,1315.0,67000.0,,3040.0,734000.0,7846.0,5698.0,1954.0,31150.0,37143.0,3085.0,2240,42763.0,20500.0,13020.0,13650.0,18650.0,14150.0,3445.0,18800.0,15850.0,4380.0,1050.0,3965.0,2920.0,2795.0,33250.0,2305.0,7803.0,1400.0,77500.0,,82189.0,1939.0,2635.0,20950.0,102000.0,4485.0,1883.0,2460.0,151500.0,1760.0,15400.0,5150.0,34050.0,5050.0,9150.0,2535.0,4260.0,5731.0,9800.0,43900.0,5225.0,37013.0,51000.0,3135.0,2070.0,10820.0,9329.0,3490.0,,4930.0,1585.0,2170.0,4860.0,3420.0,3370.0,127500.0,4120.0,9594.0,154000.0,8150.0,2833.0,65300.0,3730.0,2385.0,3800.0,14350.0,3225.0,4100.0,12050.0,20110.0,3935.0,,20900.0,72100.0,27613.0,18000.0,870.0,2621.0,7250.0,48450.0,240000.0,14903.0,3299.0,4215.0,9610.0,6640.0,89200.0,8023.0,2193.0,3170.0,21100.0,5500.0,3706.0,923.0,1393.0,17400.0,4875.0,7520.0,,5000.0,16170.0,4760.0,848.0,23955.0,6070.0,4780.0,3255.0,6500.0,2815.0,9340.0,6710.0,4050.0,57792.0,2360.0,1140.0,1682.0,4066.0,5722.0,36700,7520.0,8280,7350.0,5782.0,39000.0,5460.0,5170.0,2725.0,11600.0,87400.0,35676.0,24867.0,9080.0,21400.0,2860.0,8670.0,35100.0,1315.0,5348.0,3249.0,9490.0,94200.0,4360.0,4910.0,5975.0,6355.0,33312.0,11350.0,8230.0,2935.0,56500.0,33372.0,168500.0,4250.0,13000.0,1174.0,91876.0,8850.0,11712.0,1230.0,1655.0,3268.0,4245.0,7956.0,16600.0,3615.0,5250.0,30950.0,35050.0,5100.0,3997.0,20165.0,4810.0,2500.0,94000.0,8970.0,3173.0,19218.0,6680.0,3400.0,6670.0,9290.0,5490.0,3320.0,18535.0,17650.0,6145.0,4840.0,49000.0,34650.0,2015.0,2700.0,4281.0,3555.0,19188.0,2444.0,3820.0,2657.0,2185.0,1555.0,2730.0,8989.0,67916.0,,2547.0,4795.0,74800.0,2750.0,22263.0,2180.0,8880.0,2225.0,2565.0,10083.0,4860.0,1995.0,10800.0,2880.0,4660.0,25200.0,42759.0,1290.0,6246.0,1765.0,11000.0,23090.0,217200.0,63800.0,18200.0,21276.0,21810.0,7560.0,34847,8060.0,2750.0,2105.0,35600.0,4145.0,20130.0,6610.0,1980.0,2080.0,7321.0,3114.0,7995.0,1800.0,13350.0,8125.0,563.0,5240.0,1045.0,5390.0,1575.0,1935.0,11300.0,7100.0,5020.0,3145.0,21600.0,4710.0,22200.0,5610.0,1370.0,4985.0,7260.0,24725.0,1990.0,105500.0,3445.0,18150.0,13082.0,24150.0,28237.0,17400.0,288000.0,11448.0,21850.0,54500.0,10600.0,21300.0,7030.0,4084.0,149211.0,6780.0,7530.0,11300.0,4760.0,8796.0,28903.0,197900.0,6146.0,9990.0,8800.0,7220.0,2875.0,40100.0,7180.0,,1315.0,35660.0,10339.0,176600,,15213.0,8970.0,464500.0,11700.0,899.0,4860.0,4128.0,32617.0,10250.0,,3535.0,2020.0,6750.0,10750.0,8350.0,7470.0,7180.0,46800.0,1695.0,4100.0,7080.0,8000.0,4650.0,3070.0,7729.0,3905.0,9730.0,5560.0,9200.0,3060.0,82800.0,7202.0,3465.0,1896.0,8060.0,2915.0,17267.0,4429.0,12762,4775.0,780.0,8690.0,30350.0,9420.0,2130.0,29625.0,7510.0,6020.0,14150.0,1410.0,12700,10600.0,28900.0,7160.0,12796.0,7420.0,28700.0,10000.0,,106942.0,1720.0,5410.0,13550.0,13632.0,16100.0,6390.0,19900.0,4420.0,16192.0,27300.0,7850.0,1035.0,3464.0,3085.0,9900.0,3190.0,4455.0,6534.0,17125.0,13540.0,670.0,3101.0,9310.0,135525.0,14652.0,1725.0,28900.0,5440.0,4391.0,14400.0,2963.0,2920.0,2180.0,10950.0,8300.0,1785,4895.0,5740,3925.0,5420.0,3265.0,25100.0,3750.0,2348.0,7210.0,19300.0,6000.0,698.0,2285.0,43700.0,17025.0,4957.0,591850,2511.0,7950.0,4600.0,2850.0,5380.0,2010.0,2210.0,9150.0,30400.0,14825.0,8582.0,9430.0,3265.0,5414.0,3020.0,5150.0,9760.0,60103.0,963.0,11927.0,719,25800,2495.0,2259.0,2418.0,8940.0,1360.0,53582.0,1887.0,4500.0,36300.0,41885.0,936000.0,37497,3055.0,7700.0,1825.0,13550.0,2584.0,3140.0,18100.0,23351.0,14700.0,5970.0,1055.0,7690.0,1725.0,2224.0,32500,6800.0,14400.0,2000.0,4037.0,5860.0,5030.0,17574.0,972,17050.0,10750.0,6180,10300.0,,46300.0,,7410.0,4825.0,2575.0,133005.0,26800.0,8040.0,9800.0,11500.0,9217.0,13000.0,3110.0,11550.0,6600.0,,2480,3355.0,4480.0,5970.0,2605.0,33890.0,2079.0,24949.0,10668.0,1840,,9640.0,17554,2960.0,9811.0,13872,5330.0,144500.0,6800.0,3176.0,2310.0,2985.0,3740.0,6450.0,3005.0,3170.0,6720.0,7680.0,11942.0,14067.0,9210,4006.0,2905.0,12545.0,8550.0,,27464.0,2200.0,65900.0,19307.0,6330.0,1200.0,10000.0,13040.0,33696.0,10250.0,3793.0,17700.0,5950.0,,19848.0,4935.0,49250.0,21200.0,2965.0,26447.0,6720.0,52249.0,2721.0,4915.0,,4055.0,,1923.0,4505.0,2494.0,13000.0,1520.0,9130.0,141500.0,19600.0,3830.0,12650.0,2761.0,4665.0,3030.0,4449,4680.0,6530.0,,4073.0,2147.0,82400.0,23500.0,3885.0,5870.0,2958.0,2400.0,21100.0,20350.0,5088.0,3512.0,151840.0,3575.0,2970.0,5070.0,4565.0,5657.0,2014.0,,106366.0,9180.0,13050,14132.0,,3770.0,2280.0,24900.0,5357.0,23950.0,7600.0,8287.0,9746.0,106000.0,21654.0,4610.0,88400.0,11100.0,2100.0,5950.0,6500.0,2980.0,8440.0,3950.0,63732.0,14375.0,4140.0,7610.0,5110.0,10463.0,4669.0,14100.0,10800.0,12500.0,2370.0,25537.0,770.0,,2250.0,11350.0,2874.0,2245.0,3575.0,16982.0,3365.0,4260.0,3575.0,12150.0,11950.0,5680.0,4455.0,37530.0,15900.0,6307.0,9050.0,35197,9370.0,65600.0,40815.0,7540.0,10128.0,22650.0,72800.0,3795.0,10450.0,4593.0,5470.0,14221.0,12600.0,5700.0,7990.0,4230,7468.0,24250.0,3959.0,7920.0,7470.0,2655.0,20173.0,1870.0,4510.0,8200.0,,2183.0,5678.0,7025.0,7011.0,16145.0,,,4995.0,4990.0,,3800.0,4730.0,8920.0,4075.0,,,,,,,7875.0,6620.0,7501.0,34001.0,29181.0,9270.0,10350.0,,8620.0,62955.0,13150.0,10950,10800.0,2800.0,4320.0,7180.0,4520.0,,,2990.0,1800.0,11300.0,11612.0,4202.0,5230.0,,,391055.0,4479.0,5030.0,266.0,9640.0,34485.0,,17100.0,5440.0,9998.0,3980.0,6950.0,8481.0,26615.0,2500.0,12350.0,3895,27532.0,2825.0,4736.0,1700.0,,14650.0,1496.0,,16550.0,259500.0,22150.0,20300.0,4725.0,6040.0,2085,2900.0,,,,,4760.0,4167.0,9280.0,,47132.0,7369.0,14950.0,8477.0,6415.0,70600.0,3485.0,4640.0,5000.0,,14901.0,,25650.0,6260.0,2614.0,13200.0,9912.0,3400.0,3150.0,10800.0,4944.0,1290.0,13400.0,3159.0,5984.0,5360.0,6210.0,10950.0,4338.0,4040.0,3734.0,135.0,31850.0,34973.0,300.0,15200.0,13821.0,10875.0,3535,219638.0,6659.0,195806.0,42493.0,11867.0,10610.0,6839.0,354500.0,4910.0,2175.0,11034.0,1520.0,19601.0,1244.0,1080.0,,4583.0,10800.0,39150.0,5230.0,10800.0,3060.0,5151.0,2845,51107.0,6030.0,6522.0,5812.0,750.0,4530.0,15200.0,3108.0,6378.0,23851.0,25050.0,7550.0,3500.0,4263.0,,,,9720.0,3960.0,1985.0,14400.0,,7610.0,37200.0,10500.0,6070.0,7605.0,50000.0,27520.0,44200.0,11750.0,,89200.0,9210.0,3589.0,5192.0,6030.0,5291.0,10585.0,2180.0,5828.0,202316.0,,,,,13950.0,,,32600.0,5533.0,2950.0,11720.0,9295.0,23700.0,219644,3176.0,28167,7325.0,6849.0,85700.0,10623.0,18050,5590.0,12054.0,14375.0,3385.0,8710.0,5670.0,25700.0,6170.0,367944.0,,15900.0,3465.0,23016.0,6192.0,4800.0,4965.0,11350,73300.0,12200.0,,15000.0,42098.0,4298.0,,3234.0,18643.0,3635.0,1000.0,27200.0,9610.0,13666.0,4482.0,29950.0,1835.0,10704.0,3840.0,13000.0,5140.0,3944.0,197729.0,18650.0,3535.0,,,6488.0,3585.0,4747.0,1395.0,13600.0,4780,3485.0,969.0,3010.0,,3145.0,3080.0,6250.0,3250.0,77200.0,7950.0,11150.0,5010.0,16300.0,2065.0,9230,2125.0,5490.0,5940.0,4082.0,19900.0,3045.0,15900.0,2963,12300.0,26850.0,8111.0,36700.0,3723.0,7860.0,,,7042.0,34194,1440.0,,3170.0,9930.0,3200.0,9825.0,3250.0,4093.0,37523,1125.0,16991.0,5631.0,14552.0,8580.0,19950.0,5114.0,23500.0,5190.0,179646.0,906.0,55300.0,3975.0,50568.0,,5380.0,7820.0,6021.0,7130.0,4160.0,18150.0,1720,5563.0,5300.0,,5670.0,13719.0,5160.0,2910,2135.0,6210.0,21890.0,,1560.0,132845.0,6940.0,13533.0,60200.0,6650.0,75800.0,8715.0,13250.0,48400.0,4410.0,6350.0,73736.0,10350.0,4070.0,15819.0,5362.0,2305.0,1235.0,6810.0,39250.0,11325.0,,4290.0,21758.0,5120.0,12932.0,33900.0,5965.0,21050.0,3246.0,15872.0,2290.0,8278.0,4592.0,40100.0,9020.0,11209.0,74630.0,3599.0,11250.0,5150.0,10250.0,3316.0,11708.0,974.0,,3525.0,6090.0,36100.0,14650.0,4150.0,19782.0,698582.0,124490.0,13575.0,6975.0,11650.0,1760.0,61510.0,18250.0,72450.0,2410.0,2504.0,5436.0,26874.0,1991.0,28097.0,10226.0,15651.0,10400.0,7690.0,1451.0,,71040.0,,5900.0,11455.0,15300.0,4692.0,3970.0,490900.0,2782.0,8456.0,5782.0,11194.0,,20450.0,10874.0,8020.0,4197.0,8780.0,16650.0,23000.0,,45997.0,12288.0,8402.0,22350.0,39750.0,30966.0,8400.0,47000.0,12680.0,7733.0,37050.0,28656.0,2025.0,8440.0,11324.0,2434.0,10722.0,2195.0,1475.0,21400.0,6391.0,8899.0,2090.0,7699.0,6840.0,4125.0,9456.0,5070.0,19200.0,2035.0,13750.0,6860.0,18000.0,14950.0,11417.0,6405.0,107577.0,109859.0,6880.0,9220.0,6830.0,10200.0,6760.0,28750.0,9955.0,58250.0,15538.0,4324.0,2269.0,,10520.0,14050.0,10385.0,5660.0,,17350.0,13900.0,6520.0,1153.0,15350.0,18500.0,,,,7100.0,25650.0,12000.0,33000.0,8740.0,,10619.0,2060.0,9000.0,34100.0,36550.0,7875.0,28500.0,,10100.0,,34631.0,3980.0,2700.0,,,34800.0,,1905.0,15295.0,,4655.0,,,14300.0,2196.0,,,10175.0,,,10098.0,,23180.0,7250.0,,5600.0,22740.0,4325.0,,16383.0,5338.0,,2132.0,17350.0,40000.0,,50115.0,1807.0,,52600.0,3725.0,,97000.0,38590.0,,35251.0,,10195.0,,,,,,,,,,,,,,,,,,,,,,,,,,,,,,,,,,,,,,,,,,,,,,,,,,,,,,,,,,,,,,,,,,,891.0,63.0,1125.0,641.0,52299.0,36548.0,2687.0,899.0,8937.0,9155.0,106075.0,1279.0,1847500.0,13825.0,,5850.0,6280.0,,,
2017-10-31,8840.0,14550.0,30027.0,157000.0,13725.0,5891.0,,6130.0,8690.0,10869.0,3281.0,81000.0,115102.0,82200.0,104879.0,36827.0,16850.0,51900.0,18257.0,3900.0,20200.0,10050.0,14300.0,2465.0,35089.0,11657.0,2061.0,3173.0,2896.0,9577.0,3260.0,3530.0,31750.0,10973.0,30492.0,11200.0,11650.0,5810.0,2380.0,6275.0,68800.0,23800.0,15263.0,3830.0,2600.0,25750.0,3105.0,22800.0,31050.0,76900.0,115000.0,62823.0,5050.0,43850.0,1580.0,2515.0,5410.0,23510.0,599000,2940.0,26450.0,3900.0,342398.0,24500.0,2320.0,15150.0,281000.0,40000.0,5450.0,9675.0,1395.0,974.0,19900.0,6090.0,15937.0,7960.0,905.0,4856.0,3715.0,396000.0,9660.0,12439.0,3745.0,78265.0,6190.0,15550.0,5720.0,12000.0,14939.0,1141000.0,15761.0,7930.0,15450.0,4745.0,8890.0,81241.0,85539.0,4085.0,2020.0,26711.0,25565.0,6980.0,1140.0,3000.0,37520.0,114000.0,5970.0,65217.0,24150.0,40250.0,9900.0,10450.0,5333.0,2065.0,17600.0,6491.0,229000.0,10770.0,6030.0,3370.0,,13600.0,23493.0,21500.0,54000.0,12450.0,3695.0,17700.0,102500.0,36400.0,16014.0,,2565.0,6640.0,61315.0,3980.0,16473.0,10550.0,1462.0,16050.0,15350.0,5360.0,2658.0,1206.0,8698.0,50400.0,4496.0,4200.0,16450.0,37850.0,138620.0,161000.0,9830.0,47350.0,325500.0,33100.0,137500.0,,3697.0,13600.0,4200.0,8150.0,17850.0,6740.0,16000.0,22650.0,18293.0,7769.0,7750.0,11500.0,3460.0,45639.0,5260.0,4365.0,79000.0,211000.0,26000.0,12250.0,17600.0,201680.0,,250000.0,12050.0,12815.0,5600.0,4890.0,2780.0,5740.0,31200.0,28566.0,1325.0,73100.0,,3405.0,759000.0,7911.0,6240.0,1802.0,32000.0,38933.0,3240.0,2260,45630.0,19750.0,13684.0,13100.0,16650.0,12250.0,3550.0,18650.0,15550.0,4330.0,1100.0,4100.0,3025.0,2960.0,33450.0,2455.0,7803.0,1501.0,78400.0,,82099.0,1982.0,2520.0,20250.0,104000.0,4350.0,1942.0,2500.0,170500.0,1935.0,15700.0,5240.0,40450.0,4980.0,8570.0,2425.0,4200.0,9696.0,9240.0,43350.0,5000.0,34732.0,56000.0,3270.0,2130.0,11980.0,9829.0,3625.0,,4865.0,1590.0,2055.0,4995.0,3440.0,3460.0,128500.0,4250.0,9870.0,172000.0,8475.0,2889.0,64500.0,4270.0,2300.0,4165.0,14250.0,3480.0,4025.0,10800.0,24390.0,3820.0,,22100.0,69400.0,27613.0,17650.0,785.0,2585.0,7450.0,46000.0,266500.0,13847.0,2930.0,4755.0,9680.0,6680.0,91600.0,8520.0,2222.0,3320.0,24700.0,5670.0,3834.0,1065.0,1442.0,17900.0,4515.0,7480.0,,5960.0,20578.0,4725.0,875.0,25486.0,6140.0,4920.0,3190.0,6870.0,2835.0,9930.0,7070.0,4130.0,53458.0,2270.0,1145.0,1412.0,4311.0,7479.0,36750,7600.0,7230,7690.0,6392.0,39200.0,5190.0,5180.0,2845.0,18650.0,106500.0,39543.0,24300.0,10100.0,20800.0,3295.0,8460.0,33700.0,1410.0,5605.0,3077.0,8640.0,96300.0,4375.0,5060.0,5825.0,5466.0,36547.0,11850.0,8140.0,2740.0,57500.0,34782.0,207000.0,3915.0,13050.0,1212.0,91194.0,10413.0,12084.0,1245.0,1790.0,3170.0,4495.0,9337.0,16420.0,3710.0,6040.0,30000.0,32250.0,5300.0,3962.0,22074.0,4855.0,2185.0,97300.0,8450.0,2739.0,19679.0,7030.0,3390.0,6350.0,10050.0,5430.0,3320.0,21958.0,18350.0,6388.0,4805.0,49000.0,34250.0,1873.0,2820.0,4163.0,3795.0,22566.0,2370.0,4240.0,2851.0,2870.0,1810.0,2940.0,9139.0,71029.0,,2682.0,4705.0,70000.0,2850.0,23239.0,2305.0,9080.0,2310.0,2330.0,10126.0,5480.0,2010.0,11140.0,2855.0,6830.0,36000.0,40750.0,1285.0,6408.0,2050.0,12200.0,23515.0,210200.0,63000.0,20800.0,21667.0,21315.0,7550.0,30889,8220.0,2880.0,2060.0,44900.0,5160.0,19028.0,6610.0,2075.0,2120.0,12261.0,3061.0,7846.0,1785.0,12850.0,7592.0,577.0,5100.0,1095.0,5580.0,1520.0,1990.0,11050.0,7100.0,5060.0,2900.0,21300.0,5195.0,24150.0,6060.0,1370.0,5060.0,7780.0,22675.0,2250.0,106000.0,3260.0,18150.0,13388.0,25200.0,27082.0,15900.0,289500.0,12087.0,22150.0,54100.0,11150.0,20925.0,7700.0,4171.0,179053.0,7830.0,7700.0,15100.0,4900.0,9078.0,28903.0,197800.0,6195.0,11600.0,9930.0,7390.0,2785.0,40000.0,6650.0,,1540.0,39460.0,10359.0,187500,,16088.0,9070.0,426500.0,12050.0,914.0,4820.0,4191.0,33001.0,10150.0,,3641.0,2020.0,6610.0,10800.0,7975.0,7700.0,7310.0,47900.0,1690.0,4130.0,6650.0,7900.0,5010.0,3110.0,8311.0,4040.0,9200.0,5030.0,8600.0,3050.0,90900.0,9500.0,3045.0,1892.0,8160.0,2795.0,17033.0,4443.0,14688,4380.0,780.0,8620.0,33900.0,9610.0,2185.0,30800.0,7850.0,6060.0,15050.0,1510.0,12150,10350.0,33250.0,7130.0,12661.0,7550.0,29100.0,11150.0,,110547.0,1630.0,5060.0,13200.0,13406.0,16600.0,5980.0,16302.0,5025.0,17277.0,29150.0,8440.0,1040.0,3034.0,3215.0,11450.0,3190.0,3675.0,6906.0,18825.0,14090.0,719.0,3023.0,9730.0,144575.0,15752.0,1665.0,37050.0,5770.0,4364.0,15450.0,3189.0,2980.0,2225.0,10300.0,8320.0,1885,5477.0,5620,3800.0,5260.0,3641.0,27450.0,3935.0,2387.0,7350.0,19400.0,4960.0,719.0,2540.0,56800.0,22455.0,5934.0,609660,2516.0,7900.0,4890.0,3010.0,5660.0,2240.0,2355.0,10000.0,30550.0,15400.0,9069.0,9750.0,3360.0,4981.0,3000.0,4995.0,10450.0,51105.0,966.0,12245.0,719,23800,2360.0,2465.0,2593.0,9990.0,1360.0,62578.0,1930.0,4540.0,39250.0,42415.0,1177000.0,36706,3470.0,9775.0,1650.0,14500.0,2592.0,3185.0,17900.0,22577.0,16100.0,5820.0,1080.0,8730.0,1810.0,2398.0,43600,7020.0,13900.0,1915.0,3837.0,5670.0,5320.0,16820.0,1163,16768.0,11500.0,6180,9590.0,,50000.0,,6222.0,4950.0,2610.0,154890.0,29050.0,8118.0,9970.0,14300.0,10670.0,12750.0,3045.0,11900.0,6925.0,27000.0,2655,3385.0,4340.0,5850.0,2660.0,26610.0,2243.0,26309.0,11280.0,1855,,9550.0,17312,2800.0,10251.0,11254,5480.0,157500.0,7000.0,3276.0,2405.0,3060.0,3560.0,6800.0,3092.0,3440.0,6780.0,8806.0,17548.0,11264.0,10215,4015.0,2850.0,11155.0,11350.0,,26213.0,,63300.0,20784.0,7050.0,1220.0,10300.0,12908.0,39113.0,13500.0,4063.0,19600.0,5960.0,,26238.0,8410.0,52000.0,20050.0,2810.0,25124.0,6970.0,52249.0,3425.0,5620.0,,4250.0,,1977.0,3900.0,2450.0,13650.0,1510.0,9250.0,140000.0,30500.0,3465.0,12850.0,2991.0,4090.0,3075.0,4202,4800.0,6330.0,,4205.0,1937.0,91000.0,20450.0,3925.0,6230.0,3235.0,2308.0,23200.0,17850.0,5972.0,3472.0,156400.0,3590.0,2745.0,5150.0,4290.0,6178.0,2213.0,,129662.0,9540.0,12950,25320.0,,3760.0,2505.0,28000.0,4867.0,23550.0,6000.0,8253.0,9077.0,113500.0,23258.0,4875.0,91500.0,12850.0,2105.0,6224.0,6570.0,3000.0,10700.0,3896.0,41403.0,15347.0,4020.0,7120.0,4190.0,10497.0,4553.0,14000.0,10150.0,12150.0,2290.0,32538.0,885.0,,2000.0,11650.0,2836.0,2300.0,3655.0,14988.0,3000.0,4395.0,3560.0,9850.0,12200.0,6890.0,4280.0,43298.0,20250.0,6256.0,7940.0,29987,8586.0,66200.0,44111.0,7720.0,12544.0,23900.0,71900.0,3845.0,10750.0,5105.0,5460.0,14072.0,12100.0,5970.0,7800.0,4265,7864.0,29400.0,4382.0,7300.0,7050.0,2308.0,18774.0,1995.0,4450.0,8620.0,,2308.0,5274.0,6350.0,7011.0,15677.0,,,5000.0,5050.0,,3946.0,4570.0,9400.0,3995.0,,,,,,,7673.0,6920.0,7368.0,33410.0,29500.0,9860.0,10450.0,,8780.0,79606.0,13000.0,11250,12093.0,3113.0,4630.0,7050.0,4785.0,,,3680.0,1700.0,11600.0,12412.0,3612.0,5300.0,,,334907.0,4266.0,5520.0,266.0,10350.0,37335.0,,15500.0,5800.0,10189.0,4130.0,6520.0,8456.0,26970.0,2610.0,9550.0,4475,26958.0,2295.0,4660.0,1970.0,,13850.0,1424.0,,17000.0,314000.0,21850.0,18600.0,5212.0,6160.0,2165,2925.0,,,,,5080.0,4133.0,8740.0,,50018.0,10336.0,15400.0,8199.0,6160.0,71700.0,3680.0,4925.0,4760.0,,17948.0,,25800.0,7100.0,3590.0,13950.0,8721.0,3530.0,3600.0,10500.0,4575.0,1210.0,12850.0,3024.0,5400.0,5120.0,6030.0,11650.0,4189.0,4400.0,2477.0,,34550.0,31087.0,291.0,15500.0,14298.0,11300.0,3838,219638.0,6787.0,201710.0,42717.0,11833.0,10399.0,7230.0,366000.0,4740.0,2013.0,11810.0,1465.0,22574.0,1254.0,1105.0,,4560.0,10750.0,38100.0,5690.0,11800.0,2997.0,5271.0,3035,63759.0,5240.0,6967.0,5887.0,703.0,4275.0,16600.0,3108.0,6971.0,27248.0,27250.0,7880.0,3580.0,4348.0,,,,9530.0,3950.0,2025.0,14281.0,,7570.0,34500.0,11475.0,5870.0,7371.0,48700.0,27618.0,44900.0,12300.0,,90900.0,9330.0,3897.0,5278.0,5740.0,5339.0,10435.0,2303.0,5935.0,183574.0,,,,,14700.0,,,34400.0,5972.0,2865.0,12479.0,9205.0,28000.0,229372,3270.0,30165,7640.0,6899.0,86900.0,11587.0,21831,5830.0,14081.0,13955.0,3610.0,8000.0,5770.0,31900.0,6220.0,367944.0,,20740.0,3450.0,24010.0,6502.0,4595.0,4950.0,10200,71000.0,12450.0,,14050.0,38617.0,4156.0,,3117.0,16418.0,3615.0,1000.0,29900.0,9570.0,13044.0,3210.0,29500.0,2150.0,13033.0,3720.0,17800.0,5230.0,4154.0,216216.0,18000.0,3290.0,,,5804.0,3650.0,4571.0,1415.0,12600.0,4645,3305.0,995.0,2925.0,,3427.0,2990.0,7200.0,3155.0,84500.0,7840.0,11575.0,5320.0,16200.0,2150.0,8160,2105.0,5030.0,6290.0,3745.0,19500.0,3515.0,15500.0,3138,11550.0,30000.0,6540.0,36900.0,3785.0,6937.0,,,8505.0,37113,1565.0,,3555.0,10998.0,4250.0,11268.0,3190.0,4150.0,35448,1230.0,15739.0,6144.0,14354.0,8340.0,21300.0,4993.0,26450.0,5200.0,146295.0,951.0,53100.0,4215.0,74562.0,,6410.0,7820.0,6379.0,6690.0,4030.0,18950.0,1715,4894.0,5275.0,,5500.0,11051.0,5520.0,2950,2570.0,6693.0,23819.0,,1250.0,127955.0,8100.0,15150.0,54000.0,7050.0,82800.0,8834.0,13900.0,48700.0,4265.0,5970.0,80490.0,9940.0,3990.0,20200.0,6484.0,2320.0,1235.0,7800.0,39850.0,30750.0,,4300.0,20828.0,5020.0,12328.0,35150.0,7629.0,21600.0,3465.0,16962.0,2400.0,8484.0,4836.0,42400.0,9340.0,12421.0,77380.0,3073.0,10200.0,5366.0,11275.0,3096.0,11893.0,1666.0,,3540.0,6291.0,36800.0,13600.0,4270.0,23259.0,865528.0,136253.0,15375.0,7275.0,12400.0,1615.0,61510.0,17800.0,64950.0,2393.0,2097.0,5736.0,32784.0,2035.0,31184.0,9162.0,15372.0,12000.0,7220.0,1802.0,,89340.0,,6140.0,8400.0,17150.0,4856.0,5305.0,558534.0,2834.0,8356.0,6430.0,11475.0,,23800.0,11607.0,8030.0,4137.0,8970.0,16450.0,24200.0,,46623.0,11728.0,8953.0,21000.0,44700.0,34224.0,8600.0,46350.0,12680.0,8233.0,35650.0,43273.0,2025.0,8885.0,12744.0,2227.0,15470.0,2201.0,1500.0,21700.0,6782.0,9217.0,2410.0,7919.0,7130.0,4350.0,7845.0,3140.0,18950.0,2035.0,14250.0,7720.0,21850.0,13600.0,11322.0,6706.0,142377.0,135389.0,6390.0,8400.0,6510.0,10025.0,10750.0,44550.0,9980.0,64125.0,15297.0,5396.0,2252.0,,12744.0,14550.0,10360.0,5450.0,,19100.0,13100.0,6610.0,1266.0,15800.0,18250.0,,,,7470.0,24450.0,13800.0,33000.0,9204.0,,10845.0,2055.0,9000.0,36250.0,36250.0,9000.0,31400.0,,10350.0,,34891.0,3920.0,2495.0,,,33200.0,,1940.0,15215.0,,5090.0,,,14450.0,2217.0,,,10200.0,,,10198.0,,21290.0,9775.0,,7327.0,29500.0,4625.0,9172.0,17369.0,5488.0,,2148.0,17000.0,38400.0,11075.0,51423.0,1807.0,,56800.0,2750.0,,106000.0,45164.0,,32660.0,,10320.0,,1384.0,,,3595.0,,,,,,,,,,,,,,,,,,,,,,,,,,,,,,,,,,,,,,,,,,,,,,,,,,,,,,,,,,,,,,1065.0,,1100.0,833.0,61603.0,52401.0,2671.0,899.0,10019.0,10580.0,120085.0,1432.0,2050000.0,17400.0,,5940.0,6820.0,,,
2017-11-30,10300.0,13650.0,32382.0,152000.0,12700.0,5917.0,,6090.0,8850.0,10342.0,3696.0,78300.0,119819.0,76800.0,111570.0,34103.0,17300.0,58700.0,19007.0,3990.0,22300.0,9880.0,13400.0,2220.0,38501.0,10971.0,2127.0,3173.0,3905.0,8775.0,3760.0,3755.0,30150.0,9938.0,26701.0,12950.0,12100.0,5970.0,2440.0,6325.0,73100.0,26850.0,16242.0,3385.0,2690.0,28850.0,2910.0,38300.0,36600.0,68300.0,121500.0,61422.0,5180.0,42700.0,1600.0,2835.0,5290.0,23543.0,567000,2980.0,24300.0,3780.0,338448.0,26950.0,2400.0,15900.0,296500.0,40300.0,5592.0,9305.0,1365.0,1180.0,18200.0,7790.0,16517.0,8010.0,844.0,4687.0,3760.0,399000.0,9900.0,14208.0,3660.0,81675.0,6530.0,17300.0,5020.0,11200.0,16697.0,1269000.0,18230.0,11040.0,16950.0,4260.0,9060.0,85964.0,115478.0,3870.0,2135.0,27523.0,31479.0,6900.0,1180.0,3025.0,37240.0,119000.0,6514.0,69094.0,27500.0,59700.0,10650.0,11350.0,5162.0,1700.0,26700.0,4934.0,287000.0,11660.0,5460.0,3760.0,,12250.0,27279.0,24300.0,51300.0,11500.0,3660.0,17150.0,119500.0,41200.0,16287.0,,2455.0,6430.0,61543.0,3930.0,17444.0,10650.0,1399.0,18750.0,16150.0,6000.0,2876.0,1310.0,9737.0,44150.0,4948.0,4175.0,16200.0,39200.0,122282.0,164500.0,13094.0,53700.0,335000.0,36500.0,145500.0,,3961.0,13600.0,4905.0,7930.0,16500.0,7260.0,15050.0,22985.0,17616.0,6818.0,8360.0,11050.0,3345.0,52000.0,5193.0,4590.0,66700.0,215000.0,27250.0,12400.0,17550.0,207555.0,,242500.0,11700.0,14655.0,5690.0,4945.0,2730.0,6070.0,30350.0,33784.0,1235.0,72600.0,,3715.0,794000.0,6920.0,30220.0,2124.0,32900.0,39828.0,3080.0,4795,50742.0,22800.0,16979.0,12500.0,17450.0,15300.0,4165.0,19450.0,15250.0,4375.0,1050.0,4115.0,3000.0,2885.0,32250.0,2350.0,4841.0,1371.0,74400.0,,101952.0,1913.0,2580.0,22250.0,100000.0,4200.0,1874.0,2585.0,183500.0,1730.0,17400.0,5430.0,47500.0,5175.0,13650.0,2360.0,4490.0,8761.0,9300.0,43000.0,5075.0,33363.0,56400.0,3075.0,2040.0,12240.0,9954.0,3585.0,,5300.0,1555.0,2255.0,4905.0,3400.0,3480.0,119500.0,4630.0,11473.0,161000.0,10825.0,2772.0,67700.0,6033.0,2425.0,6250.0,13950.0,3105.0,4415.0,10650.0,20900.0,3970.0,,20400.0,89400.0,27613.0,20250.0,729.0,2678.0,7275.0,43200.0,273500.0,14257.0,3662.0,5710.0,10050.0,6620.0,100000.0,8320.0,2137.0,3150.0,24550.0,5170.0,3974.0,1085.0,1607.0,17150.0,4485.0,7810.0,,6620.0,27405.0,4950.0,877.0,24105.0,6120.0,5150.0,3205.0,7030.0,2900.0,9740.0,6550.0,4110.0,51666.0,2535.0,1090.0,1844.0,4031.0,7107.0,36800,7640.0,6750,8000.0,6468.0,37500.0,5600.0,5470.0,2885.0,21000.0,108000.0,35439.0,20133.0,11800.0,24000.0,3040.0,8550.0,33000.0,1610.0,5614.0,3195.0,8800.0,96000.0,4280.0,4660.0,5475.0,4573.0,35146.0,15750.0,7890.0,2980.0,58300.0,36695.0,188000.0,4250.0,12850.0,1136.0,94896.0,9121.0,12270.0,1235.0,1835.0,2958.0,4980.0,8302.0,16000.0,3770.0,16300.0,33250.0,39700.0,4970.0,3886.0,22145.0,4845.0,2370.0,95900.0,7840.0,2790.0,18528.0,8050.0,3405.0,6460.0,11000.0,5190.0,3320.0,21558.0,19000.0,6223.0,4700.0,49850.0,42500.0,1845.0,2755.0,4236.0,3745.0,23316.0,2428.0,4305.0,2711.0,2865.0,1650.0,2880.0,9784.0,65558.0,,4057.0,4895.0,68200.0,2880.0,23239.0,2165.0,8790.0,2180.0,2280.0,9870.0,5450.0,1920.0,10720.0,2890.0,7590.0,44850.0,40750.0,1360.0,6146.0,2370.0,13100.0,24316.0,213100.0,64700.0,20100.0,15132.0,22847.0,7860.0,33206,7710.0,2790.0,2125.0,48800.0,6170.0,22927.0,6610.0,2165.0,2100.0,11673.0,3141.0,7343.0,2015.0,13850.0,6892.0,597.0,5320.0,1035.0,5320.0,1410.0,2010.0,11000.0,6950.0,5050.0,3313.0,27750.0,5055.0,29950.0,9210.0,1370.0,5100.0,8110.0,22485.0,2540.0,122000.0,3155.0,19950.0,12547.0,23000.0,28561.0,16000.0,292000.0,11891.0,22650.0,52700.0,11200.0,19450.0,7780.0,4411.0,160227.0,7380.0,8120.0,18200.0,5480.0,8666.0,27397.0,224600.0,6245.0,11950.0,10350.0,8460.0,2885.0,41900.0,6880.0,,2375.0,46830.0,10459.0,183000,,15262.0,8890.0,436500.0,12400.0,1235.0,4600.0,5721.0,30795.0,9610.0,,3542.0,1875.0,6550.0,12650.0,7950.0,8300.0,6740.0,46600.0,1640.0,3970.0,7810.0,8450.0,5080.0,3275.0,10140.0,3905.0,9650.0,5000.0,9480.0,3350.0,95800.0,11682.0,3585.0,1928.0,8410.0,2995.0,19740.0,4353.0,16092,4140.0,780.0,11100.0,33200.0,10450.0,2120.0,35430.0,8010.0,5980.0,14300.0,1335.0,14200,9750.0,34550.0,7300.0,12871.0,7320.0,35950.0,12300.0,,133778.0,1765.0,4955.0,13000.0,13331.0,24950.0,7400.0,15947.0,5925.0,17959.0,32500.0,8910.0,1090.0,2804.0,3365.0,10550.0,3190.0,4175.0,6895.0,18500.0,13170.0,1033.0,3337.0,9060.0,157200.0,15224.0,1700.0,38550.0,5570.0,4551.0,14500.0,3362.0,2990.0,2070.0,12850.0,9140.0,1835,5409.0,6990,3960.0,5600.0,3703.0,30350.0,3910.0,2552.0,5610.0,18550.0,5400.0,700.0,2365.0,50100.0,24240.0,6164.0,512990,2864.0,8220.0,4555.0,3050.0,5790.0,2030.0,2500.0,10550.0,29140.0,16600.0,11655.0,9280.0,3330.0,4859.0,3155.0,4305.0,9870.0,71025.0,927.0,12098.0,719,27500,2040.0,2317.0,3113.0,8970.0,1360.0,68000.0,2155.0,4785.0,36700.0,58085.0,1173000.0,42915,3470.0,9275.0,1630.0,16700.0,3138.0,3245.0,18200.0,28057.0,15600.0,5730.0,1050.0,10150.0,1705.0,2317.0,42400,7590.0,13200.0,2005.0,4024.0,4880.0,5250.0,17574.0,1976,18177.0,11800.0,6180,9400.0,,50200.0,,6661.0,5750.0,2385.0,134355.0,29900.0,9734.0,8790.0,15800.0,12423.0,13000.0,2995.0,11950.0,7075.0,32950.0,2830,3965.0,4980.0,6180.0,2540.0,29995.0,2327.0,26165.0,9142.0,2600,,9900.0,18772,2855.0,11293.0,12100,5700.0,161500.0,6910.0,7343.0,2345.0,3175.0,3850.0,8220.0,3466.0,3680.0,6860.0,9081.0,14493.0,12665.0,12495,4054.0,3110.0,9435.0,11750.0,,26163.0,,72500.0,21309.0,8700.0,1330.0,10050.0,14779.0,44089.0,17400.0,4162.0,18850.0,5760.0,,22780.0,7510.0,68000.0,19000.0,3195.0,26116.0,6760.0,52249.0,4235.0,5686.0,,5250.0,,2069.0,4200.0,2458.0,14100.0,1525.0,9070.0,150000.0,31950.0,3475.0,13000.0,3422.0,3940.0,3210.0,4226,5110.0,6510.0,,4328.0,1545.0,90000.0,18800.0,3800.0,7630.0,3409.0,2320.0,23000.0,19350.0,5821.0,4107.0,168250.0,3670.0,2790.0,4945.0,4240.0,5588.0,2201.0,,149887.0,11800.0,16700,46033.0,,4065.0,2570.0,30350.0,4613.0,24000.0,6280.0,8523.0,9798.0,136000.0,23970.0,4790.0,97800.0,10950.0,2365.0,6477.0,5800.0,2985.0,11950.0,3986.0,38263.0,14821.0,3955.0,7400.0,3720.0,10749.0,4538.0,17500.0,9420.0,14650.0,2340.0,25682.0,847.0,,2240.0,15650.0,2890.0,2460.0,3230.0,16219.0,2500.0,4205.0,4095.0,8640.0,12150.0,7080.0,4150.0,38063.0,22400.0,6104.0,13650.0,29003,10392.0,61100.0,45252.0,6730.0,12305.0,30650.0,59500.0,4175.0,11400.0,4054.0,5470.0,13937.0,12400.0,6800.0,8340.0,4080,8360.0,35350.0,3780.0,8300.0,7760.0,2188.0,19884.0,1830.0,4515.0,9490.0,,2724.0,4894.0,7875.0,7011.0,15958.0,,,5030.0,5010.0,,3925.0,5612.0,8660.0,4399.0,,,,,,,10652.0,7140.0,6608.0,40580.0,29699.0,10200.0,10750.0,,8160.0,84655.0,13200.0,11400,13108.0,3873.0,4845.0,7630.0,4830.0,,,3600.0,1660.0,11950.0,12372.0,4698.0,5740.0,,,368517.0,4604.0,5670.0,266.0,10800.0,40050.0,,15750.0,5330.0,11308.0,4250.0,6280.0,8557.0,30812.0,2635.0,8650.0,4885,28144.0,2470.0,5065.0,2490.0,,13700.0,1356.0,,18150.0,309000.0,29200.0,18000.0,5475.0,6420.0,2320,2850.0,,,,,5260.0,6475.0,8890.0,,74051.0,10718.0,15250.0,7357.0,6695.0,72100.0,3530.0,5130.0,4647.0,,19817.0,,30700.0,6420.0,4808.0,14350.0,9912.0,3400.0,3615.0,8810.0,5387.0,900.0,12900.0,3393.0,5293.0,5400.0,6120.0,11950.0,4283.0,5530.0,3190.0,,38100.0,42054.0,275.0,15650.0,16308.0,11025.0,4557,219638.0,6931.0,203186.0,41542.0,12600.0,10526.0,7093.0,401000.0,4610.0,2084.0,11735.0,1540.0,24035.0,1139.0,1025.0,,4015.0,11150.0,39400.0,5430.0,11950.0,2944.0,5099.0,3090,67768.0,6780.0,6912.0,5611.0,691.0,4410.0,16150.0,3491.0,7990.0,25550.0,24900.0,8830.0,3045.0,4481.0,,,,9260.0,3885.0,1910.0,14340.0,,7700.0,35900.0,12085.0,5300.0,7705.0,46200.0,26391.0,52500.0,13200.0,,94600.0,9230.0,4325.0,7325.0,6100.0,5451.0,11434.0,2567.0,5743.0,199674.0,,,,,14750.0,,,34100.0,6806.0,2375.0,11174.0,8530.0,32650.0,161475,3255.0,32173,7750.0,6530.0,84500.0,11908.0,29394,7020.0,13889.0,13475.0,4190.0,8110.0,5260.0,32650.0,6200.0,367944.0,,17940.0,3865.0,24361.0,6392.0,4700.0,4570.0,13250,77200.0,12950.0,,16400.0,39856.0,3856.0,,3417.0,18523.0,4675.0,1000.0,30650.0,10450.0,14287.0,3100.0,28550.0,2135.0,13479.0,4230.0,19600.0,5100.0,4536.0,286702.0,20750.0,3110.0,,,4984.0,3650.0,4605.0,1355.0,12900.0,4725,3505.0,1165.0,3265.0,,3859.0,3070.0,8050.0,3060.0,86000.0,8290.0,12350.0,5380.0,15750.0,2225.0,9780,2070.0,6080.0,6280.0,4033.0,19850.0,3125.0,14500.0,3501,12050.0,58000.0,6793.0,33050.0,3861.0,7820.0,,7073.0,9880.0,37947,1320.0,,3590.0,12434.0,4185.0,14295.0,3100.0,4043.0,47379,1365.0,18067.0,5952.0,16258.0,7180.0,21000.0,4523.0,58000.0,5620.0,163346.0,987.0,65200.0,3715.0,50348.0,,7250.0,7900.0,7126.0,5980.0,4880.0,17300.0,1720,5022.0,5525.0,,5370.0,15708.0,5400.0,2920,2090.0,8329.0,23819.0,,1245.0,109715.0,8060.0,16550.0,53600.0,6850.0,86400.0,8031.0,17800.0,49000.0,4245.0,5780.0,91835.0,11800.0,4455.0,18561.0,5994.0,2305.0,1235.0,7830.0,41100.0,32150.0,,4185.0,21188.0,5630.0,11174.0,54000.0,6688.0,19400.0,3174.0,18393.0,2315.0,12338.0,5612.0,52000.0,9315.0,12353.0,92513.0,3225.0,9200.0,5366.0,10750.0,2937.0,14207.0,4223.0,,3420.0,5865.0,48300.0,14000.0,4370.0,25500.0,1023480.0,122530.0,15375.0,7025.0,13050.0,1555.0,55065.0,17400.0,75780.0,2433.0,2550.0,5736.0,37171.0,2048.0,32482.0,8254.0,16698.0,11400.0,8470.0,1758.0,,84120.0,,6220.0,8405.0,17850.0,5396.0,5135.0,498172.0,3108.0,8756.0,6585.0,12255.0,,20600.0,12147.0,7840.0,4017.0,10650.0,14800.0,26500.0,,48364.0,12832.0,9797.0,23550.0,57600.0,48620.0,9325.0,46200.0,12680.0,9323.0,35300.0,70841.0,2030.0,7713.0,14793.0,2187.0,15470.0,2190.0,1580.0,20900.0,7629.0,9780.0,2370.0,12196.0,6780.0,5132.0,9351.0,4445.0,24050.0,2010.0,14050.0,7730.0,21150.0,16450.0,10228.0,7406.0,136580.0,111075.0,5000.0,8730.0,5960.0,10050.0,10950.0,50900.0,9880.0,67750.0,15538.0,5182.0,2241.0,,14800.0,15550.0,10285.0,5320.0,,19900.0,12800.0,6550.0,1328.0,15950.0,20425.0,,,,7110.0,24150.0,12700.0,35100.0,8284.0,,13424.0,2030.0,9200.0,34600.0,35550.0,12850.0,31000.0,,10200.0,,45551.0,4960.0,2500.0,,,35050.0,,1870.0,15215.0,,6180.0,64500.0,,14000.0,2191.0,,,10120.0,,,10043.0,,26694.0,10500.0,,8550.0,38500.0,4260.0,7132.0,25468.0,6422.0,,2126.0,15150.0,34650.0,11175.0,51089.0,1802.0,,57000.0,4200.0,,114500.0,53597.0,,39629.0,23550.0,10120.0,,2280.0,,,3595.0,,,12500.0,,,,,,,,,,,,,,,,,,,,,,,,,,,,,,,,,,,,,,,,,,,,,,,,,,,,,,,,,,,1005.0,,1035.0,710.0,55525.0,41025.0,2475.0,899.0,9618.0,9290.0,124085.0,1238.0,1882500.0,17500.0,,7750.0,6620.0,109204.0,,
2017-12-31,9750.0,13900.0,33640.0,140000.0,13100.0,6177.0,,5860.0,8710.0,10525.0,3731.0,80200.0,120762.0,76500.0,101204.0,35319.0,18000.0,55600.0,18732.0,3910.0,19300.0,8970.0,12000.0,2580.0,38917.0,10720.0,2089.0,3086.0,3326.0,8014.0,4900.0,3465.0,29050.0,9720.0,23347.0,12250.0,11500.0,5900.0,2480.0,5325.0,72500.0,27550.0,15307.0,3440.0,2450.0,26650.0,2885.0,43050.0,34000.0,61400.0,114500.0,64304.0,4945.0,41150.0,1565.0,2645.0,5210.0,24326.0,553000,2900.0,22400.0,3640.0,334497.0,33000.0,1805.0,15150.0,288000.0,35800.0,5078.0,9230.0,1395.0,1080.0,19150.0,7500.0,15803.0,7700.0,822.0,4562.0,3560.0,384000.0,9510.0,14518.0,3475.0,82016.0,6060.0,19350.0,5130.0,11000.0,17827.0,1317000.0,16819.0,9660.0,16850.0,4030.0,8780.0,85964.0,114353.0,4275.0,2000.0,25999.0,36209.0,6550.0,1140.0,2920.0,39100.0,114500.0,7237.0,69293.0,24600.0,64900.0,9270.0,11100.0,4997.0,1700.0,27400.0,4787.0,300000.0,11660.0,5220.0,3795.0,,12600.0,28323.0,27000.0,51800.0,11700.0,3560.0,17400.0,113000.0,40900.0,15152.0,,2830.0,6630.0,63594.0,3685.0,15436.0,10100.0,1548.0,22700.0,16450.0,5640.0,2813.0,1021.0,11060.0,43700.0,5340.0,3935.0,16500.0,39250.0,133207.0,156000.0,21153.0,52800.0,332500.0,35850.0,156500.0,,3893.0,13050.0,5700.0,7590.0,15100.0,6380.0,15000.0,22171.0,19529.0,6909.0,7510.0,11300.0,3245.0,52000.0,5180.0,4035.0,72500.0,226000.0,28300.0,12050.0,15250.0,200212.0,,263500.0,11450.0,14435.0,5750.0,4565.0,2475.0,6110.0,29450.0,34468.0,1235.0,68300.0,,4000.0,806000.0,6399.0,39091.0,1951.0,30200.0,43128.0,3165.0,9200,48883.0,20975.0,17510.0,12000.0,13200.0,16900.0,3510.0,19700.0,14100.0,4005.0,990.0,3995.0,2835.0,2575.0,32700.0,2200.0,4266.0,1410.0,70800.0,,101126.0,1395.0,2560.0,19700.0,100000.0,4130.0,1739.0,2445.0,180000.0,2120.0,16150.0,5200.0,51300.0,5050.0,18300.0,2290.0,4535.0,7155.0,9200.0,41550.0,5025.0,36044.0,55500.0,3015.0,1980.0,13020.0,6106.0,3530.0,,5070.0,1398.0,2170.0,4295.0,3435.0,3300.0,117000.0,4570.0,11172.0,144000.0,9350.0,2776.0,65000.0,4690.0,2485.0,6500.0,13150.0,2935.0,4175.0,12400.0,22670.0,3875.0,,19500.0,99500.0,27613.0,19150.0,658.0,2564.0,6925.0,42750.0,263000.0,12322.0,3202.0,5800.0,9880.0,5990.0,107000.0,8089.0,1963.0,3600.0,22500.0,4980.0,3554.0,1030.0,1604.0,17300.0,4190.0,8330.0,,5750.0,24395.0,4440.0,845.0,23025.0,5740.0,4870.0,3400.0,7050.0,2770.0,9980.0,6180.0,4075.0,53805.0,2215.0,978.0,1648.0,4122.0,5406.0,36050,7580.0,6490,7940.0,6211.0,38150.0,5230.0,5200.0,2715.0,18050.0,112500.0,33597.0,24733.0,10750.0,22250.0,3485.0,7940.0,33000.0,1530.0,5468.0,3034.0,8310.0,94300.0,4225.0,5700.0,5000.0,4532.0,36280.0,17200.0,7050.0,2775.0,56900.0,35537.0,200000.0,4000.0,12050.0,1074.0,92573.0,10578.0,12920.0,1200.0,1710.0,2927.0,4955.0,8707.0,16400.0,3565.0,6030.0,31450.0,38300.0,6300.0,4017.0,21644.0,4865.0,2490.0,97700.0,8130.0,2440.0,17205.0,8350.0,3335.0,6340.0,12050.0,4920.0,110.0,21194.0,19250.0,6076.0,4545.0,49100.0,40950.0,1828.0,2775.0,3967.0,3710.0,20414.0,1997.0,3865.0,2564.0,2445.0,1410.0,2690.0,9752.0,65935.0,,4221.0,4800.0,66900.0,2790.0,21384.0,2140.0,10700.0,2175.0,2260.0,9015.0,5750.0,1820.0,9740.0,2790.0,6730.0,37000.0,15250.0,1325.0,6146.0,2230.0,12400.0,23215.0,216800.0,63400.0,21200.0,11745.0,19708.0,7890.0,30406,8650.0,2890.0,1965.0,48700.0,6040.0,21825.0,6610.0,1970.0,2035.0,9773.0,3067.0,7418.0,1995.0,14000.0,6380.0,590.0,5570.0,1110.0,5920.0,1785.0,2060.0,11250.0,6575.0,5100.0,3471.0,26650.0,4565.0,30450.0,8810.0,1370.0,5050.0,7580.0,22035.0,2925.0,115500.0,3225.0,19650.0,11744.0,25850.0,27636.0,14650.0,283000.0,12038.0,23175.0,54100.0,10300.0,19700.0,6940.0,4368.0,174247.0,7380.0,8240.0,18800.0,5490.0,7951.0,27498.0,231000.0,6405.0,13750.0,9250.0,8450.0,3320.0,42900.0,6280.0,,1760.0,51920.0,10619.0,180000,,15750.0,8740.0,447500.0,11600.0,1254.0,4570.0,5347.0,32377.0,10550.0,,4174.0,1770.0,6840.0,11050.0,8175.0,8170.0,7100.0,45900.0,1575.0,3640.0,9500.0,7750.0,4660.0,3085.0,10181.0,4455.0,9340.0,5270.0,9440.0,3250.0,109000.0,15881.0,3750.0,1992.0,9030.0,3005.0,26880.0,4068.0,12882,3995.0,780.0,10750.0,35450.0,10100.0,2095.0,30800.0,7520.0,5870.0,13750.0,1375.0,13250,9320.0,34700.0,7210.0,14403.0,7600.0,40100.0,12200.0,,130173.0,1710.0,4875.0,13300.0,14632.0,30550.0,7600.0,12349.0,5925.0,17529.0,34050.0,7830.0,956.0,2744.0,3215.0,10500.0,3190.0,4745.0,6399.0,20625.0,12210.0,831.0,3337.0,9070.0,177450.0,17028.0,1600.0,32900.0,5150.0,4524.0,13500.0,3585.0,3350.0,2105.0,13100.0,10950.0,1935,5176.0,6670,3670.0,5300.0,3378.0,27850.0,3755.0,2875.0,5920.0,18150.0,6030.0,700.0,2855.0,47450.0,20025.0,5916.0,501120,2483.0,7840.0,4410.0,2700.0,6180.0,2010.0,2010.0,8270.0,29450.0,16825.0,12229.0,9750.0,3360.0,4400.0,3035.0,4300.0,9820.0,80219.0,860.0,13005.0,719,27300,1905.0,2376.0,4290.0,9150.0,1360.0,44800.0,2137.0,4510.0,39800.0,47625.0,1189000.0,55029,3290.0,10050.0,2335.0,16350.0,3409.0,3460.0,23800.0,29367.0,17200.0,5590.0,1150.0,10800.0,1660.0,2040.0,38100,8600.0,13450.0,1971.0,3782.0,4240.0,5670.0,17275.0,2289,19070.0,11850.0,6180,8970.0,,53700.0,,5857.0,5540.0,2330.0,122100.0,24700.0,9261.0,7510.0,13600.0,11321.0,15400.0,3395.0,11950.0,6575.0,32000.0,2575,5810.0,5000.0,8150.0,2415.0,28250.0,2168.0,34642.0,7875.0,2538,,10200.0,19322,2850.0,11513.0,8400,6900.0,152000.0,6570.0,5951.0,2270.0,3020.0,4010.0,7500.0,4526.0,3500.0,7160.0,9205.0,11942.0,9523.0,12855,3857.0,2980.0,9615.0,14050.0,,24262.0,,92300.0,20355.0,8870.0,1195.0,12400.0,15543.0,35145.0,14550.0,4826.0,18750.0,6030.0,,23757.0,9000.0,77000.0,17025.0,2860.0,25813.0,6810.0,52249.0,4630.0,5309.0,,5660.0,,2148.0,3960.0,2615.0,13350.0,1500.0,8860.0,166000.0,46000.0,3280.0,14250.0,3612.0,3450.0,3080.0,4838,4745.0,6270.0,,3808.0,2067.0,106000.0,18300.0,3800.0,10950.0,3166.0,2330.0,24750.0,19200.0,6406.0,3669.0,176460.0,3640.0,2750.0,4920.0,4580.0,5628.0,2110.0,,168908.0,11950.0,9910,47174.0,,3935.0,2350.0,39050.0,3878.0,24550.0,6600.0,9735.0,9283.0,164500.0,21208.0,5240.0,104500.0,10450.0,2240.0,8366.0,5150.0,2825.0,12200.0,3927.0,35704.0,13889.0,4395.0,7000.0,3990.0,10648.0,4538.0,14625.0,9420.0,22250.0,2350.0,40197.0,800.0,,2105.0,16500.0,2815.0,2370.0,3165.0,14955.0,2890.0,3995.0,4830.0,9150.0,12050.0,6920.0,3580.0,51904.0,16600.0,6440.0,14500.0,29790,10791.0,62200.0,47026.0,6160.0,13169.0,32000.0,59800.0,3995.0,10950.0,3838.0,5870.0,12763.0,12300.0,8140.0,10100.0,3880,7864.0,30500.0,3038.0,8350.0,8450.0,2138.0,19787.0,1760.0,4325.0,12150.0,,2015.0,4846.0,7075.0,7011.0,15464.0,,,5000.0,4980.0,,3604.0,6189.0,7150.0,4574.0,,,,,,,11990.0,7360.0,6314.0,45956.0,28037.0,9950.0,10250.0,,7860.0,87717.0,12600.0,11600,20770.0,3393.0,4950.0,7020.0,4705.0,,,2805.0,1425.0,12800.0,12693.0,5003.0,6060.0,,,383463.0,5042.0,5400.0,266.0,10000.0,34485.0,,13650.0,5350.0,13502.0,4075.0,5670.0,10405.0,24024.0,2825.0,8440.0,4541,27035.0,2535.0,4838.0,2550.0,,14300.0,1293.0,,18350.0,304500.0,27300.0,17900.0,6150.0,7070.0,2335,2700.0,,,,,5600.0,7624.0,9440.0,,94008.0,11066.0,14550.0,6958.0,6000.0,65500.0,3330.0,4890.0,4360.0,,24144.0,4100.0,31300.0,6630.0,3768.0,13800.0,9912.0,3215.0,4815.0,8210.0,6504.0,835.0,12600.0,3155.0,5566.0,5190.0,5670.0,10950.0,4385.0,6590.0,2790.0,,38200.0,53022.0,294.0,16100.0,16836.0,10800.0,4295,219638.0,7193.0,201218.0,37014.0,13833.0,9897.0,6921.0,366000.0,4725.0,1901.0,12661.0,1680.0,20986.0,1219.0,1015.0,,3610.0,11350.0,40900.0,5720.0,11900.0,2891.0,5687.0,3055,66641.0,6360.0,6445.0,5461.0,476.0,4310.0,15450.0,3381.0,9390.0,21088.0,25800.0,8220.0,2840.0,4197.0,,,,7800.0,3605.0,1955.0,13983.0,,7550.0,34750.0,11350.0,4810.0,7872.0,48500.0,28500.0,52900.0,12250.0,,97100.0,9310.0,5073.0,6069.0,6640.0,5013.0,10186.0,2377.0,5689.0,186447.0,,,,,13100.0,,,31500.0,5072.0,2405.0,12432.0,7275.0,29250.0,148631,3191.0,31702,7830.0,6609.0,82290.0,13065.0,27478,6290.0,15020.0,12310.0,4260.0,6900.0,5280.0,30100.0,6030.0,240191.0,,31270.0,3765.0,25357.0,7064.0,5150.0,4100.0,13600,83000.0,12300.0,,17100.0,35385.0,3709.0,,3240.0,21650.0,4680.0,1000.0,28850.0,9010.0,14150.0,2590.0,28000.0,1800.0,11950.0,3630.0,17300.0,4900.0,4384.0,267783.0,22700.0,2945.0,,,5120.0,3950.0,4495.0,1260.0,13000.0,5320,3500.0,1225.0,3155.0,,3941.0,3020.0,7970.0,2700.0,97700.0,7920.0,12450.0,5250.0,16700.0,2800.0,10000,2070.0,6080.0,5880.0,3189.0,41200.0,3120.0,15400.0,3551,12350.0,55000.0,6920.0,33200.0,3600.0,9071.0,,4890.0,9009.0,37669,3390.0,,3745.0,13318.0,4015.0,23469.0,3100.0,4056.0,51010,1505.0,20143.0,5559.0,17858.0,7340.0,21350.0,3784.0,50000.0,5220.0,190831.0,907.0,62300.0,4050.0,44342.0,,7970.0,7800.0,6379.0,7310.0,5360.0,16800.0,1710,4914.0,5175.0,,5500.0,15607.0,5170.0,2885,1670.0,8663.0,22722.0,,1030.0,79625.0,9150.0,17050.0,54600.0,6200.0,82000.0,7792.0,18500.0,46600.0,3970.0,5980.0,89673.0,14250.0,4130.0,16755.0,5954.0,2330.0,1250.0,7410.0,38200.0,32850.0,,3440.0,20228.0,5530.0,10968.0,47250.0,6469.0,18300.0,2867.0,18167.0,2010.0,11000.0,5234.0,53300.0,10685.0,13127.0,95265.0,3614.0,8530.0,5100.0,10350.0,2447.0,13420.0,5037.0,,3400.0,4762.0,49950.0,15300.0,4060.0,25500.0,924607.0,114688.0,15200.0,6400.0,14650.0,1745.0,64641.0,16500.0,71250.0,2270.0,2604.0,5686.0,42895.0,1831.0,40500.0,9089.0,17096.0,10050.0,7970.0,1664.0,,77400.0,,5500.0,10275.0,17900.0,5280.0,5430.0,539625.0,3160.0,11958.0,6537.0,14501.0,,19000.0,12976.0,8530.0,3703.0,10300.0,14000.0,25100.0,,44637.0,13712.0,9210.0,22000.0,58900.0,38034.0,8900.0,44850.0,12045.0,11404.0,35100.0,59942.0,2025.0,7976.0,14416.0,2137.0,17629.0,2190.0,1495.0,21400.0,8151.0,8679.0,3165.0,16391.0,6240.0,5732.0,9559.0,4100.0,21900.0,2015.0,13050.0,7100.0,21900.0,14800.0,10037.0,6556.0,112849.0,96817.0,5000.0,8850.0,6040.0,9725.0,8650.0,45400.0,9830.0,70125.0,14817.0,5530.0,2280.0,,9940.0,14600.0,10230.0,4975.0,,18500.0,14900.0,6290.0,1192.0,16500.0,21050.0,7637.0,,,6970.0,23400.0,12700.0,33050.0,7858.0,,11997.0,2000.0,9200.0,33400.0,35800.0,12000.0,32500.0,42450.0,10100.0,,51240.0,4700.0,2850.0,,,34900.0,,1720.0,15065.0,,5805.0,65000.0,,15000.0,2202.0,,,9975.0,,20570.0,10018.0,,24036.0,8900.0,,7050.0,49520.0,4000.0,6005.0,19571.0,8725.0,,2116.0,14050.0,35100.0,8900.0,49357.0,1789.0,,58400.0,4200.0,,104500.0,44378.0,,39319.0,20250.0,10120.0,,2296.0,,,3595.0,1806.0,210000.0,10150.0,,,,,,,,,,,,,,,,,,,,,,,,,,,,,,,,,,,,,,,,,,,,,,,,,,,,,,,,,,,951.0,,976.0,679.0,51474.0,32855.0,2531.0,458.0,8736.0,8555.0,107825.0,1428.0,1515000.0,15875.0,,7200.0,6000.0,103794.0,,
2018-01-31,10800.0,14500.0,35791.0,145000.0,15350.0,7163.0,,5860.0,8680.0,11443.0,4658.0,87500.0,140104.0,73500.0,99884.0,41741.0,19150.0,61700.0,18007.0,4440.0,19900.0,9930.0,14800.0,4235.0,42784.0,11371.0,2307.0,3424.0,3724.0,8014.0,5390.0,3915.0,31750.0,12572.0,26466.0,16500.0,12150.0,5830.0,2980.0,6450.0,78200.0,26750.0,21448.0,4445.0,2475.0,27250.0,2950.0,46150.0,36700.0,61400.0,134500.0,60336.0,4980.0,44450.0,1765.0,2685.0,6100.0,25513.0,637000,3100.0,24200.0,4430.0,369176.0,38300.0,2010.0,16350.0,245500.0,37600.0,5666.0,9825.0,1515.0,1325.0,21300.0,12350.0,16740.0,8630.0,833.0,5137.0,3695.0,382500.0,10100.0,16980.0,3755.0,89092.0,6050.0,19300.0,4975.0,11300.0,18873.0,1379000.0,19583.0,10140.0,17150.0,4155.0,9820.0,84170.0,122006.0,5120.0,2040.0,29859.0,44944.0,6820.0,1190.0,2940.0,40400.0,117000.0,8563.0,69492.0,26050.0,76800.0,9470.0,11350.0,5385.0,1905.0,23050.0,5170.0,343000.0,11422.0,5690.0,6020.0,,13600.0,32891.0,24200.0,51500.0,14400.0,3910.0,17450.0,119500.0,39950.0,14473.0,,2835.0,6680.0,61543.0,4270.0,22700.0,10300.0,1643.0,24800.0,16050.0,6310.0,2904.0,1111.0,10667.0,50200.0,5952.0,4350.0,17900.0,42500.0,151950.0,162000.0,23047.0,53400.0,380500.0,40150.0,158500.0,,4673.0,13700.0,6110.0,7600.0,15850.0,6830.0,14650.0,22985.0,21562.0,6931.0,7980.0,12250.0,3300.0,50900.0,5307.0,4135.0,79000.0,236500.0,33250.0,11900.0,16550.0,192869.0,,331500.0,11900.0,15860.0,6050.0,4820.0,2975.0,6310.0,30850.0,33313.0,1220.0,71900.0,,4350.0,770000.0,6719.0,41797.0,2625.0,33500.0,47436.0,3385.0,19200,48186.0,23100.0,16952.0,13500.0,12450.0,16900.0,3540.0,19800.0,15050.0,4115.0,1100.0,4020.0,2990.0,2765.0,35800.0,4460.0,2785.0,1449.0,77000.0,,95658.0,1588.0,2605.0,21900.0,106500.0,4460.0,1781.0,2715.0,170500.0,2055.0,18750.0,5960.0,68000.0,5425.0,23450.0,3365.0,5480.0,6908.0,10800.0,42950.0,5925.0,40150.0,56300.0,3235.0,2000.0,13780.0,7655.0,4660.0,,5380.0,1513.0,2340.0,4575.0,7050.0,3710.0,123000.0,4640.0,13477.0,125500.0,10325.0,2842.0,61900.0,6366.0,3495.0,8150.0,13550.0,2685.0,4440.0,12400.0,37670.0,4175.0,,20950.0,103000.0,27613.0,19100.0,744.0,2812.0,7750.0,43850.0,247500.0,14494.0,3437.0,5970.0,10750.0,6070.0,99400.0,8685.0,2125.0,3680.0,26000.0,5290.0,3975.0,1130.0,1721.0,19200.0,4230.0,10800.0,,6070.0,30746.0,6370.0,835.0,22184.0,6890.0,5040.0,3485.0,7830.0,2735.0,11700.0,6460.0,4105.0,57388.0,3410.0,1070.0,1806.0,4171.0,6045.0,37500,8940.0,7990,7700.0,6716.0,35750.0,5950.0,5480.0,2780.0,20250.0,110200.0,38069.0,35333.0,11000.0,24550.0,3720.0,8240.0,34600.0,1890.0,5902.0,3088.0,9220.0,92500.0,4285.0,8400.0,6375.0,4147.0,40148.0,16850.0,9030.0,3045.0,59300.0,33322.0,256500.0,5310.0,13300.0,1179.0,104169.0,11826.0,12130.0,1285.0,2140.0,3124.0,4320.0,11199.0,16360.0,3920.0,5920.0,32350.0,38850.0,6550.0,4207.0,25820.0,4900.0,5550.0,95200.0,8950.0,2695.0,18355.0,9080.0,3220.0,6510.0,13900.0,6450.0,,21485.0,25050.0,6457.0,4825.0,48600.0,46700.0,1788.0,2845.0,4016.0,3760.0,25668.0,2225.0,3965.0,2796.0,2665.0,1625.0,2765.0,11331.0,64332.0,,4453.0,4690.0,69600.0,2780.0,23239.0,2250.0,12350.0,2110.0,2455.0,10881.0,5100.0,2275.0,8360.0,2810.0,6990.0,46650.0,15350.0,1365.0,6448.0,1995.0,17500.0,23540.0,221000.0,71000.0,21250.0,10269.0,21879.0,7760.0,36488,12200.0,3145.0,1985.0,62200.0,5640.0,20765.0,6610.0,2275.0,2120.0,11492.0,3244.0,11003.0,2065.0,14300.0,7259.0,655.0,6210.0,1150.0,6770.0,1800.0,2340.0,12000.0,6725.0,5780.0,3805.0,25900.0,4610.0,33550.0,10000.0,1370.0,8320.0,9000.0,34250.0,7200.0,106500.0,4305.0,19850.0,13006.0,28600.0,29762.0,16850.0,318500.0,15969.0,29100.0,55600.0,9440.0,21175.0,7160.0,4505.0,182258.0,7380.0,12500.0,20550.0,6440.0,9923.0,28100.0,224700.0,7602.0,15650.0,10250.0,11600.0,5840.0,43650.0,7220.0,,1900.0,66660.0,11590.0,170000,,15550.0,8890.0,442000.0,13300.0,2308.0,4880.0,5455.0,29260.0,14000.0,,3949.0,1875.0,7180.0,12500.0,9250.0,15550.0,9410.0,48600.0,1760.0,3845.0,10150.0,7700.0,5600.0,3440.0,20196.0,4575.0,10600.0,5570.0,11000.0,3400.0,93000.0,18440.0,8115.0,2100.0,10100.0,5200.0,26367.0,4203.0,13685,4420.0,780.0,12100.0,40450.0,11100.0,2170.0,32920.0,7570.0,6540.0,13000.0,1685.0,13950,9920.0,38600.0,7280.0,12450.0,7920.0,42150.0,16300.0,,130574.0,1710.0,5830.0,13850.0,19285.0,29050.0,6220.0,21544.0,5925.0,19713.0,37950.0,8120.0,977.0,2693.0,3245.0,11100.0,3190.0,5530.0,6804.0,20500.0,12580.0,844.0,3749.0,9760.0,163400.0,21252.0,1765.0,36400.0,5540.0,4880.0,13450.0,3835.0,3765.0,2880.0,18000.0,12500.0,1905,5738.0,8940,3965.0,4980.0,4379.0,24500.0,3810.0,3541.0,6200.0,24100.0,6260.0,1005.0,4145.0,52600.0,22890.0,7740.0,489250,2723.0,8520.0,4570.0,3295.0,7030.0,2200.0,2860.0,9590.0,34700.0,18825.0,12804.0,9650.0,4000.0,4548.0,2970.0,4480.0,10050.0,73497.0,980.0,13960.0,719,24300,1975.0,2407.0,5059.0,9870.0,1360.0,35300.0,2460.0,4490.0,35250.0,46515.0,1177000.0,38837,3490.0,11875.0,2230.0,15250.0,3640.0,3565.0,23900.0,29219.0,20750.0,6400.0,1300.0,11400.0,1675.0,1966.0,41300,10150.0,14650.0,1891.0,3968.0,4675.0,7230.0,19080.0,2345,19117.0,12700.0,4250,10400.0,,56000.0,,9328.0,4200.0,2755.0,201765.0,24450.0,11271.0,8350.0,14800.0,12423.0,15350.0,6150.0,12500.0,7075.0,27950.0,4430,5860.0,5260.0,9090.0,2670.0,34745.0,2435.0,33799.0,9097.0,3238,,10550.0,12539,3200.0,12254.0,12000,8530.0,158000.0,6770.0,7095.0,2355.0,3400.0,4250.0,8250.0,4257.0,4380.0,7810.0,10438.0,15923.0,9380.0,12540,3975.0,3230.0,9925.0,15650.0,,25763.0,,67900.0,24932.0,10100.0,1360.0,13100.0,13698.0,37286.0,14050.0,5182.0,17150.0,6240.0,,26314.0,10600.0,70000.0,17800.0,3775.0,27218.0,6640.0,52249.0,6750.0,6439.0,,5010.0,,2515.0,3905.0,2656.0,13650.0,1585.0,9000.0,158750.0,65400.0,3680.0,15600.0,5483.0,3895.0,3505.0,4602,5330.0,7120.0,,3718.0,2002.0,102500.0,21350.0,3940.0,12850.0,4206.0,2435.0,30800.0,22100.0,7634.0,3663.0,208380.0,3850.0,2750.0,4850.0,5070.0,6571.0,2519.0,,241179.0,11100.0,12350,75158.0,,4065.0,2860.0,29750.0,4301.0,25400.0,7300.0,10106.0,10776.0,180500.0,22366.0,5990.0,104000.0,10400.0,2310.0,9737.0,5550.0,3610.0,14300.0,4148.0,49233.0,14699.0,4480.0,7370.0,3755.0,11878.0,4785.0,21575.0,9120.0,19050.0,2605.0,50916.0,861.0,,2770.0,14450.0,3273.0,2490.0,3435.0,16182.0,3575.0,4025.0,5200.0,8680.0,14250.0,6740.0,3580.0,51017.0,18400.0,6898.0,16800.0,37360,11768.0,69400.0,48357.0,6830.0,28451.0,29100.0,58600.0,4670.0,11600.0,4530.0,6900.0,12212.0,13050.0,9500.0,11900.0,4055,10823.0,33300.0,5279.0,12000.0,8790.0,2270.0,29440.0,1890.0,4360.0,12200.0,,2450.0,5060.0,7525.0,7011.0,15218.0,,,5010.0,5010.0,,3625.0,5963.0,7290.0,5786.0,,,,,,,13631.0,7820.0,6768.0,55791.0,26452.0,10150.0,11200.0,,7800.0,143421.0,14600.0,14000,35864.0,3467.0,4830.0,10900.0,5430.0,,,4000.0,1990.0,12200.0,14094.0,5098.0,7600.0,,,480811.0,5317.0,5350.0,266.0,10900.0,40350.0,,16050.0,5850.0,15304.0,4240.0,8680.0,9392.0,25275.0,3040.0,8300.0,4590,29521.0,2605.0,5547.0,3500.0,,18450.0,2915.0,,22050.0,299500.0,19550.0,17750.0,6650.0,12050.0,3155,3360.0,,,,,6250.0,8023.0,10200.0,,118592.0,12097.0,14850.0,7540.0,6465.0,67100.0,3795.0,4785.0,5153.0,,25347.0,4660.0,34250.0,7300.0,4388.0,16050.0,10547.0,3450.0,7100.0,8250.0,6082.0,899.0,14200.0,4194.0,6256.0,5270.0,6370.0,11300.0,4976.0,4645.0,3860.0,,35050.0,56581.0,336.0,16200.0,19198.0,12225.0,4927,296948.0,7950.0,201218.0,41598.0,16767.0,11701.0,7470.0,358500.0,4610.0,2121.0,13762.0,1660.0,23279.0,1659.0,1045.0,,6080.0,12500.0,44000.0,5980.0,12700.0,2882.0,5917.0,3470,60377.0,5680.0,6702.0,5336.0,514.0,4715.0,17100.0,3646.0,16831.0,24373.0,20600.0,8870.0,3790.0,4486.0,,,,9500.0,4035.0,2185.0,16304.0,,7390.0,31250.0,11525.0,5100.0,9006.0,55500.0,27250.0,53700.0,13850.0,,91500.0,9540.0,5891.0,6867.0,6810.0,5522.0,11334.0,3507.0,7045.0,227612.0,,,,,15100.0,,,31900.0,5346.0,2870.0,17889.0,7590.0,30450.0,172948,3506.0,33229,7545.0,6214.0,80900.0,15614.0,27428,7080.0,17922.0,13955.0,5530.0,8060.0,5770.0,32000.0,6000.0,278001.0,,33100.0,5270.0,30122.0,7712.0,5600.0,4620.0,15650,85000.0,13650.0,,19900.0,32554.0,3904.0,,3834.0,17641.0,4540.0,1000.0,29600.0,10150.0,14350.0,3185.0,26600.0,2835.0,16900.0,4050.0,18800.0,5010.0,4871.0,371351.0,22300.0,3760.0,,,6480.0,4340.0,4894.0,1305.0,14650.0,9070,4905.0,1330.0,3355.0,,4964.0,3235.0,7990.0,3175.0,90400.0,13250.0,13275.0,5530.0,17050.0,3010.0,12000,2505.0,6180.0,5790.0,4210.0,62400.0,3520.0,17000.0,3501,14400.0,11000.0,7883.0,30350.0,4718.0,9424.0,,7047.0,9662.0,36557,6510.0,,4470.0,13485.0,4600.0,24354.0,2955.0,3623.0,52913,1680.0,30778.0,5968.0,22996.0,7710.0,23350.0,4197.0,81900.0,6090.0,192707.0,888.0,69000.0,4360.0,50127.0,,9020.0,7850.0,8724.0,8160.0,7150.0,17300.0,1615,5751.0,5100.0,,5880.0,12159.0,5690.0,2780,1890.0,9035.0,23453.0,,930.0,90270.0,10100.0,15650.0,53500.0,6940.0,89500.0,8130.0,16300.0,46100.0,4140.0,8000.0,107141.0,14450.0,3875.0,16421.0,5587.0,2335.0,1250.0,7900.0,40450.0,36000.0,,3780.0,21638.0,5430.0,11010.0,43850.0,7864.0,23200.0,3159.0,21029.0,2090.0,12950.0,4959.0,81900.0,15120.0,17369.0,100768.0,4114.0,9000.0,6160.0,11050.0,2925.0,14484.0,7053.0,,3540.0,7519.0,58200.0,24350.0,4675.0,19680.0,929731.0,126451.0,17925.0,8275.0,15300.0,1915.0,94383.0,18600.0,78780.0,2595.0,4092.0,5711.0,94414.0,2262.0,41156.0,10456.0,18965.0,10900.0,10400.0,2612.0,,84510.0,,5870.0,13200.0,20450.0,7612.0,6195.0,637806.0,3512.0,14510.0,6411.0,41514.0,,24100.0,12783.0,8840.0,4077.0,12950.0,15500.0,26400.0,,47629.0,14720.0,10897.0,24150.0,61800.0,39876.0,11025.0,50300.0,12500.0,14405.0,37650.0,67891.0,2040.0,9551.0,16206.0,2814.0,24585.0,2190.0,1645.0,20450.0,9195.0,9780.0,3705.0,19757.0,6620.0,10564.0,14313.0,4395.0,22400.0,2025.0,14400.0,7680.0,26000.0,17350.0,9409.0,7106.0,136049.0,113838.0,7000.0,10500.0,5890.0,10925.0,9650.0,63400.0,9880.0,78500.0,17140.0,7173.0,2280.0,,13900.0,15500.0,10335.0,5250.0,,21200.0,22350.0,7360.0,1243.0,16200.0,26800.0,11186.0,,,6650.0,25100.0,15000.0,43650.0,8186.0,,11320.0,2010.0,9530.0,32950.0,37000.0,13175.0,33050.0,38600.0,11550.0,,57874.0,5540.0,4000.0,,,43550.0,,1860.0,15065.0,,14690.0,79100.0,,21500.0,2202.0,,,10325.0,,19652.0,10018.0,,26576.0,8100.0,,12000.0,50240.0,5190.0,7403.0,22758.0,7607.0,8530.0,2148.0,14850.0,35300.0,9300.0,53254.0,1807.0,,59700.0,3090.0,,117000.0,52811.0,,32514.0,24100.0,10245.0,,3080.0,,,3595.0,1844.0,220000.0,13400.0,,38500.0,76728.0,,,,,,,,,,,,,,,,,,,,,,,,,,,,,,,,,,,,,,,,,,,,,,,,,,,,,,,,875.0,,963.0,773.0,51999.0,34756.0,2917.0,566.0,9458.0,9135.0,109575.0,1569.0,1670000.0,17500.0,,9850.0,6180.0,113212.0,,
2018-02-28,11400.0,14050.0,31951.0,132500.0,13950.0,6800.0,,5820.0,8410.0,10319.0,7218.0,76300.0,125009.0,76800.0,95079.0,37459.0,18200.0,54700.0,17257.0,3935.0,20050.0,9740.0,15300.0,3215.0,36598.0,12857.0,2041.0,3325.0,3488.0,9216.0,4510.0,4260.0,28500.0,11455.0,24890.0,15450.0,11900.0,5780.0,2715.0,6500.0,72500.0,24400.0,20202.0,4115.0,2300.0,25500.0,3280.0,36850.0,34200.0,55600.0,115500.0,58677.0,4875.0,42950.0,1860.0,2365.0,5770.0,23770.0,585000,3050.0,22750.0,4830.0,318255.0,34450.0,1855.0,15650.0,234000.0,31850.0,5004.0,9775.0,1540.0,1410.0,19300.0,11400.0,17276.0,7410.0,1000.0,5151.0,3540.0,361500.0,10150.0,14673.0,3530.0,74258.0,6010.0,18550.0,4985.0,11050.0,20605.0,1318000.0,14996.0,8420.0,16300.0,3915.0,8780.0,81430.0,122456.0,5930.0,1935.0,27472.0,40531.0,6710.0,1085.0,3120.0,40340.0,116000.0,7613.0,68199.0,28450.0,70600.0,10000.0,10900.0,5230.0,1805.0,19900.0,5196.0,343000.0,10909.0,5600.0,6440.0,,13800.0,32238.0,23950.0,53400.0,12400.0,4280.0,17000.0,122000.0,37650.0,12475.0,,4635.0,6490.0,56984.0,3790.0,23010.0,9490.0,1617.0,20850.0,15150.0,5520.0,2512.0,1242.0,8089.0,53400.0,5984.0,3910.0,17550.0,41100.0,155759.0,161500.0,20750.0,47750.0,361500.0,41500.0,133500.0,,4745.0,12550.0,6100.0,7280.0,14600.0,6250.0,13650.0,23033.0,19130.0,6569.0,6890.0,12900.0,3365.0,45000.0,5193.0,4105.0,76000.0,217000.0,29200.0,10500.0,14800.0,167414.0,13046.0,313000.0,12100.0,15885.0,6230.0,4575.0,3015.0,8550.0,31250.0,30790.0,1130.0,70400.0,,3670.0,707000.0,7581.0,39392.0,2279.0,31300.0,43016.0,3380.0,15900,47566.0,20800.0,15757.0,13050.0,10800.0,15000.0,3385.0,19950.0,14500.0,3935.0,998.0,4375.0,2820.0,2645.0,32900.0,3770.0,2001.0,2122.0,82900.0,,76527.0,1477.0,2570.0,33100.0,92600.0,4520.0,1739.0,3165.0,149500.0,2340.0,19750.0,5810.0,62600.0,5100.0,18200.0,3550.0,6550.0,5676.0,10050.0,40300.0,5375.0,37869.0,53900.0,3140.0,2120.0,11160.0,7122.0,4430.0,,5070.0,1654.0,2195.0,4575.0,7740.0,3890.0,123500.0,4100.0,11748.0,132000.0,9275.0,2856.0,58100.0,5560.0,2995.0,6560.0,13950.0,2160.0,4305.0,13600.0,34770.0,3750.0,,18850.0,90600.0,27613.0,18100.0,695.0,2445.0,8175.0,44150.0,228000.0,13201.0,3161.0,5600.0,10400.0,5810.0,96000.0,8653.0,2022.0,4370.0,24650.0,4685.0,3329.0,1125.0,1558.0,18900.0,4140.0,9400.0,,5340.0,28226.0,6060.0,851.0,22154.0,6240.0,5000.0,3350.0,11550.0,2620.0,12300.0,6410.0,3905.0,53169.0,2935.0,1140.0,1616.0,3603.0,6215.0,36500,8800.0,7600,7490.0,6611.0,33100.0,5620.0,5280.0,2565.0,18600.0,109000.0,36834.0,32967.0,9950.0,24750.0,3895.0,7770.0,33200.0,2040.0,8414.0,3131.0,7490.0,88100.0,4165.0,6660.0,6275.0,5744.0,39147.0,14850.0,8380.0,3195.0,60000.0,32567.0,238000.0,6190.0,12350.0,1083.0,92573.0,11841.0,11619.0,1235.0,2060.0,3300.0,4075.0,9608.0,16100.0,3795.0,5250.0,29150.0,32600.0,6975.0,5373.0,24054.0,6850.0,5040.0,86600.0,8200.0,2630.0,16687.0,7810.0,3140.0,6430.0,14750.0,6030.0,,22905.0,23200.0,7324.0,4720.0,48150.0,42850.0,1825.0,2730.0,3864.0,3835.0,22916.0,2210.0,3890.0,2657.0,2575.0,1530.0,2705.0,10955.0,64049.0,,4073.0,4525.0,63900.0,2735.0,22848.0,2255.0,12300.0,3390.0,2350.0,10710.0,5410.0,2065.0,8040.0,2630.0,6890.0,38900.0,12550.0,1320.0,6760.0,1715.0,16050.0,26467.0,201900.0,66300.0,18600.0,7577.0,32878.0,7870.0,56470,11100.0,3490.0,1860.0,52400.0,4660.0,23520.0,6610.0,2380.0,2325.0,12488.0,3084.0,9643.0,2095.0,12550.0,7558.0,622.0,5860.0,1155.0,6380.0,771.0,2365.0,11650.0,6700.0,5270.0,3324.0,20900.0,4400.0,27950.0,8960.0,1370.0,8800.0,8130.0,34750.0,7840.0,99800.0,3500.0,18700.0,11438.0,24000.0,27590.0,14950.0,284500.0,14249.0,27900.0,56600.0,8740.0,20650.0,6990.0,6407.0,160828.0,7380.0,16700.0,19800.0,6230.0,9620.0,25691.0,210800.0,7492.0,16900.0,9070.0,9440.0,4370.0,41200.0,8740.0,,2005.0,71790.0,23019.0,167800,,14650.0,8320.0,375000.0,12250.0,1881.0,4740.0,5504.0,27917.0,11900.0,,4061.0,1785.0,9210.0,10150.0,9075.0,12500.0,9000.0,44600.0,1675.0,4010.0,10200.0,7900.0,6110.0,3165.0,26346.0,4285.0,10400.0,5270.0,13600.0,3690.0,79800.0,18102.0,6900.0,2090.0,8380.0,4505.0,24850.0,4046.0,11999,4385.0,98.0,11500.0,37700.0,9870.0,2090.0,29070.0,7410.0,7140.0,11450.0,2080.0,12100,8580.0,36750.0,6860.0,12465.0,7660.0,42300.0,14000.0,45720.0,107743.0,1520.0,5820.0,12900.0,18784.0,28000.0,5500.0,22210.0,5900.0,18362.0,40550.0,7240.0,939.0,2523.0,3315.0,10400.0,3190.0,4920.0,6545.0,17900.0,12850.0,737.0,3337.0,9210.0,282275.0,19052.0,1740.0,33350.0,5110.0,4764.0,15000.0,3944.0,4250.0,2890.0,19100.0,16100.0,1715,5418.0,8110,3590.0,5320.0,4454.0,23850.0,3995.0,2845.0,5220.0,20200.0,5450.0,918.0,3710.0,50300.0,21165.0,7390.0,425660,3001.0,11050.0,4565.0,2865.0,7040.0,2655.0,2990.0,10300.0,30300.0,16800.0,11505.0,8920.0,3720.0,4636.0,3020.0,4040.0,9730.0,94201.0,1070.0,14229.0,719,23150,2095.0,2348.0,4154.0,9350.0,1360.0,27800.0,2342.0,4535.0,36700.0,42865.0,1100000.0,47054,3290.0,10900.0,1490.0,14050.0,3469.0,3185.0,23350.0,24006.0,22400.0,5540.0,1080.0,10750.0,1665.0,1907.0,43800,11700.0,13050.0,1801.0,3637.0,4550.0,6450.0,17275.0,1929,17191.0,11350.0,2555,9680.0,,73800.0,,11040.0,3860.0,2470.0,260295.0,25850.0,11153.0,8610.0,14350.0,11522.0,15000.0,4810.0,15700.0,7125.0,25700.0,3535,5020.0,5300.0,7850.0,2235.0,30220.0,2262.0,25323.0,12057.0,3138,,10150.0,14719,2670.0,11693.0,10650,10150.0,139500.0,6640.0,6704.0,2255.0,3000.0,4050.0,7010.0,4442.0,4075.0,7050.0,10136.0,19206.0,8930.0,11130,3782.0,3180.0,10615.0,12450.0,,26913.0,,71800.0,22787.0,10000.0,1685.0,11150.0,13830.0,35082.0,11950.0,5136.0,15450.0,5250.0,,24359.0,11800.0,74200.0,17500.0,3010.0,24435.0,6300.0,52249.0,5710.0,7766.0,,4790.0,,2069.0,4035.0,4345.0,12200.0,1660.0,8570.0,164750.0,62000.0,3490.0,14600.0,4492.0,3440.0,3640.0,4861,5330.0,6930.0,,3676.0,4872.0,99900.0,22250.0,3790.0,11800.0,3963.0,2463.0,27000.0,26150.0,6697.0,3766.0,186950.0,3740.0,2990.0,4515.0,4790.0,5677.0,2423.0,,269674.0,9980.0,10900,68683.0,,3985.0,2410.0,26500.0,4301.0,26850.0,8390.0,8758.0,14636.0,183000.0,17822.0,5810.0,91400.0,8060.0,2190.0,8732.0,4920.0,3875.0,12050.0,3905.0,44737.0,14011.0,4140.0,7000.0,3940.0,11356.0,4995.0,29550.0,8500.0,17250.0,2450.0,53187.0,1020.0,,2470.0,14350.0,3176.0,2365.0,3040.0,14058.0,3050.0,3910.0,4425.0,8080.0,13950.0,6350.0,3530.0,45693.0,19350.0,7632.0,14900.0,28905,9593.0,66100.0,44808.0,6540.0,22503.0,25150.0,49000.0,4115.0,10350.0,4314.0,6650.0,11945.0,11650.0,9350.0,11250.0,3790,9695.0,40000.0,4556.0,10100.0,7930.0,2313.0,24710.0,1900.0,4190.0,11450.0,,2354.0,4632.0,6725.0,7011.0,16102.0,,,5020.0,5010.0,,3900.0,6339.0,6610.0,6411.0,,,,,,,14034.0,8870.0,6001.0,51741.0,23781.0,9720.0,10550.0,,6910.0,125695.0,18550.0,13150,30140.0,3190.0,4485.0,10600.0,6630.0,,,5400.0,2155.0,14150.0,13533.0,4450.0,9490.0,,,477648.0,4579.0,5800.0,266.0,9500.0,71220.0,,13650.0,5540.0,12765.0,4065.0,6570.0,9797.0,24469.0,2860.0,8240.0,5760,33497.0,2930.0,4878.0,3345.0,,14650.0,2163.0,,19000.0,281500.0,20200.0,17300.0,6225.0,12800.0,2540,4220.0,,,,,5570.0,7497.0,9330.0,,103530.0,11263.0,13650.0,7340.0,6000.0,64600.0,4270.0,4600.0,4787.0,,27088.0,4725.0,29150.0,6650.0,4695.0,15700.0,9190.0,3390.0,7070.0,7810.0,5719.0,869.0,13400.0,3489.0,5303.0,5760.0,6030.0,13650.0,4740.0,4320.0,4205.0,,33450.0,65224.0,300.0,16250.0,17238.0,11175.0,4768,216124.0,7066.0,202202.0,37461.0,15733.0,12707.0,6853.0,338000.0,4100.0,2053.0,13812.0,1555.0,20609.0,1494.0,900.0,,8390.0,11100.0,41850.0,5900.0,13500.0,2718.0,4998.0,2905,62632.0,5500.0,6249.0,5119.0,546.0,4940.0,15500.0,3550.0,12402.0,21823.0,19700.0,7250.0,3585.0,4174.0,,,,8930.0,4015.0,2095.0,14876.0,,7380.0,33350.0,12350.0,5140.0,8872.0,49050.0,29300.0,43750.0,13350.0,,84100.0,10350.0,5551.0,7654.0,7160.0,5800.0,10835.0,4887.0,6783.0,180123.0,,,,,14300.0,,,29250.0,5050.0,4600.0,16939.0,11360.0,23250.0,203221,4777.0,31466,7615.0,5977.0,81360.0,11694.0,23495,8130.0,16984.0,11845.0,4850.0,9210.0,5690.0,30350.0,5930.0,500827.0,,32430.0,4310.0,26304.0,7742.0,5720.0,4450.0,13900,82500.0,14350.0,,17900.0,36242.0,3465.0,,3800.0,21200.0,4020.0,1000.0,27150.0,10300.0,15500.0,3770.0,25950.0,2100.0,15600.0,3400.0,15250.0,4790.0,5088.0,290810.0,17100.0,4450.0,,,7547.0,4565.0,4391.0,1340.0,17150.0,7360,4025.0,914.0,2930.0,,5231.0,3735.0,7370.0,3160.0,86600.0,10200.0,12200.0,6040.0,15150.0,2800.0,10900,2535.0,5660.0,5940.0,3284.0,61300.0,3390.0,15850.0,3101,13050.0,9000.0,6666.0,26700.0,4359.0,8798.0,,6643.0,8670.0,39753,5310.0,,4090.0,13686.0,4165.0,19278.0,2800.0,3747.0,59656,1650.0,29727.0,6072.0,31800.0,7600.0,21400.0,3682.0,60200.0,6040.0,190286.0,918.0,76500.0,4480.0,43910.0,,8320.0,7370.0,8485.0,8020.0,6250.0,16700.0,1495,4727.0,4480.0,,5560.0,8685.0,5630.0,2795,2000.0,7846.0,22023.0,,900.0,82270.0,8190.0,15750.0,59000.0,5800.0,77600.0,7557.0,16475.0,40900.0,3910.0,7400.0,97236.0,14900.0,4100.0,13444.0,5159.0,2350.0,1381.0,7440.0,39750.0,29500.0,,3210.0,19330.0,4500.0,14195.0,39850.0,7545.0,20300.0,2995.0,19257.0,1930.0,10850.0,5694.0,12607.0,13280.0,13936.0,93255.0,4144.0,9340.0,5550.0,10550.0,2925.0,13373.0,10269.0,,3785.0,5902.0,49650.0,20250.0,4500.0,19580.0,762786.0,125470.0,17400.0,7650.0,14150.0,1985.0,75875.0,18100.0,88080.0,2605.0,3888.0,4008.0,121921.0,2102.0,39141.0,9153.0,18393.0,9990.0,10100.0,2349.0,,83490.0,,5380.0,9525.0,18950.0,6504.0,5555.0,654533.0,3895.0,11808.0,5357.0,39267.0,,20350.0,11742.0,8600.0,3697.0,12600.0,16600.0,22500.0,,44556.0,13760.0,10347.0,22950.0,59100.0,38034.0,11500.0,46650.0,14765.0,11884.0,36250.0,65648.0,,9006.0,16143.0,2494.0,22127.0,2150.0,1650.0,20950.0,8151.0,8826.0,3905.0,18830.0,6960.0,21550.0,10261.0,4120.0,22200.0,2015.0,13450.0,7130.0,24550.0,16700.0,8848.0,6005.0,115485.0,107206.0,7000.0,9180.0,5790.0,10075.0,8420.0,56700.0,9880.0,83750.0,18021.0,7340.0,2280.0,,13650.0,14650.0,10360.0,5090.0,,19300.0,20500.0,7010.0,1300.0,15500.0,25950.0,8990.0,,,6680.0,26700.0,16200.0,39650.0,7512.0,,10143.0,2030.0,9400.0,35600.0,34000.0,11800.0,28550.0,36000.0,10300.0,,53928.0,5670.0,3945.0,,,37100.0,,1700.0,15105.0,,10860.0,87700.0,,19800.0,2202.0,,,10275.0,14505.0,18342.0,10098.0,,23711.0,7625.0,,12200.0,48480.0,4465.0,6162.0,20527.0,7557.0,7595.0,2148.0,13900.0,32550.0,8025.0,39183.0,1798.0,15500.0,58600.0,2900.0,,108000.0,42091.0,,33709.0,21300.0,10220.0,,2488.0,,,4100.0,1839.0,174000.0,15100.0,,35600.0,72725.0,,,,,,,,,,,,,,,,,,,,,,,,,,,,,,,,,,,,,,,,,,,,,,,,,,,,,,,,839.0,,959.0,773.0,49223.0,31325.0,2504.0,353.0,8736.0,9000.0,111830.0,861.0,1682500.0,16500.0,,8850.0,5570.0,94276.0,,
2018-03-31,12250.0,14050.0,34100.0,137500.0,13800.0,9369.0,,5940.0,8480.0,10801.0,14697.0,76000.0,127367.0,81300.0,86409.0,42519.0,20400.0,52400.0,16331.0,4115.0,20550.0,10100.0,14750.0,2960.0,36598.0,12457.0,1918.0,4101.0,3736.0,5500.0,5240.0,4115.0,25800.0,11536.0,24554.0,16400.0,14550.0,5880.0,2520.0,5875.0,72100.0,25850.0,19490.0,3885.0,2270.0,27400.0,3125.0,45400.0,36200.0,50200.0,119000.0,59664.0,5200.0,46350.0,2450.0,2535.0,5750.0,22732.0,662000,3580.0,22750.0,6500.0,303330.0,37850.0,2030.0,15050.0,228000.0,31900.0,5098.0,11380.0,1640.0,1730.0,19500.0,11800.0,16026.0,7020.0,1060.0,5878.0,3350.0,339500.0,11150.0,15534.0,4400.0,71018.0,6220.0,21100.0,4925.0,10750.0,17931.0,1257000.0,13056.0,8450.0,14550.0,3650.0,8260.0,81336.0,130560.0,6050.0,1875.0,25212.0,43170.0,6830.0,1065.0,2895.0,41780.0,113000.0,8548.0,68696.0,28900.0,70700.0,8430.0,11200.0,5162.0,1620.0,17100.0,4918.0,357500.0,12351.0,5670.0,6770.0,,13850.0,26691.0,30300.0,53900.0,11250.0,4265.0,16500.0,113500.0,38750.0,11342.0,,5000.0,6130.0,55844.0,3830.0,25616.0,8940.0,1643.0,20200.0,17000.0,5440.0,2448.0,1242.0,12242.0,57600.0,6484.0,3760.0,17950.0,40200.0,153754.0,143500.0,20952.0,47350.0,325500.0,43000.0,125000.0,,5065.0,12200.0,15700.0,7160.0,13550.0,5810.0,13600.0,22506.0,16540.0,5482.0,8770.0,12350.0,3505.0,41500.0,5213.0,4215.0,74500.0,206500.0,29600.0,10000.0,14450.0,188463.0,13841.0,298000.0,11750.0,17700.0,6410.0,4715.0,3380.0,8620.0,31950.0,27925.0,1515.0,67800.0,,3810.0,712000.0,7030.0,40895.0,2010.0,30800.0,45254.0,6600.0,15600,46404.0,20300.0,16793.0,12500.0,8720.0,13800.0,3215.0,19950.0,14200.0,4055.0,1050.0,4140.0,3055.0,2815.0,32600.0,3250.0,2730.0,1831.0,77400.0,,84727.0,2463.0,2635.0,30850.0,105500.0,4445.0,2031.0,3195.0,154500.0,2700.0,24150.0,5440.0,69200.0,5175.0,18450.0,3255.0,6520.0,5687.0,9810.0,38000.0,6125.0,33990.0,55000.0,3075.0,2220.0,12280.0,7287.0,4325.0,,5000.0,1483.0,2095.0,3975.0,7500.0,3560.0,120000.0,5360.0,11874.0,126000.0,8850.0,2805.0,55300.0,5249.0,3110.0,5980.0,14850.0,1970.0,4795.0,12300.0,38360.0,3530.0,,18250.0,96400.0,27613.0,17450.0,828.0,2357.0,8100.0,42500.0,239500.0,12145.0,2977.0,6300.0,10200.0,6110.0,98900.0,9613.0,1958.0,3840.0,22950.0,4680.0,3570.0,1215.0,1402.0,18450.0,3655.0,9820.0,,5400.0,28427.0,6570.0,896.0,20773.0,5960.0,4790.0,3300.0,11500.0,2795.0,11500.0,6440.0,4060.0,58486.0,2635.0,1045.0,1540.0,3445.0,5771.0,35850,8480.0,9480,7090.0,6059.0,32850.0,5040.0,5800.0,2440.0,22900.0,109800.0,38069.0,37667.0,8640.0,24950.0,7540.0,7880.0,31400.0,1995.0,8965.0,3013.0,7700.0,85000.0,4665.0,7240.0,8650.0,7525.0,53153.0,13650.0,8850.0,2850.0,59900.0,31963.0,255500.0,6600.0,12000.0,1060.0,94341.0,11149.0,10643.0,1280.0,2240.0,3420.0,3640.0,11109.0,15920.0,3865.0,6000.0,33200.0,37300.0,6225.0,4474.0,22742.0,8800.0,4240.0,89800.0,8000.0,2570.0,15536.0,7800.0,3215.0,6590.0,12550.0,6100.0,,22177.0,21950.0,9867.0,4820.0,47250.0,44050.0,3005.0,2765.0,3599.0,3835.0,24242.0,1775.0,3325.0,3538.0,2405.0,1520.0,2965.0,9440.0,58106.0,,3461.0,4410.0,53600.0,2900.0,21970.0,2320.0,14200.0,3450.0,2365.0,9955.0,6960.0,2245.0,6180.0,2820.0,7150.0,44600.0,13100.0,1275.0,7194.0,3005.0,18100.0,23790.0,188500.0,66600.0,18000.0,8988.0,24886.0,7350.0,73362,10600.0,3500.0,1935.0,58300.0,4030.0,20723.0,6610.0,2095.0,2055.0,14116.0,3097.0,8736.0,2090.0,12250.0,6246.0,695.0,6450.0,1115.0,14650.0,902.0,2235.0,10750.0,6525.0,4525.0,3374.0,17000.0,4260.0,27750.0,8060.0,1370.0,8080.0,8150.0,32460.0,7160.0,100000.0,3450.0,17400.0,12164.0,26250.0,24170.0,16000.0,296000.0,14053.0,31700.0,58000.0,8690.0,18100.0,6620.0,4923.0,158625.0,7380.0,17850.0,21000.0,5630.0,8211.0,26494.0,223400.0,6994.0,23150.0,9820.0,7700.0,3760.0,37450.0,10000.0,,2090.0,74740.0,21988.0,149000,,13900.0,8510.0,420000.0,12400.0,1605.0,4630.0,5897.0,28252.0,10750.0,,3991.0,1690.0,8170.0,10400.0,8475.0,12750.0,8390.0,44600.0,1790.0,3975.0,10050.0,7750.0,6830.0,3400.0,19490.0,4155.0,9700.0,4645.0,12750.0,3650.0,74200.0,25536.0,7980.0,2240.0,8060.0,4295.0,21900.0,6132.0,9792,4640.0,32.0,12100.0,44600.0,8900.0,2090.0,28400.0,7500.0,4870.0,9680.0,1895.0,11450,8290.0,45750.0,6350.0,10963.0,7720.0,50400.0,14000.0,63918.0,164218.0,1525.0,6640.0,15350.0,19635.0,29150.0,5570.0,24520.0,5625.0,17564.0,39750.0,7090.0,1065.0,2293.0,3350.0,9960.0,3190.0,4670.0,6872.0,20775.0,14980.0,949.0,2748.0,8630.0,402550.0,17072.0,1930.0,33950.0,5240.0,4933.0,15500.0,5235.0,3610.0,2800.0,17500.0,13850.0,1740,5176.0,6940,4250.0,3305.0,4742.0,19800.0,5740.0,2323.0,5270.0,22900.0,4800.0,925.0,3605.0,49950.0,22530.0,7786.0,450250,2690.0,9070.0,7410.0,3380.0,6100.0,2580.0,2460.0,9960.0,28150.0,14975.0,15490.0,8620.0,3720.0,4238.0,3635.0,3560.0,9550.0,115175.0,1040.0,12392.0,719,22950,1975.0,2574.0,4028.0,9350.0,27.0,21700.0,2205.0,5700.0,35600.0,40590.0,1208000.0,32749,3175.0,10725.0,1455.0,14100.0,3243.0,3080.0,31250.0,23351.0,20000.0,5920.0,1005.0,12750.0,1630.0,1878.0,53300,9150.0,12200.0,1801.0,3637.0,4150.0,6320.0,14697.0,1514,17802.0,10850.0,2765,9630.0,,85400.0,,11929.0,3435.0,2655.0,333795.0,25900.0,12900.0,7360.0,15200.0,12548.0,15850.0,4450.0,14450.0,6900.0,27450.0,2780,4420.0,5160.0,7980.0,2190.0,24630.0,2402.0,22705.0,16639.0,2675,,10350.0,15269,2670.0,11733.0,11550,12400.0,140000.0,6640.0,6446.0,2270.0,2800.0,4840.0,6640.0,5334.0,4185.0,6910.0,9726.0,10926.0,10100.0,11595,4247.0,4080.0,10825.0,11750.0,,22711.0,,71600.0,23311.0,9260.0,1610.0,13700.0,12645.0,42325.0,12550.0,4680.0,15800.0,4775.0,23518.0,20299.0,13600.0,80800.0,18350.0,2935.0,21488.0,6000.0,52249.0,3580.0,10651.0,,5480.0,,1948.0,3065.0,4871.0,12450.0,2030.0,7970.0,161750.0,100000.0,4845.0,17800.0,4232.0,4500.0,3855.0,7898,8640.0,6260.0,,4342.0,4339.0,109500.0,20750.0,3895.0,17150.0,3744.0,2380.0,30950.0,28750.0,6646.0,3635.0,163690.0,3355.0,3060.0,4175.0,4485.0,6580.0,2473.0,,236442.0,9560.0,12900,64983.0,,4195.0,1900.0,31700.0,4427.0,24600.0,6230.0,9230.0,15340.0,199500.0,17644.0,6000.0,92600.0,7520.0,2765.0,8671.0,4945.0,3730.0,10850.0,4284.0,39619.0,14416.0,3985.0,6940.0,6060.0,11676.0,6195.0,35350.0,8250.0,15900.0,2390.0,68516.0,1330.0,,2545.0,14600.0,3198.0,2495.0,3175.0,11650.0,2810.0,3660.0,4030.0,12250.0,15900.0,6150.0,3175.0,63128.0,18900.0,6797.0,17550.0,32051,9148.0,62100.0,43097.0,6740.0,16273.0,25500.0,48150.0,4800.0,10300.0,3788.0,7380.0,11959.0,11400.0,8800.0,11350.0,3220,10101.0,39350.0,4143.0,10900.0,7480.0,2340.0,26206.0,1925.0,3890.0,10450.0,,3150.0,6747.0,6750.0,7011.0,14629.0,,,5010.0,5010.0,,3842.0,5186.0,6250.0,6314.0,,,,,,,12772.0,7900.0,6088.0,58189.0,24115.0,9520.0,12050.0,,7050.0,120807.0,24950.0,20800,18186.0,3097.0,4400.0,19300.0,6340.0,,,4100.0,1905.0,15250.0,13974.0,4964.0,11300.0,,,578951.0,4641.0,5920.0,266.0,8950.0,71820.0,,11450.0,5460.0,11157.0,4105.0,6580.0,10785.0,23399.0,2745.0,9960.0,5834,36020.0,2760.0,4812.0,2515.0,,17700.0,2676.0,,22800.0,317000.0,18250.0,14700.0,4750.0,14700.0,2490,4710.0,,,,,5080.0,11149.0,8700.0,,92191.0,15643.0,14400.0,6464.0,6000.0,63700.0,4390.0,4590.0,4820.0,,30570.0,4910.0,27850.0,6400.0,4266.0,15250.0,9912.0,3395.0,6700.0,6980.0,5719.0,1095.0,12350.0,3074.0,4295.0,6050.0,5950.0,12750.0,5755.0,3530.0,5090.0,,30300.0,77136.0,282.0,15350.0,17514.0,12225.0,4413,186696.0,7099.0,207613.0,34945.0,12733.0,10610.0,9183.0,321500.0,4210.0,1982.0,14287.0,1560.0,17888.0,1409.0,1135.0,,5790.0,10950.0,39300.0,4975.0,10350.0,2645.0,4928.0,2960,74282.0,5850.0,6117.0,5060.0,586.0,4590.0,15000.0,3550.0,14749.0,25109.0,18450.0,6810.0,3450.0,4613.0,,,,8920.0,3780.0,1960.0,11639.0,,7040.0,28650.0,12625.0,5450.0,8572.0,44800.0,30350.0,37300.0,13750.0,,78300.0,9210.0,7046.0,10162.0,8730.0,5554.0,7170.0,5267.0,6675.0,184500.0,,,,,15250.0,,,28050.0,5763.0,8610.0,16583.0,8935.0,25700.0,195424,6412.0,30759,7220.0,6635.0,83120.0,11287.0,25109,9030.0,20675.0,13630.0,4400.0,7750.0,5660.0,29400.0,5780.0,411903.0,,32520.0,5080.0,26239.0,8080.0,5150.0,4600.0,15450,74700.0,18100.0,,17650.0,28309.0,2705.0,,3550.0,19400.0,3780.0,1000.0,30800.0,10000.0,14200.0,3270.0,19750.0,1985.0,16300.0,2670.0,16750.0,4430.0,4391.0,256216.0,17800.0,4565.0,,,5804.0,4415.0,3925.0,1295.0,18700.0,8370,5970.0,3740.0,2640.0,,5169.0,3530.0,6810.0,3265.0,91500.0,10250.0,13800.0,5470.0,15100.0,2465.0,15850,2795.0,5400.0,5720.0,2913.0,77300.0,3520.0,15450.0,2826,13300.0,10600.0,7655.0,27150.0,4226.0,8955.0,,8563.0,8879.0,41283,3900.0,,4100.0,17257.0,4240.0,19697.0,3165.0,3738.0,90608,1440.0,31329.0,5600.0,41502.0,7210.0,20550.0,3341.0,63000.0,6220.0,202221.0,869.0,82500.0,8100.0,42413.0,,7870.0,7880.0,9510.0,7770.0,5220.0,16300.0,1460,4761.0,4865.0,,5270.0,8584.0,5610.0,2725,1180.0,8217.0,32070.0,,1090.0,85610.0,9270.0,15000.0,53600.0,4840.0,78100.0,7352.0,21000.0,40000.0,3920.0,6800.0,102639.0,14450.0,5070.0,12775.0,4832.0,2420.0,2285.0,8090.0,37700.0,27850.0,,2970.0,18002.0,4435.0,18121.0,45650.0,7125.0,20900.0,3005.0,18350.0,1700.0,9980.0,6184.0,15150.0,12040.0,15080.0,91815.0,4958.0,11000.0,4910.0,13950.0,3600.0,11985.0,11625.0,,5100.0,5188.0,61050.0,19150.0,4340.0,17280.0,792330.0,139684.0,14475.0,8200.0,13350.0,1310.0,65010.0,19850.0,104940.0,2650.0,4092.0,6889.0,98876.0,2387.0,41906.0,8227.0,19462.0,8640.0,8640.0,2837.0,,83700.0,,4760.0,12400.0,18700.0,7814.0,5085.0,708350.0,3712.0,13409.0,6227.0,37592.0,,18400.0,11144.0,8160.0,3717.0,11100.0,15900.0,23800.0,,44447.0,14576.0,11228.0,24300.0,54400.0,37982.0,11575.0,44650.0,16035.0,19547.0,35850.0,68597.0,,8279.0,20415.0,2294.0,21707.0,2505.0,2975.0,20000.0,9782.0,8777.0,5170.0,18099.0,6840.0,11300.0,11326.0,4015.0,21400.0,2025.0,12450.0,7000.0,23950.0,19150.0,8553.0,6180.0,99243.0,103117.0,6090.0,8940.0,5730.0,9800.0,7730.0,67900.0,9930.0,74875.0,17380.0,5516.0,2280.0,,14550.0,14100.0,10385.0,4685.0,,18550.0,19900.0,7360.0,1328.0,14150.0,26200.0,10713.0,,,6400.0,25000.0,16000.0,44200.0,6921.0,,8265.0,2060.0,9250.0,33300.0,31400.0,10975.0,30450.0,35250.0,10100.0,,61191.0,7620.0,4000.0,,,39650.0,,1645.0,15295.0,,13515.0,92600.0,,15250.0,2310.0,,,10400.0,14281.0,20307.0,10098.0,,21585.0,6675.0,,14100.0,45340.0,4440.0,5991.0,20716.0,7490.0,7177.0,2174.0,12850.0,28250.0,6700.0,35719.0,1888.0,16050.0,60500.0,2900.0,,128000.0,45093.0,,30260.0,20700.0,10245.0,,2400.0,,,4100.0,1848.0,169000.0,14150.0,,34600.0,70056.0,,,,,,,,,,,,,,,,,,,,,,,,,,,,,,,,,,,,,,,,,,,,,,,,,,,,,,,,775.0,,837.0,773.0,45771.0,25881.0,2756.0,433.0,8035.0,8355.0,98070.0,857.0,1417500.0,15050.0,,8060.0,5200.0,96981.0,,
2018-04-30,11550.0,14900.0,35176.0,156500.0,15250.0,8201.0,,6150.0,8340.0,12383.0,14762.0,79500.0,118876.0,84500.0,79530.0,61881.0,21900.0,56300.0,16206.0,5290.0,20950.0,14200.0,13450.0,2800.0,35740.0,13942.0,2089.0,4002.0,3252.0,5620.0,5700.0,4260.0,27000.0,14561.0,32571.0,15950.0,17100.0,7150.0,2310.0,6475.0,69800.0,26600.0,20869.0,4520.0,2500.0,24500.0,3170.0,64900.0,40300.0,51900.0,150500.0,60592.0,10300.0,44050.0,2550.0,2740.0,6060.0,21731.0,745000,3930.0,23900.0,6200.0,343276.0,32850.0,3200.0,16550.0,223000.0,30350.0,5078.0,12515.0,1735.0,2335.0,23750.0,10450.0,15624.0,7230.0,1165.0,7782.0,3330.0,333000.0,13200.0,15995.0,6710.0,79373.0,6480.0,18600.0,4900.0,10500.0,17536.0,1298000.0,19524.0,9910.0,15600.0,3945.0,8580.0,76612.0,96344.0,7120.0,2040.0,25645.0,33480.0,6990.0,1045.0,2985.0,37320.0,122000.0,9099.0,67404.0,29100.0,68600.0,8700.0,10550.0,7767.0,1705.0,14900.0,5537.0,417500.0,14485.0,5420.0,6100.0,,13300.0,22841.0,28950.0,51000.0,13000.0,4190.0,17450.0,111500.0,38200.0,11070.0,,3515.0,6710.0,59947.0,4580.0,26325.0,9460.0,2134.0,23300.0,16700.0,9500.0,2767.0,912.0,13854.0,43600.0,8820.0,3895.0,17500.0,38200.0,162374.0,160000.0,16801.0,45350.0,372500.0,44750.0,129000.0,,5641.0,12100.0,17300.0,7190.0,16650.0,6380.0,13450.0,23416.0,17696.0,6025.0,8770.0,15450.0,3525.0,42650.0,5207.0,4515.0,77900.0,216500.0,40800.0,10150.0,26300.0,179652.0,10508.0,275500.0,11900.0,17275.0,6840.0,4820.0,4560.0,8490.0,35800.0,31816.0,2980.0,70700.0,,4180.0,794000.0,6559.0,37437.0,2059.0,30800.0,45869.0,7300.0,14200,53609.0,21850.0,19663.0,12650.0,8500.0,13250.0,3335.0,,16300.0,4095.0,1180.0,4185.0,3750.0,2940.0,34050.0,3170.0,2765.0,1938.0,72200.0,,70879.0,4336.0,3290.0,27400.0,118500.0,4275.0,2205.0,3325.0,116500.0,3525.0,22800.0,5520.0,59700.0,5700.0,17150.0,6030.0,6560.0,6286.0,10300.0,37500.0,6670.0,33021.0,53500.0,3355.0,2200.0,13720.0,6938.0,5475.0,,5300.0,1598.0,2135.0,3785.0,5940.0,5590.0,110000.0,6890.0,12500.0,116500.0,10375.0,3558.0,53700.0,4626.0,3510.0,5220.0,19050.0,2020.0,6130.0,12300.0,58030.0,3500.0,,22400.0,107500.0,27613.0,16100.0,809.0,2755.0,8950.0,43300.0,248000.0,12964.0,3120.0,5750.0,10700.0,6580.0,98100.0,8817.0,1976.0,3870.0,27600.0,4970.0,2894.0,3045.0,1369.0,19350.0,5330.0,8110.0,,5830.0,29536.0,6010.0,1000.0,24256.0,6660.0,4755.0,3695.0,9630.0,3060.0,12550.0,6930.0,8130.0,64496.0,2605.0,962.0,1572.0,3533.0,6023.0,36050,8200.0,7740,7900.0,5621.0,37450.0,5270.0,5660.0,2585.0,22800.0,89500.0,38385.0,37333.0,11050.0,21650.0,9130.0,8070.0,30800.0,2270.0,7658.0,2372.0,7460.0,86600.0,6430.0,10650.0,12100.0,6161.0,69358.0,14950.0,9780.0,2850.0,62500.0,31661.0,245000.0,7370.0,15550.0,1150.0,92278.0,11044.0,10132.0,1400.0,2515.0,3124.0,3905.0,14517.0,15680.0,4395.0,7040.0,33200.0,33450.0,5675.0,5413.0,25295.0,11100.0,4160.0,87500.0,9600.0,2790.0,14040.0,7020.0,3285.0,6640.0,14400.0,8120.0,,22541.0,24150.0,9958.0,4830.0,46650.0,44600.0,2400.0,2955.0,3467.0,4020.0,28670.0,1775.0,4040.0,4271.0,2770.0,1500.0,3040.0,9966.0,56691.0,,3233.0,4535.0,50600.0,3770.0,21872.0,2480.0,18250.0,3165.0,3200.0,9727.0,7540.0,3130.0,6180.0,3090.0,8070.0,52300.0,12700.0,1445.0,7870.0,6890.0,17950.0,22790.0,173900.0,60500.0,19100.0,13830.0,27951.0,6730.0,77223,10450.0,4010.0,1985.0,54000.0,3875.0,19536.0,6610.0,1980.0,2420.0,19365.0,2864.0,10138.0,2140.0,12300.0,6133.0,3215.0,5880.0,1110.0,15050.0,810.0,2340.0,10000.0,7725.0,4630.0,3302.0,17050.0,5585.0,28350.0,7810.0,1357.0,6410.0,7890.0,31275.0,7700.0,97800.0,3550.0,16950.0,13694.0,25800.0,21675.0,19900.0,294000.0,15723.0,28500.0,54800.0,8600.0,17575.0,6000.0,4468.0,143403.0,7380.0,16450.0,23500.0,6160.0,8190.0,22279.0,223600.0,7672.0,21450.0,11500.0,8150.0,5110.0,36550.0,9160.0,,1885.0,69990.0,23950.0,154100,,13150.0,8700.0,360000.0,11850.0,1753.0,5060.0,5347.0,28300.0,11400.0,,3984.0,1745.0,7250.0,12250.0,8525.0,13900.0,8540.0,45800.0,2005.0,4510.0,8770.0,8350.0,5800.0,5600.0,18118.0,4260.0,9380.0,4665.0,11750.0,3840.0,75200.0,25536.0,6030.0,2160.0,7860.0,4915.0,18500.0,7078.0,10835,4480.0,,12250.0,41700.0,9360.0,2450.0,28235.0,7400.0,5110.0,9790.0,2165.0,11250,10200.0,35750.0,5850.0,11369.0,7110.0,43050.0,13450.0,67828.0,189853.0,1610.0,7640.0,14450.0,18659.0,29800.0,5600.0,21322.0,5250.0,20082.0,40050.0,7330.0,1235.0,2643.0,3450.0,10450.0,3190.0,5150.0,6816.0,21600.0,19210.0,1060.0,3141.0,8420.0,357300.0,16852.0,2145.0,42950.0,5130.0,4320.0,14100.0,4439.0,4070.0,2690.0,13400.0,11450.0,1780,5186.0,6710,8830.0,3250.0,4304.0,19000.0,9490.0,2527.0,6350.0,22550.0,4625.0,925.0,3835.0,43200.0,27390.0,6773.0,466360,2638.0,7980.0,10400.0,2845.0,5790.0,2615.0,2510.0,9590.0,31300.0,13800.0,25483.0,8750.0,3300.0,4150.0,3565.0,3475.0,10100.0,130054.0,1215.0,11511.0,719,24400,1990.0,2967.0,4602.0,9410.0,,19150.0,2082.0,5610.0,38000.0,44950.0,1370000.0,32749,3180.0,10475.0,1455.0,16700.0,3420.0,3100.0,36850.0,20164.0,17350.0,5090.0,1030.0,14900.0,1670.0,2255.0,51900,8740.0,12500.0,1853.0,4051.0,4235.0,5540.0,12879.0,1644,17895.0,11000.0,2985,10300.0,,64100.0,,10105.0,3590.0,2805.0,383085.0,44800.0,13050.0,6550.0,16300.0,13475.0,15850.0,4005.0,19150.0,7800.0,28100.0,2965,5210.0,5740.0,8290.0,2710.0,33615.0,2651.0,22444.0,21393.0,2463,,10250.0,14961,2710.0,11473.0,21000,11100.0,137500.0,10900.0,5788.0,2330.0,2885.0,4820.0,5670.0,4711.0,5280.0,7980.0,8247.0,10926.0,10800.0,10350,4599.0,4130.0,11615.0,11750.0,,24187.0,,60000.0,21928.0,9240.0,1650.0,13000.0,11960.0,44908.0,9640.0,4425.0,26700.0,4480.0,42993.0,20825.0,12750.0,64000.0,16850.0,3115.0,18072.0,7160.0,52249.0,3580.0,9291.0,,4670.0,2365.0,2190.0,2835.0,3945.0,12050.0,3080.0,7920.0,141250.0,109100.0,4435.0,17000.0,5433.0,3910.0,5050.0,5179,6830.0,6080.0,,4778.0,4567.0,102000.0,21200.0,3995.0,19100.0,3386.0,2308.0,30150.0,34600.0,7634.0,3472.0,164150.0,3280.0,3430.0,4430.0,4720.0,6580.0,2822.0,,207029.0,9450.0,13550,66986.0,,4555.0,1755.0,28400.0,7140.0,26600.0,6130.0,8523.0,13401.0,178000.0,17714.0,6600.0,103500.0,8770.0,3935.0,8894.0,4240.0,4170.0,10750.0,4680.0,40472.0,19437.0,3895.0,6540.0,7860.0,12434.0,6032.0,36000.0,7900.0,17850.0,2405.0,72413.0,1320.0,,2825.0,14300.0,2977.0,2700.0,3310.0,11171.0,2690.0,3525.0,3930.0,11100.0,14400.0,5990.0,2765.0,55409.0,17250.0,6817.0,20600.0,33034,8712.0,61300.0,47090.0,7580.0,14999.0,24250.0,39550.0,5660.0,10700.0,3366.0,7520.0,12093.0,11700.0,7450.0,13500.0,3330,9289.0,37150.0,5776.0,8960.0,8070.0,2225.0,21911.0,2380.0,3985.0,10450.0,,3435.0,6272.0,6525.0,7011.0,13009.0,,,5060.0,5000.0,,4125.0,4750.0,6220.0,6996.0,,,,,,,12823.0,8160.0,7868.0,59180.0,27700.0,9380.0,10350.0,,6960.0,116294.0,22750.0,17800,19847.0,3487.0,4425.0,19950.0,5720.0,,,5050.0,1970.0,15850.0,14054.0,4609.0,9200.0,,,551668.0,4366.0,5370.0,66.0,8820.0,58725.0,,10300.0,5830.0,11866.0,4210.0,6370.0,9291.0,22774.0,2620.0,10300.0,6570,37436.0,2835.0,5572.0,3235.0,,15900.0,2298.0,,20400.0,349000.0,21700.0,13150.0,4325.0,13100.0,2485,5475.0,,,,,4360.0,11392.0,8410.0,,77734.0,15133.0,14150.0,6490.0,6090.0,66400.0,3950.0,4510.0,5273.0,,30212.0,4590.0,28200.0,6080.0,4355.0,16300.0,9199.0,3555.0,6100.0,6940.0,5739.0,977.0,12450.0,2820.0,4450.0,6700.0,6080.0,13100.0,10629.0,3940.0,5090.0,,30100.0,80041.0,292.0,16150.0,17539.0,12625.0,4064,200745.0,7443.0,193346.0,37796.0,11467.0,20552.0,12000.0,343000.0,3970.0,2097.0,14062.0,1915.0,15066.0,1579.0,1265.0,,372.0,10700.0,38800.0,5030.0,10200.0,2732.0,5228.0,2960,62006.0,5610.0,6405.0,4655.0,485.0,4485.0,15800.0,3550.0,16521.0,24520.0,16850.0,6110.0,4000.0,5814.0,,,,8400.0,3930.0,2185.0,12317.0,,7660.0,30250.0,13375.0,6420.0,8572.0,44500.0,26650.0,37550.0,13500.0,,81400.0,8820.0,7464.0,18208.0,8680.0,7845.0,7170.0,4933.0,7207.0,180701.0,,,,,16250.0,,,29900.0,5231.0,7360.0,15801.0,7900.0,27300.0,172948,5340.0,27224,7340.0,7241.0,75180.0,11330.0,23798,8900.0,20141.0,13320.0,5130.0,9100.0,5700.0,32500.0,5940.0,284137.0,,35410.0,4950.0,23139.0,8626.0,5000.0,5680.0,17950,81700.0,15000.0,,18200.0,26605.0,2745.0,,4155.0,15650.0,3535.0,1000.0,29300.0,9070.0,13700.0,3055.0,19800.0,2195.0,19350.0,2745.0,18100.0,4255.0,4227.0,262162.0,18400.0,4375.0,,,6488.0,4350.0,3849.0,1290.0,20150.0,8190,4880.0,5970.0,2895.0,,5251.0,3730.0,6950.0,3560.0,90500.0,11350.0,13725.0,6000.0,13900.0,2575.0,15800,3040.0,5290.0,5590.0,2276.0,70500.0,3850.0,16100.0,2838,13350.0,9000.0,6742.0,39600.0,4113.0,8720.0,,7755.0,14798.0,36696,3690.0,,4595.0,19727.0,5850.0,15320.0,3030.0,4176.0,87150,1695.0,29527.0,5407.0,37640.0,7160.0,21550.0,3182.0,63000.0,5300.0,172110.0,891.0,78700.0,7150.0,56555.0,,7870.0,7640.0,9324.0,7450.0,5400.0,16800.0,1640,5002.0,4920.0,,5170.0,8811.0,6250.0,2700,1180.0,7846.0,41085.0,,1120.0,95445.0,8400.0,13450.0,49450.0,4420.0,81800.0,7755.0,19375.0,36100.0,3850.0,5810.0,99037.0,12400.0,5040.0,12775.0,5219.0,2725.0,2925.0,10150.0,39250.0,30450.0,,3000.0,17192.0,4570.0,15815.0,43350.0,7259.0,24500.0,3465.0,18350.0,1630.0,14800.0,7755.0,13948.0,12265.0,21139.0,84254.0,5049.0,11600.0,4580.0,12300.0,2769.0,12818.0,9107.0,,4900.0,5288.0,54400.0,18950.0,5340.0,23800.0,792330.0,153897.0,14100.0,7450.0,15400.0,1310.0,66114.0,17600.0,94410.0,2750.0,4655.0,16759.0,99395.0,2292.0,37313.0,8447.0,22362.0,8260.0,8520.0,3311.0,,89970.0,,4590.0,12150.0,17750.0,7650.0,6750.0,709804.0,3373.0,12184.0,7900.0,26844.0,,23200.0,11414.0,8080.0,3737.0,10800.0,17200.0,24250.0,,53723.0,14336.0,10347.0,22300.0,49400.0,35307.0,11700.0,44750.0,13105.0,26349.0,32250.0,53915.0,,7835.0,17620.0,2147.0,21647.0,2550.0,2200.0,20500.0,9521.0,7432.0,3900.0,19904.0,6800.0,9420.0,11820.0,3880.0,25600.0,2040.0,12750.0,7080.0,27900.0,19350.0,7706.0,6405.0,127616.0,135389.0,6030.0,8030.0,6090.0,10300.0,8730.0,59700.0,9980.0,91125.0,26431.0,5007.0,2290.0,,19350.0,14600.0,10465.0,5930.0,,19200.0,17900.0,7070.0,1433.0,11450.0,26200.0,12673.0,,,6350.0,21850.0,14450.0,39800.0,7157.0,,8390.0,2025.0,9500.0,34200.0,32600.0,10850.0,39500.0,34950.0,9900.0,,69827.0,7020.0,4000.0,,,37400.0,,2015.0,15140.0,,17995.0,84600.0,1990.0,22500.0,2321.0,,,10175.0,11328.0,20570.0,10043.0,,21644.0,6700.0,,14900.0,52280.0,4275.0,5249.0,30888.0,8058.0,7350.0,2312.0,14300.0,23100.0,7525.0,40698.0,1816.0,18300.0,59100.0,2900.0,,124500.0,40300.0,,31087.0,20000.0,10170.0,,2400.0,,,4100.0,1844.0,191000.0,13800.0,,42600.0,67721.0,,,,,,,,,,,,,,,,,,,,,,,,,,,,,,,,,,,,,,,,,,,,,,,,,,,,,,,,863.0,,790.0,773.0,50948.0,26552.0,2702.0,446.0,8135.0,8510.0,100070.0,834.0,1602500.0,17150.0,,8550.0,6260.0,82454.0,14950.0,
2018-05-31,11450.0,13050.0,36559.0,149500.0,15450.0,8019.0,,6270.0,8980.0,12888.0,9929.0,82200.0,106139.0,93400.0,75950.0,71805.0,21500.0,57700.0,15756.0,5540.0,25600.0,13050.0,17000.0,3410.0,34794.0,22628.0,1918.0,4603.0,3017.0,5940.0,5800.0,4185.0,23400.0,15215.0,27808.0,13000.0,20600.0,6540.0,2320.0,6475.0,67200.0,25350.0,21047.0,4755.0,2560.0,23950.0,3605.0,71300.0,43450.0,47000.0,171000.0,64975.0,9840.0,44000.0,2520.0,2750.0,5840.0,22249.0,706000,3790.0,25100.0,7680.0,302452.0,33250.0,2830.0,17200.0,204000.0,28350.0,4768.0,13035.0,1505.0,2975.0,23200.0,8370.0,16160.0,9140.0,1320.0,8188.0,3425.0,333500.0,13550.0,17811.0,9720.0,76645.0,6400.0,20250.0,6030.0,10900.0,17053.0,1242000.0,20054.0,8860.0,15000.0,4350.0,8190.0,69338.0,102872.0,5750.0,2210.0,23308.0,40668.0,7300.0,930.0,3150.0,35300.0,142500.0,7511.0,65117.0,27300.0,68600.0,8550.0,11400.0,10615.0,1665.0,15050.0,5112.0,439000.0,15098.0,4865.0,5500.0,,14100.0,21275.0,27050.0,47700.0,14150.0,4850.0,17050.0,115000.0,37100.0,9980.0,,3235.0,6470.0,61087.0,4855.0,28885.0,9160.0,1682.0,25300.0,16400.0,17000.0,3067.0,916.0,17876.0,41250.0,8912.0,3620.0,14650.0,37950.0,158666.0,139000.0,18494.0,41800.0,339500.0,47850.0,110500.0,,5193.0,13000.0,19650.0,7000.0,17100.0,6480.0,13950.0,23272.0,14866.0,5640.0,8770.0,18600.0,3735.0,39450.0,4887.0,5125.0,85500.0,220000.0,49050.0,10100.0,82300.0,196296.0,10186.0,252500.0,11350.0,20040.0,6560.0,4855.0,4470.0,7270.0,36500.0,32287.0,2845.0,67000.0,,3840.0,810000.0,6659.0,37888.0,1846.0,32550.0,45422.0,6980.0,13650,50123.0,31950.0,17271.0,13800.0,8290.0,13650.0,3060.0,,16800.0,4005.0,1375.0,4280.0,3455.0,2990.0,32900.0,3050.0,3305.0,1850.0,79700.0,,64683.0,5509.0,3020.0,25150.0,134000.0,4280.0,2252.0,3800.0,113000.0,3260.0,20200.0,4605.0,52300.0,5600.0,23400.0,6360.0,8510.0,6462.0,9890.0,38350.0,7520.0,29484.0,54800.0,5120.0,2050.0,15440.0,7070.0,6900.0,,6930.0,1726.0,2380.0,3400.0,6640.0,5280.0,107500.0,6630.0,12150.0,144000.0,9725.0,3148.0,50500.0,4438.0,3645.0,4745.0,17000.0,2135.0,5600.0,15950.0,46080.0,3250.0,,40000.0,105000.0,27613.0,17550.0,1145.0,2730.0,9100.0,67100.0,218000.0,13611.0,3360.0,6030.0,11350.0,6190.0,88400.0,8255.0,2044.0,4190.0,30050.0,4505.0,2987.0,2225.0,1335.0,33100.0,8050.0,7430.0,,5680.0,27621.0,5600.0,935.0,23115.0,6820.0,4735.0,4005.0,8680.0,3500.0,13200.0,6900.0,9150.0,66923.0,2990.0,1025.0,2480.0,3568.0,6511.0,35800,7960.0,7210,7990.0,5080.0,33150.0,4905.0,7100.0,2730.0,19600.0,83000.0,35387.0,32900.0,8270.0,21900.0,8450.0,8100.0,30850.0,1845.0,6724.0,2410.0,8240.0,90600.0,5830.0,15600.0,9675.0,5816.0,89032.0,13800.0,10800.0,2700.0,67900.0,30755.0,211000.0,8340.0,19000.0,1241.0,98273.0,9842.0,9388.0,1460.0,3095.0,3180.0,3730.0,16153.0,15120.0,3930.0,6190.0,39250.0,34650.0,6100.0,6889.0,23649.0,7775.0,3395.0,87300.0,12500.0,3220.0,15306.0,7050.0,3275.0,6190.0,12900.0,10300.0,,22359.0,25950.0,9067.0,4780.0,47000.0,45200.0,2165.0,2945.0,3432.0,3760.0,24967.0,2035.0,4440.0,3407.0,2740.0,1750.0,2990.0,9064.0,66030.0,,2730.0,4495.0,45050.0,3465.0,23727.0,2315.0,18700.0,2675.0,2765.0,9841.0,10800.0,2620.0,6180.0,3000.0,6790.0,50500.0,11350.0,1530.0,7800.0,6360.0,18450.0,24641.0,169200.0,53600.0,19800.0,11897.0,23439.0,6550.0,96916,13500.0,4295.0,2100.0,51100.0,3650.0,25257.0,6610.0,2120.0,2490.0,18053.0,2834.0,12858.0,2120.0,11700.0,5474.0,2465.0,5540.0,1195.0,14050.0,728.0,2435.0,10350.0,7300.0,4565.0,3087.0,15750.0,5725.0,25700.0,8090.0,1045.0,6840.0,7560.0,29985.0,6830.0,96000.0,3665.0,16550.0,14613.0,24000.0,20519.0,19750.0,277000.0,14986.0,26550.0,54000.0,8630.0,14975.0,5670.0,4769.0,133990.0,7380.0,16550.0,21600.0,5740.0,7583.0,20774.0,222700.0,9288.0,24800.0,14550.0,8340.0,5040.0,36700.0,10300.0,,2200.0,72740.0,16750.0,166900,,12750.0,8360.0,353000.0,13500.0,1591.0,5040.0,6683.0,33577.0,11300.0,,4033.0,1795.0,7530.0,10100.0,8075.0,12200.0,9510.0,46400.0,2285.0,4635.0,8610.0,8125.0,5730.0,7020.0,18243.0,4155.0,9320.0,4620.0,12100.0,3795.0,75600.0,27708.0,4470.0,2310.0,7240.0,4150.0,18000.0,7191.0,11959,4480.0,,12500.0,37850.0,9420.0,2445.0,26280.0,7290.0,5280.0,9950.0,2185.0,9820,12700.0,41550.0,5590.0,10363.0,7260.0,33100.0,12350.0,86427.0,167423.0,1600.0,9710.0,16500.0,15508.0,25800.0,6410.0,24120.0,4720.0,16561.0,35700.0,7060.0,1130.0,2724.0,3600.0,10200.0,3190.0,5820.0,7030.0,18975.0,22300.0,915.0,2945.0,7930.0,335850.0,16368.0,1910.0,38200.0,5140.0,4111.0,19100.0,4466.0,3740.0,2310.0,12550.0,11850.0,1820,5796.0,7200,6950.0,3850.0,3953.0,20450.0,8230.0,2517.0,6450.0,22900.0,4895.0,925.0,3410.0,44000.0,25605.0,5916.0,426510,2501.0,7670.0,11500.0,2950.0,5970.0,2740.0,2820.0,9480.0,27750.0,15675.0,20174.0,9150.0,2965.0,4231.0,3850.0,3365.0,12750.0,123511.0,1060.0,11339.0,719,23300,2215.0,3041.0,4427.0,8680.0,,19800.0,2050.0,6110.0,34600.0,44510.0,1343000.0,32749,3525.0,9675.0,1455.0,16700.0,3403.0,3190.0,31200.0,20968.0,15400.0,4410.0,1065.0,12950.0,1750.0,2081.0,50600,8720.0,12850.0,1910.0,4300.0,3990.0,5280.0,12467.0,1940,19868.0,10450.0,3900,11550.0,,59200.0,,10760.0,3490.0,3015.0,357795.0,31300.0,11750.0,6060.0,16350.0,21190.0,15500.0,3610.0,27550.0,7800.0,27800.0,2800,4890.0,6120.0,7780.0,2395.0,25080.0,2711.0,18584.0,14103.0,2358,,10750.0,13121,2340.0,12514.0,19150,12350.0,139000.0,12100.0,4911.0,2585.0,3210.0,4530.0,5580.0,4408.0,5070.0,8130.0,7725.0,10926.0,9590.0,11100,4230.0,3925.0,12105.0,11800.0,,22711.0,,63100.0,20355.0,9080.0,3100.0,11400.0,11644.0,40814.0,8340.0,4429.0,38650.0,4010.0,77369.0,19698.0,11300.0,69000.0,19475.0,2815.0,17052.0,6690.0,52249.0,3580.0,10307.0,,4165.0,2846.0,2377.0,3280.0,4325.0,11600.0,3720.0,7390.0,69250.0,144600.0,4520.0,17250.0,5103.0,3125.0,4895.0,6333,5880.0,5690.0,,8373.0,10543.0,92600.0,21000.0,4070.0,15200.0,3421.0,2343.0,24500.0,46700.0,6585.0,3629.0,155490.0,3410.0,3550.0,4470.0,4845.0,6472.0,2892.0,,202828.0,10550.0,11400,71843.0,,4795.0,1570.0,27550.0,5686.0,30250.0,5400.0,8961.0,13555.0,209000.0,14756.0,6330.0,112500.0,8780.0,4850.0,7249.0,3795.0,3415.0,10100.0,6141.0,36828.0,20085.0,3860.0,5810.0,5825.0,17354.0,5459.0,50500.0,8230.0,17100.0,2515.0,63517.0,2605.0,,2390.0,15950.0,2944.0,2755.0,3235.0,9800.0,2655.0,3670.0,4120.0,9140.0,14100.0,5230.0,2560.0,45516.0,16100.0,8396.0,22100.0,32149,8864.0,58300.0,41829.0,6910.0,12780.0,22700.0,51000.0,6260.0,10550.0,3002.0,8060.0,10219.0,11500.0,9300.0,9810.0,3380,9740.0,33650.0,4890.0,7760.0,7620.0,2348.0,19787.0,3720.0,3900.0,10450.0,,3911.0,12924.0,5600.0,7011.0,14040.0,,,5020.0,5010.0,,4096.0,4590.0,6030.0,7294.0,,,,,,,12103.0,7390.0,8235.0,52403.0,25500.0,9220.0,9820.0,,7770.0,142346.0,20250.0,16100,17539.0,3107.0,4300.0,15150.0,5790.0,10500.0,,4585.0,3515.0,19000.0,12733.0,4780.0,10350.0,,,595954.0,4466.0,5170.0,40.0,8160.0,62190.0,,11800.0,6030.0,13640.0,3945.0,7190.0,9266.0,26795.0,2580.0,15350.0,6423,39004.0,3275.0,5060.0,3830.0,,14200.0,2176.0,,32250.0,332500.0,27650.0,11750.0,4387.0,12250.0,2410,5000.0,,,,,3990.0,11350.0,7660.0,,86391.0,12468.0,15400.0,6160.0,8070.0,67400.0,4020.0,4255.0,5320.0,,28778.0,4455.0,28850.0,6900.0,3975.0,24100.0,9072.0,3470.0,6370.0,6340.0,6948.0,907.0,12650.0,2808.0,4055.0,7710.0,6450.0,13100.0,19998.0,4700.0,4400.0,,30150.0,82801.0,406.0,15850.0,15881.0,12750.0,3833,171317.0,7238.0,202694.0,36958.0,11867.0,12919.0,14250.0,350500.0,4130.0,2222.0,11885.0,2500.0,14058.0,1624.0,1720.0,,331.0,10950.0,31750.0,5060.0,9400.0,2674.0,5422.0,2905,64386.0,6340.0,6336.0,5120.0,393.0,4400.0,14800.0,3550.0,15413.0,22657.0,17150.0,5150.0,7640.0,5521.0,,,,9930.0,4030.0,2590.0,10472.0,,8520.0,31350.0,17175.0,7420.0,8138.0,42800.0,26950.0,38900.0,13950.0,,71300.0,7230.0,6112.0,17514.0,8360.0,7113.0,7170.0,3860.0,8633.0,174377.0,,,,,15700.0,,,31850.0,3875.0,5130.0,13974.0,7650.0,27400.0,141750,4500.0,25810,6985.0,7109.0,80630.0,9916.0,24000,9510.0,17624.0,14395.0,5330.0,8090.0,5690.0,29050.0,5940.0,265741.0,,27760.0,4630.0,22094.0,6716.0,5910.0,6470.0,18050,107500.0,14550.0,,15800.0,25366.0,3180.0,10130.0,4085.0,16900.0,3100.0,1000.0,29000.0,7840.0,13300.0,2790.0,16700.0,2555.0,16000.0,2510.0,16100.0,4310.0,4213.0,239459.0,17100.0,3640.0,,,6488.0,4350.0,3640.0,1415.0,18600.0,6830,3975.0,4785.0,2630.0,,6516.0,3420.0,8490.0,3800.0,90600.0,14750.0,12050.0,6590.0,15200.0,2265.0,13500,3055.0,5660.0,5270.0,2273.0,60800.0,3555.0,16400.0,2576,12100.0,9350.0,7655.0,25600.0,4190.0,8133.0,,8563.0,12013.0,38780,3290.0,,4425.0,18492.0,4715.0,13690.0,3050.0,4209.0,79023,1690.0,23421.0,5183.0,29374.0,7810.0,18300.0,3133.0,54600.0,4400.0,164539.0,886.0,87700.0,6800.0,71339.0,,7870.0,7440.0,7486.0,7090.0,4640.0,15650.0,1660,4766.0,4560.0,,4420.0,11429.0,5800.0,2715,1180.0,8254.0,27945.0,,1180.0,79105.0,8800.0,13250.0,42850.0,4580.0,77100.0,7398.0,24000.0,31300.0,3755.0,5550.0,87334.0,12350.0,5380.0,11772.0,4424.0,2655.0,3017.0,11000.0,40100.0,22550.0,,3730.0,18310.0,4800.0,11833.0,44400.0,6637.0,23200.0,3292.0,16168.0,1940.0,18800.0,6673.0,12684.0,9955.0,17673.0,75613.0,4953.0,13300.0,4180.0,10800.0,2946.0,14253.0,9165.0,,4890.0,4875.0,45100.0,16200.0,5420.0,32800.0,792330.0,166640.0,18600.0,6850.0,15100.0,1310.0,61695.0,17200.0,100440.0,2780.0,5883.0,20667.0,92184.0,2591.0,31125.0,8135.0,24003.0,7590.0,7780.0,2705.0,,94800.0,,3630.0,11800.0,15300.0,8171.0,5740.0,632714.0,3417.0,11258.0,5405.0,32644.0,,23200.0,12571.0,8080.0,4057.0,10100.0,18550.0,22500.0,,56252.0,13808.0,9613.0,21750.0,43150.0,42322.0,9400.0,43150.0,21135.0,31731.0,26750.0,51608.0,,7423.0,18656.0,1934.0,20867.0,3715.0,2190.0,20550.0,7401.0,7017.0,3950.0,25758.0,7320.0,8070.0,9637.0,3670.0,25700.0,,12350.0,6700.0,23800.0,16550.0,8724.0,6155.0,107047.0,174625.0,6030.0,8550.0,7460.0,11400.0,8500.0,53600.0,10080.0,73500.0,24668.0,4082.0,3350.0,,23600.0,18550.0,10670.0,5380.0,,19550.0,15300.0,7150.0,1365.0,10750.0,24300.0,15513.0,,,6750.0,22650.0,13650.0,35600.0,6297.0,,7063.0,2045.0,11000.0,34100.0,33900.0,12250.0,35800.0,35800.0,9730.0,,66296.0,8020.0,4000.0,,,36350.0,,2375.0,15330.0,,17745.0,107700.0,2060.0,23000.0,2316.0,,,10625.0,10846.0,19286.0,10223.0,,20522.0,7125.0,,13450.0,44720.0,3585.0,5106.0,26200.0,7790.0,7792.0,2312.0,14150.0,22950.0,7050.0,39745.0,1843.0,23600.0,62000.0,2900.0,,129500.0,40500.0,,33985.0,17800.0,10195.0,,2140.0,,,4100.0,1913.0,182500.0,13000.0,,45700.0,59314.0,,,,,,,,,,,,,,,,,,,,,,,,,,,,,,,,,,,,,,,,,,,,,,,,,,,,,,,,767.0,,729.0,773.0,49598.0,22488.0,2461.0,21.0,7534.0,7800.0,87560.0,874.0,1447500.0,16100.0,,7700.0,6270.0,65322.0,13000.0,
2018-06-30,10200.0,13850.0,33409.0,168000.0,14800.0,6748.0,,6800.0,8640.0,11213.0,9832.0,79500.0,96704.0,85700.0,75573.0,55946.0,20150.0,54300.0,13780.0,4400.0,22950.0,10300.0,19600.0,2810.0,29767.0,18971.0,1603.0,3885.0,2543.0,5269.0,5660.0,4010.0,21450.0,11191.0,22005.0,11500.0,24600.0,6720.0,2255.0,5725.0,64800.0,26550.0,19000.0,3600.0,2440.0,27500.0,3050.0,87600.0,37000.0,42100.0,131500.0,60257.0,6980.0,40600.0,2245.0,2530.0,5590.0,21620.0,852000,3350.0,23850.0,6910.0,287966.0,27500.0,1900.0,14350.0,217000.0,27500.0,4632.0,11155.0,1435.0,3350.0,19350.0,7280.0,14731.0,7520.0,1235.0,6047.0,3120.0,353500.0,10450.0,14488.0,6030.0,64879.0,6300.0,17800.0,5620.0,11500.0,17536.0,1389000.0,16878.0,7800.0,14100.0,4240.0,7430.0,68110.0,94994.0,5240.0,2280.0,23207.0,40076.0,7080.0,800.0,2950.0,34700.0,126000.0,6939.0,64024.0,25450.0,65000.0,7980.0,11600.0,8673.0,1510.0,13350.0,4693.0,401500.0,11995.0,4635.0,4800.0,,12550.0,19447.0,22900.0,47950.0,11350.0,4350.0,15400.0,112000.0,34100.0,8664.0,,2365.0,6410.0,61087.0,3515.0,20317.0,8310.0,1449.0,19900.0,15950.0,10600.0,2849.0,807.0,19038.0,43000.0,6312.0,3135.0,15650.0,33250.0,154055.0,125500.0,16318.0,39400.0,329000.0,45150.0,131500.0,,4529.0,15700.0,15850.0,6540.0,15800.0,5400.0,14350.0,20639.0,14467.0,5210.0,8770.0,19950.0,3330.0,36850.0,4880.0,4300.0,75000.0,206500.0,46000.0,9700.0,62100.0,209513.0,8291.0,250500.0,11100.0,15975.0,5630.0,5090.0,3465.0,6040.0,31350.0,37590.0,1930.0,63600.0,,3405.0,859000.0,6639.0,37587.0,1598.0,29850.0,36136.0,4700.0,15050,47644.0,40800.0,14800.0,11750.0,7000.0,12250.0,2880.0,,13950.0,3835.0,1150.0,4120.0,3490.0,2765.0,32200.0,3255.0,2700.0,1808.0,71400.0,,58853.0,4403.0,2750.0,23000.0,148500.0,3660.0,1815.0,3390.0,105000.0,2210.0,18550.0,4360.0,59800.0,5150.0,32450.0,4960.0,8670.0,7150.0,9330.0,36800.0,6750.0,24922.0,54900.0,3600.0,1915.0,14100.0,6740.0,5330.0,,6740.0,1662.0,2220.0,3145.0,6840.0,4660.0,109500.0,5230.0,12200.0,144500.0,8425.0,2160.0,40750.0,4530.0,3270.0,5250.0,14050.0,1895.0,4385.0,13600.0,44455.0,2840.0,,36250.0,116500.0,27613.0,14400.0,956.0,2317.0,8900.0,52600.0,212000.0,12439.0,2690.0,6430.0,10500.0,5850.0,96800.0,7425.0,1729.0,3540.0,25600.0,3900.0,3030.0,1685.0,1298.0,23500.0,5100.0,8150.0,,5520.0,25000.0,5010.0,892.0,19032.0,5780.0,4330.0,3605.0,7780.0,3320.0,11600.0,7280.0,5700.0,60104.0,2500.0,953.0,1782.0,3302.0,5179.0,37400,8210.0,9790,7720.0,4320.0,32000.0,4515.0,6870.0,2615.0,17400.0,90000.0,37991.0,26267.0,7600.0,20900.0,8150.0,7790.0,31000.0,1795.0,5743.0,2410.0,8510.0,91000.0,5730.0,8890.0,8775.0,8824.0,59755.0,13550.0,9290.0,2400.0,68300.0,31057.0,200500.0,6490.0,14700.0,1074.0,92278.0,9767.0,9853.0,1415.0,2820.0,3219.0,3315.0,14802.0,15500.0,3430.0,5100.0,41650.0,42350.0,5025.0,5614.0,19759.0,5700.0,2780.0,86600.0,9160.0,3155.0,12486.0,6810.0,3080.0,5660.0,11850.0,7550.0,,21776.0,23150.0,8594.0,4570.0,48150.0,43600.0,2425.0,2960.0,3236.0,3480.0,22441.0,1640.0,3545.0,2796.0,2410.0,1585.0,3295.0,7604.0,67350.0,,2835.0,4345.0,43900.0,2940.0,23434.0,2025.0,15400.0,2300.0,2405.0,8517.0,8270.0,2340.0,6180.0,2985.0,6010.0,37600.0,10800.0,1355.0,12060.0,5720.0,15650.0,24766.0,179900.0,53100.0,20650.0,11051.0,19549.0,5690.0,80699,10450.0,3950.0,1815.0,37250.0,3855.0,21655.0,6610.0,1960.0,2955.0,19501.0,2621.0,9272.0,2255.0,14000.0,4768.0,1760.0,6380.0,1060.0,9100.0,617.0,2035.0,9850.0,6350.0,4595.0,2836.0,12950.0,5400.0,25800.0,9020.0,1227.0,6700.0,7060.0,29585.0,6190.0,107000.0,3385.0,15150.0,11973.0,20850.0,16914.0,16650.0,259000.0,13758.0,24775.0,52500.0,8550.0,14125.0,5430.0,4368.0,152816.0,7380.0,13950.0,21750.0,5040.0,7778.0,22982.0,279600.0,8350.0,26400.0,14000.0,10350.0,3800.0,35000.0,7740.0,,2100.0,66750.0,14550.0,178900,,13000.0,8730.0,371000.0,12600.0,1387.0,5030.0,5612.0,29691.0,9240.0,6580.0,3469.0,1580.0,6650.0,8400.0,6925.0,9640.0,10800.0,45200.0,1995.0,4600.0,8160.0,9100.0,5410.0,4690.0,17620.0,3940.0,7270.0,4500.0,10250.0,3000.0,69700.0,19502.0,5460.0,2150.0,6600.0,3360.0,14750.0,8557.0,10113,4005.0,,10800.0,36050.0,8920.0,2190.0,24215.0,7180.0,5130.0,9000.0,2070.0,8310,8840.0,41950.0,4880.0,9296.0,6490.0,32050.0,10350.0,89736.0,143391.0,1550.0,7010.0,14850.0,14182.0,24350.0,6140.0,23987.0,4220.0,15987.0,33500.0,6570.0,1240.0,2183.0,3235.0,9110.0,3190.0,6120.0,6579.0,22850.0,15640.0,1046.0,2610.0,7510.0,285825.0,14256.0,1670.0,31500.0,4780.0,3778.0,17950.0,4355.0,2920.0,2380.0,15250.0,7920.0,1915,5670.0,6590,4820.0,3285.0,3666.0,16600.0,5180.0,2248.0,5870.0,21400.0,4480.0,925.0,2850.0,41200.0,21315.0,5307.0,431590,2681.0,7690.0,10200.0,2665.0,5600.0,2190.0,2375.0,8210.0,26650.0,14000.0,17363.0,8630.0,2440.0,3866.0,3420.0,2710.0,12700.0,126828.0,838.0,10066.0,719,29350,2000.0,2671.0,4062.0,8840.0,,17300.0,2042.0,6080.0,32400.0,42510.0,1396000.0,32749,3190.0,9450.0,1455.0,16600.0,3111.0,2880.0,26500.0,19627.0,13650.0,4365.0,1135.0,10750.0,1625.0,1927.0,43200,6610.0,13700.0,2355.0,3447.0,3490.0,4920.0,10752.0,1440,16392.0,11350.0,3720,11250.0,,51000.0,,9543.0,3130.0,2355.0,326655.0,26400.0,11400.0,5100.0,13300.0,13300.0,15650.0,3175.0,18100.0,7750.0,25950.0,2745,5040.0,6380.0,6620.0,2455.0,26440.0,2454.0,15071.0,13654.0,2525,,9370.0,12781,2100.0,12614.0,16100,10100.0,138500.0,8890.0,4415.0,2220.0,2910.0,4020.0,7450.0,3685.0,3965.0,7250.0,7013.0,10926.0,8830.0,11745,4041.0,3355.0,9180.0,10700.0,,21711.0,,54000.0,18830.0,7280.0,2415.0,11650.0,10537.0,35397.0,7720.0,4379.0,28050.0,3450.0,40575.0,16239.0,9150.0,64800.0,16875.0,2765.0,18182.0,6400.0,52249.0,3580.0,7553.0,,4115.0,2710.0,1935.0,2920.0,2769.0,13550.0,2780.0,6970.0,69000.0,110900.0,4330.0,14650.0,4873.0,2805.0,3940.0,5132,4800.0,5080.0,,7829.0,22037.0,83000.0,19000.0,3930.0,10900.0,3109.0,2300.0,21750.0,46700.0,5748.0,3438.0,148650.0,3500.0,3125.0,4315.0,4630.0,5647.0,2332.0,,231858.0,10150.0,10450,69915.0,,4680.0,1440.0,24200.0,4731.0,29250.0,5460.0,8590.0,19904.0,196000.0,13704.0,4885.0,115500.0,7510.0,3485.0,6508.0,4190.0,2810.0,9610.0,4441.0,36092.0,18081.0,3820.0,5750.0,5110.0,19950.0,4631.0,56250.0,7550.0,16050.0,2300.0,53057.0,2175.0,,2150.0,14800.0,2745.0,2515.0,2980.0,8665.0,2350.0,3315.0,4170.0,10600.0,13400.0,5370.0,2325.0,40414.0,15300.0,6185.0,24000.0,28118,6802.0,54400.0,42590.0,6500.0,15563.0,22800.0,40050.0,4525.0,10750.0,2449.0,8070.0,10085.0,10250.0,12500.0,8890.0,3020,8054.0,27200.0,4601.0,8390.0,6720.0,2090.0,24083.0,2440.0,3580.0,10450.0,,3264.0,9170.0,4780.0,6390.0,11978.0,,,5010.0,5020.0,,3917.0,3909.0,5790.0,7353.0,,,,,,,11846.0,6410.0,5341.0,49261.0,22650.0,9140.0,8690.0,,6750.0,126554.0,22350.0,14300,15324.0,3530.0,4130.0,13650.0,5750.0,10200.0,,5100.0,4430.0,18900.0,12873.0,4286.0,9000.0,,,606786.0,4679.0,4325.0,,8410.0,81315.0,4400.0,9890.0,5780.0,12316.0,3725.0,6410.0,7544.0,28936.0,2420.0,12500.0,5555,32159.0,3175.0,4473.0,4950.0,,15300.0,2915.0,,41350.0,322500.0,24450.0,9440.0,4375.0,11850.0,2105,4415.0,,,,,3510.0,13600.0,7100.0,,96000.0,14530.0,14600.0,5744.0,5860.0,64800.0,3745.0,4190.0,4760.0,,26627.0,4150.0,28100.0,6410.0,3140.0,27200.0,10059.0,3380.0,6900.0,5550.0,6144.0,989.0,11800.0,3270.0,3705.0,6550.0,5940.0,11700.0,10707.0,3600.0,4925.0,,23450.0,67621.0,278.0,15550.0,14022.0,10350.0,3499,145835.0,6797.0,198758.0,33323.0,10000.0,11197.0,14500.0,352500.0,4050.0,2418.0,11259.0,1830.0,11816.0,1384.0,137.0,,,9990.0,30500.0,4485.0,8980.0,2636.0,5546.0,2360,60127.0,5340.0,6032.0,4430.0,555.0,3665.0,12700.0,3550.0,10143.0,19567.0,13400.0,3540.0,12650.0,4467.0,,,,9250.0,3645.0,2390.0,9259.0,,7280.0,26800.0,18000.0,5610.0,7405.0,40400.0,24400.0,36100.0,11950.0,,69400.0,6640.0,6310.0,14636.0,7090.0,5354.0,7170.0,4020.0,7608.0,157487.0,,,,,15350.0,,,33500.0,3892.0,5560.0,12954.0,6725.0,26050.0,105736,3855.0,22228,6565.0,6609.0,76840.0,10002.0,22386,7290.0,14850.0,13010.0,4155.0,6940.0,5490.0,26800.0,5890.0,274933.0,,28160.0,4185.0,22616.0,6052.0,19500.0,5440.0,16150,86400.0,13200.0,,19350.0,30220.0,2600.0,7931.0,3715.0,16200.0,3830.0,1000.0,36250.0,6910.0,13900.0,2700.0,15250.0,2685.0,16900.0,2055.0,14400.0,3965.0,4969.0,215675.0,16350.0,3040.0,,,7376.0,4470.0,3283.0,1435.0,14300.0,6610,4235.0,5040.0,2565.0,,6351.0,3060.0,9300.0,3330.0,98900.0,14400.0,10925.0,5700.0,12300.0,2110.0,14450,2665.0,5020.0,4760.0,2082.0,48600.0,3150.0,15550.0,2701,12800.0,9300.0,8390.0,26350.0,3774.0,7820.0,,12933.0,10924.0,35584,2410.0,,4030.0,18092.0,4020.0,14854.0,2900.0,4114.0,77640,1460.0,19693.0,4638.0,25062.0,7400.0,19450.0,2811.0,47400.0,4380.0,164403.0,848.0,89300.0,4570.0,63836.0,,7870.0,5980.0,6127.0,7080.0,4150.0,13000.0,1705,5613.0,4395.0,,4470.0,11429.0,4685.0,2715,1180.0,6492.0,31271.0,,1080.0,71050.0,7660.0,11000.0,42100.0,4295.0,84500.0,6882.0,25500.0,45400.0,3700.0,5200.0,78869.0,11350.0,4575.0,10434.0,4139.0,2705.0,3876.0,9110.0,46250.0,26000.0,,4935.0,16232.0,7450.0,10378.0,49500.0,6889.0,16900.0,3051.0,14806.0,2285.0,14350.0,5806.0,13100.0,9085.0,15316.0,72372.0,5560.0,9750.0,3630.0,8800.0,2167.0,13790.0,10172.0,,4455.0,4336.0,42500.0,14000.0,4645.0,35500.0,792330.0,159289.0,13600.0,6975.0,14500.0,1310.0,51105.0,19600.0,131730.0,2478.0,6906.0,15531.0,85791.0,2320.0,28406.0,7566.0,20797.0,6720.0,7250.0,2117.0,,83250.0,,3835.0,12950.0,15100.0,5858.0,4555.0,606533.0,2639.0,11008.0,5067.0,33503.0,,19550.0,11954.0,7180.0,3189.0,9140.0,16750.0,22950.0,,60605.0,12880.0,9100.0,20500.0,38450.0,44550.0,8725.0,42500.0,14340.0,35252.0,27300.0,46991.0,,6655.0,16929.0,1720.0,16191.0,2645.0,2030.0,36000.0,8106.0,7310.0,3030.0,23270.0,6120.0,9390.0,9741.0,3735.0,31600.0,,12700.0,6600.0,21150.0,15600.0,7954.0,5405.0,109683.0,142021.0,6400.0,8000.0,6430.0,10625.0,7140.0,53300.0,10080.0,69500.0,18742.0,4645.0,2995.0,,26150.0,24750.0,10700.0,4550.0,,19750.0,16950.0,6670.0,1266.0,11200.0,25500.0,9936.0,,,6270.0,21450.0,13650.0,36750.0,5290.0,,6462.0,2065.0,10400.0,28100.0,32000.0,11300.0,35700.0,29300.0,9640.0,,62800.0,8080.0,4300.0,,,35850.0,,2295.0,15480.0,,12225.0,115800.0,2300.0,25000.0,2420.0,,,10575.0,9146.0,16036.0,10223.0,,17924.0,6250.0,,13850.0,45000.0,3265.0,4421.0,21673.0,7824.0,7103.0,2312.0,12350.0,21000.0,6250.0,30307.0,1829.0,21800.0,60500.0,2900.0,,149000.0,36700.0,,26305.0,16400.0,10345.0,,4060.0,,,4100.0,1876.0,195000.0,14100.0,,44400.0,61983.0,,,,,,,,,,,,,,,49976.0,,,,,,,,,,,,,,,,,,,,,,,,,,,,,,,,,,,,,,,,,661.0,,604.0,773.0,43970.0,18458.0,2026.0,,6652.0,6845.0,73550.0,913.0,1287500.0,14050.0,,7100.0,5250.0,76944.0,11700.0,
2018-07-31,11050.0,12750.0,34253.0,151000.0,13150.0,7085.0,,6730.0,8460.0,10112.0,9901.0,74600.0,91043.0,86300.0,71709.0,56919.0,21300.0,52000.0,12905.0,4095.0,20400.0,10000.0,16800.0,2930.0,30842.0,16000.0,1453.0,3558.0,2724.0,5009.0,5790.0,3790.0,21450.0,10110.0,19489.0,11800.0,25200.0,6260.0,2190.0,5475.0,64900.0,24600.0,17755.0,3480.0,2350.0,22650.0,2800.0,89100.0,53900.0,40950.0,125500.0,56940.0,6990.0,41800.0,2085.0,2370.0,5590.0,20729.0,884000,3255.0,21400.0,6780.0,297623.0,25400.0,1770.0,13850.0,218000.0,23950.0,4234.0,12885.0,1510.0,2605.0,19000.0,7260.0,14731.0,6640.0,1120.0,5584.0,3040.0,351500.0,10450.0,14119.0,5990.0,58571.0,6280.0,14700.0,5160.0,10800.0,16878.0,1464000.0,16878.0,6550.0,12200.0,3965.0,7480.0,71228.0,92292.0,12200.0,2270.0,23791.0,44898.0,7870.0,835.0,3065.0,27080.0,129000.0,7745.0,63725.0,23800.0,61500.0,8120.0,10700.0,8000.0,1380.0,13400.0,4981.0,332000.0,10079.0,4335.0,5070.0,,12100.0,18273.0,26400.0,47200.0,10950.0,4300.0,15150.0,113500.0,34500.0,9209.0,,2300.0,6410.0,34280.0,3360.0,19080.0,7970.0,1604.0,20150.0,14100.0,9390.0,2512.0,690.0,22926.0,39450.0,5828.0,3175.0,13950.0,29800.0,140424.0,129500.0,16801.0,40600.0,330500.0,45950.0,111000.0,,4449.0,14450.0,13250.0,6100.0,14250.0,5230.0,14200.0,18771.0,16301.0,5051.0,8770.0,15200.0,3460.0,33150.0,4640.0,4160.0,75000.0,178000.0,45300.0,9940.0,56500.0,224198.0,8460.0,249500.0,10700.0,16530.0,5350.0,5380.0,3160.0,5770.0,30200.0,28438.0,1750.0,60700.0,,3255.0,882000.0,6749.0,29078.0,1505.0,34350.0,36024.0,4490.0,15950,46172.0,39000.0,13790.0,11400.0,7210.0,14000.0,2850.0,,14300.0,3775.0,1105.0,3760.0,3045.0,2600.0,28800.0,3355.0,2835.0,1792.0,66300.0,,63135.0,3493.0,2570.0,23400.0,153500.0,2915.0,1789.0,3100.0,96400.0,1955.0,17900.0,4370.0,62000.0,4865.0,35850.0,4900.0,8060.0,6473.0,9000.0,35250.0,6720.0,24123.0,53700.0,3235.0,1665.0,14500.0,6107.0,5020.0,,5150.0,1679.0,2045.0,3415.0,5130.0,4800.0,117500.0,4990.0,12100.0,163000.0,7575.0,2165.0,47100.0,5405.0,3210.0,4630.0,14100.0,1810.0,4420.0,13400.0,38360.0,2405.0,,32600.0,113000.0,16615.0,13250.0,865.0,2442.0,7300.0,48500.0,228000.0,12265.0,2884.0,5490.0,10150.0,5610.0,86700.0,7325.0,1605.0,3240.0,24550.0,3955.0,2349.0,1480.0,1274.0,22100.0,4595.0,7110.0,,4660.0,20665.0,4905.0,830.0,19362.0,4880.0,4275.0,3430.0,6940.0,3140.0,10450.0,6850.0,5300.0,55423.0,2410.0,845.0,1722.0,3168.0,4617.0,36450,7860.0,8600,7370.0,4560.0,33300.0,4685.0,7470.0,2560.0,13750.0,90300.0,33992.0,24333.0,7590.0,21050.0,7310.0,7140.0,30100.0,1795.0,6023.0,2200.0,8950.0,86900.0,4975.0,7880.0,9100.0,7886.0,60689.0,13450.0,8650.0,2470.0,65400.0,30805.0,209500.0,7900.0,13950.0,1021.0,84612.0,8024.0,9946.0,1380.0,2280.0,3134.0,3235.0,14592.0,14840.0,3080.0,4965.0,37750.0,53100.0,5000.0,5202.0,20356.0,5425.0,3180.0,93800.0,8540.0,2930.0,11853.0,6860.0,2870.0,5280.0,11250.0,6780.0,,21776.0,23700.0,8385.0,4500.0,46850.0,42650.0,1935.0,2785.0,3025.0,3480.0,17762.0,1475.0,3430.0,2534.0,2470.0,1495.0,2705.0,7206.0,62162.0,,2915.0,3885.0,46100.0,2805.0,22848.0,1915.0,15050.0,2215.0,2345.0,8403.0,7840.0,2070.0,6180.0,2640.0,5710.0,30650.0,9510.0,1335.0,8860.0,5150.0,17000.0,20963.0,198800.0,50700.0,20200.0,7143.0,20050.0,5610.0,61779,10100.0,3870.0,1815.0,34300.0,4535.0,19875.0,6610.0,1875.0,2430.0,17148.0,2487.0,8943.0,2200.0,15400.0,5075.0,1740.0,6320.0,1165.0,8080.0,594.0,1945.0,9680.0,6000.0,4540.0,2771.0,14000.0,4985.0,23900.0,8790.0,1095.0,6170.0,7150.0,30275.0,8550.0,110500.0,3200.0,15150.0,11514.0,18950.0,19641.0,15950.0,263500.0,13316.0,25250.0,53200.0,8120.0,13550.0,5980.0,4355.0,143403.0,7380.0,10900.0,18750.0,5220.0,7410.0,22580.0,231900.0,7622.0,22700.0,9840.0,9710.0,3930.0,33000.0,7200.0,,2030.0,59000.0,14500.0,181300,,12650.0,8020.0,385500.0,11550.0,1273.0,4870.0,5799.0,28636.0,10050.0,5930.0,4384.0,1620.0,6580.0,8200.0,6250.0,12300.0,9130.0,41400.0,1850.0,4330.0,8980.0,9000.0,5390.0,4165.0,18949.0,3470.0,7110.0,4500.0,11100.0,2950.0,64000.0,16123.0,4290.0,1965.0,6650.0,3245.0,17750.0,7055.0,9591,3875.0,,10450.0,34800.0,8870.0,2120.0,23320.0,7190.0,4840.0,10150.0,1830.0,7850,8630.0,38550.0,5860.0,8741.0,6110.0,25250.0,10600.0,80211.0,124966.0,1465.0,7900.0,14300.0,14907.0,27000.0,5590.0,23409.0,5325.0,16356.0,31450.0,6510.0,1140.0,2173.0,3180.0,9360.0,3190.0,6030.0,6365.0,21125.0,14430.0,910.0,2572.0,7500.0,235825.0,13860.0,1675.0,29250.0,4420.0,3360.0,18050.0,4001.0,2830.0,2385.0,15450.0,7300.0,1640,6174.0,6310,4490.0,3365.0,3653.0,18000.0,4300.0,2442.0,5680.0,19150.0,4570.0,925.0,3020.0,35150.0,20025.0,5381.0,440920,2431.0,7470.0,8790.0,2270.0,4835.0,2065.0,2055.0,8100.0,28950.0,12475.0,14116.0,8430.0,2785.0,3832.0,3365.0,3245.0,13750.0,119120.0,824.0,10629.0,719,22650,2060.0,2558.0,4573.0,8040.0,,18300.0,2065.0,7210.0,31000.0,40280.0,1210000.0,32087,2925.0,8550.0,1455.0,17400.0,2962.0,2870.0,21300.0,21861.0,12600.0,4035.0,1110.0,9600.0,1615.0,1734.0,39600,6200.0,13100.0,1725.0,3844.0,3790.0,4650.0,10094.0,1305,16721.0,9930.0,3750,10650.0,,54600.0,,8982.0,2960.0,2310.0,317100.0,16100.0,10650.0,5570.0,13200.0,13125.0,14150.0,3210.0,16550.0,7500.0,26300.0,2535,5100.0,5820.0,7530.0,2090.0,23385.0,2580.0,17086.0,14103.0,3075,,9060.0,13161,2235.0,13395.0,13800,9760.0,132000.0,8110.0,3929.0,2175.0,2690.0,4000.0,8130.0,3634.0,3675.0,7190.0,7808.0,10926.0,8600.0,11490,3756.0,3355.0,8565.0,10600.0,,22686.0,,52000.0,18401.0,9080.0,2150.0,13100.0,10037.0,31366.0,7700.0,4165.0,27200.0,3805.0,35959.0,17292.0,9490.0,71400.0,13900.0,2665.0,18623.0,6220.0,52249.0,3580.0,7357.0,,4790.0,2604.0,1610.0,2770.0,2556.0,12100.0,2620.0,6800.0,73500.0,91000.0,4360.0,13200.0,4472.0,2810.0,3730.0,3979,4580.0,5060.0,,7356.0,16442.0,74800.0,18900.0,3885.0,11500.0,3317.0,2305.0,23950.0,42500.0,5553.0,3292.0,134970.0,3795.0,3240.0,4160.0,4480.0,5392.0,2282.0,,207412.0,11000.0,11400,54268.0,,4500.0,1395.0,20900.0,4571.0,31700.0,5270.0,8287.0,14207.0,183000.0,15238.0,4720.0,98400.0,6810.0,3050.0,7462.0,3865.0,3515.0,9160.0,4861.0,34463.0,19900.0,3850.0,5680.0,5875.0,14950.0,4507.0,39300.0,6890.0,19150.0,2160.0,44094.0,1740.0,,2190.0,16250.0,2766.0,2210.0,2690.0,10213.0,2670.0,3385.0,4070.0,9720.0,12900.0,5380.0,2845.0,36821.0,13900.0,5828.0,31550.0,27529,7380.0,53800.0,38090.0,6700.0,13513.0,22350.0,34750.0,4265.0,11650.0,2503.0,9280.0,9817.0,10250.0,9440.0,8870.0,3350,8748.0,25200.0,3531.0,7110.0,6290.0,2003.0,22828.0,2345.0,3395.0,10450.0,,3040.0,8196.0,4385.0,6114.0,11831.0,,,5040.0,5010.0,,3608.0,3473.0,5580.0,7093.0,,,,,,,10670.0,7150.0,5121.0,45460.0,22700.0,8340.0,8650.0,,5230.0,107217.0,14300.0,12050,12970.0,3705.0,3945.0,10950.0,5880.0,9390.0,,4400.0,3900.0,18800.0,12572.0,4851.0,7840.0,,,567642.0,4604.0,4060.0,,7170.0,81315.0,4690.0,8680.0,5880.0,14186.0,3585.0,6790.0,7873.0,24379.0,2510.0,8560.0,5539,32465.0,2850.0,4245.0,6000.0,,14850.0,2433.0,,35800.0,267500.0,24700.0,9260.0,4237.0,11850.0,2050,4075.0,,,,,3605.0,13500.0,7040.0,,79032.0,17381.0,15050.0,5345.0,5810.0,62800.0,3590.0,4000.0,4540.0,,27191.0,4040.0,27500.0,6190.0,2869.0,26500.0,11328.0,3340.0,7090.0,5460.0,4631.0,935.0,10950.0,2866.0,3695.0,6110.0,5740.0,10500.0,13463.0,3575.0,3990.0,,24750.0,57961.0,261.0,19550.0,13117.0,10300.0,3602,145835.0,6196.0,195314.0,31255.0,11933.0,12372.0,11250.0,338000.0,3900.0,2256.0,11685.0,1930.0,13252.0,1564.0,57.0,,,10100.0,33300.0,4440.0,9300.0,2506.0,5316.0,2280,74658.0,6000.0,5789.0,4600.0,606.0,3995.0,12900.0,3550.0,8841.0,19322.0,14050.0,3190.0,11350.0,4292.0,,,,8420.0,3890.0,2350.0,8794.0,,6400.0,27100.0,17950.0,5100.0,7705.0,40100.0,25350.0,47450.0,12200.0,,67300.0,6610.0,6134.0,17341.0,6710.0,5052.0,7170.0,4785.0,7261.0,135063.0,,,,,13400.0,,,30200.0,3211.0,5710.0,13713.0,5875.0,24650.0,113080,3618.0,26866,6810.0,7478.0,70480.0,8867.0,20924,7690.0,12864.0,12310.0,5400.0,7190.0,5100.0,23750.0,5890.0,249383.0,,29940.0,4140.0,22910.0,5912.0,15700.0,5900.0,16250,87100.0,13150.0,,22950.0,23455.0,2730.0,8878.0,3535.0,14800.0,3070.0,1000.0,33300.0,7040.0,17100.0,2520.0,16900.0,2500.0,13600.0,2175.0,12750.0,3745.0,4588.0,222162.0,15600.0,3335.0,,,7170.0,4150.0,3450.0,1300.0,15850.0,6490,4065.0,4790.0,2580.0,,5354.0,2960.0,8380.0,3010.0,98900.0,14350.0,10500.0,5440.0,11600.0,2240.0,16200,2410.0,4955.0,4670.0,2020.0,53300.0,3110.0,13850.0,2663,12600.0,8200.0,9125.0,26350.0,3728.0,8016.0,,10508.0,10881.0,37808,2080.0,,4410.0,18826.0,3790.0,13178.0,2875.0,4094.0,76775,1445.0,16665.0,4397.0,22098.0,8830.0,18800.0,2834.0,42000.0,3580.0,162766.0,818.0,91000.0,4300.0,59126.0,,7870.0,6670.0,6925.0,6690.0,4420.0,12100.0,1730,4342.0,4070.0,,4320.0,10019.0,4590.0,2730,1180.0,8626.0,11644.0,,1175.0,63345.0,6820.0,11000.0,44400.0,3865.0,68200.0,6422.0,21750.0,46100.0,3630.0,5110.0,86163.0,11500.0,4225.0,9799.0,4526.0,2790.0,3814.0,8090.0,67250.0,21450.0,20107.0,4835.0,13876.0,8880.0,8758.0,51100.0,6520.0,18400.0,2780.0,13897.0,2230.0,13500.0,6561.0,13008.0,9745.0,13127.0,75252.0,5661.0,9480.0,3930.0,8210.0,1964.0,12910.0,11431.0,,4300.0,4825.0,61100.0,15900.0,4625.0,32100.0,792330.0,133312.0,13850.0,6875.0,14150.0,1310.0,54973.0,19100.0,108240.0,2330.0,6138.0,14178.0,93522.0,2693.0,29203.0,11648.0,19614.0,6580.0,6630.0,2513.0,7350.0,76770.0,,4465.0,12700.0,15150.0,6109.0,4695.0,542535.0,2478.0,11133.0,4695.0,28556.0,,20900.0,12725.0,8450.0,3236.0,8680.0,18350.0,20900.0,,57422.0,11792.0,9063.0,18500.0,38850.0,43738.0,9325.0,39100.0,15095.0,33112.0,29700.0,33464.0,,5662.0,16175.0,2041.0,13311.0,3240.0,1725.0,38100.0,6967.0,6919.0,3155.0,25611.0,5660.0,8620.0,9430.0,4315.0,32250.0,,12350.0,5840.0,21500.0,15050.0,8334.0,5380.0,105466.0,136495.0,6610.0,7740.0,5180.0,10500.0,6650.0,49900.0,9445.0,64500.0,23868.0,3700.0,1680.0,25073.0,23500.0,27100.0,10700.0,4330.0,,19650.0,18950.0,6720.0,1262.0,12400.0,23700.0,9024.0,,,5910.0,22900.0,12650.0,32800.0,7177.0,,8991.0,2080.0,9510.0,29400.0,33250.0,10950.0,27850.0,24400.0,8840.0,,66021.0,8420.0,3950.0,,,33450.0,,2175.0,15595.0,,11360.0,94500.0,2055.0,25900.0,2381.0,,,10575.0,8087.0,14150.0,10399.0,,16506.0,6075.0,,12700.0,43800.0,3500.0,4179.0,18166.0,9642.0,6661.0,2312.0,12550.0,25500.0,6000.0,27710.0,1852.0,14200.0,63000.0,2900.0,,133500.0,34500.0,,25707.0,18250.0,10375.0,,2500.0,,,4100.0,1881.0,169000.0,13050.0,,44000.0,59848.0,,,,,,,,,,,,,,,53314.0,,337000.0,222500.0,52900.0,170000.0,,,,,,,,,,,,,,,,,,,,,,,,,,,,,,,,,,,,680.0,,595.0,773.0,36016.0,17378.0,2082.0,,6793.0,6645.0,66545.0,948.0,1337500.0,12100.0,,7820.0,4715.0,72936.0,10950.0,
2018-08-31,11600.0,13750.0,36712.0,154000.0,13275.0,7682.0,,6650.0,8340.0,9585.0,13171.0,68100.0,99064.0,83000.0,68411.0,58378.0,21800.0,49250.0,13480.0,4095.0,21000.0,10050.0,18350.0,2790.0,39562.0,15428.0,1777.0,3348.0,3022.0,4618.0,5440.0,4370.0,20750.0,10283.0,18013.0,13000.0,29400.0,6390.0,2315.0,5375.0,66200.0,26600.0,19890.0,3705.0,2320.0,19900.0,2980.0,88000.0,54000.0,39950.0,130000.0,58026.0,6860.0,40300.0,2475.0,2320.0,5430.0,19320.0,820000,3205.0,21000.0,8330.0,284893.0,28650.0,2005.0,14450.0,206000.0,25000.0,4768.0,11775.0,1360.0,2960.0,21300.0,10700.0,14151.0,6530.0,1515.0,5570.0,3175.0,339000.0,10700.0,15872.0,6090.0,58400.0,6320.0,18550.0,4970.0,11600.0,17185.0,1610000.0,14892.0,9190.0,10650.0,3400.0,8010.0,67543.0,98595.0,10450.0,2400.0,22953.0,55043.0,7350.0,858.0,3210.0,25800.0,128000.0,8008.0,62831.0,22700.0,60800.0,8260.0,10300.0,8906.0,1495.0,12700.0,5411.0,324500.0,10513.0,4615.0,5470.0,,13150.0,19252.0,27500.0,47700.0,12250.0,4340.0,12850.0,105500.0,34000.0,8846.0,,2410.0,6050.0,35358.0,3600.0,15636.0,7800.0,1518.0,18700.0,14350.0,10400.0,2621.0,729.0,23105.0,36000.0,5668.0,3075.0,13000.0,30650.0,135312.0,125000.0,15029.0,38350.0,326500.0,55100.0,125000.0,,4929.0,14900.0,18100.0,6170.0,14050.0,5190.0,13700.0,18819.0,16022.0,5323.0,8770.0,16900.0,5910.0,32200.0,4880.0,4520.0,67200.0,196000.0,47900.0,9540.0,63200.0,231051.0,9679.0,215500.0,11100.0,19220.0,5460.0,4900.0,3070.0,6020.0,32150.0,31816.0,1960.0,58700.0,,3170.0,725000.0,7100.0,34129.0,1501.0,32400.0,37814.0,4945.0,14600,45475.0,50250.0,13498.0,13650.0,6840.0,14100.0,2930.0,,14450.0,3800.0,1225.0,3725.0,4240.0,2685.0,30950.0,3850.0,4435.0,1705.0,68900.0,,79169.0,4353.0,2780.0,23300.0,161000.0,3080.0,1527.0,3700.0,82500.0,2090.0,21150.0,4300.0,49950.0,5250.0,29550.0,4830.0,10800.0,6204.0,9520.0,36000.0,6690.0,23097.0,52500.0,3100.0,2055.0,14320.0,6683.0,4875.0,,5010.0,1705.0,2080.0,3230.0,4860.0,4535.0,119500.0,5040.0,12950.0,143500.0,7025.0,1948.0,42650.0,3188.0,3520.0,5170.0,15400.0,1735.0,4530.0,11650.0,49915.0,2640.0,,28700.0,102000.0,17187.0,13850.0,813.0,2368.0,7425.0,48600.0,224000.0,11720.0,3058.0,6450.0,10450.0,6140.0,85700.0,7758.0,1677.0,3400.0,24550.0,4185.0,2433.0,1620.0,1399.0,24850.0,4880.0,7090.0,,4980.0,24294.0,4675.0,945.0,19272.0,4670.0,4225.0,3450.0,8850.0,3290.0,11650.0,6770.0,5190.0,58023.0,2410.0,838.0,1724.0,3242.0,4631.0,36000,7910.0,7370,8100.0,4490.0,30500.0,4425.0,6400.0,2695.0,16300.0,99900.0,32623.0,27367.0,9420.0,22200.0,9600.0,7240.0,30400.0,1625.0,6668.0,2495.0,9140.0,87600.0,5560.0,8150.0,10450.0,6209.0,60889.0,12100.0,8110.0,2555.0,64800.0,31158.0,242500.0,8790.0,14800.0,1060.0,83728.0,7798.0,11154.0,1470.0,2380.0,3170.0,3250.0,14442.0,14520.0,2975.0,5000.0,38900.0,55400.0,5175.0,4891.0,20141.0,5575.0,3250.0,91400.0,9960.0,2725.0,11427.0,6670.0,3020.0,5400.0,12850.0,6670.0,,22359.0,22700.0,9867.0,4490.0,49500.0,47700.0,1925.0,2740.0,3089.0,,19964.0,1560.0,3545.0,2464.0,2420.0,1515.0,2785.0,7400.0,63483.0,,2695.0,3910.0,43650.0,2910.0,21872.0,1800.0,13600.0,2495.0,2345.0,8218.0,7430.0,1850.0,6180.0,3080.0,6280.0,33000.0,9440.0,1270.0,8356.0,4885.0,16850.0,18962.0,207500.0,51300.0,19300.0,4559.0,18922.0,5600.0,50485,10400.0,5260.0,1840.0,53800.0,4215.0,18138.0,6610.0,1875.0,2295.0,16750.0,2474.0,8696.0,2225.0,15700.0,5407.0,1745.0,6750.0,1485.0,9150.0,795.0,2045.0,9110.0,6075.0,4525.0,2914.0,12700.0,5400.0,28600.0,7730.0,1077.0,7610.0,7920.0,28985.0,6500.0,101000.0,3410.0,14500.0,10826.0,18300.0,19641.0,19800.0,263000.0,13365.0,27300.0,52800.0,7900.0,12875.0,6030.0,4291.0,150613.0,7380.0,12950.0,18550.0,5500.0,7063.0,25089.0,252000.0,7233.0,32250.0,8830.0,7880.0,4270.0,34400.0,6310.0,,2560.0,67100.0,20050.0,180500,,12950.0,7750.0,387500.0,10700.0,1107.0,4610.0,6005.0,31706.0,8800.0,5970.0,3451.0,1625.0,6160.0,8000.0,6975.0,11050.0,8560.0,42000.0,2585.0,4760.0,10000.0,9100.0,5830.0,4090.0,20154.0,4785.0,7350.0,4335.0,11150.0,3005.0,59800.0,24136.0,4980.0,2190.0,9090.0,3480.0,12650.0,12535.0,10193,3850.0,,10250.0,33650.0,9660.0,2150.0,25830.0,7330.0,4960.0,10650.0,1910.0,7460,8430.0,48550.0,6720.0,9146.0,5740.0,29350.0,11450.0,81113.0,132576.0,1465.0,8320.0,13300.0,15933.0,29900.0,5310.0,25275.0,6100.0,14780.0,33550.0,6840.0,1180.0,2323.0,3140.0,8220.0,75.0,6730.0,6241.0,20925.0,14430.0,1022.0,2415.0,7420.0,236300.0,13948.0,1720.0,30050.0,4570.0,3220.0,16700.0,4024.0,2925.0,2710.0,15300.0,7610.0,1630,5903.0,6200,5180.0,3280.0,3653.0,17650.0,5080.0,2512.0,5240.0,18250.0,4640.0,925.0,3010.0,41750.0,22170.0,5796.0,422270,2483.0,7290.0,12200.0,2600.0,5130.0,2110.0,2390.0,7700.0,28500.0,12725.0,15989.0,7680.0,3025.0,3535.0,3660.0,2287.0,11450.0,102268.0,817.0,10653.0,719,28450,2040.0,2570.0,4582.0,7980.0,,16150.0,2250.0,6620.0,31700.0,39610.0,1265000.0,36111,3020.0,9650.0,1455.0,17900.0,2813.0,2900.0,20900.0,19300.0,11950.0,4010.0,1165.0,11950.0,1700.0,1655.0,37800,6810.0,13300.0,1810.0,3568.0,3355.0,4895.0,12312.0,1315,14655.0,8870.0,4100,9860.0,,58200.0,,9543.0,3040.0,2400.0,214770.0,9990.0,10900.0,5590.0,13900.0,19061.0,13450.0,3275.0,18300.0,8050.0,28050.0,2525,5010.0,6240.0,7210.0,1985.0,25980.0,2435.0,14159.0,11330.0,3025,,9110.0,11910,2395.0,12294.0,12550,10350.0,123500.0,8170.0,4873.0,2425.0,2735.0,3840.0,8920.0,3634.0,4200.0,7510.0,8082.0,10926.0,9570.0,10605,3725.0,3455.0,9230.0,10850.0,,24462.0,,55200.0,19450.0,12350.0,2095.0,13150.0,9036.0,38294.0,8790.0,4137.0,27250.0,4010.0,52092.0,17517.0,12300.0,62700.0,15325.0,2760.0,17741.0,7500.0,52249.0,3580.0,8389.0,,4255.0,2707.0,2150.0,3045.0,2479.0,12150.0,2925.0,6130.0,77000.0,103900.0,4385.0,12750.0,4893.0,2430.0,3680.0,3496,4855.0,5950.0,,6292.0,15528.0,76800.0,16800.0,4000.0,13550.0,3166.0,2190.0,31400.0,37700.0,6661.0,3368.0,140890.0,3665.0,3030.0,4060.0,4500.0,5480.0,2143.0,,206267.0,10450.0,13700,61745.0,,4490.0,1550.0,19850.0,4833.0,25350.0,4540.0,8523.0,13504.0,205000.0,15042.0,5040.0,99600.0,6780.0,3380.0,8173.0,3950.0,2865.0,10700.0,3878.0,34231.0,25100.0,4815.0,5480.0,5040.0,14200.0,5606.0,48650.0,6030.0,23400.0,2120.0,47279.0,1820.0,,2530.0,16750.0,2847.0,2220.0,2785.0,10627.0,2515.0,3150.0,4210.0,8690.0,14300.0,5740.0,2980.0,45472.0,13500.0,6236.0,29600.0,26939,7681.0,53100.0,33590.0,6550.0,13019.0,23300.0,33300.0,4095.0,12600.0,3042.0,8780.0,11557.0,9960.0,8670.0,9570.0,3070,8288.0,22550.0,3531.0,8040.0,6900.0,1768.0,24179.0,2475.0,3495.0,10450.0,,2965.0,11902.0,4820.0,5861.0,10604.0,,,5020.0,5030.0,,3525.0,3212.0,5770.0,7316.0,,,,,,,13271.0,7400.0,4787.0,48766.0,25300.0,8410.0,8690.0,,4985.0,127360.0,15650.0,12350,17770.0,3140.0,4080.0,13050.0,6550.0,9000.0,,5400.0,3620.0,19250.0,13874.0,4997.0,9890.0,9208.0,,529683.0,4991.0,4225.0,,10300.0,92760.0,4745.0,8330.0,5610.0,14377.0,3785.0,7240.0,8025.0,23219.0,2405.0,9070.0,5441,29902.0,3200.0,4640.0,5650.0,7600.0,16750.0,2744.0,,33100.0,263000.0,25350.0,8450.0,4062.0,,2300,4850.0,,,,,4075.0,14750.0,8010.0,27690.0,78253.0,20139.0,14850.0,5865.0,6045.0,64000.0,3400.0,4245.0,4707.0,,25808.0,4385.0,26550.0,6350.0,3031.0,29350.0,11328.0,3330.0,7050.0,5440.0,4631.0,875.0,11300.0,3128.0,4130.0,5830.0,6390.0,10650.0,19998.0,3830.0,4240.0,,20750.0,72560.0,264.0,21800.0,12891.0,10775.0,3566,133537.0,7073.0,189902.0,29242.0,11033.0,12330.0,11100.0,342500.0,3550.0,2053.0,11109.0,1760.0,14713.0,1804.0,,,,10150.0,38550.0,4110.0,8270.0,2621.0,5670.0,2520,71902.0,6460.0,5688.0,4560.0,600.0,4315.0,12650.0,3550.0,7264.0,21872.0,14950.0,2975.0,9300.0,4093.0,,,,8350.0,4035.0,2225.0,8699.0,,6460.0,30850.0,17525.0,5050.0,8739.0,40200.0,18800.0,46300.0,12000.0,,67100.0,6170.0,6277.0,16543.0,7760.0,5140.0,7170.0,4180.0,8171.0,157487.0,,,,8260.0,14550.0,,,34650.0,2470.0,4890.0,13808.0,3670.0,24150.0,119043,4125.0,25452,6590.0,7689.0,59960.0,10452.0,17697,8070.0,14145.0,13165.0,4845.0,8000.0,5120.0,28150.0,5830.0,303552.0,,31590.0,4385.0,21865.0,5950.0,15400.0,5020.0,21400,89600.0,14150.0,,17400.0,19850.0,2330.0,9436.0,3675.0,12350.0,3110.0,1000.0,42900.0,7000.0,18050.0,2705.0,18550.0,2125.0,14050.0,3725.0,14500.0,3820.0,4772.0,205945.0,20200.0,4925.0,,,10109.0,4090.0,3602.0,1340.0,15500.0,6490,4070.0,4485.0,2675.0,,4881.0,2825.0,8190.0,2965.0,,15250.0,11450.0,5700.0,9660.0,2360.0,15300,2590.0,5040.0,4495.0,2020.0,53200.0,3140.0,12850.0,2651,14050.0,8500.0,7705.0,32200.0,3702.0,10166.0,,12327.0,11664.0,33081,2085.0,,4610.0,25201.0,3655.0,13783.0,2965.0,4234.0,68475,1500.0,20969.0,4886.0,28386.0,14750.0,19200.0,2318.0,53500.0,3130.0,146159.0,832.0,93600.0,4425.0,63625.0,,7870.0,6390.0,7271.0,6640.0,4530.0,13100.0,1800,4234.0,4090.0,,3990.0,8290.0,4450.0,2800,1180.0,7846.0,10579.0,,1175.0,70650.0,7480.0,11100.0,46650.0,4280.0,74300.0,6892.0,20350.0,43100.0,3175.0,5020.0,92735.0,10450.0,4215.0,10400.0,4424.0,2920.0,4076.0,9470.0,67250.0,25200.0,17914.0,4345.0,14384.0,6620.0,9637.0,53000.0,5024.0,18100.0,2724.0,14670.0,2230.0,12450.0,6245.0,17261.0,10090.0,15719.0,78133.0,5711.0,11250.0,3860.0,9680.0,2337.0,12910.0,12788.0,,4165.0,5263.0,61100.0,15400.0,5160.0,35200.0,792330.0,148996.0,13575.0,7500.0,15100.0,1310.0,59669.0,17400.0,96810.0,2630.0,7341.0,12174.0,93225.0,3751.0,31781.0,10777.0,21674.0,6070.0,7270.0,2274.0,6175.0,75420.0,,3665.0,13925.0,15900.0,6600.0,5320.0,673442.0,2521.0,8931.0,4487.0,23774.0,,18250.0,12205.0,8350.0,3383.0,8550.0,20700.0,21600.0,,51710.0,13408.0,9173.0,18150.0,43100.0,47485.0,9525.0,40250.0,16970.0,27000.0,27900.0,48979.0,,5686.0,14699.0,1844.0,16371.0,2700.0,2085.0,34100.0,9796.0,5868.0,3070.0,26587.0,5690.0,9260.0,10053.0,3750.0,28050.0,,11850.0,5800.0,19350.0,16450.0,8819.0,5555.0,116010.0,156941.0,5570.0,7550.0,5200.0,9700.0,7400.0,44300.0,10950.0,58000.0,23707.0,3673.0,1775.0,27526.0,23350.0,28850.0,10525.0,4245.0,,19550.0,18700.0,6570.0,1544.0,11400.0,26450.0,9362.0,,,5650.0,21950.0,13000.0,34800.0,6277.0,,7438.0,2110.0,9510.0,26700.0,35600.0,14000.0,33300.0,23900.0,8080.0,,68148.0,9640.0,3400.0,,,33600.0,,2490.0,15860.0,,12660.0,110500.0,2245.0,28600.0,2442.0,,,10625.0,11392.0,11425.0,10524.0,,16477.0,5825.0,,13400.0,51000.0,4190.0,4322.0,21130.0,12512.0,6710.0,2312.0,12150.0,26050.0,6125.0,25631.0,1874.0,17950.0,65700.0,2900.0,,107000.0,41450.0,,26259.0,19350.0,10450.0,20958.0,2312.0,,,4100.0,1908.0,171500.0,12950.0,,45800.0,57780.0,,,,6050.0,,,,,,,9036.0,,,5158.0,51830.0,,378000.0,190000.0,59200.0,160000.0,,,,,,,,,,,,,,,,,,,,,,,,,,,,,,,,,,,,752.0,,765.0,773.0,47347.0,20621.0,2122.0,,6893.0,6935.0,87810.0,1074.0,1610000.0,13850.0,,8550.0,5040.0,82855.0,9890.0,
2018-09-30,11350.0,13000.0,37249.0,158000.0,13650.0,8357.0,,9110.0,8380.0,9860.0,16692.0,68000.0,107083.0,73100.0,72840.0,65676.0,23550.0,49100.0,13955.0,4055.0,22200.0,9920.0,15800.0,2710.0,38704.0,16914.0,1768.0,3669.0,3279.0,4257.0,4890.0,4385.0,19500.0,10801.0,18751.0,14700.0,28700.0,6500.0,2310.0,5375.0,69500.0,26250.0,19356.0,3745.0,2280.0,18850.0,2985.0,74500.0,72800.0,39550.0,135500.0,56782.0,8040.0,40350.0,2525.0,2255.0,5450.0,19617.0,830000,3215.0,20700.0,8580.0,297623.0,29550.0,1955.0,14800.0,198500.0,31700.0,6038.0,11525.0,1340.0,2985.0,19700.0,11000.0,14910.0,6710.0,1390.0,5695.0,3255.0,342000.0,11900.0,16980.0,7150.0,58400.0,6440.0,18000.0,4640.0,10900.0,17448.0,1667000.0,13581.0,9970.0,10550.0,3495.0,8430.0,68583.0,89366.0,12100.0,2620.0,23181.0,66415.0,8050.0,829.0,3445.0,30000.0,130000.0,8648.0,64421.0,23250.0,51900.0,8160.0,10300.0,8984.0,1385.0,12250.0,5275.0,362500.0,11956.0,4260.0,5860.0,,13350.0,19252.0,24800.0,46300.0,11250.0,4480.0,13500.0,104000.0,36250.0,7584.0,,2305.0,6090.0,36976.0,3680.0,14176.0,7720.0,1533.0,18600.0,14050.0,12800.0,2612.0,734.0,22345.0,32150.0,5716.0,3110.0,13950.0,28850.0,139522.0,129500.0,17244.0,38150.0,294500.0,58200.0,138000.0,,5097.0,13450.0,16550.0,6290.0,14200.0,5320.0,13100.0,20591.0,16779.0,5006.0,503.0,15700.0,5520.0,33550.0,5100.0,4415.0,68500.0,175000.0,52300.0,9200.0,57600.0,253080.0,10474.0,184500.0,10850.0,19345.0,5540.0,4905.0,3180.0,6580.0,31900.0,32928.0,2175.0,62900.0,,3320.0,747000.0,7000.0,30822.0,1497.0,47700.0,40219.0,5480.0,14650,42144.0,42150.0,12834.0,13300.0,6590.0,12950.0,3300.0,,14150.0,3825.0,1195.0,3855.0,3735.0,2940.0,31500.0,3400.0,3420.0,1763.0,66800.0,,79988.0,4370.0,2800.0,24400.0,139000.0,2935.0,1700.0,3610.0,76600.0,2440.0,23650.0,4465.0,54200.0,5075.0,28250.0,8100.0,10550.0,6215.0,9540.0,35450.0,6500.0,22013.0,64800.0,4820.0,2080.0,14920.0,7627.0,5330.0,15400.0,5330.0,1786.0,2205.0,3095.0,4600.0,5380.0,137000.0,5820.0,13200.0,130500.0,7175.0,2052.0,42350.0,3004.0,3320.0,4800.0,17950.0,1885.0,4590.0,11800.0,45635.0,2500.0,,33200.0,98500.0,15901.0,13200.0,980.0,2354.0,7675.0,51000.0,228000.0,11160.0,3519.0,6440.0,10100.0,6150.0,91400.0,8288.0,1639.0,3330.0,23750.0,4120.0,2602.0,1720.0,1433.0,24550.0,5290.0,7090.0,,4920.0,24093.0,4670.0,906.0,18762.0,4800.0,4165.0,3505.0,10200.0,3235.0,12900.0,7050.0,5560.0,52533.0,2470.0,859.0,1632.0,3221.0,4528.0,36450,8120.0,6770,7740.0,4280.0,29350.0,4420.0,6680.0,2615.0,16700.0,99900.0,26309.0,30500.0,9870.0,21400.0,9040.0,7310.0,30100.0,1455.0,6743.0,2910.0,8540.0,88500.0,5430.0,8720.0,11225.0,4837.0,74360.0,11550.0,7870.0,2435.0,64200.0,31057.0,231000.0,11950.0,14150.0,1074.0,82745.0,7453.0,11758.0,1475.0,2395.0,3050.0,3300.0,12400.0,14560.0,3235.0,4820.0,37450.0,53500.0,5050.0,5051.0,20833.0,7450.0,2865.0,86800.0,10100.0,2785.0,11416.0,7540.0,3080.0,5980.0,13650.0,6900.0,,21958.0,22400.0,9640.0,4475.0,54700.0,47200.0,2015.0,2750.0,3016.0,,19689.0,1555.0,3375.0,2519.0,2370.0,1520.0,2850.0,7937.0,60842.0,,2944.0,3875.0,42800.0,2915.0,21580.0,2230.0,13750.0,2430.0,2395.0,8588.0,10500.0,1930.0,339.0,2865.0,6500.0,37250.0,9400.0,1260.0,8032.0,4585.0,19300.0,19237.0,202500.0,49650.0,21650.0,3843.0,17117.0,4970.0,56373,10000.0,6090.0,1805.0,74500.0,4025.0,14154.0,1250.0,1815.0,2435.0,15600.0,2407.0,8984.0,2060.0,18300.0,5054.0,1610.0,6240.0,1530.0,11250.0,706.0,2010.0,8950.0,5750.0,4665.0,2856.0,12400.0,4895.0,30200.0,7210.0,1014.0,7880.0,7650.0,28300.0,6780.0,104000.0,3190.0,15350.0,11400.0,20350.0,17654.0,20150.0,287000.0,12726.0,28300.0,52200.0,7700.0,12500.0,6040.0,4214.0,143403.0,7380.0,15000.0,18350.0,5880.0,6976.0,23885.0,248000.0,7712.0,37100.0,7100.0,6790.0,3690.0,32300.0,5310.0,,2875.0,65100.0,22700.0,182500,,13650.0,7580.0,442500.0,9680.0,1130.0,4480.0,5180.0,28828.0,9090.0,5120.0,3458.0,1610.0,6470.0,9100.0,6050.0,10300.0,10200.0,41400.0,2380.0,4770.0,9190.0,8825.0,5470.0,4300.0,17246.0,4390.0,7320.0,4320.0,12050.0,2950.0,52600.0,25536.0,4350.0,2100.0,8100.0,3395.0,12300.0,12460.0,9551,3920.0,,10350.0,32200.0,9200.0,2170.0,27115.0,7440.0,5060.0,9550.0,1900.0,8480,8910.0,50500.0,5740.0,8696.0,5450.0,28450.0,12350.0,74997.0,131375.0,1370.0,9360.0,12550.0,15332.0,31400.0,5090.0,30783.0,5175.0,14759.0,31600.0,6800.0,1095.0,2313.0,3120.0,7570.0,,5870.0,6129.0,17850.0,14940.0,1085.0,2258.0,7350.0,235325.0,12320.0,1675.0,30350.0,4585.0,3430.0,16050.0,5044.0,3120.0,2325.0,14550.0,7370.0,1690,5409.0,6350,5400.0,3095.0,4104.0,20500.0,5150.0,2283.0,5920.0,20950.0,5400.0,62.0,3270.0,35100.0,21960.0,6174.0,411670,4447.0,7220.0,13000.0,2630.0,4855.0,2250.0,2345.0,9850.0,26850.0,10950.0,16551.0,7840.0,2720.0,3393.0,3750.0,2322.0,11550.0,78517.0,827.0,10262.0,719,34550,1975.0,2617.0,4188.0,8020.0,,13100.0,2440.0,6980.0,31200.0,39345.0,1276000.0,29031,2950.0,9100.0,60.0,16550.0,3392.0,3130.0,21000.0,16232.0,13050.0,3845.0,1140.0,12750.0,1685.0,1599.0,30100,6740.0,14000.0,1900.0,3492.0,3230.0,4850.0,11422.0,1120,13480.0,9550.0,3335,11300.0,,53100.0,,9206.0,3020.0,2360.0,232530.0,7580.0,11900.0,5360.0,13400.0,16356.0,16100.0,3050.0,20000.0,7600.0,28350.0,2745,5200.0,5780.0,7000.0,1930.0,29485.0,2323.0,14127.0,9729.0,2575,,9080.0,11982,2350.0,13195.0,12900,9200.0,127000.0,8490.0,5502.0,2550.0,2825.0,4380.0,7320.0,3348.0,4415.0,7110.0,7232.0,10926.0,9050.0,8985,3778.0,4190.0,9000.0,9500.0,,26413.0,,51500.0,23931.0,15300.0,1855.0,13750.0,8324.0,33318.0,8320.0,3991.0,30500.0,4130.0,53191.0,13969.0,12400.0,61300.0,15100.0,2620.0,16612.0,11300.0,52249.0,130.0,7865.0,,4160.0,2654.0,2045.0,2570.0,2461.0,11100.0,2710.0,6770.0,137000.0,91500.0,4375.0,13800.0,4662.0,2550.0,4545.0,3767,4970.0,5450.0,,5132.0,9857.0,71000.0,15600.0,3905.0,14950.0,3097.0,2365.0,27700.0,35800.0,6676.0,3105.0,131320.0,3795.0,3200.0,3995.0,4425.0,5068.0,2009.0,,226892.0,14700.0,13500,61667.0,,4380.0,1495.0,19900.0,5078.0,24950.0,3990.0,8219.0,13452.0,194000.0,15076.0,4950.0,99400.0,7160.0,3490.0,8112.0,3610.0,2750.0,9710.0,3666.0,20740.0,24800.0,4300.0,5080.0,5240.0,13550.0,4956.0,44000.0,5920.0,22900.0,2040.0,43704.0,1725.0,,2435.0,17100.0,2869.0,2435.0,2720.0,12449.0,2420.0,3035.0,4450.0,8600.0,14150.0,6590.0,2780.0,46137.0,14100.0,14022.0,26900.0,26742,6795.0,55100.0,32893.0,6530.0,11984.0,24400.0,34650.0,4095.0,12700.0,2597.0,8440.0,10620.0,10200.0,8180.0,9140.0,2980,8370.0,25150.0,3330.0,8350.0,7000.0,1928.0,23407.0,3300.0,3435.0,1015.0,,3585.0,9812.0,4785.0,5286.0,10162.0,,,5020.0,5030.0,,3663.0,2946.0,5200.0,6714.0,,,,,,,15539.0,6730.0,4681.0,45542.0,25950.0,8320.0,8360.0,,4720.0,129346.0,14700.0,13050,22294.0,3015.0,4500.0,14150.0,6460.0,8500.0,,5190.0,4455.0,15550.0,13133.0,5422.0,7700.0,17037.0,,489509.0,4579.0,4500.0,,8980.0,156600.0,4830.0,9870.0,5490.0,14266.0,3540.0,6500.0,6937.0,24739.0,2560.0,8570.0,5228,28679.0,2970.0,4321.0,6450.0,6800.0,16450.0,2316.0,,32000.0,261000.0,18850.0,7940.0,3725.0,,2595,4250.0,,,,,4445.0,17500.0,7500.0,24620.0,79812.0,19258.0,15100.0,6282.0,5720.0,64400.0,3420.0,3950.0,4853.0,,26013.0,4295.0,26050.0,6460.0,3242.0,25800.0,10401.0,3325.0,6900.0,5400.0,5891.0,817.0,11700.0,2958.0,3795.0,6110.0,6640.0,10600.0,21651.0,3430.0,4010.0,,16500.0,75538.0,251.0,27400.0,12438.0,10050.0,3427,106299.0,6971.0,211549.0,28850.0,10867.0,11281.0,11650.0,333500.0,3395.0,1992.0,11109.0,1890.0,15922.0,1504.0,,,,10000.0,31850.0,3985.0,7610.0,2669.0,5299.0,2550,91694.0,5830.0,5416.0,4345.0,429.0,4200.0,12300.0,3550.0,6015.0,20499.0,12900.0,2435.0,13000.0,4188.0,,,,8300.0,4100.0,2000.0,8949.0,,6710.0,29650.0,15125.0,5360.0,9039.0,40000.0,13450.0,40550.0,13200.0,,70300.0,6320.0,5958.0,14133.0,7330.0,5530.0,8400.0,3990.0,8286.0,139093.0,,,,7670.0,13650.0,,,39500.0,2470.0,4865.0,15895.0,3575.0,24950.0,124544,4912.0,32644,6850.0,6820.0,59500.0,10966.0,17243,7200.0,14380.0,14375.0,4500.0,8000.0,5030.0,26150.0,5820.0,285156.0,,31100.0,4050.0,20397.0,6098.0,14200.0,5030.0,21950,87500.0,14650.0,,16400.0,18446.0,2445.0,9791.0,3950.0,9690.0,2925.0,1000.0,44200.0,6580.0,19300.0,2650.0,17000.0,1825.0,11250.0,3065.0,15250.0,3845.0,7231.0,194054.0,21600.0,5120.0,,,8366.0,4175.0,3531.0,1320.0,15400.0,6720,3760.0,5700.0,2530.0,,4738.0,2900.0,8000.0,3340.0,,13850.0,11150.0,5620.0,8540.0,2295.0,15700,2565.0,4860.0,4490.0,2010.0,56600.0,3050.0,12650.0,2538,13200.0,7700.0,7680.0,30950.0,3472.0,11301.0,,10988.0,11882.0,31135,1850.0,,4160.0,30375.0,3980.0,15227.0,2955.0,4299.0,68302,1440.0,24823.0,4494.0,29284.0,25350.0,18900.0,2265.0,61000.0,3200.0,145886.0,873.0,100500.0,4680.0,64911.0,,321.0,6260.0,9457.0,6830.0,4070.0,13550.0,1805,4554.0,4130.0,,4135.0,7590.0,4465.0,2935,73.0,8181.0,10512.0,,1165.0,70820.0,7420.0,10350.0,50100.0,3805.0,74800.0,6677.0,18000.0,38600.0,3090.0,4955.0,96787.0,13050.0,3855.0,8280.0,4689.0,2920.0,3536.0,8910.0,56250.0,29800.0,26261.0,3650.0,13836.0,6390.0,11037.0,47000.0,5461.0,22500.0,3092.0,15441.0,1710.0,14400.0,5928.0,18402.0,8930.0,17099.0,84975.0,5812.0,11250.0,3810.0,10400.0,2601.0,12587.0,13098.0,,4295.0,4737.0,58500.0,14550.0,4955.0,32200.0,54703.0,153897.0,14300.0,7925.0,11500.0,77.0,72560.0,17150.0,132630.0,2685.0,5067.0,13352.0,75829.0,3927.0,30844.0,10410.0,22132.0,5910.0,7230.0,1995.0,6050.0,73110.0,,3085.0,13025.0,16000.0,6533.0,5095.0,776713.0,2886.0,8831.0,5521.0,30231.0,,17000.0,13343.0,8480.0,3283.0,8900.0,20200.0,22850.0,,49452.0,14080.0,9833.0,18650.0,44850.0,54282.0,9075.0,39500.0,15430.0,26800.0,30150.0,65648.0,,5452.0,13913.0,1821.0,16609.0,2655.0,1930.0,35200.0,15144.0,6308.0,4105.0,27172.0,5490.0,8230.0,9768.0,3415.0,28900.0,,11250.0,6420.0,22900.0,16500.0,9381.0,5555.0,105466.0,136495.0,4500.0,7700.0,5250.0,7775.0,7200.0,42350.0,12245.0,50500.0,22146.0,4665.0,1740.0,39987.0,18850.0,36700.0,9975.0,5050.0,,18900.0,19100.0,6520.0,1963.0,11450.0,25800.0,10476.0,,,6190.0,21350.0,12500.0,30000.0,8056.0,,7363.0,2095.0,9510.0,22400.0,40400.0,14200.0,34900.0,20900.0,8450.0,,67873.0,10380.0,3750.0,,,35550.0,,3195.0,15595.0,,13890.0,115500.0,2245.0,29850.0,2403.0,,30797.0,10555.0,11970.0,12316.0,10574.0,,17540.0,5825.0,,17550.0,42760.0,3760.0,4407.0,20333.0,13146.0,6956.0,2306.0,11500.0,25900.0,5850.0,29917.0,1865.0,15700.0,67700.0,2900.0,,105500.0,59300.0,,24512.0,18100.0,11080.0,16951.0,2840.0,,,4100.0,1904.0,205500.0,13600.0,,42700.0,56845.0,,,,5700.0,,,,,,,8224.0,,,5540.0,47194.0,,306000.0,186000.0,59400.0,141500.0,,,,,,,,,,,,,,,,,,,,,,,,,,,,,,,,,,,,520.0,,744.0,773.0,31739.0,17603.0,1950.0,,6572.0,6465.0,71550.0,1030.0,1740000.0,12525.0,,8470.0,5150.0,97983.0,8750.0,
2018-10-31,9050.0,11850.0,25729.0,158500.0,9825.0,5632.0,,7970.0,8150.0,7407.0,10038.0,58900.0,83874.0,68200.0,61909.0,44514.0,19700.0,42300.0,11679.0,3805.0,17150.0,9700.0,11350.0,2225.0,28478.0,11771.0,1342.0,2712.0,2326.0,3105.0,3540.0,3540.0,16200.0,8947.0,14457.0,10550.0,20950.0,5700.0,2425.0,4265.0,56100.0,22550.0,16687.0,2615.0,1890.0,15650.0,2330.0,56100.0,77500.0,30600.0,115500.0,49161.0,6140.0,39500.0,2035.0,1845.0,4420.0,16019.0,656000,3080.0,15500.0,7210.0,216852.0,22950.0,1290.0,13050.0,174000.0,19450.0,3876.0,9230.0,1265.0,2160.0,17700.0,7490.0,12142.0,4860.0,1175.0,4309.0,2800.0,344500.0,9760.0,13719.0,4900.0,49100.0,6020.0,13900.0,3480.0,9550.0,14160.0,1476000.0,8664.0,6380.0,10800.0,2890.0,5520.0,62631.0,64154.0,8040.0,2450.0,18789.0,59228.0,5740.0,714.0,3005.0,24850.0,105000.0,7354.0,59749.0,20000.0,40750.0,6080.0,10100.0,6524.0,997.0,12800.0,4352.0,258500.0,9387.0,3905.0,4360.0,,12350.0,15140.0,17250.0,43500.0,9110.0,4030.0,11900.0,91500.0,34750.0,6033.0,,1865.0,4600.0,39518.0,2770.0,10023.0,6000.0,1097.0,15750.0,12600.0,8760.0,2048.0,512.0,15418.0,29100.0,3976.0,2195.0,11600.0,20750.0,137116.0,106500.0,11523.0,38400.0,258000.0,37000.0,125500.0,,4201.0,11200.0,12050.0,5170.0,9800.0,3720.0,13000.0,18197.0,11478.0,4363.0,671.0,11600.0,4055.0,27050.0,4190.0,3575.0,50500.0,119500.0,41750.0,8900.0,37000.0,230562.0,6735.0,156000.0,8930.0,15585.0,4170.0,4335.0,2155.0,5330.0,22400.0,30704.0,1490.0,50000.0,,2360.0,659000.0,6289.0,24266.0,936.0,37950.0,28640.0,3665.0,10050,34977.0,26100.0,9379.0,11850.0,5060.0,10250.0,2900.0,,10850.0,3305.0,1380.0,3300.0,2725.0,2795.0,27300.0,2315.0,2665.0,1546.0,62600.0,,60765.0,2690.0,2205.0,22800.0,118000.0,2365.0,1220.0,2830.0,48850.0,1635.0,15700.0,3320.0,36750.0,8375.0,20150.0,5850.0,7590.0,5698.0,8370.0,34950.0,6750.0,18420.0,61400.0,4370.0,1625.0,9830.0,6569.0,3935.0,10150.0,4460.0,1432.0,1820.0,2095.0,3510.0,3005.0,124000.0,4300.0,11450.0,124000.0,5125.0,1407.0,29600.0,2152.0,2925.0,3385.0,14150.0,1385.0,3760.0,8640.0,35110.0,1865.0,,24200.0,86100.0,12662.0,11300.0,809.0,1910.0,5800.0,37200.0,190000.0,7263.0,3007.0,5250.0,8300.0,5610.0,96500.0,6366.0,1094.0,2550.0,22850.0,3540.0,1531.0,1125.0,1093.0,19400.0,3440.0,5700.0,,3390.0,16552.0,3860.0,872.0,16180.0,4270.0,3470.0,3165.0,6670.0,2530.0,11650.0,5900.0,3790.0,46523.0,2425.0,752.0,1150.0,2730.0,2855.0,35600,8160.0,6370,5700.0,3480.0,27100.0,2775.0,5200.0,1900.0,11050.0,,22047.0,23700.0,8830.0,17000.0,6810.0,6220.0,29400.0,1200.0,4791.0,2690.0,6200.0,87200.0,4250.0,5660.0,9175.0,3080.0,53153.0,9510.0,6380.0,1945.0,60600.0,30050.0,192500.0,9190.0,11050.0,862.0,71837.0,6266.0,10178.0,1440.0,1830.0,2381.0,2120.0,9983.0,13800.0,2300.0,3035.0,36400.0,45450.0,5850.0,3645.0,17420.0,5025.0,1855.0,70300.0,6710.0,2085.0,9160.0,5510.0,2600.0,4990.0,12100.0,5230.0,,22104.0,20000.0,8103.0,3300.0,52000.0,42950.0,1570.0,2950.0,2623.0,,14435.0,1060.0,2480.0,1862.0,1830.0,1120.0,2215.0,6401.0,48579.0,,1952.0,3265.0,37400.0,2440.0,16306.0,1880.0,10050.0,1950.0,1700.0,7121.0,8500.0,1535.0,104.0,2395.0,4155.0,25400.0,7440.0,1030.0,6832.0,3960.0,18250.0,14759.0,193800.0,43500.0,22700.0,2214.0,12053.0,4000.0,39094,8610.0,4920.0,1645.0,52500.0,3870.0,11145.0,714.0,1430.0,1925.0,11600.0,2160.0,6174.0,1640.0,16150.0,3696.0,1070.0,4675.0,1090.0,7060.0,580.0,1620.0,8410.0,3840.0,4240.0,2318.0,14550.0,3750.0,22350.0,5190.0,1068.0,6870.0,5240.0,25510.0,1970.0,101500.0,2460.0,11650.0,8377.0,18450.0,15251.0,17150.0,261500.0,9876.0,21175.0,48000.0,6990.0,10600.0,5020.0,3094.0,114500.0,7380.0,13700.0,14000.0,4625.0,5351.0,18385.0,226000.0,5786.0,28600.0,5070.0,5450.0,2945.0,31350.0,3740.0,,2400.0,45500.0,16250.0,186200,,12450.0,7040.0,429500.0,9040.0,763.0,3790.0,4035.0,25230.0,7000.0,3505.0,2925.0,1345.0,4280.0,9250.0,4470.0,7690.0,9090.0,33500.0,2065.0,3730.0,8280.0,8025.0,3355.0,3170.0,14586.0,2990.0,4550.0,2800.0,9600.0,2325.0,48850.0,22639.0,3045.0,1830.0,6420.0,2370.0,9160.0,9720.0,10835,3015.0,,7970.0,26000.0,6270.0,1840.0,17020.0,7110.0,3490.0,7090.0,1440.0,6900,5970.0,43900.0,4480.0,5361.0,3955.0,21050.0,8380.0,55396.0,90120.0,947.0,6010.0,10900.0,10855.0,24350.0,3700.0,25986.0,4595.0,11750.0,22600.0,5330.0,816.0,1943.0,2465.0,6140.0,,4450.0,4450.0,11825.0,11470.0,808.0,2101.0,6870.0,187225.0,9284.0,1290.0,19000.0,3680.0,2940.0,11900.0,3539.0,2385.0,1985.0,13200.0,5960.0,2770,4803.0,4550,3415.0,2225.0,3153.0,20450.0,3360.0,2049.0,4525.0,17800.0,5700.0,18.0,2700.0,28950.0,21675.0,3865.0,362060,2902.0,6080.0,8750.0,1935.0,3695.0,1580.0,2125.0,7850.0,22350.0,8500.0,10231.0,7550.0,1855.0,2963.0,3485.0,2910.0,8270.0,55572.0,649.0,7323.0,719,24900,1435.0,2209.0,2603.0,6170.0,,10600.0,2335.0,5150.0,23450.0,27595.0,1044000.0,21595,2150.0,6225.0,15.0,14250.0,2525.0,2240.0,18350.0,12062.0,8790.0,3030.0,869.0,9510.0,1525.0,994.0,21800,5170.0,12400.0,1375.0,2809.0,2525.0,3400.0,8380.0,716,10286.0,8590.0,3325,8850.0,,40600.0,,6175.0,2320.0,1770.0,235995.0,6680.0,9830.0,4020.0,9000.0,13776.0,11500.0,2765.0,12650.0,5550.0,20750.0,2325,3700.0,4260.0,5170.0,1495.0,19830.0,1667.0,9489.0,8036.0,2713,,6510.0,12087,1885.0,11993.0,9400,7560.0,99800.0,6210.0,4301.0,2235.0,2250.0,3340.0,5950.0,2561.0,2870.0,5670.0,5561.0,6341.0,5100.0,5985,2773.0,3790.0,5920.0,6380.0,,25863.0,,51000.0,17304.0,11450.0,1480.0,12550.0,6638.0,23619.0,5630.0,2924.0,21850.0,2850.0,35256.0,10282.0,7200.0,56200.0,9250.0,1765.0,14490.0,8790.0,52249.0,87.0,5079.0,,3115.0,2878.0,1265.0,2180.0,1941.0,8410.0,1965.0,5270.0,97500.0,69300.0,3250.0,11350.0,3372.0,1935.0,2905.0,2837,3445.0,3975.0,,3151.0,6759.0,63300.0,11900.0,3840.0,9320.0,2485.0,1973.0,20150.0,34400.0,5028.0,2492.0,86540.0,2560.0,2750.0,3325.0,4035.0,4930.0,1731.0,,166158.0,11100.0,10700,41240.0,,4090.0,1310.0,14850.0,4123.0,21800.0,4020.0,6050.0,13658.0,141000.0,13276.0,3475.0,86700.0,5250.0,2480.0,5655.0,2765.0,2050.0,6700.0,3188.0,16359.0,19100.0,3210.0,3780.0,4440.0,9400.0,4259.0,33900.0,5700.0,17000.0,1565.0,41823.0,1950.0,,1695.0,12600.0,2189.0,1945.0,1775.0,8377.0,1970.0,2510.0,3630.0,6660.0,12650.0,5480.0,2575.0,34692.0,8810.0,12422.0,16650.0,23399,5034.0,48500.0,25572.0,5570.0,11984.0,21700.0,29100.0,2940.0,9790.0,1982.0,6390.0,9252.0,9500.0,6650.0,7370.0,2340,6295.0,23500.0,3010.0,6520.0,5000.0,1300.0,17664.0,2290.0,2545.0,1530.0,,3440.0,8552.0,3675.0,4712.0,7757.0,,,5000.0,5000.0,,3121.0,2327.0,3500.0,5481.0,,,,,,,13338.0,5320.0,3434.0,32235.0,26600.0,7240.0,5310.0,,3580.0,100072.0,11000.0,9400,16939.0,2170.0,3665.0,8210.0,4140.0,6490.0,,4850.0,4875.0,12300.0,11111.0,5010.0,7350.0,16077.0,,368833.0,3553.0,3260.0,,6370.0,157200.0,4795.0,7280.0,4655.0,9684.0,3290.0,4920.0,5114.0,17772.0,1750.0,7540.0,4181,23517.0,2590.0,2669.0,5150.0,4715.0,11650.0,1685.0,,24600.0,153000.0,15950.0,6090.0,2500.0,,2085,3765.0,,,,,4240.0,13950.0,8690.0,17635.0,55141.0,14553.0,15700.0,4902.0,4535.0,61000.0,2760.0,3240.0,4300.0,,19330.0,3750.0,21900.0,6260.0,1789.0,24200.0,8526.0,2285.0,5080.0,4040.0,3129.0,844.0,9380.0,2262.0,2635.0,4940.0,5410.0,7750.0,14959.0,2575.0,3475.0,,15000.0,53966.0,169.0,20300.0,9247.0,6925.0,2687,76865.0,5028.0,210073.0,19793.0,14300.0,8555.0,7990.0,324000.0,2225.0,1549.0,11410.0,1360.0,11438.0,1129.0,,,,8660.0,32300.0,3055.0,7120.0,2130.0,4504.0,2250,76787.0,4650.0,4621.0,3000.0,494.0,2905.0,9390.0,3550.0,4177.0,16085.0,10400.0,1730.0,11700.0,2836.0,,,,5750.0,4150.0,1800.0,6426.0,,5800.0,28000.0,12285.0,4365.0,9306.0,36400.0,13250.0,39450.0,11500.0,19476.0,48000.0,4865.0,4331.0,9815.0,6000.0,3820.0,7400.0,3145.0,7516.0,121856.0,,,21500.0,6720.0,10200.0,,,35750.0,2470.0,3655.0,14329.0,2750.0,22250.0,68583,3097.0,23925,6455.0,5240.0,41420.0,8310.0,15579,4255.0,9451.0,9890.0,3235.0,8000.0,4905.0,18500.0,5410.0,213609.0,,20740.0,2915.0,13053.0,5220.0,13900.0,3600.0,18150,71200.0,15650.0,,11800.0,17031.0,1900.0,7001.0,3640.0,8020.0,1980.0,1000.0,36850.0,6460.0,15550.0,1835.0,14700.0,1225.0,7030.0,2020.0,9950.0,2975.0,5857.0,128648.0,16500.0,5350.0,,,7478.0,4200.0,2518.0,1015.0,11750.0,4230,2890.0,3275.0,2025.0,,3864.0,2155.0,7070.0,2380.0,,8950.0,8975.0,4405.0,6310.0,1720.0,11400,1980.0,3820.0,3960.0,2010.0,44400.0,2435.0,11000.0,1610,11150.0,6080.0,5475.0,25500.0,2754.0,9111.0,,6568.0,7321.0,32803,1965.0,,3080.0,26436.0,2700.0,9359.0,2815.0,4085.0,106690,1120.0,24522.0,3316.0,18594.0,19400.0,15000.0,1519.0,42500.0,2720.0,93574.0,886.0,72300.0,2915.0,55298.0,,155.0,4855.0,6560.0,5400.0,3280.0,11300.0,1845,3161.0,2965.0,11250.0,3395.0,7740.0,3230.0,2890,46.0,5548.0,11278.0,,1135.0,68405.0,4535.0,8320.0,41400.0,2280.0,54200.0,5907.0,16150.0,33700.0,2410.0,4300.0,75088.0,10600.0,3760.0,6170.0,3841.0,2860.0,2161.0,6440.0,46750.0,20600.0,17029.0,2720.0,12226.0,4785.0,7811.0,33450.0,5007.0,19300.0,2632.0,12534.0,1075.0,11100.0,4918.0,14102.0,5500.0,11209.0,62433.0,5155.0,8150.0,2785.0,7160.0,2195.0,11800.0,12207.0,,4665.0,3922.0,40500.0,9700.0,3700.0,24300.0,52386.0,112727.0,8850.0,7150.0,9300.0,42.0,88306.0,15700.0,157920.0,1900.0,3216.0,12250.0,60737.0,3367.0,24375.0,9355.0,16790.0,3995.0,5330.0,1341.0,4635.0,47580.0,,2225.0,8975.0,12350.0,4683.0,3550.0,563625.0,2287.0,6505.0,3384.0,13317.0,,11600.0,11800.0,6730.0,2482.0,7210.0,17400.0,17500.0,,74124.0,11360.0,7338.0,16900.0,32650.0,48901.0,6050.0,32700.0,9690.0,18200.0,28100.0,44171.0,,3816.0,10773.0,1210.0,10782.0,1400.0,1650.0,29200.0,11176.0,4332.0,2870.0,24880.0,4260.0,6320.0,6208.0,2195.0,22250.0,,7400.0,5540.0,15150.0,11350.0,7830.0,4719.0,91440.0,97923.0,3700.0,6490.0,3455.0,6225.0,5130.0,24550.0,7470.0,37500.0,18501.0,2939.0,1900.0,28276.0,12500.0,16800.0,7350.0,6310.0,,14400.0,20000.0,5040.0,1520.0,11200.0,22000.0,5758.0,,,5850.0,16000.0,10450.0,21000.0,17696.0,,5134.0,2095.0,9040.0,19000.0,35200.0,10950.0,25200.0,15150.0,7990.0,,46277.0,9230.0,3880.0,,,28000.0,,4505.0,15480.0,,11675.0,92000.0,2245.0,26950.0,2278.0,,18673.0,10500.0,7862.0,11975.0,10349.0,,11930.0,4765.0,,12750.0,41120.0,2550.0,2909.0,16223.0,10460.0,5014.0,2312.0,9360.0,25300.0,3400.0,20392.0,1847.0,10100.0,65400.0,2900.0,,95100.0,42000.0,,18257.0,16000.0,10245.0,10150.0,2568.0,,,4100.0,1895.0,168500.0,13450.0,,31200.0,40299.0,,,,5150.0,,,,,,12262.0,5940.0,20065.0,,5406.0,40797.0,,260000.0,174500.0,42350.0,104500.0,,,,,,,,58900.0,,,,,,,,,,,,,,,,,,,,,,,,,,,,390.0,,600.0,773.0,23335.0,14022.0,1123.0,,4648.0,4375.0,48435.0,709.0,1477500.0,8700.0,,7150.0,5610.0,68127.0,6570.0,
2018-11-30,9110.0,11250.0,34946.0,159000.0,10550.0,6177.0,,8840.0,8420.0,8278.0,10839.0,63300.0,96232.0,69600.0,68223.0,53514.0,21650.0,42100.0,13005.0,3780.0,17250.0,9800.0,11750.0,2320.0,32647.0,14400.0,1415.0,2952.0,2493.0,3376.0,3800.0,4030.0,16700.0,9247.0,16688.0,10500.0,23900.0,6180.0,2545.0,3995.0,63000.0,24200.0,17666.0,2840.0,1995.0,17100.0,2525.0,61400.0,79300.0,35650.0,117000.0,50405.0,8690.0,42950.0,2025.0,1910.0,4285.0,16835.0,677000,3350.0,16900.0,6020.0,244946.0,27600.0,1670.0,14900.0,186000.0,31200.0,2872.0,11330.0,1355.0,2285.0,22300.0,8020.0,12589.0,5350.0,1275.0,4968.0,2800.0,348500.0,11800.0,16580.0,5560.0,51200.0,6130.0,16650.0,3730.0,9590.0,14642.0,1360000.0,11483.0,8130.0,11400.0,3200.0,6090.0,68205.0,90942.0,8070.0,2550.0,20008.0,61594.0,6140.0,717.0,3730.0,23450.0,108000.0,8197.0,64620.0,24100.0,42250.0,6760.0,10300.0,6964.0,1045.0,14200.0,5453.0,291000.0,9940.0,3690.0,5020.0,,12900.0,14292.0,19000.0,43400.0,9240.0,4240.0,13150.0,96300.0,37050.0,6024.0,,2165.0,4780.0,39980.0,3460.0,13315.0,6550.0,1108.0,16400.0,12850.0,10600.0,2148.0,512.0,17697.0,28550.0,5436.0,2460.0,13450.0,24200.0,146738.0,107000.0,11886.0,42050.0,247500.0,43350.0,127000.0,,4585.0,12450.0,13750.0,5590.0,11800.0,4100.0,13300.0,17287.0,12953.0,4734.0,,16400.0,4200.0,29800.0,4575.0,3970.0,53000.0,142000.0,43600.0,8890.0,45200.0,202170.0,7090.0,160000.0,9090.0,16475.0,4395.0,4400.0,2500.0,5560.0,25150.0,32501.0,1595.0,53500.0,,2160.0,741000.0,6239.0,26341.0,1295.0,40400.0,33451.0,4485.0,7400,35675.0,23200.0,10549.0,10700.0,5230.0,9960.0,2520.0,,11850.0,3415.0,1685.0,3670.0,3040.0,2730.0,24250.0,2550.0,3090.0,1718.0,66400.0,,67690.0,2657.0,2655.0,22950.0,120500.0,2490.0,1280.0,2960.0,58600.0,1840.0,16700.0,3745.0,44050.0,10800.0,20450.0,6100.0,6110.0,5197.0,8690.0,33750.0,7420.0,21557.0,69700.0,4395.0,1475.0,10340.0,7004.0,4330.0,10150.0,5030.0,1816.0,1810.0,2230.0,4050.0,3185.0,110500.0,4750.0,12600.0,99800.0,5225.0,1492.0,32650.0,2235.0,3840.0,3715.0,14600.0,1555.0,3790.0,8680.0,33440.0,2320.0,,29100.0,92200.0,13329.0,10450.0,829.0,1840.0,6200.0,39350.0,180500.0,8281.0,2936.0,5720.0,9740.0,5920.0,96300.0,6498.0,1196.0,3210.0,16800.0,4050.0,1700.0,1205.0,1102.0,21400.0,3990.0,5910.0,,3925.0,20262.0,4530.0,916.0,15220.0,4280.0,3600.0,3330.0,7500.0,2695.0,10700.0,6470.0,4320.0,51955.0,2450.0,739.0,1230.0,2993.0,3308.0,37850,8140.0,7590,6590.0,3510.0,29700.0,3030.0,5680.0,2160.0,12600.0,,21836.0,22133.0,9210.0,19950.0,5800.0,6430.0,31100.0,1320.0,5220.0,2790.0,6280.0,89000.0,4695.0,7180.0,7775.0,2647.0,62489.0,9050.0,7550.0,1955.0,60200.0,30201.0,196000.0,9220.0,11250.0,888.0,74195.0,6461.0,9760.0,1765.0,2135.0,2599.0,2375.0,11965.0,13620.0,2985.0,4330.0,38250.0,38550.0,6275.0,4012.0,21525.0,5225.0,2065.0,78400.0,7580.0,2110.0,8309.0,5520.0,2840.0,5370.0,12000.0,5980.0,,21813.0,20100.0,8321.0,3255.0,52300.0,39950.0,1690.0,2800.0,2741.0,,15511.0,1140.0,2585.0,2032.0,1800.0,1315.0,2170.0,6551.0,51314.0,,2340.0,3300.0,43850.0,2935.0,18648.0,1880.0,11550.0,2100.0,1705.0,7748.0,9720.0,1650.0,,2960.0,4700.0,30800.0,8170.0,1095.0,7236.0,3800.0,19450.0,14809.0,195600.0,48200.0,23450.0,1976.0,15220.0,4025.0,39770,9170.0,5200.0,1730.0,52600.0,4610.0,11823.0,,1690.0,2055.0,14350.0,2097.0,6824.0,1685.0,17700.0,4528.0,1295.0,5020.0,1040.0,8410.0,683.0,1845.0,8380.0,3950.0,4625.0,2344.0,13450.0,4260.0,23850.0,5420.0,1032.0,8070.0,4845.0,28000.0,2010.0,104000.0,2720.0,12200.0,8722.0,20450.0,16221.0,17700.0,281500.0,10711.0,24025.0,51500.0,7690.0,11500.0,5650.0,3172.0,126500.0,7380.0,13000.0,16000.0,5200.0,6066.0,22580.0,233000.0,6026.0,32400.0,5960.0,6130.0,3205.0,29300.0,3680.0,,2380.0,47700.0,19200.0,161400,,11100.0,7880.0,512000.0,8490.0,770.0,3760.0,4158.0,25135.0,8060.0,4180.0,3107.0,1620.0,5000.0,9900.0,5075.0,9590.0,10450.0,34800.0,2040.0,3850.0,8000.0,7875.0,4075.0,4295.0,15791.0,3250.0,4995.0,3500.0,10700.0,2440.0,47750.0,23267.0,3900.0,1895.0,7370.0,2610.0,11100.0,9495.0,15450,3060.0,,8960.0,30500.0,6140.0,1945.0,17020.0,7380.0,3970.0,7880.0,1425.0,7400,6010.0,53500.0,5640.0,5587.0,3780.0,22950.0,9160.0,50984.0,95327.0,1160.0,6420.0,11500.0,12056.0,24750.0,4300.0,29184.0,4110.0,11572.0,22450.0,5730.0,894.0,1922.0,2735.0,6330.0,,4905.0,4489.0,13175.0,13580.0,895.0,2316.0,7150.0,217700.0,9152.0,1335.0,20700.0,4030.0,3365.0,13400.0,3768.0,2720.0,1880.0,13700.0,6050.0,3750,4914.0,4905,4240.0,2615.0,3641.0,21700.0,3915.0,2114.0,4970.0,19300.0,6390.0,,2845.0,31700.0,28605.0,4340.0,449400,3086.0,5520.0,10450.0,2150.0,3805.0,1855.0,2325.0,10000.0,23300.0,10275.0,10643.0,7460.0,2090.0,3139.0,4100.0,2775.0,8020.0,56468.0,670.0,8229.0,719,28800,1770.0,2240.0,3386.0,6720.0,,11300.0,2375.0,4735.0,25700.0,30575.0,1160000.0,20373,2280.0,8350.0,,14500.0,3085.0,2430.0,20750.0,11377.0,10550.0,3630.0,937.0,10000.0,1530.0,1125.0,21300,5610.0,11450.0,1420.0,3216.0,2975.0,3835.0,9308.0,676,12494.0,9340.0,3650,9430.0,,43150.0,,6549.0,2455.0,2095.0,249015.0,6680.0,8760.0,4530.0,10800.0,14177.0,14800.0,2905.0,19700.0,6175.0,20800.0,2355,4060.0,4160.0,6430.0,1595.0,28695.0,1868.0,9649.0,8743.0,2888,,7650.0,10496,1905.0,10071.0,10000,7550.0,104500.0,7000.0,4434.0,2495.0,2360.0,3315.0,6950.0,2799.0,3135.0,6380.0,6986.0,6888.0,5570.0,7350,3010.0,4490.0,6900.0,8330.0,,26613.0,,55800.0,20832.0,11150.0,1585.0,11000.0,7402.0,23178.0,5840.0,3339.0,27100.0,3230.0,50554.0,8022.0,9410.0,50300.0,10500.0,2035.0,14656.0,7300.0,52249.0,87.0,5571.0,,3250.0,3533.0,1530.0,2400.0,1905.0,8940.0,2520.0,5220.0,91500.0,71500.0,3200.0,12550.0,3932.0,2300.0,3185.0,2731,3795.0,4735.0,,2852.0,6767.0,72500.0,14100.0,3865.0,11650.0,2611.0,2093.0,21700.0,41000.0,5447.0,2687.0,98940.0,2995.0,2885.0,3560.0,4480.0,5402.0,1666.0,,182965.0,13550.0,13900,51030.0,,4625.0,1320.0,18150.0,5112.0,26200.0,3240.0,7411.0,14859.0,189500.0,14684.0,3810.0,93900.0,5620.0,2665.0,6447.0,3820.0,2445.0,7540.0,3824.0,8800.0,19000.0,3440.0,4185.0,5675.0,11400.0,4383.0,37800.0,6080.0,21350.0,1615.0,36887.0,1895.0,,1885.0,12600.0,2351.0,2080.0,1995.0,8697.0,2205.0,2780.0,3170.0,6980.0,13700.0,6570.0,2870.0,36599.0,12750.0,13237.0,17850.0,25956,5532.0,51500.0,26365.0,5200.0,11984.0,19150.0,36950.0,3170.0,10800.0,1968.0,6740.0,10040.0,9390.0,6230.0,7720.0,2720,7287.0,26100.0,3120.0,6860.0,5440.0,1350.0,19112.0,2480.0,3050.0,,,3616.0,7721.0,4210.0,5563.0,7433.0,,,5060.0,5010.0,,3146.0,2377.0,4000.0,5563.0,,,,,,,12338.0,6130.0,3660.0,37029.0,29450.0,8130.0,6770.0,,3370.0,105981.0,11550.0,9540,19432.0,3135.0,3855.0,8700.0,4415.0,7230.0,,4795.0,5670.0,12650.0,12312.0,3968.0,7800.0,12862.0,,445540.0,3740.0,3910.0,,6950.0,226770.0,4825.0,8300.0,4955.0,10978.0,3565.0,5950.0,4810.0,21793.0,1945.0,7920.0,4868,29597.0,2580.0,2902.0,5270.0,6330.0,11350.0,1820.0,,27450.0,172500.0,15250.0,6350.0,3062.0,,2220,3600.0,,,,,3820.0,13150.0,8230.0,22210.0,68125.0,16570.0,17100.0,4824.0,4570.0,63800.0,3185.0,3440.0,4713.0,,25322.0,4240.0,24150.0,6400.0,2234.0,24300.0,8027.0,2290.0,4955.0,5220.0,4662.0,1145.0,10300.0,2466.0,2930.0,5360.0,6550.0,8420.0,19053.0,2760.0,3850.0,,13650.0,57089.0,184.0,20100.0,9096.0,8250.0,2446,84771.0,6299.0,193346.0,19010.0,12750.0,9142.0,8760.0,336000.0,2675.0,1840.0,10584.0,1525.0,12244.0,1299.0,,,,9640.0,35800.0,3080.0,6960.0,2506.0,3974.0,2250,93323.0,5270.0,5034.0,3865.0,338.0,3495.0,10050.0,3550.0,5085.0,16968.0,13800.0,1615.0,13700.0,2973.0,,,,6440.0,4535.0,2315.0,7973.0,,5670.0,24850.0,12085.0,4985.0,10740.0,35400.0,7540.0,36500.0,12000.0,16165.0,52700.0,5300.0,4693.0,10682.0,6690.0,4273.0,7160.0,3840.0,8171.0,104946.0,,,21700.0,6620.0,9410.0,,8700.0,39350.0,2470.0,3850.0,13594.0,2550.0,25500.0,63901,3457.0,20691,5885.0,4450.0,46770.0,9488.0,20521,5400.0,9749.0,11365.0,4300.0,8000.0,4815.0,21850.0,5440.0,232005.0,6430.0,21450.0,3195.0,13771.0,5846.0,14550.0,3975.0,17450,85000.0,13000.0,,13850.0,17785.0,1955.0,6730.0,3890.0,7700.0,2270.0,1000.0,43400.0,7770.0,15650.0,1785.0,15450.0,2750.0,7850.0,2650.0,12100.0,3030.0,5265.0,136756.0,19050.0,4350.0,,,6179.0,4400.0,2452.0,1055.0,9410.0,4440,3685.0,3860.0,2310.0,,4542.0,2300.0,7210.0,2675.0,,10050.0,9525.0,4500.0,7000.0,2120.0,11600,2610.0,3965.0,4315.0,2010.0,41800.0,2765.0,11350.0,2008,11700.0,4440.0,5221.0,26450.0,2856.0,12043.0,,8007.0,7678.0,35028,1740.0,,3100.0,30442.0,2820.0,10058.0,2785.0,4105.0,96833,1135.0,27125.0,3953.0,22008.0,31500.0,19650.0,1405.0,49300.0,2700.0,112194.0,969.0,69900.0,3855.0,51125.0,,155.0,5880.0,7165.0,5190.0,3640.0,12850.0,1815,3476.0,3455.0,10650.0,3800.0,8190.0,3465.0,2870,,6002.0,10496.0,,1140.0,68290.0,4900.0,7960.0,42800.0,3945.0,68500.0,5888.0,14500.0,30300.0,2480.0,4380.0,92735.0,10100.0,3550.0,8430.0,4061.0,2705.0,3118.0,8470.0,47500.0,20725.0,15680.0,3365.0,12048.0,4970.0,10570.0,33550.0,5190.0,31900.0,2806.0,12580.0,1100.0,10350.0,4428.0,16414.0,6315.0,13566.0,73811.0,5049.0,8470.0,3000.0,7850.0,2173.0,13235.0,10909.0,,4355.0,4712.0,43000.0,10700.0,4220.0,27400.0,52386.0,133312.0,9200.0,6150.0,9070.0,,77256.0,15100.0,120450.0,2075.0,3743.0,13300.0,63934.0,3238.0,23016.0,11281.0,18508.0,4000.0,6400.0,1627.0,4420.0,66420.0,,2285.0,10950.0,12050.0,5213.0,4220.0,486536.0,2356.0,6930.0,3529.0,11150.0,,14000.0,11010.0,6650.0,2602.0,8670.0,16500.0,19750.0,,64794.0,12512.0,7595.0,18100.0,33250.0,45372.0,6875.0,34400.0,11595.0,30050.0,31650.0,45325.0,,4152.0,10993.0,1300.0,11692.0,1890.0,1745.0,28100.0,12314.0,4860.0,3280.0,23709.0,4470.0,6950.0,6650.0,2380.0,23650.0,,10200.0,5800.0,15300.0,11900.0,7259.0,5705.0,92175.0,90849.0,3305.0,7260.0,3800.0,7125.0,5930.0,28450.0,8255.0,39500.0,18661.0,3016.0,1740.0,33731.0,16550.0,16700.0,7600.0,5550.0,,14400.0,21500.0,5540.0,1678.0,11600.0,24750.0,8449.0,,,6410.0,25150.0,12850.0,21650.0,17004.0,,5710.0,2095.0,9040.0,21850.0,32850.0,11050.0,33650.0,15900.0,8260.0,,49910.0,7270.0,3750.0,4278.0,,29000.0,,4265.0,15520.0,,8455.0,108300.0,2070.0,27400.0,2327.0,,18240.0,10475.0,8055.0,11136.0,10474.0,2400.0,13627.0,4815.0,6130.0,14700.0,38400.0,2800.0,4162.0,42872.0,13163.0,4793.0,2317.0,10150.0,23800.0,4280.0,23690.0,1852.0,10800.0,64600.0,2900.0,,111500.0,50000.0,,19292.0,16850.0,10320.0,10222.0,2280.0,,,4100.0,1895.0,194500.0,13250.0,,35400.0,51841.0,8823.0,,,4550.0,,,6085.0,13152.0,36322.0,11348.0,7285.0,21798.0,,5396.0,38942.0,,267000.0,186500.0,45400.0,110000.0,,,,,,,,62700.0,2030.0,,,,,,,,,,,,,,,,,,,,,,,,,,,383.0,,676.0,773.0,27762.0,14952.0,1330.0,,4749.0,4890.0,59290.0,791.0,1457500.0,9475.0,9366.0,15300.0,7290.0,83957.0,8200.0,
2018-12-31,9100.0,10800.0,32827.0,167000.0,9675.0,5450.0,,6700.0,8350.0,7796.0,9421.0,63900.0,102837.0,60500.0,70201.0,53124.0,18950.0,41100.0,12505.0,3815.0,17150.0,9800.0,10850.0,2160.0,35690.0,12971.0,1373.0,2905.0,2285.0,5800.0,3480.0,5210.0,17700.0,8766.0,14508.0,9900.0,23200.0,6210.0,2335.0,4180.0,62500.0,25050.0,18111.0,2795.0,1900.0,17100.0,2700.0,53200.0,53500.0,30900.0,113000.0,50977.0,8650.0,42700.0,1945.0,1920.0,4675.0,17243.0,709000,3355.0,16300.0,6280.0,271285.0,30700.0,1540.0,14500.0,182500.0,25800.0,2778.0,11500.0,1305.0,2050.0,20650.0,7330.0,13417.0,5290.0,1305.0,5107.0,2910.0,336500.0,11800.0,19813.0,5310.0,49300.0,5720.0,17800.0,3495.0,9600.0,14160.0,1320000.0,9760.0,7140.0,11500.0,2930.0,5940.0,66032.0,83738.0,6100.0,2470.0,20109.0,57954.0,5810.0,829.0,5240.0,23400.0,105500.0,7505.0,62035.0,24200.0,41050.0,7360.0,10300.0,6964.0,1350.0,14200.0,5243.0,256000.0,9347.0,3765.0,4715.0,,12000.0,12752.0,19050.0,46850.0,8900.0,4080.0,13350.0,91000.0,34450.0,5643.0,,2320.0,4925.0,38516.0,3500.0,10513.0,6530.0,1091.0,16800.0,12900.0,11900.0,2103.0,488.0,15507.0,28900.0,5684.0,2445.0,13750.0,25100.0,140324.0,118500.0,9750.0,42700.0,243000.0,40150.0,127500.0,,4761.0,11850.0,12200.0,5500.0,11300.0,4565.0,13100.0,17861.0,15902.0,4530.0,,15800.0,4205.0,26100.0,4475.0,4050.0,49100.0,136000.0,43750.0,8800.0,42150.0,214408.0,6531.0,153500.0,9100.0,16925.0,4460.0,4640.0,2505.0,5520.0,24050.0,34639.0,2285.0,49850.0,,2450.0,724000.0,6409.0,23455.0,1235.0,33450.0,30766.0,4415.0,6010,35364.0,20025.0,10044.0,10450.0,5110.0,8660.0,2565.0,,11850.0,3345.0,2830.0,3395.0,2890.0,2770.0,23400.0,2590.0,3250.0,1796.0,64900.0,,73289.0,2824.0,2875.0,21750.0,103500.0,2440.0,1325.0,2820.0,67400.0,1870.0,15800.0,3725.0,41550.0,14850.0,21700.0,6570.0,6060.0,4972.0,9990.0,33450.0,7500.0,23040.0,62500.0,5520.0,1360.0,9800.0,6995.0,6400.0,9950.0,5110.0,1914.0,1820.0,2360.0,6200.0,2770.0,97700.0,5040.0,11400.0,86400.0,6875.0,1332.0,36250.0,2056.0,3975.0,6650.0,14950.0,1660.0,4005.0,9200.0,35750.0,2135.0,,28100.0,87300.0,11187.0,10050.0,831.0,1905.0,6625.0,37250.0,190000.0,9564.0,2833.0,5800.0,9150.0,5280.0,100500.0,6424.0,1269.0,3450.0,16450.0,4000.0,1916.0,1410.0,1261.0,21750.0,4045.0,8280.0,,3755.0,18952.0,4345.0,1110.0,14979.0,4120.0,3730.0,3295.0,7220.0,2600.0,11400.0,6340.0,4310.0,48545.0,2645.0,711.0,1250.0,2993.0,2885.0,37300,7990.0,6970,6750.0,3640.0,33100.0,3030.0,5580.0,2305.0,11000.0,,21180.0,21400.0,8010.0,19150.0,5930.0,6360.0,30700.0,1260.0,4847.0,3210.0,6660.0,85400.0,4610.0,7030.0,7225.0,1701.0,71359.0,7960.0,7170.0,2025.0,55800.0,30302.0,204000.0,8300.0,11500.0,851.0,70060.0,6025.0,10039.0,1770.0,2385.0,2550.0,2335.0,11499.0,13400.0,3130.0,4120.0,36250.0,41000.0,8150.0,4931.0,19735.0,4900.0,2025.0,74100.0,7070.0,2330.0,7918.0,5210.0,2840.0,5890.0,11700.0,6250.0,,22140.0,18850.0,8121.0,3115.0,52000.0,38350.0,1495.0,2705.0,2750.0,,14785.0,1395.0,2550.0,2055.0,2100.0,1250.0,2245.0,6895.0,49428.0,,2399.0,3425.0,40600.0,2750.0,17379.0,1905.0,11500.0,2235.0,1595.0,8190.0,18750.0,1770.0,,2975.0,4270.0,28800.0,8070.0,1025.0,7296.0,1345.0,17600.0,14509.0,179600.0,45900.0,22500.0,1650.0,15738.0,3510.0,42955,8740.0,4640.0,1650.0,50500.0,3800.0,10425.0,,1760.0,1980.0,14550.0,2284.0,6462.0,1740.0,17650.0,4808.0,1115.0,5060.0,1060.0,8330.0,437.0,1925.0,8410.0,4335.0,4510.0,2153.0,11800.0,4070.0,22950.0,4855.0,897.0,7720.0,7790.0,27500.0,1770.0,101500.0,2875.0,13600.0,7445.0,20000.0,16683.0,17950.0,260000.0,10269.0,21825.0,51800.0,7530.0,11750.0,6340.0,3385.0,122000.0,7380.0,11300.0,15400.0,4470.0,5308.0,20673.0,201900.0,6046.0,30250.0,5400.0,5600.0,2550.0,29650.0,3235.0,,2100.0,44600.0,17600.0,151000,,13000.0,7810.0,466500.0,7780.0,620.0,3930.0,3730.0,22808.0,7500.0,3410.0,3241.0,1655.0,4940.0,11400.0,5100.0,9880.0,9160.0,36000.0,2020.0,3830.0,7320.0,7575.0,3755.0,4300.0,14835.0,3580.0,6690.0,3750.0,10800.0,2820.0,48300.0,21819.0,3570.0,1995.0,7210.0,2590.0,9160.0,10548.0,13604,3240.0,,8550.0,28750.0,5620.0,2100.0,14390.0,6980.0,4700.0,6720.0,1385.0,6540,5730.0,52300.0,5370.0,6833.0,4220.0,21700.0,8240.0,55045.0,85714.0,1120.0,5520.0,11350.0,10480.0,25000.0,4100.0,30339.0,3890.0,10508.0,21600.0,5500.0,890.0,1860.0,2560.0,6670.0,,4810.0,4574.0,13300.0,12740.0,839.0,2120.0,6480.0,199600.0,9240.0,1335.0,19550.0,3765.0,3180.0,12450.0,3557.0,2555.0,1700.0,12800.0,7400.0,1710,4943.0,5150,4565.0,2780.0,3628.0,19350.0,4030.0,2089.0,5390.0,18200.0,6330.0,,2780.0,31900.0,25320.0,3893.0,453640,2553.0,5850.0,10100.0,2020.0,3765.0,1875.0,2050.0,9990.0,18100.0,10525.0,11355.0,7600.0,2135.0,3014.0,3790.0,2610.0,9000.0,45907.0,629.0,8449.0,719,30500,1845.0,2255.0,3167.0,6800.0,,10850.0,2270.0,5200.0,26500.0,26570.0,1101000.0,16400,2255.0,7925.0,,13900.0,2725.0,2560.0,20900.0,10722.0,9500.0,3075.0,902.0,9160.0,1530.0,1160.0,20200,6270.0,11500.0,1540.0,3313.0,2820.0,3775.0,10347.0,642,12024.0,10100.0,2050,9520.0,,46400.0,,6296.0,2385.0,2080.0,225015.0,6680.0,8600.0,4220.0,10100.0,13225.0,13600.0,3195.0,18050.0,5925.0,21050.0,2270,3515.0,3840.0,7220.0,1505.0,27175.0,1653.0,9222.0,7991.0,2513,,8330.0,9278,2070.0,9420.0,9920,6500.0,97300.0,8190.0,4039.0,2485.0,2445.0,4680.0,6560.0,2588.0,2935.0,6320.0,6681.0,6817.0,6440.0,5370,2808.0,4440.0,6665.0,8190.0,,32967.0,,54400.0,19783.0,8800.0,1485.0,8990.0,6717.0,21163.0,4615.0,3525.0,27850.0,2965.0,48576.0,7000.0,7430.0,40400.0,9175.0,1850.0,14904.0,7070.0,52249.0,87.0,5063.0,,3395.0,3398.0,1390.0,2275.0,2104.0,8050.0,2520.0,5360.0,62000.0,70700.0,3195.0,11750.0,3752.0,2000.0,2855.0,3060,3755.0,4500.0,,2554.0,6204.0,62300.0,13400.0,3890.0,10400.0,2381.0,2068.0,19800.0,39400.0,5022.0,2597.0,93930.0,2815.0,2685.0,3435.0,4525.0,5048.0,1868.0,,173014.0,11100.0,12300,48948.0,,4465.0,1205.0,21300.0,5475.0,24100.0,3100.0,7007.0,15271.0,188500.0,13722.0,4300.0,90400.0,6090.0,2690.0,5990.0,3120.0,2600.0,7800.0,2989.0,5670.0,16600.0,4375.0,6210.0,4940.0,9860.0,4530.0,35350.0,6460.0,25200.0,1575.0,43382.0,1750.0,,1715.0,10000.0,2370.0,2325.0,1840.0,7754.0,2395.0,2258.0,3190.0,6750.0,12750.0,7980.0,3195.0,32473.0,10900.0,11627.0,17500.0,25661,7094.0,51600.0,25985.0,5510.0,11984.0,20050.0,36950.0,3505.0,10150.0,1761.0,6360.0,8776.0,9250.0,5400.0,7510.0,2905,6719.0,24100.0,3270.0,8380.0,5880.0,1293.0,27171.0,2890.0,2855.0,,,4142.0,6842.0,4195.0,5011.0,6667.0,,,4970.0,5000.0,,3000.0,2225.0,4135.0,5045.0,,,,,,,11537.0,5850.0,3727.0,38270.0,28800.0,7860.0,7800.0,,2990.0,136438.0,16850.0,8140,18647.0,2870.0,4250.0,8310.0,4065.0,6860.0,,3450.0,5370.0,10500.0,11591.0,4189.0,7360.0,10976.0,,469702.0,3653.0,3010.0,,6040.0,169845.0,4850.0,8140.0,4875.0,13912.0,3745.0,6150.0,4643.0,19828.0,1970.0,8420.0,4484,25658.0,2550.0,2502.0,5160.0,5700.0,13200.0,2221.0,,24000.0,209500.0,16800.0,5290.0,2537.0,,3280,3830.0,,,,,3630.0,12550.0,8180.0,19180.0,66431.0,15805.0,15700.0,5700.0,4810.0,61200.0,3185.0,3435.0,4667.0,,23043.0,4885.0,24850.0,6270.0,1627.0,24000.0,7246.0,3260.0,4285.0,4710.0,4745.0,1010.0,10400.0,2458.0,2765.0,5760.0,6300.0,7880.0,15943.0,2800.0,6060.0,,12150.0,52731.0,182.0,18450.0,8041.0,8200.0,2050,68959.0,6254.0,176619.0,18507.0,12950.0,8428.0,8230.0,330500.0,2400.0,1816.0,11259.0,1625.0,12471.0,1479.0,,,,9810.0,33000.0,2935.0,6210.0,2597.0,4010.0,2040,122761.0,4900.0,5214.0,3455.0,255.0,3770.0,9300.0,3550.0,4792.0,13633.0,12550.0,1525.0,14550.0,2836.0,,,,5550.0,4925.0,2770.0,7236.0,,5520.0,21750.0,10375.0,4780.0,11608.0,34550.0,7670.0,33600.0,12050.0,16749.0,56600.0,5160.0,4562.0,8497.0,7170.0,4519.0,6570.0,4230.0,8094.0,84489.0,8472.0,,25150.0,6320.0,9250.0,,9390.0,38350.0,2470.0,2905.0,13096.0,2645.0,24900.0,48671,3187.0,17062,5915.0,3944.0,49810.0,8523.0,20873,6120.0,12033.0,9845.0,4255.0,8000.0,4990.0,22900.0,5400.0,235073.0,4729.0,19060.0,3620.0,16560.0,6282.0,13250.0,4450.0,15300,79000.0,12850.0,,15300.0,13787.0,1845.0,6561.0,3760.0,7520.0,2295.0,1000.0,47500.0,6920.0,15450.0,2085.0,14200.0,1620.0,6570.0,2780.0,10750.0,3020.0,5075.0,125945.0,18550.0,3410.0,,,6146.0,4060.0,2723.0,1165.0,8800.0,6550,5200.0,3440.0,2350.0,2642.0,4265.0,2310.0,7110.0,2770.0,,8660.0,9725.0,4660.0,6530.0,2090.0,11750,2655.0,3780.0,4320.0,2010.0,36100.0,2800.0,11350.0,1823,11050.0,5790.0,5424.0,22500.0,2785.0,13295.0,,7578.0,9445.0,33915,1485.0,,3065.0,30709.0,2755.0,10337.0,3165.0,4105.0,82827,1245.0,28376.0,3580.0,22188.0,21150.0,18150.0,825.0,45900.0,2390.0,130097.0,1081.0,57500.0,4460.0,51633.0,,155.0,5340.0,5973.0,5980.0,3245.0,12600.0,1845,4096.0,3490.0,9190.0,3405.0,6410.0,3990.0,2895,,5332.0,8999.0,,1140.0,58740.0,4385.0,7700.0,40150.0,3320.0,70500.0,6088.0,12050.0,27200.0,2590.0,4385.0,94086.0,9710.0,3100.0,7550.0,3955.0,2780.0,3906.0,7890.0,72250.0,20325.0,13930.0,3015.0,12406.0,4360.0,8333.0,33200.0,5680.0,29800.0,2714.0,11761.0,990.0,10350.0,4357.0,15243.0,5570.0,9660.0,77035.0,4240.0,8210.0,3190.0,7040.0,2101.0,12216.0,3875.0,,4285.0,4774.0,35550.0,10250.0,4155.0,23700.0,52386.0,127431.0,10225.0,5500.0,8200.0,,42231.0,12950.0,104880.0,2010.0,3605.0,11300.0,74342.0,2709.0,27600.0,8979.0,17096.0,4450.0,5600.0,1552.0,3595.0,58590.0,,2220.0,5025.0,10700.0,5781.0,3955.0,562171.0,2786.0,6405.0,3114.0,9720.0,,14200.0,10315.0,6430.0,2826.0,8380.0,16600.0,17500.0,,63787.0,11344.0,7522.0,16700.0,33650.0,38034.0,6450.0,33450.0,10175.0,25950.0,36350.0,47120.0,,3828.0,9925.0,1137.0,10457.0,1555.0,1620.0,27750.0,15040.0,4885.0,3015.0,24002.0,4080.0,7190.0,6468.0,2555.0,21100.0,,8750.0,5300.0,16400.0,10500.0,6460.0,5580.0,91120.0,82118.0,3400.0,6720.0,3970.0,6700.0,5510.0,26850.0,8510.0,32250.0,23507.0,2728.0,1875.0,34232.0,15750.0,16000.0,6950.0,5030.0,,16350.0,21000.0,5630.0,1392.0,10300.0,21950.0,6928.0,,,8780.0,26000.0,11850.0,19800.0,14534.0,15197.0,4749.0,2095.0,9000.0,20100.0,31500.0,10650.0,32500.0,14100.0,7530.0,,53950.0,7180.0,3900.0,3149.0,,27850.0,,4405.0,15595.0,,6695.0,92400.0,1770.0,12800.0,2250.0,,19052.0,10350.0,7927.0,11005.0,10249.0,2158.0,12402.0,4040.0,6850.0,14150.0,41580.0,2875.0,3868.0,48770.0,12646.0,5752.0,2274.0,9300.0,21700.0,5675.0,19159.0,1843.0,9980.0,64600.0,3000.0,12200.0,120000.0,46600.0,,17823.0,16800.0,10270.0,9246.0,2800.0,,,4100.0,1895.0,204000.0,12700.0,,35500.0,46704.0,12472.0,,,3585.0,,7050.0,6343.0,13134.0,35571.0,10257.0,6676.0,20521.0,,5434.0,44691.0,,284000.0,185000.0,41350.0,103000.0,12020.0,49562.0,,,12620.0,,,57000.0,2050.0,2150.0,10884.0,2181.0,,,2070.0,7900.0,,,,5454.0,,,,,,,,,,,,,,,,323.0,,565.0,27.0,22885.0,11409.0,1330.0,,4147.0,4490.0,57040.0,654.0,1322500.0,8450.0,5583.0,16300.0,6230.0,86462.0,6730.0,
2019-01-31,9840.0,11000.0,38204.0,168000.0,10975.0,6021.0,,8470.0,8220.0,8461.0,10313.0,64200.0,99064.0,73900.0,72369.0,60519.0,20200.0,42200.0,13155.0,4995.0,18350.0,9930.0,12900.0,2405.0,35384.0,14857.0,1582.0,3243.0,2466.0,5209.0,3350.0,6250.0,17750.0,9674.0,17241.0,10150.0,31400.0,6650.0,2300.0,4995.0,63900.0,25200.0,18956.0,3095.0,2010.0,18850.0,2750.0,65300.0,,33300.0,125000.0,54294.0,13500.0,44500.0,1950.0,2030.0,4625.0,18949.0,640000,3600.0,19100.0,6520.0,287088.0,26600.0,1950.0,15350.0,180500.0,26200.0,2960.0,14045.0,1435.0,2290.0,22150.0,8140.0,14181.0,5950.0,1395.0,6226.0,2880.0,331000.0,13050.0,18575.0,7650.0,52500.0,5570.0,18300.0,4150.0,9670.0,14993.0,1359000.0,10865.0,7470.0,12550.0,2935.0,6480.0,73400.0,85089.0,6540.0,2390.0,25186.0,54133.0,6330.0,827.0,4765.0,24700.0,109000.0,7474.0,62831.0,24400.0,45300.0,8160.0,10100.0,8207.0,1645.0,,5254.0,264500.0,10138.0,3880.0,5130.0,,12550.0,16054.0,22000.0,46950.0,11150.0,4030.0,13100.0,100500.0,36900.0,6787.0,,2605.0,5450.0,53923.0,3515.0,11502.0,7530.0,1162.0,17700.0,14000.0,13900.0,2357.0,558.0,13854.0,34450.0,6376.0,2755.0,14900.0,23900.0,143832.0,129500.0,12771.0,46800.0,274000.0,38250.0,117000.0,,4897.0,12400.0,17700.0,5950.0,11900.0,4970.0,13550.0,18053.0,16101.0,4621.0,,16300.0,4765.0,28950.0,4535.0,4115.0,57300.0,137000.0,47050.0,12000.0,52100.0,218813.0,6904.0,169500.0,9530.0,17725.0,4675.0,5460.0,2815.0,6550.0,29100.0,30833.0,2830.0,61500.0,,2665.0,779000.0,6189.0,8826.0,1344.0,34500.0,32612.0,5450.0,4510,38734.0,21275.0,14561.0,11250.0,6060.0,10050.0,2570.0,,13000.0,3450.0,2855.0,3450.0,3600.0,2725.0,25550.0,2755.0,2835.0,1824.0,66000.0,,68002.0,3112.0,3560.0,32650.0,108000.0,2885.0,1515.0,2985.0,71800.0,2935.0,17400.0,4180.0,42600.0,16900.0,24300.0,10400.0,5980.0,5082.0,11650.0,36950.0,6910.0,25607.0,61600.0,9000.0,1785.0,10480.0,8590.0,6940.0,10850.0,5190.0,2216.0,1980.0,2730.0,7640.0,3130.0,104500.0,5910.0,10650.0,97500.0,7225.0,1798.0,43650.0,2679.0,3955.0,10300.0,17300.0,1915.0,4240.0,9480.0,40425.0,2450.0,,31600.0,90000.0,14996.0,11350.0,957.0,2129.0,7425.0,44150.0,225000.0,11966.0,2884.0,6200.0,9530.0,5650.0,103000.0,6696.0,1737.0,4800.0,19500.0,4250.0,2640.0,1885.0,1274.0,25750.0,5080.0,8890.0,,4020.0,19940.0,4795.0,1420.0,21644.0,4530.0,3855.0,3475.0,8410.0,3125.0,11950.0,6860.0,5130.0,54498.0,3315.0,788.0,1380.0,3112.0,3144.0,39400,8260.0,7240,6860.0,4115.0,34500.0,3650.0,5620.0,2490.0,11450.0,,24388.0,31100.0,8160.0,19350.0,6740.0,6490.0,30400.0,1935.0,5295.0,3610.0,6560.0,83600.0,5230.0,8270.0,7625.0,2976.0,74027.0,8490.0,7570.0,2295.0,60700.0,29295.0,223500.0,8210.0,14400.0,974.0,81654.0,7663.0,11898.0,1870.0,2730.0,2638.0,3130.0,10403.0,13180.0,3970.0,4130.0,37000.0,40550.0,8200.0,5222.0,20833.0,5775.0,2150.0,83400.0,8640.0,2800.0,8631.0,5740.0,3005.0,5800.0,12650.0,7470.0,,21485.0,21150.0,8803.0,3525.0,54700.0,37550.0,1700.0,4085.0,2925.0,,15436.0,1415.0,3475.0,2225.0,2320.0,1410.0,2585.0,7195.0,49994.0,,2991.0,3315.0,42200.0,3070.0,17282.0,2100.0,14050.0,2640.0,2320.0,7670.0,25500.0,1890.0,,3495.0,4660.0,29850.0,7930.0,1160.0,7740.0,1505.0,16750.0,17586.0,190000.0,47900.0,23500.0,1290.0,16029.0,4205.0,46141,9520.0,4780.0,1625.0,50300.0,3540.0,11484.0,,1860.0,2140.0,14600.0,2274.0,9355.0,1930.0,15100.0,4429.0,1275.0,5140.0,1070.0,10600.0,413.0,2065.0,9170.0,6225.0,4540.0,2390.0,13300.0,4780.0,23400.0,5170.0,1340.0,8360.0,8140.0,27450.0,1915.0,99100.0,6625.0,13750.0,8684.0,22900.0,17469.0,17900.0,263500.0,11252.0,24100.0,52800.0,7650.0,12500.0,6540.0,3700.0,136000.0,7380.0,12400.0,14700.0,4730.0,5871.0,19931.0,212300.0,6026.0,28700.0,6200.0,6060.0,3465.0,30750.0,4455.0,,2500.0,49300.0,20750.0,155900,,13050.0,9600.0,468500.0,8360.0,705.0,3920.0,5367.0,24415.0,8720.0,4175.0,3167.0,1865.0,5170.0,14350.0,5775.0,10650.0,10250.0,39800.0,2425.0,4490.0,6710.0,8075.0,4280.0,5140.0,14544.0,4005.0,8100.0,3380.0,11000.0,3235.0,50900.0,23267.0,3150.0,2150.0,8180.0,3015.0,11650.0,13050.0,12120,3530.0,,10300.0,26300.0,6530.0,2175.0,15735.0,6980.0,4720.0,9170.0,1490.0,13600,7230.0,48050.0,6670.0,6863.0,4320.0,23200.0,8710.0,55446.0,90921.0,1370.0,6200.0,11450.0,11831.0,25400.0,4550.0,32871.0,3990.0,12773.0,23100.0,5900.0,955.0,2473.0,2855.0,8200.0,,5130.0,4850.0,13800.0,15080.0,1363.0,2120.0,6610.0,240575.0,9944.0,1440.0,20600.0,4390.0,3655.0,13500.0,3732.0,2945.0,1940.0,14200.0,8020.0,2525,5021.0,5540,5250.0,2865.0,3741.0,23700.0,5590.0,2258.0,5180.0,20000.0,7400.0,,3105.0,34100.0,25170.0,4386.0,470600,2728.0,7500.0,12750.0,2120.0,4320.0,2225.0,2100.0,9200.0,20050.0,11600.0,11367.0,7940.0,2410.0,3420.0,3830.0,3370.0,12500.0,51935.0,725.0,9257.0,719,24400,1990.0,4083.0,3035.0,7050.0,,11400.0,2445.0,5510.0,29150.0,28970.0,1265000.0,13650,3100.0,7800.0,,14550.0,2710.0,2785.0,26150.0,11466.0,11050.0,3730.0,1000.0,11500.0,1550.0,1411.0,21000,6320.0,11300.0,1920.0,3409.0,3040.0,4195.0,10820.0,1075,15218.0,11450.0,2015,12000.0,,50200.0,,7326.0,2635.0,2340.0,284895.0,6680.0,9750.0,4405.0,11050.0,13651.0,13400.0,3260.0,41400.0,6525.0,23050.0,2425,4105.0,3964.0,6940.0,1725.0,27910.0,1873.0,10848.0,8834.0,2290,,9580.0,10286,2075.0,10011.0,9040,7870.0,96400.0,9800.0,4515.0,2620.0,2785.0,8160.0,7750.0,3079.0,3165.0,6770.0,7455.0,7054.0,7470.0,5655,3085.0,7540.0,9435.0,9370.0,,28814.0,,55500.0,20832.0,8880.0,1630.0,9120.0,8430.0,23934.0,4905.0,3670.0,26450.0,3350.0,48576.0,7000.0,8570.0,53900.0,10075.0,2085.0,18788.0,7850.0,52249.0,87.0,6325.0,,3265.0,3451.0,1545.0,2480.0,2140.0,8600.0,2770.0,5840.0,61000.0,63200.0,3210.0,12400.0,4582.0,1635.0,3480.0,3625,5400.0,4910.0,,2225.0,5389.0,66600.0,14400.0,3765.0,11550.0,2727.0,2185.0,21000.0,41400.0,5111.0,2895.0,121290.0,3100.0,2855.0,3835.0,4360.0,5284.0,2125.0,,170291.0,17400.0,11800,48486.0,,7440.0,1190.0,20150.0,5821.0,23050.0,3920.0,7883.0,15220.0,193500.0,14632.0,4710.0,95600.0,9250.0,3100.0,6508.0,5470.0,2700.0,8170.0,3409.0,7340.0,18450.0,3900.0,5800.0,5025.0,10500.0,4871.0,35000.0,6410.0,23000.0,1715.0,39095.0,1910.0,,1775.0,12600.0,2373.0,2840.0,2145.0,7210.0,2360.0,2580.0,3400.0,7200.0,13150.0,9090.0,3730.0,34869.0,11950.0,13135.0,19600.0,27430,7398.0,54400.0,27030.0,5770.0,11984.0,19650.0,34000.0,4090.0,10600.0,2044.0,6560.0,9475.0,9610.0,5000.0,7710.0,3090,7215.0,24700.0,2190.0,12300.0,5880.0,1520.0,38754.0,3280.0,3370.0,,,4362.0,7626.0,4675.0,5551.0,7796.0,,,5000.0,4990.0,,2975.0,2595.0,5110.0,5611.0,,,,,,,11904.0,6620.0,4187.0,35886.0,28650.0,8130.0,7860.0,,3020.0,148254.0,21100.0,9400,19663.0,3330.0,4120.0,8870.0,4855.0,7490.0,,3600.0,4880.0,14450.0,11291.0,4133.0,8170.0,13619.0,,421089.0,3916.0,3190.0,,7370.0,135660.0,4795.0,8980.0,4840.0,14731.0,4030.0,6160.0,4987.0,21523.0,2345.0,8020.0,5482,25046.0,2930.0,3024.0,5160.0,5460.0,17500.0,2469.0,,22800.0,181500.0,17100.0,9000.0,2950.0,,2870,3970.0,,,,,3800.0,13100.0,9060.0,19150.0,65637.0,17404.0,16050.0,6368.0,5300.0,59600.0,3495.0,3765.0,5013.0,,22812.0,6880.0,24650.0,5910.0,1745.0,20900.0,8067.0,3630.0,4370.0,4720.0,4620.0,833.0,10900.0,2666.0,3050.0,6310.0,7320.0,8830.0,17793.0,3100.0,9210.0,,13750.0,52005.0,189.0,21250.0,9498.0,9475.0,2158,75992.0,6280.0,185474.0,13922.0,14700.0,8724.0,12900.0,342500.0,2740.0,1752.0,12510.0,1690.0,14915.0,1339.0,,,,10200.0,34250.0,3130.0,6990.0,2612.0,4409.0,2265,126018.0,5200.0,5611.0,4280.0,358.0,4790.0,11000.0,3550.0,5439.0,14908.0,13650.0,1830.0,14600.0,3247.0,,,,6480.0,6850.0,2715.0,7795.0,10664.0,5730.0,22800.0,14350.0,5450.0,10440.0,34800.0,11000.0,38500.0,13800.0,14120.0,70000.0,5390.0,4836.0,7352.0,7660.0,5060.0,7520.0,3885.0,8556.0,92645.0,8113.0,,23500.0,7580.0,10400.0,,8700.0,34700.0,2470.0,2940.0,13096.0,3005.0,25750.0,54190,3675.0,18193,5895.0,4824.0,62170.0,8888.0,20117,7260.0,10945.0,11515.0,4515.0,8000.0,4800.0,21000.0,5310.0,263692.0,6380.0,25720.0,3800.0,15250.0,7948.0,13800.0,5030.0,17750,83000.0,13100.0,,17150.0,15151.0,1955.0,6950.0,4015.0,8520.0,2530.0,1000.0,43500.0,8000.0,15700.0,2435.0,16000.0,1675.0,7350.0,2945.0,12350.0,3235.0,4759.0,160540.0,21750.0,3680.0,,,7135.0,4115.0,3160.0,1280.0,9450.0,9500,8100.0,3090.0,2425.0,2718.0,5138.0,2570.0,7170.0,2850.0,,10100.0,9950.0,4945.0,7520.0,2150.0,12750,3220.0,4650.0,4035.0,2010.0,38200.0,3110.0,11650.0,1938,13000.0,4990.0,6185.0,22950.0,3128.0,14429.0,,7957.0,9009.0,38780,1490.0,,2855.0,30375.0,3120.0,11641.0,3150.0,4646.0,78504,1285.0,25073.0,4895.0,23266.0,25850.0,18900.0,1170.0,45750.0,2890.0,114069.0,1010.0,73100.0,4915.0,60431.0,,155.0,6000.0,6587.0,3795.0,3345.0,13400.0,1865,4185.0,3870.0,11250.0,3820.0,6540.0,4170.0,2900,,5793.0,9032.0,,1235.0,64435.0,4695.0,8220.0,41800.0,3750.0,67200.0,6174.0,16350.0,28800.0,2780.0,4435.0,90934.0,10950.0,3535.0,11150.0,4668.0,2765.0,3891.0,8930.0,157750.0,20125.0,15742.0,3505.0,12706.0,4800.0,7413.0,34500.0,7380.0,27700.0,2668.0,11581.0,895.0,12750.0,5041.0,14780.0,6950.0,9896.0,80057.0,4478.0,10500.0,3220.0,7380.0,2458.0,15548.0,8312.0,,5640.0,5288.0,36550.0,12750.0,4595.0,25000.0,52386.0,123510.0,11000.0,6175.0,8950.0,,45819.0,13450.0,112650.0,2220.0,3800.0,6030.0,76126.0,3238.0,26150.0,12198.0,17591.0,5210.0,6210.0,1823.0,4050.0,63810.0,,2915.0,5650.0,11150.0,5694.0,4435.0,580352.0,3191.0,7580.0,3534.0,11763.0,,16350.0,11414.0,6330.0,3246.0,8290.0,17150.0,20000.0,,61965.0,11184.0,7705.0,17400.0,33650.0,37430.0,8300.0,37450.0,14190.0,32000.0,34650.0,48338.0,,5791.0,10679.0,1327.0,11020.0,1880.0,1645.0,31950.0,13350.0,5403.0,3165.0,25124.0,4450.0,7380.0,6806.0,2810.0,22700.0,,11250.0,5550.0,15750.0,13900.0,7040.0,6456.0,91014.0,87865.0,3485.0,6960.0,6280.0,7400.0,6090.0,26850.0,10270.0,35625.0,29434.0,3019.0,1645.0,29427.0,14200.0,18000.0,9100.0,5600.0,,15450.0,24200.0,5960.0,1832.0,7800.0,22500.0,7806.0,,,10450.0,25850.0,10600.0,19050.0,15335.0,13121.0,6236.0,2095.0,9040.0,22900.0,33200.0,9230.0,27900.0,17700.0,8390.0,,51087.0,7310.0,3000.0,3125.0,,29300.0,,4100.0,15520.0,,8195.0,90300.0,1995.0,13700.0,2338.0,,20567.0,10555.0,8247.0,13102.0,10374.0,2273.0,13524.0,4955.0,7240.0,16300.0,38660.0,2985.0,3722.0,56102.0,11912.0,5752.0,2290.0,10650.0,26800.0,6300.0,23949.0,1870.0,11800.0,64400.0,2760.0,15450.0,113500.0,45000.0,,22787.0,17650.0,10375.0,10274.0,3216.0,,,4100.0,1895.0,184000.0,12100.0,,35400.0,45703.0,9562.0,,,3720.0,,6650.0,6746.0,12252.0,31513.0,12135.0,7869.0,21068.0,,5443.0,45664.0,,282000.0,171500.0,45350.0,114500.0,9030.0,53040.0,,,14874.0,,,66900.0,2060.0,2161.0,11019.0,2191.0,,,2115.0,8550.0,,,,11219.0,,,,,,,,,,,,,,,,310.0,,552.0,,24461.0,12305.0,1550.0,,4568.0,5020.0,49885.0,753.0,1310000.0,8900.0,6144.0,14200.0,5490.0,78547.0,7120.0,
2019-02-28,9800.0,11250.0,41817.0,190000.0,10875.0,6488.0,,7460.0,8440.0,8346.0,10381.0,66200.0,101894.0,70000.0,74442.0,55654.0,19750.0,43100.0,13480.0,4265.0,18750.0,10200.0,12450.0,2290.0,36697.0,14228.0,1557.0,3238.0,2475.0,4818.0,3400.0,6140.0,19300.0,9810.0,17577.0,11550.0,23750.0,6350.0,2280.0,4695.0,67300.0,27650.0,18778.0,2870.0,2040.0,19050.0,2805.0,61400.0,,34850.0,128500.0,53129.0,10150.0,43300.0,2070.0,2160.0,4730.0,20395.0,659000,3350.0,18800.0,6860.0,280503.0,28350.0,1790.0,14350.0,187500.0,25650.0,2612.0,13255.0,1480.0,2295.0,19300.0,7760.0,14706.0,5710.0,1350.0,5499.0,2830.0,332000.0,12500.0,18175.0,6110.0,52700.0,5600.0,20000.0,3960.0,9910.0,14982.0,1500000.0,11183.0,7500.0,12350.0,3380.0,6630.0,70850.0,88691.0,6400.0,2335.0,25745.0,62685.0,6230.0,815.0,3460.0,27300.0,108500.0,7519.0,62334.0,21950.0,48500.0,8000.0,10150.0,6990.0,1455.0,,4803.0,285500.0,9585.0,3920.0,4950.0,,13500.0,16184.0,20600.0,45700.0,10400.0,4920.0,13400.0,95500.0,36600.0,6841.0,,2690.0,5550.0,57775.0,3455.0,11968.0,7370.0,1244.0,18400.0,14400.0,10700.0,2330.0,603.0,15596.0,40450.0,10024.0,2660.0,14000.0,26150.0,159668.0,126500.0,13740.0,44400.0,263000.0,40500.0,114000.0,,5377.0,12450.0,12100.0,6120.0,12650.0,4900.0,13200.0,17335.0,16819.0,4576.0,,15550.0,4355.0,28800.0,4790.0,4070.0,60500.0,151000.0,42800.0,8550.0,44150.0,232520.0,7259.0,175000.0,9700.0,17600.0,4605.0,4940.0,2815.0,5910.0,26550.0,33099.0,2610.0,55700.0,,2970.0,764000.0,6539.0,7713.0,1340.0,35000.0,33283.0,4500.0,3900,39199.0,32900.0,12967.0,11600.0,6100.0,10800.0,2715.0,,14250.0,3505.0,2300.0,3825.0,3105.0,2800.0,25550.0,2570.0,2965.0,2110.0,67200.0,,75423.0,2675.0,3650.0,28450.0,107000.0,2685.0,1440.0,3375.0,89800.0,2200.0,18400.0,4220.0,47150.0,13250.0,21550.0,7650.0,6650.0,6897.0,10550.0,35250.0,7150.0,26690.0,61800.0,6500.0,1605.0,10600.0,8646.0,6310.0,10700.0,5550.0,1867.0,2135.0,2545.0,6600.0,2945.0,100000.0,5000.0,10900.0,108000.0,6700.0,1374.0,43450.0,2798.0,4650.0,8950.0,16750.0,1590.0,4130.0,10300.0,47700.0,2480.0,,27000.0,95700.0,14616.0,11150.0,910.0,2086.0,7100.0,42350.0,220500.0,10008.0,2690.0,5900.0,9320.0,5470.0,102000.0,6928.0,1528.0,3620.0,18000.0,4215.0,2734.0,1625.0,1271.0,24800.0,4200.0,8370.0,,4090.0,20665.0,4980.0,1195.0,20413.0,4900.0,3890.0,3420.0,8060.0,2860.0,10400.0,6320.0,4500.0,52475.0,2885.0,786.0,1384.0,2835.0,3662.0,40500,8230.0,6890,7450.0,4200.0,34850.0,3795.0,5700.0,2660.0,11500.0,,24599.0,33833.0,8820.0,18650.0,7340.0,6690.0,30950.0,1735.0,5192.0,3125.0,6550.0,83200.0,4820.0,6690.0,8800.0,2054.0,63556.0,9240.0,7330.0,2250.0,58400.0,28842.0,230500.0,8050.0,13500.0,955.0,79672.0,8760.0,11572.0,1990.0,2825.0,2687.0,2860.0,10208.0,13220.0,3525.0,5010.0,36750.0,40750.0,6975.0,5092.0,20141.0,5500.0,2210.0,94600.0,8000.0,2940.0,8873.0,5790.0,3090.0,6560.0,10400.0,6700.0,,26547.0,22000.0,8867.0,4280.0,60300.0,38050.0,1860.0,3150.0,2920.0,,18288.0,1580.0,3120.0,2101.0,2300.0,1365.0,2610.0,7485.0,54805.0,,2750.0,3365.0,55900.0,2835.0,16794.0,1945.0,12150.0,2390.0,2060.0,7850.0,21100.0,2025.0,,3075.0,4735.0,32500.0,8740.0,1125.0,7356.0,1300.0,15700.0,17886.0,184000.0,48900.0,25050.0,998.0,15715.0,4155.0,37260,9090.0,4730.0,1685.0,53500.0,3720.0,11866.0,,1960.0,2180.0,14100.0,2194.0,8201.0,1825.0,15000.0,4581.0,1355.0,5200.0,1075.0,8370.0,409.0,1945.0,8580.0,6100.0,4745.0,2459.0,13450.0,4340.0,25600.0,5170.0,1453.0,8580.0,7100.0,26700.0,1325.0,105500.0,4825.0,14300.0,6335.0,25100.0,19641.0,17900.0,272500.0,11252.0,24425.0,53900.0,8130.0,12400.0,7060.0,3590.0,133000.0,7380.0,14150.0,14450.0,4900.0,6175.0,20774.0,238300.0,6116.0,28500.0,6430.0,6100.0,3380.0,32000.0,4470.0,,2330.0,51500.0,18350.0,170700,,12850.0,8970.0,461000.0,8360.0,703.0,4220.0,5897.0,24559.0,8610.0,4055.0,3251.0,1830.0,5680.0,12100.0,5500.0,10350.0,9460.0,39800.0,2100.0,4305.0,7440.0,8200.0,4555.0,4295.0,17412.0,3785.0,7780.0,3830.0,10850.0,3615.0,58900.0,27756.0,2679.0,1990.0,7910.0,2865.0,10850.0,10450.0,12240,3420.0,,10700.0,30650.0,6840.0,2165.0,16065.0,7040.0,4710.0,10300.0,1425.0,12950,6400.0,46500.0,7960.0,6067.0,4340.0,23700.0,9480.0,59206.0,103738.0,1585.0,6060.0,13650.0,15608.0,24700.0,5300.0,28074.0,4140.0,8597.0,23750.0,5200.0,960.0,2924.0,2875.0,8060.0,,4905.0,4371.0,15900.0,14530.0,1463.0,2002.0,6820.0,260825.0,9460.0,1550.0,23100.0,3750.0,3530.0,14050.0,3670.0,2900.0,1935.0,15050.0,7790.0,4085,5506.0,5350,4900.0,2970.0,4291.0,23750.0,4305.0,3064.0,5050.0,18950.0,7720.0,,3025.0,36800.0,24885.0,4455.0,446860,2723.0,6720.0,8700.0,2155.0,4145.0,2015.0,2200.0,8970.0,20100.0,11350.0,11342.0,7980.0,2365.0,3359.0,4015.0,2875.0,10700.0,60003.0,681.0,9355.0,719,23700,2230.0,3667.0,3162.0,7110.0,,12250.0,2392.0,4985.0,31400.0,27145.0,1246000.0,18336,3010.0,9175.0,,14300.0,2935.0,2805.0,26400.0,13700.0,13850.0,3940.0,1000.0,10800.0,1570.0,1452.0,20800,6110.0,11850.0,1735.0,3320.0,3260.0,4375.0,11266.0,1030,17426.0,9890.0,1820,11350.0,,50700.0,,7101.0,2555.0,2405.0,268125.0,6680.0,9330.0,4705.0,11200.0,13776.0,14100.0,3410.0,27000.0,6200.0,20050.0,2420,4095.0,4040.0,6890.0,1745.0,16500.0,1962.0,10369.0,9637.0,1915,,8850.0,10561,2100.0,10572.0,7990,7800.0,95000.0,8010.0,4663.0,2400.0,2645.0,7030.0,6240.0,3280.0,3330.0,6770.0,7255.0,7505.0,7130.0,4110,3006.0,6280.0,7900.0,9120.0,,28964.0,,53100.0,21118.0,10050.0,1670.0,9080.0,8904.0,23367.0,4660.0,3675.0,25900.0,3400.0,38201.0,7000.0,9150.0,64400.0,10625.0,2315.0,19890.0,8250.0,52249.0,87.0,5768.0,,3720.0,4094.0,1565.0,3100.0,2045.0,8540.0,2640.0,5970.0,56750.0,84700.0,3260.0,12700.0,4742.0,1635.0,3400.0,4720,5270.0,4730.0,,2400.0,4811.0,70500.0,15900.0,3950.0,12100.0,2808.0,2280.0,21800.0,45750.0,5215.0,2947.0,131320.0,2935.0,3045.0,3945.0,4490.0,6178.0,2044.0,,159016.0,16800.0,11050,46712.0,,8770.0,1270.0,20750.0,5154.0,21950.0,2800.0,8590.0,17124.0,194000.0,13616.0,5250.0,96800.0,7930.0,2595.0,6498.0,4630.0,2755.0,8000.0,3373.0,5980.0,17850.0,4130.0,5390.0,4740.0,11000.0,4785.0,32300.0,6900.0,20800.0,1715.0,37859.0,2470.0,,1840.0,12950.0,2782.0,2660.0,2400.0,7679.0,2505.0,2585.0,3610.0,7130.0,13850.0,12350.0,3625.0,35934.0,14100.0,11168.0,20800.0,29888,7672.0,53600.0,27854.0,6010.0,11984.0,20950.0,38950.0,3630.0,10050.0,2220.0,7300.0,9728.0,10050.0,4870.0,7500.0,2925,7224.0,24000.0,1615.0,11350.0,5630.0,1958.0,32577.0,2600.0,3570.0,,,3683.0,7317.0,4425.0,5324.0,8169.0,,,5000.0,5010.0,,3017.0,2781.0,7300.0,5384.0,,,,,,,12404.0,6300.0,4274.0,37532.0,27300.0,8500.0,8100.0,,2730.0,149222.0,18250.0,11000,22155.0,2935.0,4300.0,9000.0,4665.0,6700.0,,3395.0,4230.0,14700.0,11511.0,4127.0,7750.0,15993.0,,443851.0,3953.0,3260.0,,6860.0,105405.0,4800.0,8730.0,4580.0,15958.0,3825.0,7030.0,5797.0,21703.0,2225.0,9070.0,5408,28870.0,2910.0,3080.0,5860.0,5530.0,16300.0,2068.0,,23200.0,200000.0,19450.0,11950.0,3100.0,,2985,4065.0,,,,,3970.0,11500.0,9900.0,21230.0,61579.0,16778.0,16850.0,5917.0,5160.0,61000.0,3350.0,4025.0,5127.0,,24579.0,5730.0,25400.0,6020.0,1640.0,23150.0,7959.0,4200.0,4040.0,5010.0,4863.0,714.0,10900.0,2705.0,3270.0,6200.0,7210.0,9050.0,13660.0,3080.0,7980.0,,15750.0,62900.0,173.0,20550.0,10830.0,11550.0,2230,72039.0,6411.0,184982.0,13307.0,15800.0,8973.0,10200.0,322000.0,2600.0,1908.0,11985.0,1700.0,16500.0,1279.0,,,,10100.0,34300.0,3000.0,7350.0,2491.0,4772.0,2320,118627.0,5900.0,5680.0,4680.0,372.0,4985.0,11200.0,3550.0,5740.0,17998.0,15300.0,1740.0,13500.0,3323.0,,,,6970.0,6800.0,2485.0,8461.0,9511.0,5880.0,24000.0,12150.0,5320.0,9940.0,38950.0,10150.0,42950.0,13400.0,14607.0,65600.0,5500.0,4693.0,6804.0,7340.0,4519.0,11500.0,3945.0,8286.0,89656.0,7384.0,,22600.0,8370.0,11200.0,,7350.0,35100.0,2470.0,2990.0,14235.0,3150.0,23600.0,55463,3510.0,16025,6265.0,4381.0,58580.0,10794.0,19159,7120.0,12929.0,11825.0,4500.0,8000.0,5090.0,25600.0,5350.0,235073.0,6905.0,22610.0,3550.0,16224.0,7816.0,12900.0,4700.0,20800,86100.0,13100.0,,17450.0,17103.0,1850.0,7661.0,3945.0,9550.0,2195.0,1000.0,42050.0,9200.0,15750.0,3460.0,16000.0,1610.0,8700.0,2950.0,12250.0,3290.0,4509.0,160540.0,22150.0,4150.0,,,6324.0,4185.0,3165.0,1240.0,9580.0,7720,8220.0,1625.0,2555.0,2596.0,4943.0,2610.0,7200.0,2910.0,,10850.0,10000.0,5180.0,7900.0,2310.0,12350,3135.0,4390.0,4295.0,2010.0,40250.0,3050.0,11500.0,2013,12700.0,4485.0,5957.0,23200.0,3302.0,15485.0,,7755.0,9532.0,33498,1395.0,,3190.0,38920.0,3190.0,11548.0,3500.0,4828.0,47033,1255.0,28526.0,4974.0,22816.0,23800.0,18450.0,1065.0,47700.0,3410.0,119628.0,912.0,62300.0,3985.0,61659.0,,155.0,5930.0,6579.0,3900.0,3800.0,14500.0,1875,4269.0,4290.0,11400.0,3935.0,7870.0,4920.0,2940,,5101.0,7785.0,,1370.0,59260.0,4900.0,8300.0,42750.0,3900.0,79200.0,6482.0,17450.0,19680.0,2840.0,4785.0,92735.0,10350.0,3890.0,10400.0,4439.0,2880.0,3397.0,9740.0,130000.0,26100.0,16817.0,4835.0,12756.0,4815.0,5422.0,34500.0,8270.0,25500.0,2867.0,12534.0,830.0,12400.0,5571.0,14826.0,7500.0,10367.0,79301.0,5282.0,9430.0,3260.0,8540.0,2507.0,16104.0,5618.0,,4850.0,5514.0,39300.0,14250.0,4475.0,28300.0,52386.0,143605.0,10500.0,6550.0,8830.0,,22164.0,13550.0,100230.0,2345.0,4562.0,3315.0,60960.0,3116.0,27550.0,13436.0,17362.0,5000.0,6090.0,2110.0,3970.0,69120.0,,2525.0,4320.0,12250.0,6263.0,4455.0,546898.0,2926.0,7831.0,3389.0,9395.0,,15100.0,11588.0,6600.0,3757.0,8530.0,17800.0,20550.0,,58700.0,11936.0,7889.0,17700.0,38750.0,39064.0,8225.0,41500.0,13285.0,33350.0,32850.0,47633.0,,5403.0,10427.0,1340.0,11764.0,2125.0,1705.0,30500.0,13798.0,5501.0,3210.0,28294.0,4585.0,7070.0,7221.0,2745.0,22900.0,,20950.0,5800.0,16800.0,12450.0,6450.0,5605.0,80050.0,107096.0,3105.0,7310.0,5010.0,7500.0,6850.0,31200.0,10165.0,20550.0,38204.0,3003.0,1460.0,31129.0,13550.0,15900.0,9800.0,5430.0,,15950.0,24900.0,6010.0,1841.0,7300.0,24450.0,6752.0,,,11400.0,22650.0,12000.0,22150.0,14534.0,14403.0,8115.0,2120.0,9400.0,23050.0,31900.0,11400.0,27750.0,18550.0,9080.0,,55231.0,6940.0,3050.0,3765.0,3987.0,30250.0,,3155.0,15480.0,,7595.0,94100.0,1685.0,14000.0,2414.0,,19864.0,10450.0,8504.0,13835.0,10274.0,2293.0,13878.0,4625.0,7100.0,16500.0,36020.0,3115.0,4095.0,44626.0,11178.0,6125.0,2290.0,10550.0,28200.0,5675.0,26236.0,1852.0,13400.0,66700.0,2840.0,15550.0,111500.0,45150.0,,24252.0,18400.0,10500.0,10890.0,3200.0,55600.0,,4100.0,1885.0,213000.0,12300.0,,35700.0,49173.0,9634.0,,,4625.0,,5675.0,7489.0,12180.0,30210.0,11323.0,8148.0,24853.0,,5443.0,44644.0,,305000.0,168000.0,44000.0,117500.0,8911.0,61843.0,,,12671.0,,,64500.0,2045.0,2156.0,11069.0,2181.0,,,2115.0,8750.0,,,,13303.0,,,,,,,,,,,,,,,,416.0,,583.0,,27012.0,12939.0,1610.0,,6171.0,7355.0,61040.0,853.0,1367500.0,9875.0,9166.0,12600.0,5490.0,80751.0,8710.0,
2019-03-31,9400.0,10050.0,38526.0,165500.0,10175.0,6410.0,,7010.0,8260.0,8163.0,14840.0,62000.0,98120.0,74200.0,75384.0,51957.0,19400.0,42000.0,13580.0,4100.0,17600.0,9830.0,12500.0,2190.0,33499.0,24400.0,1399.0,3115.0,2276.0,4397.0,2950.0,5470.0,19150.0,9156.0,15262.0,14000.0,22350.0,6300.0,2290.0,4315.0,68400.0,28350.0,19890.0,2670.0,2125.0,18550.0,2795.0,55500.0,,33600.0,127000.0,51806.0,10250.0,51200.0,2170.0,2270.0,4780.0,18393.0,635000,3165.0,17850.0,8720.0,279625.0,30000.0,1870.0,14200.0,184500.0,23750.0,2312.0,14515.0,2015.0,2235.0,18850.0,7460.0,15518.0,5350.0,1350.0,4843.0,2840.0,321000.0,9560.0,15260.0,5490.0,52200.0,5060.0,19850.0,3875.0,9920.0,14802.0,1618000.0,10247.0,6960.0,11600.0,4305.0,6660.0,73211.0,90942.0,6100.0,2190.0,25898.0,54770.0,5650.0,818.0,3540.0,27250.0,107000.0,9023.0,60942.0,21100.0,44100.0,7700.0,10050.0,6343.0,1250.0,,4593.0,337500.0,9723.0,3975.0,4780.0,,13800.0,19447.0,18200.0,45600.0,10450.0,4760.0,12500.0,94300.0,35650.0,6315.0,,2795.0,5260.0,58160.0,3130.0,10532.0,6840.0,1132.0,18850.0,14200.0,11200.0,2194.0,532.0,13049.0,39000.0,12188.0,2700.0,14200.0,24100.0,177509.0,119500.0,10596.0,45800.0,253000.0,38150.0,142500.0,,5657.0,12050.0,11800.0,6200.0,11900.0,5360.0,12550.0,17095.0,17536.0,4363.0,,14250.0,4410.0,26500.0,5040.0,4115.0,52300.0,144500.0,42600.0,7760.0,42200.0,210002.0,6633.0,157000.0,9620.0,18070.0,4465.0,5830.0,2665.0,5710.0,27500.0,33484.0,2445.0,53100.0,,2925.0,771000.0,6759.0,8119.0,1306.0,35300.0,32052.0,4125.0,3095,37186.0,40300.0,11877.0,11350.0,5760.0,11300.0,2550.0,,14800.0,3460.0,2420.0,4060.0,3075.0,3250.0,25700.0,2530.0,2835.0,2187.0,68400.0,,71805.0,2499.0,3295.0,30700.0,104500.0,2530.0,1360.0,3230.0,91800.0,2150.0,18050.0,4950.0,56300.0,13275.0,19100.0,7600.0,5680.0,5533.0,12100.0,36850.0,7800.0,23838.0,64000.0,6080.0,1600.0,9500.0,7797.0,6850.0,11950.0,5450.0,1781.0,2170.0,2420.0,5550.0,2760.0,89600.0,5110.0,10500.0,117500.0,8400.0,1315.0,40500.0,2885.0,4480.0,8350.0,23150.0,1500.0,4020.0,11850.0,38555.0,2300.0,,24950.0,95200.0,14853.0,12050.0,858.0,1990.0,6850.0,39800.0,208500.0,9154.0,2757.0,5930.0,9070.0,5880.0,100500.0,6829.0,1422.0,3390.0,18950.0,4225.0,2414.0,1505.0,1274.0,24200.0,3735.0,7830.0,,3815.0,21875.0,4695.0,1245.0,17381.0,4680.0,3810.0,3500.0,7330.0,2860.0,11000.0,6250.0,4060.0,57214.0,2880.0,757.0,1374.0,2783.0,3737.0,39700,8220.0,6370,7350.0,4285.0,29900.0,3495.0,5840.0,2430.0,10650.0,,23390.0,26933.0,9280.0,18000.0,8690.0,6800.0,31350.0,1925.0,5015.0,3125.0,5780.0,84000.0,4730.0,6120.0,9725.0,1460.0,59622.0,9780.0,7250.0,2505.0,64500.0,28842.0,235000.0,8800.0,14150.0,868.0,90573.0,6386.0,10550.0,2025.0,2395.0,2518.0,2950.0,10283.0,12380.0,3240.0,4850.0,44550.0,37100.0,6725.0,5885.0,16752.0,5225.0,2385.0,94500.0,7600.0,2825.0,8666.0,5880.0,3015.0,6530.0,11300.0,6650.0,,24251.0,21150.0,9780.0,5210.0,62800.0,40150.0,1610.0,3695.0,2660.0,,19263.0,1450.0,3070.0,1854.0,2040.0,1280.0,2555.0,8560.0,51786.0,,2361.0,3160.0,61400.0,2800.0,15134.0,1835.0,11150.0,2395.0,1875.0,7369.0,15350.0,2090.0,,3000.0,4640.0,34150.0,8180.0,1175.0,7518.0,1735.0,16100.0,17086.0,178900.0,46700.0,24200.0,998.0,14223.0,4840.0,39866,9160.0,4880.0,1690.0,48350.0,3460.0,13900.0,,1910.0,2075.0,12600.0,2074.0,7698.0,1735.0,15450.0,4475.0,1520.0,5000.0,1005.0,7480.0,711.0,1790.0,8360.0,5650.0,4725.0,2418.0,14150.0,3985.0,25350.0,5420.0,1358.0,8650.0,6520.0,26200.0,1380.0,103500.0,5325.0,12750.0,5931.0,26300.0,18024.0,19950.0,270500.0,10957.0,23325.0,54700.0,8270.0,11900.0,7000.0,3130.0,124000.0,7380.0,15850.0,13200.0,4825.0,6045.0,20774.0,233000.0,6864.0,30800.0,5800.0,5200.0,2885.0,31650.0,4605.0,,2340.0,49000.0,18900.0,169600,,13050.0,9360.0,496000.0,8110.0,880.0,4310.0,5986.0,25374.0,8260.0,4410.0,5079.0,1830.0,5730.0,12350.0,4930.0,9750.0,9260.0,37000.0,2160.0,4120.0,6970.0,8025.0,4340.0,4070.0,15708.0,3600.0,6770.0,3695.0,10200.0,3175.0,68700.0,25294.0,2601.0,1975.0,7900.0,2750.0,11150.0,9770.0,10033,3070.0,,9880.0,37850.0,7250.0,2090.0,13215.0,7150.0,4110.0,10500.0,1115.0,11650,6040.0,39400.0,7750.0,5557.0,4155.0,21700.0,8780.0,54142.0,120560.0,1660.0,6280.0,14900.0,14432.0,28600.0,4895.0,24831.0,4005.0,7676.0,24100.0,4810.0,969.0,3014.0,2720.0,8720.0,,4610.0,4461.0,13550.0,13870.0,1778.0,1943.0,7160.0,190550.0,8562.0,1470.0,24200.0,3770.0,3675.0,14500.0,3565.0,2890.0,1750.0,27100.0,7450.0,4735,5399.0,5140,4610.0,2770.0,5255.0,20650.0,4130.0,2651.0,5080.0,17750.0,10050.0,,2820.0,35350.0,22320.0,3805.0,458730,4160.0,6360.0,8640.0,2000.0,4510.0,1915.0,2180.0,8850.0,19700.0,10925.0,11492.0,8130.0,2295.0,3514.0,4315.0,2675.0,10600.0,58149.0,643.0,9331.0,719,20350,2425.0,3422.0,3167.0,6540.0,,12550.0,2355.0,4850.0,33200.0,25190.0,1417000.0,18132,2645.0,9300.0,,15450.0,2800.0,3045.0,23700.0,12598.0,13550.0,4250.0,1040.0,10850.0,1605.0,1577.0,24200,6360.0,11800.0,1670.0,3044.0,3200.0,4295.0,9900.0,1160,18788.0,10400.0,2385,10950.0,,52300.0,,7878.0,2430.0,2440.0,181905.0,6680.0,10650.0,4290.0,10650.0,15980.0,15450.0,3540.0,27100.0,5900.0,18000.0,2500,4110.0,3648.0,6740.0,1800.0,16500.0,2093.0,7676.0,10718.0,1950,,8500.0,10941,1965.0,11953.0,10450,9390.0,94200.0,7560.0,4358.0,2315.0,2600.0,6390.0,5970.0,3132.0,2975.0,8030.0,7111.0,7173.0,6670.0,3690,3111.0,6780.0,7490.0,8220.0,,30215.0,,48800.0,21261.0,9000.0,1535.0,9880.0,8324.0,27335.0,4535.0,3255.0,23250.0,3630.0,31211.0,7000.0,9130.0,65800.0,8925.0,2180.0,21267.0,9000.0,52249.0,87.0,5981.0,,4080.0,3834.0,1570.0,3350.0,1828.0,10700.0,2500.0,6020.0,67250.0,81800.0,3380.0,16950.0,4492.0,1635.0,4860.0,4944,10400.0,4965.0,,1850.0,5252.0,75100.0,16400.0,4050.0,10500.0,2207.0,2230.0,20400.0,54700.0,4840.0,2755.0,126760.0,2770.0,2910.0,3920.0,4750.0,7022.0,2756.0,,140742.0,18000.0,11500,42703.0,,10050.0,1880.0,19500.0,7190.0,22300.0,2860.0,8556.0,9300.0,184000.0,12100.0,4990.0,101000.0,7800.0,2335.0,6315.0,4220.0,4075.0,8350.0,3120.0,5760.0,18250.0,4050.0,5070.0,8110.0,12100.0,4638.0,30100.0,7430.0,21500.0,2360.0,37859.0,2310.0,,1765.0,14500.0,2977.0,2690.0,2485.0,7210.0,2425.0,2415.0,2950.0,7220.0,14350.0,16150.0,3430.0,33621.0,12650.0,9905.0,18100.0,39622,8465.0,52800.0,27506.0,5900.0,11984.0,20550.0,39350.0,3240.0,9420.0,2089.0,8280.0,9416.0,9990.0,3720.0,7980.0,2985,7801.0,23100.0,1655.0,10650.0,5170.0,1738.0,30163.0,2620.0,3545.0,,,3750.0,6580.0,4560.0,5223.0,8110.0,,,4995.0,5030.0,,2917.0,3192.0,8080.0,7720.0,,,,,,,11571.0,6110.0,3840.0,35235.0,28000.0,8820.0,7300.0,,2460.0,150295.0,16100.0,10100,19755.0,3050.0,4200.0,8590.0,4805.0,6700.0,,3285.0,4325.0,15550.0,11692.0,3478.0,7350.0,17171.0,,474579.0,3828.0,3390.0,,6540.0,132360.0,4860.0,7140.0,4385.0,17187.0,3830.0,7450.0,5772.0,23579.0,2350.0,10800.0,5801,30246.0,3425.0,3434.0,8650.0,5900.0,19850.0,1775.0,,28650.0,188500.0,19350.0,12950.0,3112.0,,2960,4010.0,,,,,3900.0,10050.0,13300.0,19870.0,58933.0,14855.0,18700.0,5293.0,5485.0,60000.0,3140.0,3805.0,5460.0,,30263.0,5210.0,25000.0,6100.0,1597.0,34600.0,7285.0,4435.0,3895.0,5550.0,4695.0,787.0,10550.0,3028.0,3320.0,6430.0,7250.0,8400.0,12243.0,3055.0,6810.0,,17500.0,61665.0,157.0,22600.0,11006.0,9825.0,1993,77310.0,6026.0,176619.0,13307.0,20350.0,8471.0,9550.0,323000.0,2520.0,2280.0,13011.0,1520.0,15800.0,1249.0,,13261.0,,11750.0,33700.0,2700.0,7180.0,2453.0,4536.0,2245,120255.0,5300.0,6156.0,5900.0,323.0,5560.0,10150.0,3550.0,4961.0,19028.0,16200.0,914.0,5580.0,3006.0,,,,6660.0,7540.0,2440.0,6700.0,9193.0,6000.0,24900.0,12475.0,5250.0,8772.0,39000.0,10200.0,42250.0,12700.0,18746.0,60700.0,5350.0,4155.0,5653.0,7280.0,4647.0,11550.0,3640.0,8132.0,88847.0,8444.0,,25950.0,9050.0,12600.0,,6860.0,32600.0,2470.0,1815.0,18031.0,3165.0,22650.0,51635,3150.0,12962,6085.0,4208.0,63280.0,11352.0,20521,7130.0,12118.0,12660.0,4960.0,8000.0,5110.0,28600.0,5410.0,224851.0,7306.0,22250.0,3520.0,15383.0,10602.0,14150.0,4400.0,22700,81400.0,13350.0,,18600.0,15151.0,1980.0,7711.0,3730.0,15150.0,2260.0,1000.0,37700.0,9610.0,15850.0,5130.0,,701.0,7810.0,2860.0,11400.0,3290.0,4568.0,151351.0,21000.0,4670.0,,10200.0,6057.0,4200.0,3421.0,1155.0,10000.0,6370,6520.0,1700.0,2400.0,2563.0,4892.0,2320.0,8350.0,2830.0,,10350.0,10550.0,5030.0,8370.0,2155.0,12300,2970.0,4410.0,4050.0,2010.0,39500.0,3010.0,11950.0,1958,13750.0,4700.0,5374.0,24850.0,3185.0,19825.0,,6643.0,9923.0,32664,1335.0,,3090.0,46197.0,2850.0,12107.0,3490.0,4835.0,43229,1500.0,27525.0,4870.0,23626.0,27600.0,21100.0,1000.0,44450.0,3940.0,128903.0,867.0,61100.0,3730.0,63069.0,,155.0,5400.0,6139.0,7820.0,3965.0,16100.0,1855,3766.0,4150.0,12050.0,3465.0,7870.0,4595.0,2945,,5213.0,8650.0,,1605.0,42575.0,6250.0,10500.0,37450.0,2915.0,79600.0,6357.0,17850.0,14260.0,2965.0,4440.0,86793.0,10900.0,4130.0,8640.0,3992.0,2895.0,3397.0,8450.0,98000.0,24625.0,16586.0,4875.0,13116.0,4950.0,3679.0,30400.0,12900.0,25700.0,5137.0,13715.0,913.0,11800.0,5133.0,14225.0,7480.0,9324.0,77035.0,6823.0,10000.0,3530.0,7700.0,2963.0,19157.0,7944.0,,4605.0,8220.0,37550.0,14350.0,4350.0,28100.0,52386.0,148506.0,11425.0,7500.0,8410.0,,19846.0,14100.0,95430.0,2090.0,5191.0,4375.0,70996.0,4530.0,27600.0,16921.0,17019.0,6370.0,6380.0,2065.0,4115.0,69360.0,,2180.0,5200.0,12150.0,6465.0,4460.0,464718.0,3199.0,7981.0,1958.0,11685.0,,16400.0,11761.0,6960.0,3944.0,8470.0,14750.0,22050.0,,54430.0,12240.0,7558.0,20700.0,38000.0,47267.0,8450.0,41200.0,18540.0,39300.0,29450.0,41221.0,,4773.0,12060.0,1330.0,11561.0,1795.0,1600.0,29650.0,14212.0,6430.0,3380.0,28099.0,4820.0,6580.0,7351.0,2850.0,26550.0,,13850.0,5470.0,16200.0,11700.0,6470.0,5805.0,40287.0,88970.0,3120.0,7410.0,4900.0,8250.0,7070.0,30100.0,10550.0,25000.0,34200.0,3150.0,1320.0,30278.0,12750.0,14150.0,6750.0,5340.0,,16550.0,28700.0,5950.0,1508.0,5110.0,24650.0,6570.0,,,11100.0,28950.0,12100.0,22000.0,15135.0,19272.0,7213.0,3445.0,9500.0,23400.0,30900.0,11750.0,23300.0,17750.0,10700.0,,50183.0,6900.0,3250.0,3783.0,4325.0,29450.0,,2630.0,15785.0,,7405.0,89300.0,1665.0,17400.0,2377.0,,20351.0,10705.0,7606.0,13599.0,10474.0,2420.0,15266.0,4400.0,9790.0,17500.0,33600.0,2885.0,4189.0,66144.0,11044.0,7197.0,2312.0,10350.0,27800.0,5575.0,21489.0,1910.0,16400.0,66600.0,2770.0,20700.0,100000.0,43100.0,,21747.0,17000.0,10525.0,11044.0,3800.0,70200.0,,4100.0,1927.0,218500.0,13300.0,,39000.0,46237.0,8299.0,,,4380.0,,5425.0,9685.0,12198.0,29609.0,13202.0,7767.0,22436.0,,5705.0,47009.0,,281000.0,173000.0,39600.0,125500.0,8408.0,62169.0,,,14574.0,,,62200.0,2055.0,2161.0,11259.0,2203.0,82100.0,,2146.0,8770.0,,,,18181.0,,,,,,,,,,,,,,,,337.0,,517.0,,24836.0,18349.0,1465.0,,6031.0,6845.0,56790.0,793.0,1322500.0,9850.0,7945.0,13050.0,4680.0,69029.0,8900.0,
2019-04-30,9780.0,11200.0,39409.0,157500.0,10475.0,6644.0,,7350.0,8610.0,8484.0,15618.0,64400.0,101894.0,79000.0,73029.0,51081.0,19050.0,42850.0,13580.0,4040.0,18650.0,10200.0,16000.0,2435.0,32142.0,26914.0,1434.0,3535.0,2696.0,4518.0,2880.0,4795.0,19650.0,8548.0,15715.0,13200.0,20000.0,6620.0,2420.0,4585.0,76300.0,26550.0,21181.0,2700.0,2065.0,19100.0,3135.0,59600.0,,27300.0,128500.0,54788.0,9660.0,60200.0,2285.0,2135.0,4570.0,19023.0,630000,3290.0,18750.0,8530.0,311670.0,31050.0,1925.0,14950.0,192000.0,25000.0,2686.0,13280.0,1955.0,2435.0,19100.0,7830.0,15232.0,5500.0,1375.0,4772.0,2910.0,322000.0,14350.0,14660.0,4925.0,56000.0,5100.0,21650.0,4675.0,10350.0,15930.0,1499000.0,10677.0,7160.0,13400.0,3660.0,6560.0,68960.0,103548.0,6260.0,2385.0,26811.0,52131.0,6900.0,953.0,3580.0,31000.0,110500.0,9813.0,61041.0,22800.0,48100.0,8150.0,10050.0,6136.0,1280.0,,4887.0,340000.0,9634.0,3985.0,4940.0,,14600.0,18729.0,20000.0,46300.0,10250.0,4935.0,13000.0,93100.0,38100.0,5670.0,,3180.0,5850.0,57852.0,3130.0,11174.0,7030.0,1160.0,18250.0,14900.0,9880.0,2212.0,615.0,12602.0,43050.0,10808.0,2840.0,15250.0,24350.0,173500.0,138500.0,10958.0,50100.0,255000.0,39050.0,134500.0,,7218.0,12700.0,11300.0,6360.0,11950.0,5100.0,11950.0,17382.0,19370.0,4576.0,,13900.0,4855.0,30400.0,5100.0,4105.0,49550.0,144000.0,40600.0,7100.0,38550.0,231541.0,6870.0,150000.0,10100.0,18720.0,4770.0,6390.0,2490.0,5620.0,36550.0,33484.0,2390.0,59000.0,,2790.0,726000.0,6990.0,11472.0,1306.0,40900.0,31381.0,3870.0,2490,35791.0,40650.0,11186.0,12150.0,6050.0,11200.0,2940.0,,14700.0,3695.0,2855.0,4020.0,3110.0,3080.0,27100.0,2745.0,2545.0,2281.0,74000.0,,69764.0,2434.0,3420.0,33300.0,108500.0,2570.0,1420.0,3580.0,103000.0,1955.0,18500.0,5870.0,51800.0,13725.0,18850.0,6440.0,6100.0,6704.0,12650.0,35000.0,6820.0,23496.0,65000.0,5170.0,1755.0,9620.0,7759.0,6160.0,12650.0,5960.0,1901.0,2250.0,3530.0,5140.0,2725.0,92200.0,5060.0,10950.0,122500.0,7975.0,1270.0,49900.0,2968.0,5370.0,7870.0,21700.0,1500.0,4255.0,10750.0,39735.0,2335.0,,23450.0,91800.0,13806.0,11700.0,870.0,2206.0,7350.0,41750.0,232500.0,9902.0,5943.0,6490.0,9480.0,6120.0,98000.0,6961.0,1443.0,3510.0,19700.0,4755.0,2466.0,1390.0,1365.0,25200.0,3505.0,7770.0,,3680.0,21069.0,8450.0,1265.0,16420.0,4870.0,4000.0,3780.0,7680.0,3095.0,11650.0,6530.0,4065.0,58023.0,2965.0,793.0,1406.0,2881.0,4336.0,38800,8340.0,6300,8050.0,4870.0,28300.0,3950.0,5850.0,2655.0,11600.0,,29124.0,33667.0,9650.0,19300.0,8280.0,8000.0,36700.0,1660.0,5370.0,3200.0,6260.0,82100.0,4720.0,5670.0,8975.0,1460.0,57354.0,12900.0,8880.0,2760.0,64300.0,30101.0,217000.0,8320.0,13900.0,917.0,85123.0,6972.0,11665.0,2090.0,2730.0,2884.0,3235.0,8707.0,12340.0,3195.0,4600.0,42800.0,37300.0,6725.0,5805.0,31547.0,5350.0,2480.0,87800.0,7360.0,2650.0,9782.0,5730.0,2990.0,6700.0,11600.0,6170.0,,23852.0,22150.0,11950.0,5240.0,66100.0,40650.0,1890.0,5610.0,2780.0,,18162.0,1475.0,3395.0,1846.0,1990.0,1415.0,2540.0,7765.0,53390.0,,2424.0,3360.0,58200.0,2870.0,15622.0,2170.0,10750.0,2590.0,1940.0,7309.0,14500.0,2085.0,,3260.0,4945.0,30400.0,8240.0,1515.0,10918.0,2005.0,17050.0,19813.0,171200.0,50200.0,25450.0,998.0,17612.0,4965.0,43245,12450.0,5120.0,1840.0,46950.0,3370.0,13900.0,,2000.0,2355.0,13450.0,2230.0,7286.0,1925.0,14300.0,4842.0,1370.0,5350.0,1080.0,6930.0,1765.0,2005.0,8580.0,8000.0,4930.0,2484.0,13000.0,8240.0,26250.0,5770.0,1358.0,9520.0,7370.0,27000.0,1245.0,102000.0,4895.0,13600.0,6198.0,25600.0,18439.0,22350.0,256500.0,11104.0,23000.0,59200.0,8350.0,12400.0,9080.0,3255.0,119500.0,7380.0,14100.0,14300.0,5100.0,8038.0,24086.0,218900.0,8071.0,29800.0,6030.0,5360.0,2755.0,34650.0,5730.0,,2530.0,56400.0,20600.0,172100,,13200.0,9600.0,526000.0,8700.0,961.0,4270.0,7756.0,24127.0,8950.0,4960.0,4349.0,1990.0,6110.0,10800.0,5200.0,10800.0,8660.0,39500.0,2080.0,4190.0,6810.0,8800.0,4470.0,3645.0,15999.0,3765.0,7730.0,4475.0,10200.0,3120.0,71000.0,26018.0,2991.0,2020.0,8430.0,2955.0,15350.0,9300.0,9792,3600.0,,11050.0,39400.0,6970.0,2085.0,14390.0,7280.0,4070.0,10150.0,1245.0,12100,6010.0,41350.0,6880.0,5046.0,4500.0,22100.0,8900.0,48126.0,102536.0,1590.0,6110.0,13500.0,15583.0,27900.0,4970.0,25808.0,4630.0,8502.0,26650.0,5070.0,1075.0,2764.0,2925.0,11000.0,,4530.0,5002.0,13075.0,13980.0,1812.0,1943.0,7240.0,194600.0,8976.0,1570.0,23000.0,4800.0,3480.0,15650.0,3645.0,3050.0,1865.0,24000.0,7570.0,5270,5263.0,5190,4555.0,2590.0,5217.0,19150.0,3870.0,2557.0,5040.0,18300.0,10750.0,,2935.0,35000.0,23535.0,5409.0,490100,7821.0,6670.0,7790.0,2100.0,4450.0,2160.0,2170.0,9130.0,24400.0,11100.0,11717.0,8110.0,2640.0,3595.0,4600.0,2715.0,10600.0,56758.0,741.0,9943.0,719,20200,3885.0,3433.0,4232.0,7390.0,,14400.0,2615.0,4840.0,30400.0,28220.0,1422000.0,23021,2625.0,8875.0,,15300.0,2950.0,3890.0,22800.0,14088.0,13150.0,5430.0,1125.0,11850.0,1690.0,1712.0,23800,6400.0,11800.0,1780.0,3116.0,3280.0,4315.0,10171.0,1135,19023.0,10300.0,2895,10950.0,,61800.0,,9356.0,2555.0,2560.0,190470.0,6680.0,12200.0,4355.0,11250.0,18460.0,15500.0,3615.0,24600.0,7400.0,21750.0,2365,4130.0,3680.0,7460.0,2370.0,16500.0,2046.0,6930.0,12082.0,2085,,8760.0,10941,1940.0,11453.0,10950,9060.0,96700.0,7200.0,4730.0,2400.0,2580.0,6530.0,6180.0,3500.0,3000.0,9770.0,8201.0,7577.0,6840.0,3630,3273.0,7160.0,7230.0,8330.0,,33067.0,,47450.0,23454.0,8940.0,2400.0,10050.0,8008.0,22359.0,5760.0,3360.0,21700.0,3775.0,27607.0,7000.0,9920.0,62000.0,9750.0,2225.0,20992.0,8530.0,52249.0,251.0,6767.0,,3835.0,4171.0,1780.0,3085.0,1950.0,10150.0,4400.0,5890.0,73000.0,67100.0,3575.0,25750.0,6344.0,1635.0,4070.0,4073,7990.0,5700.0,,2925.0,6265.0,75800.0,16250.0,4055.0,10700.0,2191.0,2248.0,19650.0,63900.0,4819.0,3642.0,126500.0,3620.0,2840.0,3850.0,4800.0,7690.0,2340.0,,164849.0,17000.0,11200,45787.0,,9950.0,2090.0,18600.0,5881.0,21900.0,3240.0,11521.0,9300.0,203000.0,12600.0,5140.0,101500.0,7140.0,2265.0,7046.0,3720.0,3540.0,9250.0,3251.0,5120.0,21100.0,4550.0,5040.0,8845.0,13400.0,4809.0,29500.0,6590.0,25300.0,2865.0,37859.0,2000.0,,2210.0,14100.0,2869.0,2525.0,2565.0,7229.0,2620.0,2493.0,3535.0,7230.0,14750.0,24650.0,3280.0,32036.0,13150.0,9874.0,16250.0,38147,9059.0,52000.0,27221.0,6180.0,11984.0,20900.0,37450.0,3390.0,9880.0,2134.0,8930.0,10814.0,10050.0,4440.0,8100.0,2995,8036.0,22400.0,2480.0,10150.0,5780.0,1950.0,31611.0,2465.0,3705.0,,,3118.0,8267.0,6700.0,5627.0,10947.0,,,5020.0,5010.0,,3100.0,3883.0,7480.0,6591.0,,,,,,,11337.0,6940.0,4347.0,35581.0,26650.0,8190.0,8080.0,,2740.0,139821.0,15500.0,9120,17678.0,3330.0,4300.0,8300.0,5450.0,7900.0,,3300.0,4140.0,15750.0,11531.0,3447.0,7490.0,16549.0,,454501.0,3890.0,3575.0,,7130.0,157500.0,5300.0,7180.0,4580.0,20897.0,4335.0,10550.0,7392.0,20898.0,2705.0,11700.0,6128,31241.0,4330.0,3125.0,8050.0,6780.0,17550.0,1838.0,,27250.0,208000.0,19650.0,11200.0,3225.0,,3280,4840.0,,,,,4080.0,10000.0,13850.0,20485.0,66697.0,14785.0,18750.0,5475.0,5950.0,59000.0,3535.0,4005.0,5267.0,,27703.0,5750.0,24900.0,6220.0,1640.0,31450.0,7832.0,3740.0,4240.0,5530.0,5499.0,787.0,11200.0,4963.0,3580.0,6280.0,7420.0,8200.0,11377.0,3255.0,7120.0,,18250.0,54329.0,176.0,21400.0,11810.0,9975.0,2651,75992.0,5824.0,179571.0,9950.0,21450.0,8848.0,9000.0,315000.0,2930.0,2324.0,12260.0,1560.0,18800.0,1484.0,,12736.0,,21050.0,31850.0,2780.0,7430.0,2457.0,4736.0,2380,115620.0,5900.0,6764.0,5750.0,555.0,6520.0,10200.0,3550.0,6077.0,18685.0,19000.0,914.0,5120.0,3346.0,,,,6970.0,9350.0,2760.0,6700.0,9110.0,6000.0,23700.0,13475.0,5840.0,9172.0,43400.0,10100.0,48800.0,13900.0,16993.0,60800.0,5650.0,4155.0,5653.0,7950.0,4408.0,13500.0,3900.0,8479.0,98506.0,14243.0,,24800.0,9990.0,13150.0,,8060.0,36950.0,2470.0,1815.0,18078.0,3480.0,23250.0,61346,3067.0,12632,5985.0,4029.0,63560.0,10237.0,17243,7460.0,11052.0,12570.0,5670.0,8000.0,5410.0,28250.0,5610.0,243259.0,6480.0,22790.0,3550.0,17870.0,13434.0,13150.0,4750.0,23100,86200.0,13350.0,,17450.0,17062.0,2260.0,7914.0,3835.0,15450.0,2710.0,1000.0,36000.0,9740.0,17850.0,4255.0,,701.0,9430.0,3100.0,12150.0,3580.0,4509.0,151891.0,26250.0,4985.0,,9160.0,7102.0,4235.0,3312.0,1200.0,11200.0,6000,6030.0,1440.0,2540.0,2917.0,5621.0,2455.0,8640.0,3230.0,,9990.0,10225.0,5450.0,9580.0,2285.0,13500,3380.0,4770.0,4470.0,2010.0,49800.0,3510.0,12800.0,2251,14200.0,4390.0,6083.0,26000.0,3436.0,26590.0,,6845.0,9300.0,38919,1545.0,,3365.0,40055.0,3065.0,12060.0,3595.0,4902.0,45131,1490.0,29627.0,5735.0,21918.0,24000.0,23050.0,1300.0,42300.0,3840.0,141316.0,876.0,71300.0,3355.0,66475.0,,155.0,7280.0,7632.0,9390.0,4280.0,20000.0,1840,4293.0,4440.0,12050.0,4395.0,8400.0,4555.0,2980,,5213.0,10729.0,,1795.0,47980.0,5940.0,11300.0,39750.0,4090.0,74000.0,6530.0,17050.0,16060.0,3485.0,5420.0,91835.0,10100.0,3995.0,8300.0,4361.0,2870.0,3288.0,8950.0,113500.0,30000.0,16755.0,7010.0,12596.0,6010.0,3624.0,30300.0,19150.0,37000.0,4651.0,13487.0,1095.0,10150.0,5592.0,13747.0,7720.0,9357.0,77035.0,6267.0,11600.0,3810.0,7230.0,3007.0,21564.0,4456.0,,4605.0,8697.0,35450.0,17150.0,4515.0,29100.0,52386.0,135763.0,11575.0,8150.0,9080.0,,19100.0,15600.0,109500.0,2280.0,4272.0,6890.0,69658.0,5127.0,27050.0,13757.0,17248.0,7370.0,8390.0,1739.0,4150.0,70620.0,,2325.0,4835.0,11000.0,6754.0,4780.0,494535.0,3508.0,8681.0,2243.0,9965.0,,15750.0,11376.0,7080.0,4184.0,9100.0,14950.0,24650.0,,55790.0,12240.0,7522.0,22900.0,40600.0,36951.0,8675.0,43650.0,33760.0,41250.0,29700.0,41927.0,,5080.0,16426.0,1857.0,11752.0,1915.0,1675.0,31950.0,14384.0,6088.0,4045.0,31270.0,5000.0,6500.0,8416.0,3695.0,26350.0,,14800.0,5880.0,13300.0,10700.0,6517.0,5905.0,37651.0,85986.0,3210.0,7280.0,4635.0,8225.0,7000.0,30250.0,11290.0,33375.0,32277.0,2956.0,1745.0,33531.0,13300.0,14300.0,8450.0,6070.0,,16350.0,25500.0,6760.0,1508.0,3600.0,24250.0,6117.0,,,8200.0,29750.0,13600.0,22850.0,12454.0,17785.0,7288.0,3780.0,9700.0,27950.0,31950.0,13550.0,23150.0,18700.0,12300.0,,48450.0,6970.0,2950.0,6682.0,4300.0,32950.0,,3210.0,15750.0,,8495.0,91800.0,2115.0,14000.0,2436.0,,18944.0,10980.0,7606.0,12316.0,10449.0,2290.0,15680.0,4945.0,13650.0,16050.0,34860.0,3480.0,4029.0,86542.0,12779.0,7059.0,2339.0,10050.0,27500.0,6050.0,20367.0,1901.0,15800.0,75000.0,2600.0,25050.0,96900.0,42600.0,,24914.0,17700.0,10830.0,11506.0,7000.0,81900.0,,4100.0,1945.0,218500.0,13100.0,,42900.0,45169.0,8799.0,,,4645.0,,6125.0,8683.0,12888.0,25901.0,13989.0,8782.0,23896.0,,5937.0,43207.0,,276000.0,166000.0,39800.0,129500.0,13381.0,50757.0,,,14298.0,,,64600.0,2120.0,2230.0,11364.0,2251.0,77900.0,,2191.0,9340.0,,,,18625.0,8160.0,,,,,,,,,,,,,,,518.0,,516.0,,22510.0,15177.0,1519.0,,8115.0,6845.0,68295.0,878.0,1445000.0,11350.0,9786.0,11600.0,4780.0,32561.0,9070.0,
2019-05-31,9200.0,10500.0,39730.0,159500.0,9500.0,5917.0,,6900.0,9300.0,8507.0,12096.0,62400.0,91421.0,65300.0,66338.0,50011.0,16950.0,42400.0,12605.0,6180.0,17050.0,9980.0,14600.0,2195.0,27501.0,23771.0,1207.0,3308.0,2376.0,3947.0,2440.0,4900.0,17150.0,6849.0,13837.0,11100.0,25750.0,6460.0,2215.0,4155.0,116500.0,25000.0,20469.0,2820.0,2000.0,16450.0,2685.0,52700.0,,17750.0,114000.0,54294.0,9160.0,64400.0,2045.0,2015.0,4225.0,16835.0,535000,3150.0,17850.0,7240.0,226510.0,26250.0,1735.0,13300.0,173500.0,21150.0,2606.0,11970.0,2415.0,2375.0,21950.0,6980.0,15279.0,4840.0,1310.0,4785.0,2965.0,318500.0,13800.0,14740.0,5430.0,53500.0,4975.0,18050.0,3820.0,9170.0,14441.0,1322000.0,9628.0,5820.0,11500.0,3535.0,5490.0,69244.0,85539.0,5060.0,2260.0,20591.0,49493.0,6610.0,993.0,3460.0,30700.0,105000.0,8798.0,56766.0,20850.0,50200.0,9150.0,10000.0,5592.0,1190.0,,4800.0,298000.0,9535.0,3650.0,4550.0,,13450.0,14357.0,21600.0,45550.0,8800.0,4620.0,14200.0,92000.0,37700.0,6522.0,,3235.0,5040.0,57544.0,2860.0,8833.0,6330.0,1009.0,17500.0,14050.0,8850.0,2084.0,600.0,11485.0,38250.0,9272.0,2635.0,16400.0,21400.0,171000.0,134500.0,8863.0,47950.0,237500.0,32500.0,97000.0,,7810.0,11600.0,9120.0,6220.0,10400.0,4380.0,11950.0,17047.0,17775.0,4340.0,,12900.0,5380.0,24350.0,4685.0,3865.0,45900.0,125000.0,40150.0,6690.0,31150.0,213918.0,6210.0,134500.0,10200.0,17225.0,4895.0,5700.0,2150.0,5270.0,39250.0,29079.0,2250.0,53200.0,,2310.0,711000.0,6840.0,9622.0,1306.0,49250.0,28304.0,3485.0,2165,35016.0,39650.0,10097.0,12000.0,5250.0,9800.0,2815.0,,12700.0,3730.0,3905.0,3580.0,2905.0,2695.0,31700.0,3025.0,1875.0,2226.0,67900.0,,63919.0,2174.0,3220.0,34850.0,95200.0,3105.0,1375.0,3120.0,81300.0,1920.0,16750.0,4530.0,45000.0,15325.0,16400.0,5850.0,5040.0,8327.0,10750.0,34900.0,6880.0,23553.0,60000.0,5160.0,1725.0,9690.0,7410.0,5080.0,9600.0,5090.0,1977.0,2310.0,2800.0,4040.0,2490.0,83500.0,4605.0,8970.0,94700.0,6575.0,1120.0,39200.0,2587.0,7350.0,7400.0,24150.0,1750.0,4125.0,9870.0,38110.0,2015.0,,21350.0,95800.0,11377.0,11050.0,932.0,1907.0,6950.0,38100.0,217000.0,9115.0,4112.0,6530.0,9010.0,5350.0,96000.0,6166.0,1252.0,3880.0,15950.0,4665.0,2302.0,1260.0,1310.0,27000.0,3225.0,7210.0,,3125.0,17077.0,6890.0,1280.0,15220.0,4290.0,3945.0,3390.0,7040.0,3305.0,10650.0,6080.0,3550.0,57041.0,2640.0,786.0,1304.0,2741.0,3233.0,37000,8300.0,7200,8000.0,3925.0,26000.0,3200.0,6100.0,2370.0,9930.0,,27625.0,27900.0,8370.0,18250.0,7850.0,7940.0,32200.0,1610.0,4707.0,3015.0,5900.0,75900.0,4150.0,4915.0,8450.0,1460.0,53419.0,11900.0,9600.0,2425.0,57900.0,29497.0,207000.0,9900.0,12050.0,832.0,78880.0,8339.0,10782.0,2270.0,3100.0,3124.0,2630.0,8587.0,12040.0,2650.0,3925.0,41000.0,34750.0,6675.0,5705.0,28636.0,4910.0,2090.0,80100.0,7060.0,2430.0,9322.0,5380.0,3010.0,6800.0,9950.0,5640.0,,23752.0,20550.0,10500.0,4045.0,67000.0,33950.0,1555.0,5990.0,2580.0,,15360.0,1530.0,2940.0,1754.0,1770.0,1415.0,2300.0,6401.0,52163.0,,2348.0,3240.0,64400.0,2730.0,14451.0,2175.0,9810.0,2460.0,1890.0,7329.0,14650.0,1975.0,,3330.0,4000.0,23350.0,7120.0,1270.0,11776.0,2080.0,16700.0,16210.0,166000.0,46250.0,26400.0,998.0,14155.0,3695.0,36584,10700.0,6110.0,1825.0,44950.0,2880.0,8300.0,,1920.0,2375.0,12150.0,2030.0,6503.0,1670.0,13950.0,5801.0,1225.0,4555.0,905.0,6140.0,1875.0,3025.0,7920.0,6050.0,4660.0,2120.0,12150.0,10365.0,23650.0,5120.0,1131.0,9200.0,6080.0,24675.0,850.0,101000.0,5100.0,10600.0,5541.0,20350.0,15805.0,21400.0,231500.0,11055.0,21550.0,61800.0,7990.0,11625.0,10200.0,3150.0,111500.0,7380.0,12050.0,13000.0,4610.0,13996.0,24989.0,191600.0,6435.0,25500.0,4730.0,4690.0,2425.0,33200.0,4450.0,,2220.0,48650.0,20950.0,152300,,12650.0,9590.0,477000.0,7060.0,1040.0,4080.0,6949.0,21921.0,8300.0,5230.0,7050.0,1810.0,5320.0,10250.0,5175.0,11950.0,7290.0,36100.0,1820.0,4135.0,6310.0,8400.0,4225.0,3425.0,18866.0,3830.0,6050.0,4125.0,9560.0,3090.0,58100.0,23218.0,2958.0,1860.0,7420.0,2750.0,14450.0,7610.0,6862,3465.0,,12100.0,36350.0,6020.0,1965.0,12435.0,7740.0,4020.0,9150.0,1215.0,15950,5610.0,42800.0,5510.0,5031.0,3935.0,25750.0,7880.0,31683.0,80907.0,1540.0,5700.0,12850.0,16983.0,25700.0,4185.0,26474.0,3525.0,7273.0,25150.0,5160.0,978.0,2423.0,2780.0,8100.0,,3900.0,4349.0,13800.0,9930.0,980.0,1943.0,6580.0,178650.0,8448.0,1690.0,18000.0,6600.0,3215.0,12800.0,3472.0,2795.0,1605.0,21100.0,8900.0,2050,5700.0,5030,4140.0,2735.0,4629.0,18600.0,3710.0,2974.0,4805.0,17200.0,10950.0,,2910.0,33150.0,19815.0,4234.0,606270,8222.0,5790.0,6910.0,1715.0,3780.0,2140.0,1930.0,8050.0,21300.0,8750.0,10256.0,7720.0,2480.0,3433.0,4570.0,2380.0,9270.0,44655.0,821.0,10972.0,719,23850,4050.0,3231.0,6538.0,6530.0,,10650.0,2680.0,4045.0,27750.0,25415.0,1278000.0,23633,2340.0,7725.0,,14350.0,3185.0,3240.0,21400.0,12032.0,14400.0,5670.0,925.0,10550.0,1530.0,1546.0,21500,6170.0,10350.0,1570.0,4486.0,3395.0,3610.0,8778.0,1600,19117.0,9610.0,2570,10150.0,,62900.0,,7840.0,2400.0,2190.0,201765.0,6680.0,11250.0,3910.0,11850.0,16130.0,13550.0,3040.0,20700.0,7350.0,20700.0,2195,3470.0,3212.0,8500.0,4000.0,16500.0,2070.0,7010.0,10880.0,1943,,8500.0,8970,1915.0,11813.0,8660,7900.0,90300.0,6480.0,3576.0,2250.0,2360.0,6420.0,6350.0,2564.0,2690.0,8500.0,7627.0,6698.0,6790.0,3450,3330.0,7520.0,6640.0,8570.0,,30965.0,,42900.0,23263.0,7420.0,1665.0,8350.0,6691.0,16691.0,4870.0,3190.0,19200.0,3400.0,21628.0,7000.0,9520.0,58100.0,8250.0,2070.0,22920.0,9580.0,52249.0,253.0,5472.0,,3435.0,4808.0,1610.0,3130.0,2271.0,10950.0,5080.0,5490.0,82250.0,54800.0,3165.0,21050.0,5993.0,1635.0,3430.0,3896,6940.0,6200.0,,2985.0,5108.0,78600.0,14650.0,3785.0,8840.0,1509.0,2078.0,16400.0,65300.0,4325.0,2793.0,107500.0,3020.0,2765.0,3685.0,4390.0,9821.0,2196.0,,147742.0,16200.0,10150,39390.0,,10250.0,2085.0,15850.0,4926.0,20600.0,3870.0,10847.0,9300.0,153000.0,10532.0,4570.0,84600.0,6400.0,2010.0,6254.0,4020.0,3855.0,9280.0,3070.0,3925.0,21450.0,4290.0,4575.0,11035.0,11400.0,4979.0,27250.0,10950.0,28100.0,2595.0,37383.0,1850.0,,1890.0,11300.0,2880.0,2210.0,2445.0,10715.0,2270.0,2660.0,3270.0,7300.0,16650.0,34800.0,3350.0,29176.0,11000.0,8091.0,14400.0,39425,10747.0,50100.0,22435.0,5850.0,11984.0,18200.0,33450.0,3235.0,8380.0,1977.0,8160.0,9817.0,10250.0,3600.0,6950.0,2480,6981.0,20550.0,1820.0,9170.0,5110.0,1533.0,27654.0,3000.0,3230.0,,,2957.0,7982.0,5975.0,5576.0,7796.0,,,5010.0,5010.0,,3083.0,3312.0,5420.0,5656.0,,,,,,,10370.0,6250.0,5167.0,31508.0,26250.0,7400.0,8100.0,,2420.0,104638.0,13150.0,8450,15324.0,2540.0,4120.0,6920.0,5060.0,6660.0,,3075.0,7120.0,12400.0,11692.0,3224.0,6570.0,13754.0,,364348.0,3302.0,3075.0,,5950.0,116700.0,5480.0,6950.0,3925.0,30418.0,4410.0,9500.0,6709.0,18932.0,2565.0,11650.0,4958,25964.0,4070.0,3221.0,7310.0,5490.0,15600.0,1640.0,,22400.0,179000.0,17600.0,10550.0,2550.0,,4000,4215.0,,,,,4600.0,9380.0,16550.0,17740.0,50199.0,12560.0,18000.0,4468.0,5230.0,57700.0,3325.0,3980.0,5033.0,,26218.0,4985.0,21700.0,5600.0,1627.0,38950.0,7022.0,3390.0,3640.0,5050.0,5281.0,787.0,10100.0,4001.0,3630.0,6070.0,7650.0,6860.0,10393.0,2555.0,6660.0,,16100.0,47502.0,161.0,20300.0,14700.0,8700.0,2096,113327.0,5324.0,162352.0,7220.0,21200.0,8346.0,8330.0,280500.0,2460.0,2395.0,12160.0,1400.0,21550.0,1534.0,,11335.0,,37900.0,31600.0,2365.0,8350.0,2472.0,4573.0,2220,92070.0,6810.0,7512.0,5550.0,423.0,5820.0,9170.0,3550.0,4943.0,15938.0,21500.0,914.0,4215.0,2893.0,,,,6630.0,8330.0,3000.0,6700.0,6552.0,6270.0,21600.0,12875.0,5740.0,9039.0,42850.0,8850.0,42950.0,13600.0,14169.0,55300.0,5480.0,4155.0,5653.0,7220.0,3930.0,11150.0,3565.0,8903.0,85067.0,13183.0,,23850.0,8130.0,12950.0,,8600.0,38600.0,2470.0,1815.0,16655.0,3040.0,20100.0,51885,2647.0,9417,5465.0,3254.0,51660.0,9702.0,15378,8940.0,12694.0,11055.0,5000.0,8000.0,4680.0,27900.0,5390.0,190920.0,5830.0,19370.0,3040.0,18777.0,10146.0,14650.0,4195.0,26400,80600.0,13400.0,,18200.0,15657.0,4690.0,6933.0,3345.0,14550.0,2740.0,1000.0,30600.0,10400.0,17650.0,3615.0,,701.0,8070.0,2690.0,10000.0,3385.0,3037.0,128108.0,29600.0,4695.0,,12500.0,9562.0,3975.0,3402.0,1080.0,8240.0,5700,5530.0,1275.0,2120.0,2625.0,4856.0,2390.0,8160.0,2790.0,,9370.0,10250.0,5070.0,8220.0,3550.0,11850,3405.0,7130.0,4170.0,2010.0,41400.0,3335.0,12300.0,2166,16100.0,3775.0,4960.0,23000.0,3174.0,43951.0,,7022.0,7740.0,35028,1130.0,,2470.0,37452.0,2780.0,10011.0,3595.0,4976.0,32059,1290.0,26174.0,5687.0,20122.0,25300.0,22950.0,1130.0,37250.0,3660.0,136303.0,850.0,68700.0,3105.0,64163.0,,155.0,6850.0,8286.0,7700.0,4555.0,20250.0,1830,3830.0,4200.0,11100.0,4085.0,6190.0,4645.0,3000,,5213.0,8084.0,,1715.0,44240.0,5200.0,8680.0,35000.0,3180.0,63300.0,6319.0,14600.0,12760.0,3105.0,6410.0,88594.0,10600.0,4025.0,7000.0,4021.0,2865.0,3829.0,8020.0,88125.0,27850.0,15300.0,9500.0,10568.0,4620.0,3239.0,27550.0,19100.0,42650.0,3849.0,12626.0,1405.0,9040.0,5714.0,11867.0,6115.0,8213.0,69558.0,5206.0,10950.0,3125.0,7290.0,2282.0,27673.0,8099.0,,3990.0,8509.0,29400.0,15600.0,4510.0,26300.0,52386.0,109787.0,10325.0,8350.0,8630.0,,19680.0,15300.0,103980.0,2130.0,4077.0,5750.0,56500.0,4307.0,26450.0,11877.0,14348.0,6000.0,6830.0,1479.0,3340.0,68640.0,,1880.0,3955.0,10650.0,7544.0,4805.0,436354.0,2695.0,7080.0,1813.0,8149.0,,12900.0,11395.0,7020.0,3890.0,8960.0,13800.0,23150.0,,45807.0,12240.0,7228.0,19400.0,49500.0,43353.0,10000.0,59100.0,36180.0,36550.0,25100.0,35259.0,,4337.0,15170.0,1754.0,8970.0,1890.0,1520.0,26350.0,13143.0,6112.0,4000.0,25514.0,4315.0,5390.0,7091.0,2695.0,24450.0,,14050.0,5430.0,12000.0,9860.0,5499.0,4969.0,32374.0,77808.0,2920.0,6220.0,4230.0,7325.0,5650.0,24100.0,16065.0,28625.0,28193.0,2775.0,1505.0,29277.0,10100.0,14100.0,7725.0,5280.0,,14050.0,16400.0,7280.0,1508.0,3700.0,25850.0,5388.0,,,7420.0,28450.0,13000.0,17800.0,12704.0,16171.0,8691.0,3840.0,9700.0,22100.0,33700.0,14400.0,21000.0,13400.0,10350.0,,42044.0,7120.0,2900.0,6011.0,3262.0,29450.0,,2535.0,15750.0,,8505.0,73800.0,1580.0,9100.0,2507.0,,14830.0,11285.0,6546.0,11084.0,10725.0,2305.0,39273.0,4190.0,10150.0,14750.0,39540.0,3125.0,3548.0,86383.0,14014.0,6331.0,2388.0,9700.0,23700.0,4655.0,15836.0,1968.0,16000.0,72600.0,2720.0,17400.0,86000.0,35650.0,,23354.0,17400.0,10955.0,8578.0,6860.0,77500.0,,4500.0,1964.0,186500.0,13250.0,,49000.0,37964.0,10659.0,,,4015.0,,5275.0,7506.0,11422.0,22745.0,11831.0,9874.0,21707.0,,6199.0,39730.0,,295000.0,140500.0,33350.0,110000.0,13421.0,44236.0,,,14348.0,,,64400.0,2140.0,2268.0,11474.0,2284.0,63900.0,,2272.0,10500.0,,,,20709.0,8360.0,,,,,,2621.0,,,,,,,,,518.0,,470.0,,22510.0,14989.0,1353.0,,8656.0,5380.0,57790.0,766.0,1137500.0,8675.0,8345.0,14100.0,4715.0,16050.0,7450.0,27250.0
2019-06-30,9680.0,10450.0,39248.0,134500.0,9925.0,5995.0,,7330.0,8590.0,8805.0,11662.0,62300.0,91799.0,69500.0,67846.0,52151.0,17150.0,43250.0,13005.0,4800.0,17250.0,14900.0,14750.0,2220.0,27501.0,61600.0,1274.0,3442.0,2299.0,4628.0,2470.0,4680.0,18400.0,6122.0,14759.0,11250.0,23400.0,6900.0,2295.0,4705.0,113000.0,24250.0,20291.0,2900.0,2205.0,17150.0,2775.0,51600.0,,18050.0,113000.0,56288.0,11150.0,66000.0,2140.0,2210.0,4355.0,19469.0,588000,3365.0,19050.0,7700.0,241874.0,24350.0,1830.0,13700.0,165500.0,22000.0,2504.0,11525.0,2090.0,2240.0,24000.0,7110.0,15470.0,5050.0,1420.0,5039.0,3030.0,333500.0,14100.0,13981.0,5240.0,57200.0,5120.0,17050.0,3990.0,9540.0,14261.0,1320000.0,9853.0,5760.0,11300.0,3235.0,5070.0,72645.0,88241.0,3820.0,2220.0,20541.0,48765.0,6910.0,1175.0,3620.0,32150.0,107000.0,8722.0,55971.0,20100.0,52800.0,10700.0,10000.0,5851.0,1190.0,,5328.0,301000.0,9851.0,3790.0,4840.0,,14150.0,15793.0,22250.0,45950.0,9030.0,4680.0,14200.0,93500.0,36650.0,6492.0,,3265.0,5300.0,55926.0,3200.0,9095.0,6490.0,1149.0,18400.0,14050.0,9780.0,2257.0,601.0,12021.0,35900.0,10808.0,2750.0,16900.0,21700.0,171500.0,140000.0,9065.0,44950.0,244500.0,30000.0,98100.0,,7530.0,11500.0,7780.0,6590.0,12550.0,4615.0,11950.0,17478.0,18891.0,4331.0,,13000.0,4900.0,27350.0,4790.0,4020.0,47500.0,121500.0,40350.0,6900.0,37250.0,231541.0,6244.0,130000.0,10450.0,17100.0,5430.0,5550.0,2240.0,5100.0,33050.0,33612.0,3210.0,51400.0,,2325.0,685000.0,6589.0,8239.0,1306.0,43650.0,28696.0,3850.0,1945,35907.0,44700.0,11399.0,13000.0,5500.0,10800.0,3045.0,,13650.0,4740.0,3540.0,3835.0,3200.0,2715.0,33900.0,2880.0,1835.0,2387.0,69400.0,,63270.0,2833.0,3435.0,25000.0,97800.0,3150.0,1455.0,3195.0,73300.0,2260.0,16900.0,4285.0,41600.0,15825.0,16500.0,6120.0,5140.0,12204.0,10750.0,32950.0,6460.0,25892.0,60800.0,5470.0,2105.0,10100.0,7702.0,6350.0,10200.0,5290.0,1969.0,3120.0,2790.0,5020.0,2550.0,83700.0,5380.0,9040.0,109000.0,6750.0,1420.0,48650.0,2894.0,7050.0,8420.0,22500.0,2130.0,4175.0,9700.0,37180.0,1900.0,,23450.0,97400.0,10949.0,12650.0,914.0,1970.0,7550.0,40700.0,235500.0,9515.0,3958.0,6260.0,9290.0,5580.0,97600.0,6412.0,1439.0,3700.0,17100.0,5150.0,2320.0,1490.0,1283.0,27750.0,3400.0,6990.0,,3355.0,17843.0,7070.0,1335.0,15970.0,4510.0,3900.0,3570.0,7070.0,3705.0,10700.0,6290.0,3730.0,58139.0,2690.0,859.0,1356.0,2804.0,3367.0,37800,8380.0,7240,8000.0,4130.0,25550.0,3280.0,5850.0,2550.0,9280.0,,27651.0,22733.0,8370.0,17600.0,8240.0,8000.0,32100.0,1680.0,4837.0,2735.0,5980.0,77200.0,4410.0,5450.0,8400.0,1460.0,60489.0,13200.0,8930.0,2670.0,58200.0,30201.0,215000.0,9470.0,12200.0,883.0,77691.0,6912.0,10829.0,2240.0,3630.0,2779.0,3150.0,8166.0,12540.0,2450.0,4405.0,37000.0,37350.0,6575.0,6455.0,26202.0,5075.0,2190.0,77400.0,7240.0,2420.0,9805.0,5720.0,3000.0,6360.0,10300.0,5930.0,,25199.0,21700.0,10650.0,4020.0,62500.0,35050.0,1645.0,6750.0,2680.0,,14210.0,1590.0,3270.0,1977.0,1820.0,1465.0,2460.0,6551.0,55371.0,,2340.0,3290.0,67300.0,2845.0,17086.0,2095.0,10800.0,2550.0,1910.0,6969.0,15200.0,1855.0,,3765.0,4050.0,23000.0,7400.0,1120.0,10778.0,1170.0,17150.0,17311.0,172100.0,47250.0,29400.0,998.0,17316.0,4025.0,37453,10350.0,5300.0,2180.0,40050.0,2780.0,9010.0,,1970.0,2490.0,13000.0,2140.0,6791.0,1725.0,14500.0,6214.0,1140.0,4620.0,961.0,7170.0,1855.0,2995.0,8200.0,6450.0,4590.0,2100.0,11900.0,10965.0,22850.0,5700.0,991.0,9030.0,5860.0,24750.0,1175.0,98500.0,5500.0,11100.0,5497.0,20100.0,16498.0,22700.0,232000.0,10957.0,21500.0,68200.0,8270.0,12075.0,9320.0,3615.0,114000.0,7380.0,12150.0,15050.0,4570.0,8363.0,26394.0,177000.0,5836.0,23900.0,4760.0,4935.0,2495.0,33500.0,4800.0,,2220.0,47800.0,17850.0,148100,,14350.0,9030.0,477000.0,6110.0,968.0,4420.0,7598.0,22664.0,8420.0,4625.0,7891.0,1925.0,5250.0,10000.0,5575.0,12500.0,6900.0,36700.0,1820.0,4390.0,9000.0,8600.0,4900.0,3810.0,18658.0,3955.0,5800.0,4365.0,10100.0,3055.0,63600.0,20370.0,2550.0,1870.0,7860.0,2855.0,13850.0,8570.0,7360,3530.0,,12050.0,40700.0,6300.0,1995.0,13555.0,7840.0,4560.0,10450.0,1350.0,8190,5740.0,41600.0,5930.0,4986.0,4045.0,24250.0,7860.0,30781.0,73698.0,1555.0,5360.0,13700.0,17233.0,24850.0,4415.0,29051.0,3780.0,7417.0,28300.0,5110.0,1010.0,2463.0,2825.0,8710.0,,4130.0,4489.0,13575.0,11340.0,1019.0,1943.0,7190.0,156975.0,9064.0,1820.0,19300.0,6400.0,3295.0,12750.0,3504.0,3080.0,1655.0,22400.0,8780.0,1670,7221.0,5200,4710.0,2800.0,4642.0,18050.0,4165.0,3114.0,4940.0,18350.0,13100.0,,2825.0,35950.0,19740.0,3856.0,635100,8363.0,6200.0,7870.0,1710.0,4490.0,2175.0,1915.0,8050.0,20300.0,9000.0,8669.0,7700.0,3100.0,3508.0,5200.0,2360.0,9420.0,46046.0,862.0,11584.0,719,19350,4440.0,3359.0,5546.0,6780.0,,11050.0,2875.0,4180.0,30300.0,28930.0,1313000.0,19864,2620.0,7825.0,,14000.0,3225.0,3275.0,20250.0,12687.0,13650.0,6270.0,1020.0,10000.0,1585.0,1630.0,23900,6290.0,10550.0,1715.0,4438.0,3790.0,3845.0,10536.0,1230,19962.0,9950.0,3155,11350.0,,64000.0,,8327.0,2465.0,2340.0,190170.0,6680.0,13100.0,5840.0,11800.0,16781.0,14250.0,3200.0,23700.0,7725.0,21800.0,2190,3635.0,3468.0,8700.0,5710.0,16500.0,2121.0,8236.0,9541.0,1958,,12800.0,8001,1885.0,12013.0,7820,8230.0,92900.0,6800.0,3230.0,2250.0,2425.0,5940.0,7000.0,2628.0,2655.0,8260.0,10810.0,8242.0,7350.0,1980,3642.0,6730.0,6975.0,10600.0,,42772.0,,39700.0,26552.0,8080.0,1835.0,8590.0,6875.0,18139.0,4775.0,3745.0,21050.0,3440.0,26508.0,7000.0,9350.0,54400.0,8175.0,2590.0,24573.0,10150.0,52249.0,,5456.0,,3535.0,4448.0,1695.0,2950.0,2253.0,9730.0,4180.0,5330.0,70500.0,44250.0,3175.0,25650.0,6624.0,1635.0,3310.0,3567,6550.0,8280.0,,2610.0,4712.0,79300.0,16200.0,3885.0,8450.0,1549.0,2233.0,15850.0,61500.0,4092.0,2899.0,104500.0,3095.0,2820.0,3925.0,4545.0,10951.0,2221.0,,159795.0,17000.0,10450,37038.0,,8850.0,2360.0,17050.0,5010.0,22000.0,3480.0,10881.0,9300.0,150000.0,9624.0,4975.0,82700.0,7830.0,2295.0,6437.0,4230.0,3580.0,10050.0,2953.0,3925.0,18450.0,4500.0,4690.0,10800.0,11550.0,5002.0,27650.0,13950.0,27300.0,2145.0,42819.0,1720.0,,2165.0,11200.0,3144.0,2255.0,2515.0,10901.0,2310.0,2765.0,3690.0,7350.0,19000.0,47100.0,3465.0,28472.0,11550.0,8244.0,16650.0,39523,10969.0,51200.0,23830.0,5860.0,11984.0,17350.0,31100.0,3405.0,8380.0,1964.0,9340.0,9877.0,11650.0,3610.0,7400.0,2540,7125.0,19700.0,1800.0,8670.0,5920.0,1740.0,30300.0,2645.0,3555.0,,,2922.0,7341.0,6400.0,5753.0,8081.0,,,5030.0,5030.0,,3154.0,3057.0,6230.0,5535.0,,,,,,,9870.0,6740.0,5494.0,33632.0,26250.0,7260.0,8290.0,,2975.0,92284.0,13750.0,8400,14262.0,2490.0,4195.0,6380.0,5350.0,6050.0,,3090.0,3980.0,12000.0,11692.0,3421.0,6340.0,11363.0,,365811.0,3453.0,3240.0,,6100.0,101100.0,6100.0,6750.0,3975.0,29189.0,4695.0,10900.0,5772.0,18397.0,2610.0,10050.0,4917,25352.0,3900.0,3840.0,8290.0,6650.0,16700.0,1710.0,,23500.0,164500.0,18600.0,11400.0,2925.0,,4705,4485.0,,,,,4965.0,10400.0,17750.0,17000.0,49846.0,11263.0,18600.0,2703.0,5535.0,59300.0,3650.0,4375.0,4913.0,,26679.0,5460.0,23000.0,5870.0,1544.0,40000.0,6631.0,3700.0,3670.0,5770.0,6353.0,787.0,10150.0,4194.0,3855.0,6470.0,8240.0,6990.0,11140.0,2680.0,6280.0,,16500.0,41183.0,234.0,20650.0,13268.0,9200.0,2374,117502.0,5344.0,156448.0,6030.0,28750.0,8471.0,8800.0,297000.0,2710.0,2435.0,12160.0,1475.0,21150.0,2048.0,,9183.0,,33700.0,32200.0,2490.0,9130.0,2491.0,5335.0,2265,107227.0,6840.0,8027.0,7200.0,685.0,7410.0,9050.0,3550.0,4491.0,16036.0,20750.0,914.0,3950.0,3034.0,,,,6880.0,8360.0,3150.0,6700.0,6619.0,6160.0,20250.0,17475.0,6220.0,8739.0,42600.0,9290.0,43050.0,13250.0,16311.0,61500.0,5740.0,4155.0,5653.0,7500.0,4018.0,11050.0,3340.0,8980.0,79765.0,12169.0,,22150.0,9430.0,13100.0,,8260.0,37300.0,2470.0,1815.0,20356.0,3095.0,20500.0,53932,2726.0,6146,5175.0,3186.0,65680.0,8695.0,15731,10150.0,12033.0,10835.0,5080.0,8000.0,4585.0,25000.0,5520.0,161889.0,6555.0,20170.0,3190.0,17198.0,9806.0,13750.0,4290.0,25500,85900.0,13350.0,,18250.0,14645.0,4070.0,7086.0,3380.0,13650.0,2475.0,1000.0,28950.0,11750.0,18900.0,3770.0,,701.0,6700.0,2725.0,9980.0,3535.0,3352.0,128108.0,35700.0,5050.0,,11500.0,9870.0,4100.0,3165.0,1150.0,8720.0,6180,5290.0,1435.0,2230.0,2570.0,5149.0,2525.0,7970.0,2745.0,,8880.0,10500.0,5240.0,7320.0,4020.0,12150,3530.0,7190.0,4220.0,2010.0,42350.0,3145.0,11350.0,2276,16550.0,4165.0,5030.0,23350.0,3041.0,41605.0,,9296.0,6770.0,39336,1175.0,,2625.0,21029.0,2850.0,10477.0,,5018.0,34410,1410.0,23221.0,5959.0,17948.0,23700.0,24500.0,1325.0,32200.0,3590.0,143089.0,864.0,73500.0,3430.0,60632.0,,155.0,7990.0,8632.0,7830.0,5130.0,21500.0,1785,3875.0,4295.0,10750.0,4225.0,6000.0,5050.0,3000,,5213.0,8799.0,,1815.0,38950.0,4885.0,9110.0,35100.0,3115.0,60400.0,6184.0,14550.0,11720.0,3240.0,6850.0,91384.0,10800.0,3775.0,8200.0,4011.0,2780.0,3047.0,7640.0,85000.0,21550.0,13551.0,15200.0,11928.0,4800.0,4461.0,28850.0,19000.0,30000.0,3496.0,11989.0,1245.0,9560.0,5551.0,9170.0,7200.0,7842.0,69633.0,6217.0,10750.0,3175.0,7370.0,2420.0,25960.0,4456.0,,4225.0,12531.0,26650.0,16500.0,4390.0,27600.0,52386.0,106846.0,10150.0,9275.0,8600.0,,13994.0,14050.0,95880.0,2330.0,4410.0,4800.0,49661.0,4185.0,25450.0,12198.0,14081.0,6430.0,6610.0,2058.0,3365.0,60240.0,,2025.0,3770.0,10950.0,7178.0,7175.0,465445.0,2621.0,9156.0,2562.0,8860.0,,14350.0,10816.0,6930.0,3663.0,10550.0,14650.0,22350.0,,50540.0,12240.0,7184.0,20500.0,41900.0,39658.0,9675.0,72900.0,36905.0,34850.0,24850.0,31669.0,,5072.0,15107.0,1660.0,9162.0,2165.0,1460.0,26150.0,10383.0,5745.0,3390.0,28343.0,4345.0,9200.0,7585.0,2610.0,24850.0,,12850.0,5700.0,10250.0,8910.0,5490.0,4884.0,30058.0,77255.0,2990.0,6370.0,4445.0,7200.0,7100.0,23000.0,22925.0,30375.0,28953.0,2698.0,1680.0,20219.0,13350.0,13800.0,9675.0,5960.0,,14800.0,16750.0,8670.0,1508.0,3215.0,23150.0,6090.0,,,8750.0,36350.0,14300.0,17300.0,12654.0,15581.0,11721.0,8150.0,9500.0,23950.0,36400.0,14350.0,20550.0,14000.0,10250.0,,43175.0,8000.0,2600.0,4596.0,2837.0,32200.0,,2850.0,18850.0,,7730.0,68000.0,1505.0,7320.0,2507.0,,14614.0,11460.0,6803.0,10665.0,10700.0,2825.0,63929.0,4605.0,7910.0,15150.0,42460.0,3415.0,3655.0,74588.0,14814.0,6892.0,2595.0,9570.0,26150.0,5175.0,15534.0,2107.0,14200.0,76800.0,2720.0,17700.0,92500.0,37400.0,,25340.0,17350.0,10725.0,9606.0,7360.0,75000.0,,4500.0,1973.0,211000.0,13500.0,,50700.0,38364.0,9086.0,,,6620.0,,4995.0,7344.0,10750.0,22244.0,11856.0,10450.0,22938.0,11737.0,6556.0,40333.0,,299000.0,142000.0,33600.0,119500.0,12198.0,47062.0,,,16677.0,5604.0,,71300.0,2190.0,2295.0,11474.0,2338.0,61100.0,11146.0,2495.0,10550.0,,,,20088.0,8565.0,,,,,,2679.0,,,,,,,,,518.0,,491.0,,22510.0,15811.0,1682.0,,9478.0,5725.0,60290.0,804.0,1157500.0,9000.0,8725.0,18000.0,5240.0,16050.0,7880.0,24850.0
2019-07-31,8920.0,9990.0,34753.0,137000.0,9000.0,5268.0,,6030.0,8310.0,7911.0,9970.0,60100.0,82553.0,76900.0,63794.0,41886.0,15850.0,42750.0,12280.0,4420.0,16050.0,12300.0,13350.0,2105.0,24786.0,54342.0,1266.0,3138.0,1901.0,3726.0,2370.0,4395.0,16200.0,5305.0,12126.0,9420.0,18650.0,5980.0,2200.0,4025.0,104000.0,23850.0,18422.0,2320.0,1975.0,15650.0,2240.0,44050.0,,16400.0,107500.0,280200.0,8950.0,58900.0,1875.0,2210.0,4165.0,17651.0,488500,3000.0,18150.0,6580.0,213779.0,23700.0,1455.0,13000.0,156500.0,17450.0,2224.0,9875.0,1725.0,1950.0,20950.0,6080.0,15757.0,4850.0,1215.0,3947.0,2850.0,319500.0,13100.0,12303.0,4495.0,51900.0,5000.0,15550.0,3305.0,8970.0,13268.0,1241000.0,9254.0,4800.0,10250.0,3050.0,4495.0,66788.0,81487.0,3135.0,2005.0,16909.0,44307.0,5400.0,1040.0,3315.0,31150.0,97200.0,8798.0,53287.0,17000.0,48750.0,9810.0,9980.0,5204.0,1060.0,,4549.0,253500.0,8527.0,3350.0,4500.0,,12000.0,15923.0,18900.0,46600.0,8380.0,4490.0,13150.0,89400.0,35900.0,6896.0,,3100.0,4690.0,62936.0,3300.0,7088.0,5780.0,1039.0,15700.0,12450.0,7620.0,1948.0,503.0,10368.0,37200.0,8772.0,2560.0,17300.0,19600.0,145000.0,126500.0,7283.0,42450.0,225500.0,27150.0,94300.0,,7280.0,10400.0,8320.0,5930.0,11650.0,3930.0,11300.0,19920.0,17616.0,4123.0,,13350.0,4200.0,24200.0,4810.0,3815.0,44200.0,107500.0,33900.0,5720.0,29350.0,243779.0,5635.0,120500.0,9770.0,15060.0,5340.0,5630.0,1875.0,4355.0,28400.0,31902.0,2855.0,45000.0,,2040.0,645000.0,6369.0,6706.0,1306.0,38600.0,26291.0,3190.0,1410,37611.0,34750.0,9379.0,13800.0,4950.0,9110.0,2915.0,,11600.0,4855.0,3200.0,3675.0,2745.0,2700.0,31900.0,2390.0,1770.0,2135.0,63700.0,,43556.0,2118.0,2815.0,22900.0,92000.0,2655.0,1280.0,2710.0,60800.0,2025.0,15700.0,3840.0,37400.0,12500.0,17900.0,4935.0,4345.0,7584.0,9540.0,32150.0,4705.0,21329.0,52700.0,4470.0,1600.0,9240.0,6673.0,6690.0,8900.0,4945.0,2344.0,3565.0,2435.0,4030.0,1990.0,94100.0,4575.0,8440.0,113000.0,5575.0,1425.0,43400.0,2720.0,6150.0,6270.0,18900.0,2970.0,3930.0,8960.0,33340.0,1625.0,,19550.0,81700.0,8854.0,10550.0,798.0,1785.0,6925.0,35300.0,241000.0,5406.0,2859.0,8360.0,8670.0,6530.0,104500.0,5304.0,1354.0,3300.0,18200.0,4830.0,3053.0,1160.0,1154.0,25500.0,2495.0,5250.0,,2890.0,14718.0,6430.0,1110.0,17441.0,4000.0,3600.0,3390.0,6170.0,3500.0,9200.0,5620.0,3155.0,54903.0,2080.0,870.0,1134.0,2797.0,2745.0,36500,8110.0,6300,6590.0,3795.0,27900.0,2860.0,5650.0,2500.0,7000.0,,20653.0,21967.0,7620.0,16400.0,6910.0,7780.0,30400.0,1535.0,4081.0,2380.0,5840.0,74100.0,4000.0,4570.0,7000.0,1460.0,53486.0,10800.0,7950.0,2010.0,53700.0,29799.0,208500.0,9830.0,10200.0,786.0,76799.0,6792.0,10875.0,2020.0,3965.0,2659.0,3350.0,10028.0,12240.0,2745.0,3735.0,37150.0,37600.0,5725.0,5129.0,27586.0,5325.0,1810.0,83900.0,6280.0,2330.0,9310.0,5060.0,2840.0,6410.0,9310.0,5070.0,,24850.0,20400.0,9120.0,3720.0,55000.0,33400.0,1310.0,5070.0,2680.0,,11858.0,1380.0,2665.0,1877.0,1725.0,1260.0,2560.0,6820.0,53295.0,,2112.0,3140.0,66500.0,2410.0,15915.0,1735.0,9070.0,2230.0,1690.0,7389.0,11550.0,1855.0,,3470.0,3220.0,18350.0,6210.0,935.0,8184.0,1015.0,16450.0,16661.0,167300.0,43250.0,27000.0,998.0,25291.0,3720.0,33592,12950.0,4355.0,2145.0,37800.0,2320.0,7910.0,,1865.0,2080.0,11200.0,2127.0,6338.0,1360.0,13000.0,5421.0,940.0,4370.0,881.0,5930.0,1400.0,2480.0,8090.0,4920.0,4365.0,1845.0,9780.0,7870.0,20350.0,4195.0,1130.0,8200.0,4790.0,24725.0,754.0,96300.0,4990.0,10500.0,5399.0,18150.0,13402.0,21700.0,221000.0,9827.0,18650.0,63000.0,7370.0,10975.0,7080.0,2930.0,138000.0,7380.0,12950.0,12400.0,3930.0,6521.0,25491.0,165700.0,5258.0,20350.0,4070.0,4970.0,1975.0,31650.0,4075.0,,2220.0,46200.0,15550.0,178000,,15200.0,8180.0,481500.0,5110.0,841.0,6230.0,7038.0,31178.0,7360.0,3680.0,6383.0,2295.0,4955.0,9020.0,4990.0,11000.0,5990.0,34700.0,1595.0,4200.0,11350.0,8650.0,4840.0,3305.0,18900.0,3440.0,4675.0,3985.0,9180.0,2730.0,71400.0,18150.0,2163.0,1720.0,6180.0,2480.0,13900.0,6310.0,7360,3250.0,,12400.0,40750.0,5100.0,1950.0,11080.0,7390.0,4050.0,11550.0,1275.0,8410,4830.0,35400.0,4800.0,2853.0,3595.0,24650.0,6450.0,31884.0,103337.0,1175.0,5250.0,13250.0,14257.0,22950.0,4075.0,26075.0,3280.0,6816.0,25050.0,4600.0,849.0,2313.0,2840.0,9470.0,,3470.0,4281.0,9925.0,9310.0,890.0,1943.0,6620.0,140775.0,8096.0,1580.0,17550.0,5860.0,3085.0,11500.0,3284.0,2715.0,1415.0,19650.0,9000.0,2000,7483.0,4410,3880.0,2485.0,3603.0,16150.0,3420.0,2537.0,4100.0,18750.0,10200.0,,3090.0,36950.0,21165.0,3298.0,584220,6101.0,5260.0,5830.0,1350.0,4465.0,1915.0,1600.0,6690.0,15400.0,8650.0,7995.0,7420.0,2715.0,3345.0,5200.0,1815.0,8090.0,36494.0,634.0,10727.0,719,20500,4155.0,3064.0,5331.0,6400.0,,9810.0,3100.0,3750.0,29850.0,24925.0,1257000.0,20220,2145.0,6725.0,,12900.0,2655.0,2800.0,18850.0,11257.0,12550.0,4845.0,1135.0,8500.0,1440.0,1505.0,18800,5780.0,10000.0,1500.0,4410.0,2835.0,3465.0,8561.0,1085,18650.0,8390.0,2335,8760.0,,54400.0,,6194.0,2275.0,2035.0,152490.0,6680.0,11200.0,7650.0,10300.0,13726.0,11550.0,2725.0,18400.0,10425.0,20000.0,2300,2865.0,2864.0,7300.0,5460.0,16500.0,1634.0,6157.0,8718.0,1788,,9280.0,6554,1650.0,11092.0,6790,8550.0,86200.0,5900.0,2645.0,2005.0,2185.0,5110.0,6940.0,2372.0,2420.0,7150.0,10723.0,6056.0,6030.0,1830,2764.0,5780.0,5540.0,9090.0,,40320.0,,36050.0,27554.0,6470.0,1495.0,8190.0,5584.0,14927.0,4925.0,2900.0,16600.0,2960.0,19166.0,7000.0,7400.0,56300.0,5875.0,2025.0,27549.0,8790.0,52249.0,,4965.0,,3055.0,4743.0,1310.0,2595.0,1873.0,9240.0,3750.0,4765.0,50000.0,41250.0,3000.0,20200.0,5823.0,1635.0,2950.0,3131,5390.0,8310.0,,2605.0,10086.0,65300.0,14850.0,3740.0,7600.0,1694.0,2195.0,13150.0,58200.0,3516.0,2656.0,88300.0,2770.0,2655.0,3705.0,4370.0,8751.0,1812.0,,132577.0,13700.0,10350,27672.0,,8000.0,1450.0,15300.0,4208.0,22700.0,3190.0,8590.0,9300.0,158500.0,8848.0,4295.0,74100.0,6570.0,1890.0,5543.0,4170.0,2465.0,7700.0,2701.0,2835.0,17550.0,3695.0,3875.0,7645.0,10300.0,4592.0,27150.0,13950.0,27050.0,1990.0,39163.0,1565.0,,1695.0,10850.0,2534.0,2565.0,2045.0,8860.0,2130.0,2760.0,3040.0,6640.0,14850.0,33600.0,2865.0,25435.0,10050.0,7174.0,18850.0,34607,8924.0,50300.0,21580.0,5690.0,11984.0,15550.0,29450.0,2995.0,,2413.0,8370.0,8940.0,11400.0,3215.0,6870.0,2675,7188.0,15650.0,1810.0,7350.0,4810.0,1645.0,30850.0,2325.0,3015.0,,,2451.0,7602.0,4455.0,5248.0,6971.0,,,5010.0,5060.0,,2883.0,3087.0,5620.0,5000.0,,,,,,,9137.0,5690.0,4434.0,27695.0,25850.0,6910.0,6860.0,,2815.0,108103.0,11300.0,7350,12877.0,1935.0,3955.0,6680.0,4635.0,4995.0,,2800.0,2740.0,11400.0,13353.0,2774.0,6930.0,9175.0,,339717.0,2927.0,3825.0,,4805.0,79950.0,6100.0,6150.0,3705.0,27063.0,3555.0,9330.0,5367.0,17202.0,2180.0,10600.0,4410,20687.0,3930.0,3414.0,8850.0,6200.0,15700.0,1345.0,,19000.0,140000.0,18400.0,10200.0,2275.0,,4680,4080.0,,,,,4730.0,10700.0,14400.0,13715.0,40759.0,9663.0,17800.0,3160.0,5000.0,56100.0,3050.0,3840.0,4687.0,,22275.0,4525.0,24500.0,5380.0,1291.0,37350.0,8672.0,3045.0,2985.0,5160.0,5122.0,787.0,9500.0,3690.0,3205.0,5980.0,6580.0,6290.0,8503.0,2345.0,5250.0,,16300.0,41691.0,405.0,17300.0,11182.0,7450.0,2374,87406.0,5228.0,168255.0,4950.0,20950.0,7260.0,6930.0,285000.0,2825.0,2344.0,12410.0,1220.0,18300.0,1474.0,,7556.0,,29650.0,27300.0,2050.0,7820.0,2380.0,6206.0,2190,99210.0,6420.0,7504.0,5410.0,587.0,8030.0,8600.0,3550.0,4748.0,13977.0,19450.0,914.0,3310.0,2637.0,,,,6270.0,8430.0,2660.0,6700.0,5583.0,5280.0,23350.0,22500.0,4760.0,8205.0,42050.0,9760.0,38150.0,12450.0,12611.0,59800.0,5510.0,4155.0,5653.0,6500.0,3795.0,9260.0,3110.0,8903.0,65285.0,10417.0,,18850.0,8850.0,12550.0,,6790.0,33650.0,2470.0,1815.0,15729.0,2690.0,18550.0,47897,3378.0,5230,4950.0,2649.0,48150.0,7667.0,15630,7560.0,10262.0,9010.0,4040.0,8000.0,4360.0,21000.0,5380.0,137369.0,5504.0,18830.0,2750.0,15115.0,8714.0,12250.0,4700.0,22050,82100.0,13450.0,,17500.0,11846.0,4915.0,5597.0,2895.0,11200.0,2270.0,1000.0,25000.0,11750.0,17200.0,3820.0,,701.0,5720.0,2345.0,8080.0,3095.0,3247.0,108000.0,29600.0,4200.0,,10150.0,8743.0,3580.0,3317.0,1120.0,8300.0,4945,5690.0,1415.0,2125.0,2038.0,4213.0,2250.0,7970.0,2635.0,,7200.0,9300.0,5160.0,7190.0,3625.0,10600,3230.0,6960.0,3935.0,2010.0,40500.0,2700.0,10200.0,2051,12750.0,3995.0,4640.0,19900.0,3092.0,52007.0,,8033.0,6430.0,35306,826.0,,2410.0,35382.0,2700.0,8130.0,,4993.0,27217,1260.0,22045.0,4622.0,14750.0,19450.0,23100.0,1580.0,29650.0,2900.0,127710.0,817.0,68400.0,2795.0,56200.0,,155.0,7900.0,7032.0,7340.0,3990.0,18350.0,1780,3904.0,3995.0,11200.0,3390.0,4560.0,4160.0,2935,,5213.0,6753.0,,1865.0,34920.0,3920.0,7440.0,30900.0,2565.0,55400.0,5712.0,13850.0,8600.0,2870.0,6420.0,82831.0,11950.0,6880.0,8550.0,3792.0,2770.0,2517.0,6790.0,75000.0,20450.0,11506.0,14700.0,9840.0,4080.0,4406.0,28950.0,22100.0,25900.0,2995.0,12853.0,1400.0,8130.0,5377.0,7375.0,5725.0,6011.0,66009.0,7076.0,8860.0,2860.0,6130.0,1953.0,23831.0,5347.0,,3510.0,9824.0,24550.0,13450.0,3865.0,23900.0,52386.0,100474.0,8700.0,6675.0,7700.0,,9716.0,12950.0,79260.0,2015.0,3843.0,3180.0,44605.0,3554.0,21300.0,13299.0,11181.0,4970.0,5580.0,1922.0,3650.0,52920.0,,1855.0,3810.0,9260.0,6359.0,11745.0,407265.0,2161.0,7480.0,2055.0,6684.0,,11800.0,9775.0,6470.0,3076.0,9240.0,14150.0,18300.0,,39877.0,12240.0,6311.0,20750.0,35400.0,39127.0,8075.0,71100.0,14975.0,31200.0,21100.0,28367.0,,3295.0,12437.0,1414.0,7327.0,2410.0,1780.0,25250.0,10107.0,4875.0,2715.0,28880.0,5580.0,8270.0,6728.0,4785.0,24650.0,,10950.0,5130.0,8130.0,6460.0,5090.0,4499.0,24465.0,60013.0,2990.0,6120.0,3385.0,6700.0,5970.0,19250.0,22370.0,25625.0,23547.0,2074.0,1460.0,18267.0,10500.0,11750.0,8600.0,5600.0,,12100.0,17000.0,7600.0,1027.0,1945.0,22500.0,5001.0,25408.0,,8830.0,28900.0,11000.0,14150.0,12203.0,12224.0,10268.0,8020.0,9460.0,24850.0,35900.0,13000.0,16300.0,13950.0,9470.0,11750.0,37110.0,7290.0,2900.0,3588.0,2875.0,28200.0,,2490.0,17500.0,19550.0,7005.0,61500.0,1425.0,6090.0,2963.0,,17536.0,11410.0,5417.0,9459.0,11075.0,3280.0,40749.0,4825.0,6660.0,13700.0,34320.0,3535.0,3488.0,46379.0,11344.0,6804.0,2650.0,8740.0,23650.0,4530.0,11866.0,2170.0,11050.0,74000.0,2720.0,15300.0,80800.0,31400.0,,25104.0,16300.0,11180.0,6986.0,7000.0,67200.0,,4500.0,2043.0,204500.0,12200.0,,44600.0,29690.0,8132.0,,8700.0,6400.0,,4230.0,6036.0,9480.0,22520.0,9140.0,9210.0,21889.0,9785.0,7040.0,34538.0,,327000.0,144000.0,34750.0,117000.0,12929.0,42062.0,10857.0,,17503.0,4503.0,,64700.0,2250.0,2300.0,11795.0,2332.0,51500.0,12557.0,2495.0,10000.0,,8125.0,18050.0,19955.0,8565.0,,,10400.0,,,2666.0,,,,,,,,,518.0,,425.0,,22510.0,12117.0,1650.0,,10780.0,4955.0,50035.0,657.0,965000.0,7225.0,6904.0,13750.0,4795.0,16050.0,6850.0,18800.0
2019-08-31,8230.0,9780.0,36840.0,143000.0,8925.0,5242.0,,5930.0,8530.0,7682.0,9741.0,59000.0,83024.0,77400.0,53052.0,40232.0,15500.0,40750.0,11254.0,5040.0,15400.0,11000.0,14700.0,1960.0,23473.0,58285.0,1151.0,2917.0,2778.0,3746.0,2240.0,4020.0,16150.0,5096.0,10868.0,11200.0,18450.0,6050.0,2175.0,3935.0,88700.0,21700.0,27767.0,2425.0,1855.0,15700.0,2280.0,40500.0,,15150.0,112500.0,158106.0,10700.0,61500.0,1935.0,2120.0,4200.0,17243.0,443000,3005.0,17950.0,6600.0,197976.0,20900.0,1585.0,12050.0,153500.0,15300.0,2038.0,9380.0,1515.0,1935.0,19450.0,5910.0,15566.0,4560.0,1235.0,2777.0,2685.0,322500.0,12900.0,11105.0,4720.0,50500.0,4705.0,16500.0,3110.0,8150.0,13178.0,1073000.0,9001.0,5360.0,9660.0,2855.0,4490.0,67260.0,79011.0,3835.0,2110.0,15589.0,47946.0,5810.0,1025.0,3200.0,33700.0,94000.0,9249.0,50702.0,17250.0,43600.0,10050.0,9600.0,5204.0,1055.0,,4683.0,231000.0,8300.0,3970.0,4685.0,,12150.0,15793.0,18400.0,46200.0,8660.0,4020.0,12500.0,84300.0,36950.0,6926.0,,3270.0,4460.0,66557.0,3210.0,7706.0,5680.0,957.0,15400.0,12750.0,8150.0,1866.0,517.0,8866.0,32000.0,8772.0,2500.0,16550.0,18500.0,130000.0,128500.0,5414.0,43050.0,211000.0,26900.0,87500.0,,6500.0,9350.0,7520.0,5750.0,10850.0,4000.0,11000.0,17143.0,17138.0,4372.0,,12700.0,4460.0,22250.0,4700.0,3660.0,45200.0,108000.0,32400.0,5500.0,33200.0,244268.0,4738.0,117000.0,8730.0,14935.0,4360.0,5060.0,1765.0,3960.0,30250.0,33099.0,3070.0,41500.0,,1670.0,571000.0,6108.0,6495.0,1306.0,44000.0,22934.0,3190.0,1225,34203.0,39250.0,9034.0,15200.0,4885.0,8420.0,2800.0,,11000.0,3820.0,3595.0,3580.0,2710.0,2725.0,30850.0,2395.0,1770.0,2019.0,64500.0,,37943.0,2109.0,2905.0,20050.0,89100.0,2640.0,1245.0,2710.0,60400.0,2170.0,15150.0,3950.0,41300.0,14575.0,15300.0,5520.0,4520.0,7117.0,8810.0,33200.0,5340.0,19732.0,49350.0,4965.0,1690.0,9190.0,7315.0,4575.0,8000.0,4885.0,2114.0,3265.0,2825.0,4485.0,1965.0,96700.0,4400.0,7660.0,98500.0,5275.0,1280.0,43150.0,2455.0,6900.0,6120.0,17600.0,2400.0,3865.0,8200.0,28325.0,1690.0,,18800.0,70300.0,7740.0,11050.0,776.0,1669.0,6725.0,32650.0,248500.0,4981.0,2659.0,7840.0,8710.0,6260.0,101000.0,5589.0,1494.0,3410.0,16900.0,4160.0,3016.0,1260.0,1121.0,22850.0,2895.0,5210.0,,3135.0,15202.0,6200.0,1175.0,16000.0,3990.0,3370.0,3355.0,6060.0,3650.0,10350.0,5300.0,2975.0,52591.0,2035.0,799.0,1158.0,2874.0,2774.0,35400,7230.0,7810,6590.0,3540.0,25550.0,3285.0,5570.0,2485.0,6300.0,,18364.0,20000.0,7130.0,15100.0,7300.0,7640.0,30550.0,1470.0,3992.0,2230.0,5070.0,70100.0,3955.0,4605.0,7175.0,1460.0,52486.0,8940.0,8030.0,2110.0,47950.0,30000.0,196000.0,9630.0,9680.0,708.0,75808.0,6326.0,10782.0,1835.0,3990.0,2560.0,6130.0,10103.0,12200.0,2545.0,3695.0,29450.0,42650.0,6575.0,5104.0,27491.0,5025.0,1720.0,84200.0,6320.0,2245.0,9310.0,4985.0,2810.0,5830.0,10500.0,4900.0,,24050.0,19500.0,9000.0,3965.0,51700.0,31600.0,1405.0,5030.0,2645.0,,10182.0,1405.0,2700.0,2063.0,1485.0,1185.0,2225.0,6261.0,52352.0,,2730.0,3030.0,46550.0,2345.0,18648.0,1700.0,8840.0,2260.0,1620.0,7990.0,12150.0,,,3690.0,3475.0,17500.0,5750.0,1000.0,7810.0,674.0,15500.0,17936.0,159500.0,41250.0,26400.0,998.0,16615.0,3790.0,27800,11700.0,4205.0,2030.0,39100.0,2205.0,7080.0,,1875.0,2010.0,13150.0,2124.0,6495.0,1330.0,13200.0,6726.0,927.0,4210.0,1380.0,6480.0,1300.0,2375.0,7810.0,5025.0,4260.0,1752.0,8600.0,7505.0,19750.0,4435.0,725.0,8100.0,4650.0,25300.0,550.0,102000.0,5850.0,8760.0,5302.0,15800.0,12894.0,19650.0,200000.0,9365.0,18125.0,63000.0,7000.0,10600.0,5750.0,3210.0,146500.0,7380.0,10400.0,15300.0,3975.0,6500.0,26996.0,160900.0,5168.0,19150.0,3785.0,4460.0,1805.0,28450.0,4050.0,,2220.0,33800.0,14800.0,182300,,15000.0,8070.0,537000.0,4890.0,746.0,7310.0,6507.0,32665.0,7020.0,5350.0,5296.0,2170.0,4695.0,9130.0,4845.0,10650.0,6290.0,33600.0,1580.0,4005.0,13250.0,8300.0,5040.0,3435.0,11700.0,3345.0,4555.0,3685.0,7870.0,2750.0,73000.0,17522.0,1041.0,1770.0,5890.0,2385.0,15300.0,6480.0,7360,3215.0,,11850.0,44000.0,5610.0,1945.0,11495.0,7520.0,3830.0,11200.0,1205.0,7410,4885.0,29800.0,4685.0,3003.0,3740.0,24000.0,6100.0,33438.0,78184.0,1130.0,5300.0,13900.0,13707.0,22400.0,4050.0,24253.0,2870.0,6065.0,24300.0,4350.0,820.0,2083.0,2635.0,10500.0,,3225.0,3706.0,10350.0,7490.0,861.0,1943.0,6950.0,125750.0,8571.0,1475.0,13150.0,5900.0,3095.0,11850.0,3214.0,2760.0,1505.0,21700.0,10050.0,2410,6921.0,4330,4140.0,2535.0,3566.0,14750.0,3685.0,2144.0,4180.0,18350.0,9360.0,,3115.0,39300.0,20595.0,3497.0,390470,5771.0,5190.0,6170.0,1230.0,5400.0,1835.0,1630.0,5770.0,14200.0,8175.0,7108.0,7550.0,2645.0,3285.0,5130.0,1870.0,8240.0,34499.0,651.0,11633.0,719,25350,3620.0,3021.0,6013.0,6350.0,,10100.0,2940.0,3425.0,27850.0,24705.0,1179000.0,19100,2080.0,6475.0,,12400.0,2685.0,2765.0,17800.0,10543.0,11900.0,4520.0,1105.0,8150.0,1395.0,1603.0,15760,6090.0,9310.0,1520.0,4507.0,3115.0,3640.0,8548.0,1105,17700.0,8540.0,2700,8630.0,,61900.0,,6081.0,2480.0,1980.0,147750.0,6680.0,12100.0,9730.0,9970.0,11672.0,12550.0,2620.0,20500.0,12475.0,22850.0,1850,2780.0,2516.0,8490.0,4285.0,16500.0,1564.0,6903.0,7991.0,1935,,11850.0,6750,1650.0,11112.0,6290,7030.0,81200.0,5960.0,2800.0,2035.0,2180.0,5350.0,6270.0,2244.0,2470.0,7260.0,12043.0,6080.0,5360.0,1830,2707.0,6040.0,5665.0,8880.0,,37519.0,,30800.0,25837.0,5850.0,1435.0,6930.0,4710.0,12849.0,4625.0,3400.0,17150.0,2835.0,21189.0,7000.0,7060.0,50000.0,6375.0,2035.0,28816.0,8700.0,52249.0,,5046.0,,3280.0,4194.0,1245.0,2780.0,1778.0,9240.0,3610.0,4725.0,28350.0,40200.0,3040.0,22200.0,6023.0,1635.0,2980.0,2790,5400.0,9500.0,,2210.0,8982.0,61300.0,15400.0,3865.0,6990.0,1943.0,2055.0,13850.0,60800.0,3214.0,2533.0,91000.0,2580.0,2565.0,3410.0,4500.0,8977.0,1598.0,,122081.0,13450.0,10750,25513.0,,8510.0,1635.0,17500.0,4170.0,21300.0,2910.0,8118.0,9300.0,167500.0,7922.0,4390.0,78000.0,6760.0,2030.0,5797.0,4235.0,2325.0,7390.0,2665.0,2465.0,17700.0,3505.0,3445.0,6345.0,9900.0,4468.0,28850.0,18100.0,34400.0,2250.0,39836.0,1350.0,,1785.0,9770.0,2578.0,2510.0,2095.0,7494.0,2065.0,2910.0,3145.0,7190.0,13350.0,26050.0,2925.0,25831.0,10150.0,6256.0,21700.0,29102,8730.0,48000.0,21263.0,5480.0,11984.0,14100.0,31150.0,3010.0,,2957.0,7900.0,8716.0,12150.0,2430.0,6310.0,2615,7080.0,14800.0,2270.0,7340.0,4425.0,2180.0,35000.0,2360.0,3065.0,,,2605.0,7341.0,4560.0,5248.0,7825.0,,,5010.0,4950.0,,2775.0,3307.0,5010.0,4782.0,,,,,,,8870.0,5150.0,4401.0,25180.0,25900.0,6760.0,7080.0,,2975.0,125071.0,11400.0,8660,13062.0,1895.0,4025.0,6200.0,4225.0,6450.0,,2180.0,2885.0,11000.0,13093.0,2558.0,7300.0,8619.0,,286146.0,2727.0,3120.0,,4800.0,79500.0,6170.0,6160.0,3490.0,22696.0,3715.0,8760.0,4683.0,14721.0,2020.0,11450.0,4467,18317.0,3665.0,3536.0,7770.0,6820.0,16200.0,1525.0,,18800.0,130000.0,15700.0,9150.0,2162.0,,5440,4990.0,,,,,5680.0,10900.0,11650.0,12665.0,39214.0,9385.0,18000.0,2345.0,5160.0,53800.0,3220.0,3555.0,4687.0,,23171.0,4790.0,19300.0,5350.0,1243.0,33700.0,8887.0,3095.0,3115.0,5210.0,4603.0,787.0,9870.0,3678.0,3100.0,5570.0,5470.0,5840.0,12400.0,3400.0,4980.0,,14900.0,37841.0,408.0,17000.0,10881.0,6700.0,2456,82581.0,5378.0,162352.0,4675.0,18300.0,6734.0,7190.0,228500.0,2785.0,2483.0,14212.0,1300.0,20900.0,1314.0,,6906.0,,27000.0,24700.0,1985.0,7920.0,2356.0,6206.0,2135,77414.0,6720.0,8171.0,4685.0,1094.0,9400.0,7600.0,2960.0,4775.0,13192.0,21350.0,914.0,3040.0,2722.0,,,,6200.0,8960.0,2735.0,6700.0,5248.0,4935.0,24150.0,19350.0,6200.0,7238.0,39850.0,8030.0,32850.0,12500.0,11880.0,58900.0,5350.0,4155.0,5653.0,6310.0,3544.0,9380.0,2760.0,8826.0,65169.0,8297.0,,22050.0,8740.0,12250.0,,7980.0,35200.0,2470.0,1815.0,14282.0,2825.0,19300.0,49641,3120.0,5120,4900.0,2728.0,52670.0,7667.0,12050,8410.0,8896.0,9320.0,3865.0,8000.0,4305.0,21850.0,5300.0,129390.0,5204.0,19540.0,2680.0,15720.0,9290.0,6600.0,4430.0,21200,84200.0,13850.0,,16250.0,10554.0,4235.0,5783.0,2650.0,10550.0,2300.0,1000.0,21200.0,11450.0,14400.0,6340.0,,701.0,5050.0,2560.0,8050.0,2930.0,2807.0,100540.0,23550.0,4460.0,,8590.0,9699.0,3735.0,3326.0,1135.0,8070.0,4785,5460.0,1205.0,2120.0,1969.0,4090.0,2150.0,8020.0,2515.0,,7360.0,8825.0,5220.0,7290.0,3255.0,10750,3090.0,6240.0,3990.0,2010.0,37850.0,2750.0,10400.0,1821,12850.0,3890.0,6470.0,13100.0,2908.0,46923.0,,7149.0,6500.0,36001,671.0,,2380.0,34014.0,2640.0,8726.0,,5249.0,19955,1230.0,22946.0,4045.0,12612.0,23150.0,27650.0,1340.0,29150.0,3020.0,125493.0,828.0,68600.0,2890.0,56842.0,,155.0,7110.0,6592.0,5850.0,4145.0,17600.0,1740,5179.0,3845.0,9230.0,3315.0,4095.0,4155.0,2925,,5213.0,5872.0,,1755.0,36300.0,3780.0,8270.0,29150.0,2170.0,43400.0,5155.0,12300.0,8320.0,2890.0,5980.0,76709.0,11350.0,6380.0,9100.0,3501.0,2730.0,2235.0,6960.0,65375.0,19225.0,10031.0,14200.0,9090.0,3925.0,3747.0,30700.0,21500.0,29500.0,2821.0,9628.0,1175.0,8670.0,5173.0,8692.0,5175.0,5815.0,62609.0,5130.0,8190.0,2700.0,5400.0,2003.0,26423.0,5037.0,,3720.0,10326.0,25400.0,13100.0,3675.0,21000.0,52386.0,69891.0,8200.0,7250.0,6950.0,,10240.0,11450.0,79410.0,2085.0,3572.0,2995.0,32970.0,3472.0,21600.0,14445.0,10073.0,5500.0,5690.0,1641.0,3250.0,53760.0,,3145.0,3690.0,8740.0,6128.0,15250.0,391264.0,2295.0,6605.0,1770.0,5535.0,,10700.0,10605.0,7150.0,2852.0,8980.0,15900.0,16700.0,,34056.0,12240.0,6149.0,17600.0,34550.0,37763.0,8050.0,66600.0,14130.0,32000.0,21950.0,6730.0,,3235.0,13913.0,1487.0,6823.0,2280.0,1690.0,24750.0,9727.0,4528.0,3455.0,32490.0,5440.0,8170.0,6312.0,3875.0,28050.0,,13500.0,4690.0,7600.0,6660.0,6479.0,4254.0,21724.0,56035.0,2990.0,5840.0,3810.0,6750.0,6560.0,19300.0,17105.0,26000.0,25630.0,2061.0,1415.0,18517.0,8910.0,11500.0,8600.0,4300.0,13950.0,11350.0,16150.0,7250.0,1047.0,1995.0,22200.0,5076.0,25983.0,,8930.0,23000.0,10000.0,15700.0,13306.0,11557.0,9893.0,6320.0,9800.0,23500.0,35850.0,13000.0,13800.0,14200.0,9700.0,8130.0,34246.0,7760.0,2895.0,3642.0,2410.0,31500.0,,2540.0,17325.0,16600.0,6870.0,62000.0,1360.0,6430.0,2245.0,,17266.0,11060.0,5603.0,9879.0,10775.0,3235.0,20965.0,5400.0,6620.0,13250.0,38940.0,3265.0,3225.0,55784.0,10226.0,8092.0,2650.0,8380.0,26600.0,4305.0,10960.0,2170.0,9900.0,71900.0,2660.0,14800.0,90100.0,29800.0,,23071.0,16550.0,11105.0,6328.0,7200.0,72200.0,,4500.0,2015.0,203500.0,12550.0,23073.0,40550.0,29057.0,8394.0,,8090.0,6110.0,,3845.0,6731.0,7626.0,18963.0,7667.0,9800.0,21661.0,9009.0,7350.0,33240.0,,301000.0,157000.0,35400.0,135500.0,14152.0,30432.0,6270.0,,15175.0,4003.0,,60800.0,2145.0,2300.0,11690.0,2300.0,53300.0,10191.0,2495.0,7000.0,7320.0,7275.0,12000.0,17649.0,8420.0,2858.0,6680.0,6770.0,,,2640.0,,,,,,,,,518.0,,457.0,,22510.0,11784.0,1755.0,,10019.0,3745.0,61540.0,634.0,877500.0,8400.0,8505.0,10950.0,5120.0,16050.0,6540.0,17350.0
2019-09-30,7910.0,9800.0,36680.0,144500.0,9000.0,5528.0,,7190.0,8590.0,7636.0,10427.0,58100.0,82458.0,82200.0,57291.0,45049.0,15150.0,39750.0,11279.0,4645.0,16500.0,11000.0,16000.0,1950.0,24085.0,61485.0,1234.0,3033.0,2394.0,4047.0,2290.0,4505.0,16400.0,5223.0,11807.0,10850.0,20050.0,6290.0,2185.0,3925.0,90600.0,22250.0,20825.0,2370.0,2095.0,15900.0,2440.0,49250.0,,16100.0,115000.0,144443.0,11250.0,61100.0,1860.0,2190.0,3960.0,17651.0,440000,3140.0,17950.0,5940.0,191392.0,20850.0,1655.0,12200.0,151500.0,15400.0,2082.0,10835.0,1565.0,2070.0,19700.0,5800.0,15614.0,4890.0,1320.0,3500.0,2775.0,333000.0,12400.0,11065.0,4970.0,51100.0,4855.0,14750.0,3225.0,7890.0,13764.0,1130000.0,9329.0,5970.0,9420.0,2825.0,4680.0,66126.0,84414.0,4330.0,1995.0,14574.0,40167.0,6440.0,1085.0,3320.0,34450.0,95500.0,9061.0,48863.0,17950.0,45600.0,10750.0,9470.0,5851.0,1060.0,,4427.0,262500.0,9590.0,4020.0,4715.0,,11950.0,15858.0,18550.0,45400.0,9030.0,4005.0,12700.0,84400.0,37050.0,6857.0,,4200.0,4725.0,64554.0,3095.0,7306.0,6190.0,985.0,15650.0,13300.0,9080.0,1902.0,510.0,8110.0,32000.0,12500.0,2520.0,16650.0,20850.0,138500.0,134000.0,5019.0,40600.0,227000.0,25200.0,96900.0,,6270.0,9280.0,7110.0,5870.0,11150.0,3985.0,10900.0,17047.0,19130.0,5051.0,,13800.0,4625.0,21950.0,4805.0,3605.0,47450.0,113500.0,33000.0,5940.0,37000.0,218324.0,4873.0,127500.0,8800.0,15005.0,4635.0,5240.0,2320.0,4370.0,35300.0,35280.0,3610.0,42550.0,,2060.0,583000.0,6108.0,5473.0,1239.0,42050.0,22543.0,3770.0,1225,34667.0,48450.0,9937.0,14800.0,6380.0,8340.0,2805.0,,11150.0,3810.0,3230.0,3665.0,2755.0,2915.0,32100.0,2340.0,1770.0,1918.0,64200.0,,36738.0,2369.0,3170.0,20450.0,103000.0,3815.0,1270.0,2660.0,60000.0,2430.0,16050.0,4400.0,39850.0,14000.0,15700.0,5890.0,4485.0,5258.0,8790.0,34250.0,5500.0,20474.0,47400.0,5300.0,2575.0,9630.0,7438.0,4875.0,8550.0,4940.0,2152.0,4870.0,3450.0,4100.0,2275.0,99400.0,4505.0,7780.0,114000.0,5325.0,1290.0,51000.0,2574.0,5310.0,6370.0,18300.0,1935.0,3985.0,8490.0,29360.0,1695.0,,19900.0,71600.0,7807.0,9270.0,762.0,1612.0,7075.0,34000.0,252000.0,5749.0,3028.0,8400.0,8850.0,6250.0,98100.0,5802.0,1797.0,3800.0,18150.0,4400.0,2598.0,1445.0,1182.0,22250.0,2920.0,5160.0,,3415.0,15746.0,5680.0,1115.0,15970.0,4110.0,3365.0,3380.0,6060.0,5360.0,10600.0,5640.0,3335.0,52995.0,2320.0,839.0,1224.0,2880.0,2641.0,35500,7560.0,6680,6710.0,3825.0,25900.0,4935.0,5700.0,2390.0,6070.0,,20127.0,10450.0,7340.0,15800.0,6480.0,7790.0,31900.0,1620.0,3890.0,2490.0,4685.0,67200.0,4250.0,5500.0,6875.0,1460.0,59555.0,9490.0,8040.0,2190.0,49400.0,30150.0,190500.0,9940.0,9940.0,725.0,73727.0,6311.0,11154.0,1880.0,4575.0,2631.0,4630.0,10749.0,12120.0,2865.0,3890.0,29200.0,37400.0,7600.0,5204.0,24532.0,4900.0,1800.0,84600.0,6710.0,2415.0,9310.0,5050.0,2885.0,5940.0,10550.0,4860.0,,24200.0,19900.0,8500.0,3860.0,51900.0,31400.0,1525.0,6630.0,2680.0,,10407.0,1695.0,3040.0,1962.0,1550.0,1160.0,2345.0,6240.0,51220.0,,2556.0,3075.0,46200.0,2495.0,16696.0,1660.0,9060.0,2990.0,1660.0,7930.0,13700.0,,,3875.0,3705.0,18300.0,6000.0,1310.0,13150.0,505.0,16800.0,16986.0,155100.0,39700.0,24800.0,998.0,15738.0,4230.0,18051,10000.0,4340.0,2140.0,37700.0,2135.0,7560.0,,1870.0,2035.0,11200.0,2070.0,6495.0,1365.0,13650.0,7925.0,970.0,4075.0,1215.0,7140.0,1140.0,2720.0,7950.0,5000.0,4265.0,1855.0,10250.0,19790.0,19350.0,4455.0,772.0,10600.0,4530.0,25050.0,730.0,105500.0,6325.0,9300.0,6030.0,18250.0,13078.0,19100.0,204000.0,9404.0,18150.0,61800.0,6870.0,11700.0,6150.0,3080.0,157000.0,7380.0,11850.0,15550.0,4015.0,6348.0,27197.0,169400.0,5826.0,21550.0,3840.0,4935.0,1870.0,29500.0,4240.0,,2220.0,35600.0,17700.0,166500,,14950.0,8370.0,521000.0,5670.0,786.0,7130.0,6655.0,35016.0,7180.0,4695.0,5948.0,1970.0,4805.0,9440.0,4835.0,10600.0,6250.0,34300.0,1725.0,4105.0,8360.0,8250.0,4795.0,3595.0,12850.0,3660.0,5170.0,3760.0,8130.0,2810.0,85600.0,18391.0,1497.0,1780.0,5980.0,2405.0,17850.0,7970.0,7360,3190.0,,11550.0,39950.0,5660.0,1920.0,11375.0,7620.0,4060.0,14700.0,1225.0,7030,5060.0,33300.0,5150.0,2850.0,3945.0,22600.0,7820.0,32084.0,79305.0,1105.0,5350.0,13700.0,14532.0,21850.0,3895.0,27185.0,3305.0,6448.0,26400.0,4630.0,855.0,2423.0,2800.0,11300.0,,3565.0,3757.0,8850.0,11550.0,868.0,1943.0,7070.0,165550.0,8650.0,1600.0,13900.0,7110.0,3510.0,11750.0,3587.0,2775.0,1520.0,27100.0,8560.0,2225,6174.0,4680,4630.0,2710.0,3891.0,13850.0,4150.0,2323.0,4830.0,19100.0,10450.0,,3280.0,39100.0,22170.0,4068.0,353580,5913.0,5440.0,7250.0,1410.0,5600.0,1890.0,1705.0,6610.0,14950.0,8750.0,6233.0,8030.0,3340.0,3508.0,5070.0,1935.0,8940.0,32830.0,710.0,13960.0,719,23500,3630.0,3254.0,5915.0,6460.0,,11250.0,3050.0,3415.0,27750.0,23055.0,1307000.0,18336,2270.0,6625.0,,12550.0,3150.0,2940.0,22100.0,12449.0,11300.0,4755.0,1120.0,8420.0,1610.0,1630.0,17760,5860.0,9050.0,1630.0,4231.0,3230.0,3550.0,9305.0,983,17100.0,9160.0,2210,8910.0,,66900.0,,7167.0,2580.0,2120.0,128565.0,6680.0,13050.0,10100.0,11750.0,13425.0,13000.0,2595.0,25500.0,9875.0,23800.0,1865,2795.0,2792.0,8570.0,4135.0,16500.0,1695.0,8263.0,7521.0,1768,,15450.0,8106,1775.0,11192.0,4800,8000.0,82100.0,5910.0,2740.0,2015.0,2255.0,5690.0,6280.0,2200.0,2355.0,7810.0,12243.0,6033.0,7140.0,1830,2698.0,6450.0,6100.0,11200.0,,34567.0,,30150.0,27601.0,5420.0,1710.0,6550.0,5295.0,12975.0,4575.0,3310.0,19500.0,3065.0,32003.0,7000.0,6850.0,53800.0,6025.0,2115.0,29918.0,8650.0,52249.0,,4948.0,,3010.0,4837.0,1300.0,2755.0,1697.0,8980.0,4100.0,6130.0,25700.0,38650.0,2990.0,23200.0,6784.0,1635.0,3400.0,1799,6550.0,13700.0,,1880.0,7307.0,67400.0,16250.0,3715.0,7290.0,1789.0,2093.0,12650.0,64200.0,3138.0,2691.0,91600.0,3090.0,2620.0,3370.0,4400.0,7661.0,2027.0,,127524.0,12750.0,12500,27017.0,,8280.0,1640.0,17000.0,4427.0,21400.0,2400.0,8017.0,9300.0,149000.0,7832.0,4530.0,78100.0,7500.0,2300.0,5787.0,5040.0,2730.0,7880.0,2764.0,2460.0,18650.0,3495.0,3510.0,6510.0,11350.0,4545.0,13450.0,17350.0,31600.0,2615.0,39933.0,1170.0,,2130.0,11250.0,2615.0,2765.0,1980.0,6424.0,2285.0,2915.0,3370.0,7990.0,13650.0,25450.0,3140.0,24159.0,11150.0,7072.0,16450.0,29593,8596.0,50300.0,21168.0,6650.0,11984.0,13700.0,35650.0,3000.0,,3267.0,7730.0,8419.0,11750.0,2500.0,6170.0,2725,6728.0,15200.0,2290.0,7840.0,5420.0,1805.0,31650.0,2505.0,3120.0,,,2691.0,6794.0,4690.0,5248.0,7374.0,,,5020.0,5000.0,,2846.0,3402.0,6120.0,5416.0,,,,,,,8636.0,5340.0,4287.0,24487.0,27100.0,7080.0,7290.0,,3100.0,45337.0,12000.0,7990,12508.0,1935.0,3940.0,5850.0,6160.0,4425.0,,1900.0,2420.0,14050.0,12552.0,2405.0,7000.0,10606.0,,292731.0,2827.0,3175.0,,4810.0,30150.0,6640.0,6080.0,3800.0,22179.0,4680.0,11200.0,5494.0,15111.0,2210.0,11050.0,4475,18699.0,4180.0,3612.0,7750.0,6440.0,15100.0,1315.0,,19050.0,140500.0,19100.0,13550.0,2167.0,,5600,4725.0,,,,,6490.0,8140.0,12800.0,12360.0,44463.0,10405.0,18300.0,2460.0,4950.0,54600.0,3400.0,3585.0,4693.0,,26679.0,4800.0,20200.0,5610.0,1226.0,31950.0,8281.0,3550.0,3810.0,5570.0,4729.0,787.0,9750.0,3686.0,3040.0,5820.0,5650.0,6120.0,14014.0,5210.0,4680.0,,19000.0,36898.0,354.0,18850.0,10252.0,7225.0,2533,92021.0,5123.0,163336.0,4545.0,23700.0,6458.0,7460.0,234500.0,2930.0,2290.0,13762.0,1600.0,19200.0,1379.0,,7256.0,,24450.0,24750.0,2040.0,7840.0,2400.0,6152.0,2155,72528.0,6500.0,7740.0,4220.0,1472.0,9040.0,7680.0,2760.0,4535.0,12603.0,18950.0,914.0,2905.0,2982.0,,,,6150.0,10150.0,2395.0,6700.0,5232.0,4880.0,24450.0,13225.0,5230.0,8339.0,41000.0,8490.0,34100.0,12650.0,11052.0,60300.0,5310.0,4155.0,5653.0,6940.0,3572.0,10400.0,2590.0,8980.0,67811.0,7605.0,,20550.0,9340.0,13400.0,,7730.0,35700.0,2470.0,1815.0,15089.0,2655.0,20650.0,50407,2955.0,4990,4600.0,2728.0,48980.0,10237.0,12554,9680.0,8406.0,8835.0,4075.0,8000.0,4800.0,23550.0,5370.0,140231.0,4954.0,22480.0,2755.0,17030.0,9998.0,5880.0,4325.0,23300,83900.0,14050.0,,14200.0,10297.0,4470.0,5936.0,2635.0,11950.0,2290.0,1000.0,23050.0,10400.0,14300.0,5020.0,,701.0,5160.0,3060.0,8280.0,3095.0,2984.0,102162.0,28000.0,4630.0,,8980.0,12978.0,3670.0,3074.0,1170.0,8050.0,5050,6230.0,1155.0,2125.0,1941.0,4105.0,2130.0,8040.0,2580.0,,7150.0,9275.0,5230.0,7650.0,2890.0,9860,3235.0,6760.0,4120.0,2010.0,39100.0,3665.0,10850.0,1928,13150.0,3435.0,6040.0,12600.0,2887.0,44186.0,,7704.0,6870.0,36140,575.0,,2375.0,41123.0,2820.0,8707.0,,5306.0,23759,1220.0,24072.0,4598.0,12952.0,31200.0,27600.0,1730.0,32000.0,3680.0,131461.0,859.0,65800.0,3210.0,54137.0,,155.0,7620.0,6053.0,6150.0,4000.0,16900.0,1805,5032.0,3610.0,9760.0,3400.0,3660.0,4145.0,2935,,5213.0,8966.0,,1875.0,33540.0,4005.0,9360.0,32250.0,2360.0,42200.0,5309.0,13800.0,7320.0,3575.0,5900.0,75718.0,12600.0,6310.0,8460.0,4147.0,2820.0,1985.0,7290.0,63375.0,18225.0,8871.0,13350.0,9680.0,3865.0,7125.0,28150.0,23500.0,27100.0,2970.0,9401.0,1445.0,9280.0,4857.0,7382.0,5855.0,5284.0,62987.0,5130.0,8000.0,2910.0,5520.0,2222.0,32022.0,5812.0,,4440.0,9235.0,23200.0,12750.0,3715.0,23400.0,52386.0,71753.0,8500.0,7125.0,7380.0,,8363.0,13650.0,43590.0,2200.0,3867.0,970.0,44605.0,3873.0,23350.0,13482.0,9654.0,6550.0,6900.0,1584.0,2910.0,51780.0,,2660.0,3515.0,8660.0,5878.0,11380.0,447264.0,2921.0,7080.0,2098.0,5211.0,,9880.0,10663.0,6760.0,3690.0,9190.0,15400.0,17200.0,,34600.0,12240.0,6113.0,18650.0,31850.0,37763.0,8000.0,66700.0,12135.0,34050.0,23250.0,5218.0,,3530.0,13725.0,1614.0,6991.0,2155.0,1455.0,22550.0,8933.0,6474.0,3860.0,39710.0,5140.0,8160.0,6702.0,3205.0,27800.0,,11450.0,4745.0,7070.0,7340.0,8648.0,4409.0,17822.0,55372.0,2990.0,5590.0,4270.0,6550.0,6560.0,18600.0,16850.0,32500.0,29674.0,2118.0,1450.0,16916.0,8830.0,15750.0,11775.0,4000.0,17200.0,11550.0,14600.0,8020.0,1115.0,2220.0,21250.0,5299.0,26862.0,,7730.0,21400.0,12000.0,17450.0,12404.0,10789.0,12923.0,5280.0,9800.0,28900.0,35400.0,16050.0,14550.0,13750.0,10550.0,10050.0,31910.0,6560.0,2800.0,3168.0,2512.0,31600.0,,2310.0,16900.0,16150.0,7320.0,68300.0,1290.0,5800.0,2015.0,8235.0,14668.0,11060.0,7060.0,7940.0,10674.0,3210.0,19843.0,5150.0,7350.0,13800.0,39600.0,3750.0,3148.0,30280.0,11228.0,8004.0,2115.0,8750.0,28950.0,6375.0,9666.0,2170.0,10050.0,69900.0,2660.0,14900.0,98400.0,30550.0,,23780.0,16350.0,10855.0,6534.0,7300.0,65700.0,,4500.0,2047.0,197000.0,12300.0,22565.0,42100.0,30224.0,7655.0,,8420.0,5460.0,,5025.0,6714.0,8844.0,20040.0,9394.0,11100.0,21342.0,7683.0,7736.0,30458.0,,338000.0,158000.0,31450.0,123000.0,12317.0,30215.0,5887.0,,15275.0,3640.0,,61500.0,2155.0,2455.0,11610.0,2289.0,54100.0,9554.0,2495.0,8240.0,6930.0,7125.0,12600.0,16407.0,8465.0,2858.0,7820.0,9150.0,,,2660.0,10581.0,,,,,,,,518.0,,445.0,,22510.0,11409.0,1896.0,,8376.0,3510.0,60040.0,474.0,945000.0,9750.0,8986.0,10850.0,5310.0,16050.0,8260.0,17500.0
2019-10-31,7830.0,10000.0,36037.0,157500.0,8600.0,5943.0,,6690.0,8750.0,8346.0,9444.0,57300.0,87270.0,82000.0,57386.0,41789.0,15050.0,38400.0,11029.0,4345.0,16750.0,10200.0,17000.0,1865.0,25355.0,39200.0,1116.0,2917.0,3614.0,3736.0,2160.0,4100.0,16000.0,5504.0,11103.0,11800.0,16950.0,6350.0,2300.0,3695.0,90900.0,21450.0,19935.0,2320.0,1845.0,15800.0,2290.0,49550.0,,17350.0,112500.0,172163.0,9750.0,59600.0,1850.0,2050.0,3745.0,16167.0,431500,3285.0,17900.0,5840.0,198415.0,22450.0,1565.0,11950.0,149500.0,17800.0,2106.0,9800.0,1710.0,2070.0,22650.0,6310.0,15136.0,4350.0,1350.0,2912.0,2735.0,331500.0,12100.0,11664.0,4540.0,47250.0,4845.0,14250.0,3055.0,7100.0,14124.0,1097000.0,8954.0,6280.0,9000.0,2695.0,5340.0,65560.0,78111.0,6050.0,2015.0,11629.0,43716.0,5540.0,1045.0,3570.0,34800.0,92100.0,10113.0,46775.0,16250.0,44200.0,9650.0,9500.0,5463.0,1000.0,,4229.0,236000.0,9500.0,3990.0,4855.0,,11300.0,16315.0,15450.0,46250.0,9160.0,3980.0,12600.0,84400.0,38400.0,7330.0,,3790.0,4245.0,63707.0,2990.0,7573.0,6010.0,985.0,15350.0,12100.0,7990.0,1857.0,456.0,7833.0,29350.0,10560.0,2440.0,16650.0,20800.0,137000.0,122000.0,4947.0,39000.0,211500.0,25650.0,91900.0,,6230.0,8750.0,8620.0,5930.0,10300.0,3950.0,10150.0,16904.0,16699.0,4847.0,,12700.0,4280.0,22450.0,4800.0,3530.0,48500.0,128500.0,30900.0,5570.0,31550.0,222730.0,5652.0,119000.0,8630.0,14910.0,4125.0,5020.0,2110.0,4325.0,31000.0,32714.0,2790.0,39000.0,,1960.0,565000.0,6008.0,6615.0,1206.0,38600.0,24389.0,3130.0,1225,36682.0,50250.0,8609.0,13750.0,10400.0,8300.0,2770.0,,10450.0,3420.0,3890.0,3580.0,2655.0,2990.0,33100.0,2105.0,1770.0,1893.0,63800.0,,40448.0,1960.0,2810.0,21200.0,113000.0,3275.0,1230.0,2595.0,63400.0,2030.0,15900.0,4525.0,43900.0,15125.0,14350.0,5020.0,4455.0,4075.0,8390.0,32700.0,5200.0,18648.0,52600.0,4740.0,2345.0,9950.0,6843.0,4540.0,8090.0,5000.0,2319.0,2700.0,3650.0,3920.0,2155.0,99700.0,4440.0,7850.0,121000.0,6250.0,1245.0,51200.0,2345.0,4775.0,6480.0,20550.0,1800.0,4005.0,8410.0,27785.0,1670.0,,17650.0,70000.0,7302.0,9160.0,786.0,1583.0,6650.0,32350.0,238000.0,5705.0,2982.0,8720.0,8820.0,5620.0,93700.0,5847.0,1699.0,3900.0,17150.0,4400.0,2593.0,1255.0,1170.0,21700.0,2705.0,5170.0,58476.0,3665.0,16411.0,5020.0,1075.0,14199.0,3900.0,3425.0,3400.0,6390.0,4290.0,9910.0,5520.0,3160.0,53978.0,2250.0,810.0,1142.0,2865.0,2457.0,36300,7370.0,8000,6850.0,3465.0,25450.0,4630.0,5520.0,2525.0,6140.0,,18180.0,7710.0,7670.0,16400.0,6280.0,7810.0,31050.0,1570.0,4277.0,2410.0,4440.0,67800.0,4035.0,4615.0,6300.0,1460.0,49151.0,8780.0,8300.0,2085.0,48800.0,30350.0,201500.0,9540.0,9300.0,680.0,83240.0,6251.0,10782.0,1760.0,3995.0,2490.0,4330.0,9758.0,12280.0,2815.0,3735.0,29200.0,39300.0,7575.0,4709.0,25438.0,5275.0,1885.0,91800.0,6340.0,2110.0,9310.0,4800.0,2830.0,6130.0,10050.0,4660.0,,24450.0,18100.0,8200.0,3770.0,55400.0,31500.0,1560.0,5540.0,2630.0,,10957.0,1580.0,3080.0,1699.0,1500.0,1075.0,2230.0,5896.0,50748.0,,2501.0,3115.0,46100.0,2610.0,17086.0,1595.0,8300.0,2315.0,1830.0,7349.0,11400.0,,,3815.0,3840.0,19050.0,5750.0,1030.0,7880.0,408.0,17800.0,16410.0,148800.0,38300.0,24750.0,998.0,14992.0,4490.0,16603,11050.0,4030.0,2185.0,43250.0,2120.0,8270.0,,1785.0,2005.0,13000.0,2210.0,6165.0,1500.0,13450.0,6926.0,867.0,3935.0,1245.0,5980.0,1080.0,2330.0,7790.0,5425.0,4385.0,1521.0,10700.0,15700.0,19350.0,4745.0,762.0,10000.0,4280.0,24675.0,660.0,100000.0,6825.0,9030.0,5444.0,16600.0,12616.0,19400.0,258500.0,10613.0,19675.0,59000.0,6830.0,12000.0,7130.0,2965.0,164000.0,7380.0,10800.0,16350.0,4570.0,7020.0,28401.0,165000.0,5288.0,22400.0,3905.0,4780.0,2740.0,29350.0,4810.0,,2220.0,37200.0,17200.0,183200,,15750.0,8370.0,516000.0,4790.0,780.0,6240.0,6939.0,36167.0,6990.0,4470.0,7015.0,2120.0,4625.0,9040.0,4610.0,10350.0,6110.0,33900.0,1615.0,3960.0,8570.0,8000.0,4640.0,3300.0,12100.0,3785.0,5150.0,3785.0,8120.0,2660.0,96300.0,20467.0,1338.0,1750.0,6210.0,2345.0,17350.0,6610.0,7360,3045.0,,11950.0,42000.0,5870.0,1890.0,13000.0,7790.0,3880.0,14250.0,1080.0,7290,4590.0,37100.0,5050.0,4250.0,3805.0,22850.0,8020.0,30530.0,82109.0,1080.0,5580.0,14850.0,14807.0,22850.0,3695.0,25008.0,3405.0,6557.0,25000.0,4830.0,837.0,2203.0,2570.0,9990.0,,3635.0,3413.0,8250.0,8480.0,1354.0,1943.0,7200.0,162450.0,9548.0,1535.0,14450.0,6780.0,3565.0,11600.0,3552.0,2730.0,1355.0,29150.0,9650.0,3160,6010.0,4520,4015.0,2790.0,3766.0,13400.0,4110.0,2805.0,4355.0,18250.0,9610.0,,2995.0,38000.0,20310.0,4487.0,339590,6667.0,5180.0,6130.0,1630.0,4550.0,1830.0,2060.0,7090.0,15900.0,9050.0,6945.0,8060.0,3130.0,3460.0,5040.0,1850.0,8820.0,36308.0,671.0,15380.0,719,18300,4235.0,3251.0,5117.0,6420.0,,17550.0,3355.0,3755.0,25400.0,22655.0,1261000.0,44056,2275.0,7550.0,,12350.0,2920.0,3225.0,20550.0,14088.0,12000.0,5400.0,1110.0,8790.0,1460.0,1538.0,18220,5860.0,8700.0,1625.0,4652.0,3525.0,3665.0,9373.0,1475,17900.0,8800.0,2050,9050.0,,61500.0,,6446.0,2735.0,2085.0,145710.0,6680.0,12500.0,9180.0,11600.0,13550.0,13000.0,2615.0,20750.0,9750.0,20700.0,6050,3035.0,2664.0,10300.0,3590.0,16500.0,1676.0,7890.0,6885.0,1810,,12450.0,6783,1795.0,10652.0,3740,7330.0,81200.0,5450.0,3030.0,2065.0,2215.0,5810.0,6080.0,2251.0,2645.0,7120.0,12185.0,5843.0,5580.0,1830,2549.0,6190.0,5895.0,17150.0,,38770.0,,31350.0,29556.0,5220.0,2300.0,6850.0,5295.0,13416.0,4715.0,3450.0,16100.0,3290.0,22551.0,7000.0,7460.0,53500.0,6375.0,2045.0,25124.0,8870.0,52249.0,,5243.0,,3250.0,6430.0,1340.0,2785.0,1706.0,8480.0,3850.0,5250.0,19850.0,48350.0,3070.0,22300.0,6013.0,1635.0,3890.0,1700,8030.0,10050.0,,2060.0,9058.0,66900.0,15250.0,3705.0,8400.0,1715.0,2145.0,13650.0,73900.0,3366.0,3786.0,88200.0,4100.0,2670.0,3370.0,4630.0,7936.0,2213.0,,155517.0,18850.0,11050,30833.0,,8210.0,1845.0,16650.0,4258.0,22100.0,2080.0,8118.0,9300.0,152500.0,7218.0,4115.0,73900.0,6450.0,1950.0,5858.0,4750.0,3155.0,8160.0,2489.0,2450.0,18500.0,3855.0,3100.0,6295.0,12750.0,4468.0,9650.0,26200.0,30000.0,2000.0,60380.0,1220.0,,2015.0,12700.0,2459.0,2380.0,1975.0,6573.0,2215.0,2900.0,3445.0,7200.0,14200.0,23550.0,2920.0,28516.0,11900.0,10261.0,18450.0,35001,7859.0,49650.0,21389.0,5690.0,11984.0,14150.0,33650.0,2950.0,,3289.0,7320.0,7601.0,12000.0,2440.0,5800.0,2710,6999.0,15800.0,1740.0,7920.0,5040.0,2000.0,30550.0,2200.0,2920.0,,,3118.0,6842.0,4305.0,6762.0,8326.0,,,5050.0,5000.0,,3163.0,4119.0,5660.0,5746.0,,,,,,,9670.0,5610.0,4087.0,26307.0,26900.0,6640.0,7640.0,,2830.0,66195.0,11050.0,8180,14078.0,2355.0,3900.0,6860.0,5920.0,5210.0,,1885.0,1735.0,14950.0,13914.0,2640.0,6880.0,10538.0,,268262.0,2890.0,3350.0,,4770.0,21525.0,7030.0,7100.0,3740.0,19997.0,3765.0,14250.0,5595.0,18307.0,2295.0,10650.0,4173,18355.0,5400.0,4407.0,7210.0,6600.0,16200.0,1260.0,,18200.0,192000.0,22850.0,12600.0,2262.0,,6740,4900.0,,,,,5830.0,8930.0,11850.0,12815.0,48611.0,10382.0,18850.0,2335.0,4625.0,54700.0,3490.0,3630.0,4820.0,,24810.0,4695.0,19650.0,5360.0,1125.0,31150.0,8242.0,3475.0,3565.0,6100.0,4520.0,787.0,12400.0,3705.0,3015.0,5620.0,5730.0,6110.0,11928.0,4700.0,4590.0,,20500.0,40819.0,267.0,19150.0,10679.0,8350.0,2199,85216.0,5465.0,157432.0,4365.0,24300.0,6741.0,7270.0,228500.0,3080.0,2220.0,13787.0,1840.0,19600.0,1284.0,,7957.0,,22000.0,24200.0,1940.0,8210.0,2433.0,6351.0,1965,84930.0,7560.0,7681.0,4520.0,1857.0,9680.0,7480.0,2650.0,4146.0,14957.0,26000.0,914.0,3090.0,2907.0,,,,6010.0,10900.0,2755.0,6700.0,5533.0,4645.0,27850.0,10800.0,4930.0,7738.0,42300.0,8160.0,33400.0,12350.0,11831.0,59500.0,5400.0,4155.0,5653.0,8200.0,3239.0,11300.0,2715.0,8865.0,67020.0,7310.0,,19350.0,8950.0,14650.0,,7910.0,34750.0,2470.0,1815.0,15492.0,2635.0,21250.0,49330,6015.0,4480,5610.0,3096.0,46080.0,9980.0,11899,13850.0,9835.0,12770.0,4230.0,8000.0,6530.0,24100.0,5410.0,145130.0,5229.0,25010.0,2815.0,17433.0,10706.0,5980.0,4245.0,24500,82900.0,14100.0,,16650.0,11495.0,2545.0,7441.0,2545.0,10550.0,2215.0,1000.0,26750.0,10850.0,14900.0,6120.0,,701.0,5190.0,3070.0,8470.0,3030.0,2688.0,98918.0,27200.0,4465.0,,7640.0,12841.0,3690.0,2870.0,1105.0,10800.0,4520,5440.0,1020.0,2070.0,2168.0,3777.0,2115.0,7840.0,2505.0,,7630.0,9000.0,5440.0,7990.0,2870.0,9780,3420.0,6970.0,4230.0,2010.0,37750.0,2815.0,9600.0,1956,12950.0,3980.0,7230.0,14150.0,2723.0,39102.0,,7906.0,9730.0,34194,538.0,,2285.0,64255.0,2600.0,8894.0,,5497.0,26387,1235.0,23722.0,4974.0,14102.0,35850.0,28400.0,1550.0,35050.0,3740.0,124470.0,860.0,59600.0,2755.0,52986.0,,155.0,8080.0,6553.0,5120.0,4000.0,16850.0,1800,5012.0,3625.0,8960.0,3110.0,4035.0,3935.0,2930,,5213.0,10230.0,,2030.0,31295.0,3980.0,10600.0,31050.0,2240.0,48150.0,5251.0,16950.0,10800.0,3240.0,5870.0,91384.0,11900.0,7850.0,8470.0,4099.0,2780.0,2022.0,7350.0,60000.0,17950.0,9609.0,15800.0,12826.0,3925.0,6919.0,34400.0,17400.0,30300.0,2826.0,9355.0,2990.0,8380.0,5806.0,9864.0,5785.0,8785.0,72277.0,5256.0,7680.0,3165.0,5310.0,2376.0,32716.0,6781.0,,3685.0,9373.0,24750.0,12750.0,3640.0,20800.0,52386.0,78321.0,8750.0,7750.0,7200.0,,5493.0,14700.0,59160.0,1960.0,3729.0,753.0,44605.0,3656.0,22600.0,13987.0,9463.0,5640.0,6450.0,1949.0,3040.0,52200.0,,2345.0,3570.0,8550.0,6253.0,13515.0,579625.0,2260.0,6500.0,1934.0,4798.0,,9440.0,11163.0,6690.0,3260.0,9070.0,14650.0,16500.0,,46895.0,12240.0,6157.0,17350.0,33300.0,35151.0,7850.0,68300.0,9415.0,36650.0,21000.0,12340.0,,3098.0,12908.0,1897.0,6212.0,2315.0,1470.0,22000.0,5422.0,5613.0,2995.0,35710.0,4960.0,8750.0,6416.0,3430.0,26350.0,,10300.0,5100.0,6700.0,8430.0,9038.0,4189.0,18032.0,58356.0,2990.0,5470.0,4405.0,6825.0,,20400.0,18720.0,26125.0,30676.0,2054.0,1370.0,16916.0,8550.0,11900.0,9925.0,3600.0,16050.0,11600.0,14250.0,7230.0,1645.0,2330.0,20100.0,5144.0,21077.0,11200.0,7710.0,24850.0,10400.0,18450.0,16839.0,11685.0,11921.0,6350.0,9500.0,33150.0,31500.0,15500.0,13000.0,13200.0,10300.0,10000.0,35226.0,7010.0,2900.0,3606.0,3787.0,29500.0,,2465.0,12125.0,16500.0,7170.0,78000.0,1275.0,6050.0,1822.0,8460.0,15317.0,10665.0,9402.0,7651.0,10599.0,3010.0,25985.0,6500.0,8020.0,14650.0,43320.0,3830.0,3340.0,30918.0,9926.0,7669.0,2050.0,8290.0,27000.0,5675.0,9234.0,2170.0,10700.0,71400.0,2660.0,14900.0,106000.0,34750.0,,27373.0,15850.0,10600.0,6996.0,7240.0,67600.0,,4500.0,2140.0,178000.0,12400.0,21129.0,38600.0,31492.0,7297.0,,7990.0,5500.0,,6175.0,7586.0,8676.0,24699.0,8810.0,12300.0,20202.0,8558.0,8287.0,28697.0,,331000.0,160500.0,28300.0,109500.0,12691.0,37497.0,7838.0,24845.0,16126.0,3715.0,,62200.0,2110.0,2205.0,11444.0,2273.0,52200.0,9554.0,2070.0,5500.0,6370.0,7125.0,13850.0,14279.0,8400.0,2851.0,7790.0,7090.0,,12600.0,2666.0,10426.0,,,,6312.0,,7575.0,8577.0,518.0,,413.0,,22510.0,12717.0,2555.0,,8015.0,3045.0,53785.0,411.0,857500.0,8775.0,7725.0,9900.0,4945.0,16050.0,8150.0,19000.0
2019-11-30,8190.0,9890.0,34674.0,157500.0,8225.0,5502.0,,6840.0,8710.0,9837.0,9101.0,58000.0,96704.0,80900.0,59459.0,39843.0,15450.0,37850.0,10154.0,4240.0,15100.0,10250.0,19000.0,2030.0,26888.0,32342.0,1132.0,2771.0,3668.0,3566.0,2290.0,4005.0,15850.0,5232.0,11774.0,10450.0,16200.0,6520.0,2280.0,3660.0,93800.0,23150.0,19356.0,2360.0,1830.0,17400.0,2290.0,44200.0,,18000.0,107000.0,166793.0,9120.0,67100.0,1910.0,2105.0,3990.0,16279.0,431000,3475.0,17550.0,5830.0,190514.0,21500.0,1920.0,11950.0,151000.0,18150.0,1376.0,9875.0,1645.0,2050.0,22900.0,6510.0,15375.0,4255.0,1500.0,3179.0,2650.0,330500.0,10900.0,11664.0,4430.0,47350.0,4800.0,12600.0,2930.0,7250.0,15299.0,1074000.0,8467.0,7040.0,7820.0,2630.0,6500.0,67071.0,76310.0,7930.0,2030.0,10791.0,43761.0,5620.0,1000.0,4050.0,35200.0,91000.0,11842.0,45383.0,16650.0,44950.0,8580.0,9500.0,5437.0,1190.0,,4320.0,281500.0,9520.0,3820.0,5150.0,,11500.0,14422.0,15350.0,45800.0,9030.0,4170.0,12700.0,85800.0,39400.0,8325.0,,3530.0,4500.0,61164.0,2805.0,7264.0,5550.0,996.0,14800.0,12050.0,7430.0,1875.0,469.0,7705.0,30100.0,9132.0,2595.0,16850.0,21700.0,134500.0,121000.0,3975.0,41350.0,230500.0,24850.0,90600.0,,5760.0,8880.0,7670.0,5890.0,10800.0,4235.0,10300.0,16856.0,14946.0,4712.0,,14300.0,4150.0,26450.0,4890.0,3580.0,44150.0,127000.0,30000.0,5910.0,30150.0,226156.0,4992.0,117500.0,8510.0,14980.0,4075.0,4910.0,2085.0,4810.0,29550.0,32586.0,2540.0,38700.0,,1865.0,557000.0,6068.0,7999.0,1179.0,40450.0,23829.0,3025.0,1225,35364.0,55250.0,8529.0,12650.0,9870.0,9510.0,2615.0,,10100.0,3570.0,3010.0,3845.0,2580.0,2770.0,34500.0,2060.0,1770.0,1863.0,63900.0,,36134.0,2006.0,2780.0,20350.0,111000.0,2990.0,1375.0,2560.0,63700.0,1930.0,15750.0,4315.0,43650.0,16250.0,13400.0,4800.0,4290.0,3608.0,8750.0,33300.0,4990.0,20017.0,49400.0,4215.0,2005.0,10080.0,6569.0,4355.0,8020.0,5000.0,2455.0,2825.0,3555.0,3605.0,2075.0,89200.0,4445.0,7760.0,122000.0,5675.0,1595.0,53200.0,2084.0,4245.0,5750.0,20250.0,1620.0,4315.0,7900.0,25865.0,1645.0,,17500.0,73100.0,7378.0,9340.0,763.0,1765.0,8275.0,35400.0,245000.0,5585.0,2690.0,7380.0,8710.0,7910.0,93600.0,6001.0,1410.0,4030.0,17850.0,4055.0,2410.0,1280.0,1258.0,20550.0,3220.0,4805.0,62558.0,3705.0,16794.0,4445.0,1115.0,13749.0,3890.0,3480.0,3405.0,6950.0,4230.0,9830.0,5310.0,3030.0,54325.0,2225.0,845.0,1200.0,2870.0,2790.0,35800,7600.0,6290,6410.0,3540.0,27900.0,3870.0,5550.0,2395.0,5760.0,,18390.0,7340.0,7350.0,16350.0,5800.0,7830.0,29600.0,1520.0,4417.0,2550.0,4600.0,71800.0,3990.0,4945.0,6000.0,60.0,47350.0,9050.0,7190.0,2055.0,48250.0,31050.0,195500.0,9040.0,8800.0,692.0,85222.0,6100.0,10039.0,1680.0,3515.0,2194.0,3650.0,9953.0,12180.0,2625.0,3850.0,31700.0,39300.0,7000.0,4679.0,25391.0,5025.0,1960.0,89600.0,6480.0,2180.0,9310.0,4910.0,3045.0,6200.0,9870.0,4800.0,,24850.0,18850.0,8100.0,3860.0,53000.0,30650.0,1470.0,5270.0,2620.0,,11007.0,1580.0,2840.0,1661.0,1730.0,1175.0,2215.0,6068.0,54050.0,,2157.0,3305.0,40950.0,3060.0,16490.0,1565.0,8170.0,2340.0,1650.0,6929.0,10950.0,,,4495.0,3950.0,25750.0,5570.0,1025.0,7638.0,532.0,18800.0,15110.0,149500.0,37350.0,23650.0,998.0,14382.0,4050.0,9768,11450.0,3350.0,2270.0,41350.0,1970.0,7930.0,,1795.0,1985.0,13250.0,2187.0,5728.0,1520.0,13400.0,7159.0,1035.0,4140.0,1230.0,7510.0,978.0,2230.0,7500.0,5200.0,4555.0,1682.0,10150.0,13045.0,18650.0,4655.0,707.0,9980.0,4425.0,23675.0,379.0,97800.0,6025.0,8960.0,4841.0,17300.0,13587.0,20150.0,257500.0,12136.0,19350.0,59700.0,6900.0,11125.0,8340.0,3375.0,172000.0,7380.0,11200.0,16100.0,3885.0,6370.0,31211.0,152600.0,5088.0,22200.0,3675.0,5000.0,2640.0,28950.0,4375.0,,2220.0,39000.0,15500.0,174000,,14900.0,8400.0,493000.0,4665.0,899.0,6130.0,6203.0,33769.0,6870.0,3935.0,5822.0,2125.0,3365.0,9070.0,5650.0,9190.0,6290.0,34100.0,1605.0,4230.0,7030.0,8025.0,4520.0,3650.0,8200.0,3485.0,4785.0,3990.0,7700.0,2540.0,90000.0,21915.0,1491.0,1765.0,5970.0,2310.0,16450.0,6080.0,7360,2995.0,,12900.0,41150.0,5280.0,1930.0,19585.0,7840.0,3700.0,18200.0,1215.0,6750,4465.0,38400.0,5080.0,3108.0,3745.0,22450.0,10000.0,24539.0,87716.0,1260.0,6040.0,14350.0,13857.0,23650.0,3650.0,23409.0,3120.0,6127.0,27150.0,4590.0,828.0,2123.0,2500.0,8410.0,,3845.0,3295.0,6000.0,8320.0,1361.0,1943.0,7540.0,190800.0,7885.0,1470.0,13350.0,6610.0,3265.0,10700.0,3451.0,2870.0,1510.0,26000.0,9280.0,2850,5670.0,4520,3655.0,2780.0,3678.0,13250.0,6450.0,2288.0,4460.0,18250.0,9810.0,,2830.0,37300.0,18810.0,4893.0,338740,6832.0,6420.0,5840.0,1535.0,4365.0,1855.0,2035.0,6950.0,14000.0,9075.0,7470.0,7810.0,3060.0,3521.0,4995.0,1810.0,8970.0,30929.0,704.0,12613.0,719,18050,3920.0,2943.0,4942.0,6350.0,,15500.0,4050.0,3915.0,25700.0,32180.0,1265000.0,45024,2290.0,10500.0,,12650.0,2800.0,3115.0,18900.0,14326.0,11950.0,5030.0,1140.0,7650.0,1455.0,1691.0,16200,6000.0,8900.0,1670.0,4831.0,2965.0,3665.0,8223.0,1790,14450.0,8500.0,1965,9300.0,,63100.0,,5950.0,2960.0,2020.0,129615.0,6680.0,10450.0,9290.0,10050.0,13074.0,12500.0,2625.0,19000.0,8700.0,21400.0,12400,2965.0,2376.0,8300.0,3745.0,16500.0,1911.0,7490.0,6672.0,1380,,11750.0,12434,1795.0,11813.0,3360,6570.0,79300.0,6190.0,3940.0,2165.0,2265.0,5120.0,5510.0,2284.0,2540.0,8270.0,11125.0,6318.0,4710.0,1830,3866.0,5900.0,7205.0,19700.0,,36518.0,,29900.0,28555.0,5440.0,2030.0,6650.0,5295.0,11690.0,4150.0,3205.0,15150.0,3000.0,21474.0,7000.0,6410.0,52000.0,6025.0,2055.0,22287.0,9390.0,52249.0,,4539.0,,3285.0,6283.0,1390.0,3095.0,1842.0,8190.0,3260.0,5990.0,8550.0,41300.0,2930.0,22300.0,5633.0,1635.0,3415.0,2058,6930.0,10600.0,,2150.0,7163.0,69900.0,17050.0,3695.0,9160.0,1909.0,2160.0,11550.0,67800.0,3355.0,3430.0,87700.0,3835.0,2600.0,3325.0,4200.0,7563.0,2403.0,,135300.0,21200.0,11950,27324.0,,8240.0,1760.0,15800.0,4055.0,21500.0,2320.0,7209.0,9300.0,132500.0,7556.0,4415.0,83200.0,6490.0,1950.0,5818.0,4605.0,2640.0,7020.0,2430.0,3405.0,17350.0,5980.0,2825.0,6675.0,11950.0,4259.0,8200.0,19000.0,27800.0,1900.0,54607.0,1245.0,,1950.0,12250.0,2448.0,2385.0,1895.0,6777.0,2130.0,3640.0,3155.0,6790.0,14500.0,20300.0,2610.0,29660.0,10200.0,9089.0,14950.0,33428,6979.0,47850.0,23291.0,5390.0,11984.0,13700.0,34250.0,3020.0,,2849.0,7300.0,6990.0,16600.0,2980.0,6010.0,2500,6557.0,16450.0,1910.0,7650.0,5040.0,1865.0,27400.0,2295.0,2715.0,,,3255.0,13494.0,5575.0,6283.0,8247.0,,,5010.0,5020.0,,3296.0,4395.0,6450.0,5324.0,,,,,,,9137.0,5530.0,3867.0,28388.0,27250.0,6950.0,7170.0,33800.0,2770.0,62159.0,10450.0,10250,13293.0,2005.0,3995.0,6530.0,5960.0,7090.0,,1970.0,1695.0,12400.0,15195.0,2488.0,6570.0,10084.0,,245744.0,2727.0,3440.0,,4640.0,18675.0,7110.0,6730.0,3855.0,17323.0,3475.0,16050.0,5266.0,15166.0,2360.0,9810.0,4590,19081.0,4990.0,3262.0,7190.0,6230.0,14250.0,1235.0,,16600.0,189000.0,20800.0,12250.0,2875.0,,8000,4590.0,,,,,7060.0,8100.0,11850.0,13890.0,43450.0,11402.0,18450.0,2175.0,4515.0,54600.0,3220.0,3815.0,5220.0,,24169.0,4640.0,17900.0,5690.0,1208.0,36150.0,7647.0,3140.0,3565.0,6740.0,5826.0,787.0,14200.0,3309.0,3010.0,5590.0,5770.0,6600.0,12046.0,3380.0,3960.0,,20850.0,37987.0,240.0,19500.0,14147.0,8375.0,1927,79067.0,5843.0,144148.0,4480.0,26950.0,7859.0,6970.0,248000.0,3235.0,2300.0,12861.0,2630.0,18100.0,1289.0,,8582.0,,21200.0,28100.0,2310.0,7760.0,2525.0,6587.0,1995,90191.0,6430.0,7789.0,4355.0,2182.0,8990.0,7460.0,2825.0,3712.0,14516.0,22850.0,914.0,3270.0,2902.0,4690.0,,,5460.0,10500.0,2125.0,6700.0,5165.0,4865.0,24950.0,12150.0,4470.0,7305.0,40950.0,9530.0,37500.0,13150.0,11004.0,57700.0,5170.0,4155.0,5653.0,7580.0,3214.0,9100.0,2330.0,8980.0,70684.0,7642.0,,19350.0,8200.0,14950.0,,13500.0,35550.0,2470.0,1815.0,16773.0,2890.0,19500.0,48102,7072.0,5240,4985.0,2465.0,43030.0,10259.0,14319,10500.0,12396.0,10770.0,4500.0,8000.0,6860.0,22600.0,5440.0,160458.0,6030.0,21230.0,3020.0,17702.0,10220.0,5860.0,4250.0,23050,80800.0,14850.0,,16000.0,13540.0,2650.0,6984.0,2585.0,12950.0,2170.0,1000.0,24850.0,10000.0,14400.0,5160.0,,701.0,5070.0,2910.0,10400.0,3810.0,2163.0,107891.0,26800.0,7210.0,,10300.0,12636.0,3620.0,3165.0,1190.0,11050.0,3695,4830.0,1030.0,1960.0,1922.0,3427.0,2275.0,8190.0,2445.0,,7550.0,8725.0,5020.0,8650.0,2575.0,9710,2520.0,6540.0,4375.0,2010.0,39700.0,2625.0,9440.0,1743,12200.0,3400.0,6520.0,11850.0,2790.0,37258.0,,7098.0,9980.0,30857,833.0,,2330.0,46664.0,2570.0,8186.0,,5942.0,23482,1915.0,25423.0,5286.0,10904.0,31600.0,29850.0,1670.0,32550.0,4200.0,129960.0,861.0,56200.0,3050.0,49513.0,,155.0,8090.0,6887.0,4960.0,3650.0,15950.0,1795,5032.0,3750.0,9000.0,2905.0,4565.0,4280.0,2940,,5213.0,9198.0,,2165.0,35495.0,4260.0,9900.0,33250.0,2030.0,47350.0,5385.0,15950.0,8130.0,3060.0,7710.0,97687.0,11250.0,7450.0,7550.0,3938.0,2780.0,1951.0,7950.0,67750.0,17525.0,15173.0,2430.0,11818.0,5310.0,6809.0,34050.0,17200.0,35850.0,2428.0,9492.0,2100.0,7600.0,5061.0,8569.0,5570.0,6765.0,69257.0,5231.0,6990.0,2880.0,5840.0,2074.0,29802.0,7750.0,,3670.0,12168.0,23250.0,11550.0,3425.0,21500.0,52386.0,79301.0,8700.0,5925.0,7660.0,,6100.0,13900.0,52440.0,1955.0,3638.0,753.0,37468.0,3411.0,23400.0,11785.0,10684.0,4845.0,6000.0,1322.0,2640.0,54510.0,,1810.0,3485.0,9570.0,6562.0,12345.0,572352.0,2152.0,5990.0,1977.0,5202.0,,9640.0,11395.0,6450.0,3013.0,8690.0,14500.0,16050.0,13950.0,54811.0,12240.0,6201.0,17350.0,33700.0,36951.0,8575.0,74400.0,9995.0,37200.0,18700.0,9295.0,,2548.0,13505.0,2134.0,6103.0,1895.0,1440.0,20300.0,5318.0,5242.0,2810.0,32587.0,4920.0,7310.0,7767.0,2965.0,23150.0,,11550.0,4870.0,6320.0,9270.0,9400.0,5505.0,20458.0,60566.0,2990.0,5090.0,5000.0,6175.0,,18400.0,16850.0,30875.0,26911.0,2265.0,1270.0,17266.0,7880.0,12150.0,8150.0,3480.0,19000.0,11800.0,14500.0,7800.0,1703.0,1980.0,18250.0,4656.0,20367.0,9700.0,6200.0,29200.0,10300.0,24700.0,15611.0,12531.0,11946.0,4735.0,10500.0,30500.0,31300.0,16500.0,11300.0,12850.0,9320.0,9250.0,40162.0,7760.0,2800.0,3500.0,3325.0,33350.0,10200.0,2270.0,14450.0,20400.0,7145.0,76200.0,1280.0,5710.0,1813.0,7959.0,16508.0,9905.0,8119.0,6629.0,10599.0,2710.0,22412.0,7390.0,7640.0,14700.0,37060.0,3660.0,3260.0,24382.0,8525.0,7590.0,2025.0,8410.0,28750.0,5125.0,9010.0,2170.0,11400.0,71000.0,2660.0,13350.0,103000.0,34950.0,9031.0,23259.0,15800.0,10475.0,6174.0,6620.0,53600.0,12150.0,4500.0,2140.0,168000.0,12300.0,19818.0,45150.0,46837.0,7679.0,,7310.0,4765.0,7658.0,6200.0,6940.0,8032.0,21100.0,8454.0,12600.0,20339.0,9184.0,8016.0,25637.0,3811.0,282000.0,159000.0,25350.0,103500.0,12851.0,31628.0,5687.0,25220.0,14273.0,3477.0,15887.0,60700.0,2080.0,2320.0,11124.0,2235.0,49150.0,8599.0,2045.0,3395.0,9530.0,6275.0,11900.0,17250.0,8400.0,2622.0,6520.0,7420.0,,11450.0,2608.0,10376.0,17150.0,13950.0,,6312.0,1778.0,7722.0,9155.0,518.0,,453.0,,22510.0,12789.0,2592.0,,7494.0,2400.0,57290.0,380.0,725000.0,9600.0,9026.0,10100.0,4395.0,16050.0,7770.0,16400.0
2019-12-31,8310.0,9280.0,39657.0,155000.0,8025.0,5891.0,,8090.0,8880.0,10686.0,9627.0,58500.0,101422.0,94100.0,60778.0,41157.0,15500.0,40000.0,10179.0,4005.0,15350.0,10350.0,27600.0,2000.0,26650.0,27828.0,1130.0,2870.0,3790.0,3456.0,2400.0,4030.0,15250.0,5323.0,12025.0,10750.0,15300.0,7780.0,2400.0,3605.0,101000.0,23200.0,19089.0,2745.0,1995.0,17800.0,2265.0,52300.0,,17550.0,103500.0,169695.0,8930.0,59900.0,1980.0,2030.0,4030.0,15240.0,413000,3605.0,17050.0,6000.0,205000.0,22650.0,3270.0,11650.0,149500.0,17000.0,1484.0,9525.0,1855.0,2040.0,23100.0,6820.0,15900.0,4340.0,1495.0,4363.0,2660.0,323000.0,11500.0,11985.0,4315.0,47400.0,4460.0,12950.0,3490.0,7160.0,15614.0,1060000.0,8224.0,6210.0,8570.0,2590.0,6630.0,69716.0,78561.0,8090.0,2135.0,10537.0,44807.0,5310.0,998.0,3990.0,34950.0,89500.0,12482.0,43693.0,16000.0,45150.0,9040.0,9510.0,5359.0,1425.0,,4187.0,289000.0,8450.0,3745.0,5230.0,,11500.0,15140.0,15550.0,45550.0,9010.0,4180.0,12550.0,84500.0,39000.0,8807.0,,3850.0,4210.0,60933.0,2920.0,7663.0,5500.0,987.0,14800.0,11900.0,6980.0,1817.0,469.0,8791.0,30500.0,8492.0,2595.0,18200.0,22250.0,140000.0,120500.0,5266.0,45200.0,236500.0,24950.0,87200.0,,6100.0,9020.0,8490.0,6050.0,10400.0,4175.0,10000.0,17382.0,14467.0,4802.0,,19600.0,4430.0,26150.0,5150.0,3665.0,47800.0,132500.0,31050.0,5990.0,30450.0,231051.0,5685.0,117500.0,7990.0,15500.0,3980.0,5250.0,2035.0,5150.0,29400.0,33570.0,2420.0,37300.0,,1925.0,554000.0,5878.0,8194.0,1095.0,40750.0,25228.0,3035.0,1225,36450.0,56000.0,7971.0,11500.0,11950.0,11000.0,2645.0,,10050.0,3655.0,3230.0,3915.0,2560.0,2725.0,35500.0,2050.0,1770.0,1909.0,63400.0,,36229.0,1932.0,2750.0,20600.0,125000.0,2945.0,1535.0,2485.0,62200.0,1845.0,15950.0,4820.0,46600.0,15300.0,15400.0,4780.0,4225.0,3069.0,8850.0,32850.0,4735.0,21500.0,48200.0,4045.0,2200.0,10920.0,6863.0,4425.0,8400.0,4990.0,3325.0,2760.0,3270.0,3600.0,2085.0,95300.0,4450.0,7920.0,140000.0,5625.0,1385.0,50200.0,2368.0,4250.0,6150.0,18100.0,1485.0,4255.0,7960.0,24000.0,1670.0,,17900.0,77500.0,7626.0,9500.0,880.0,1629.0,8125.0,36650.0,256000.0,6814.0,2659.0,7740.0,8970.0,7100.0,93700.0,6535.0,1280.0,3980.0,19200.0,4085.0,2438.0,1270.0,1295.0,20250.0,4075.0,4915.0,64220.0,3720.0,17440.0,4410.0,1110.0,13358.0,3815.0,3485.0,3445.0,7190.0,4345.0,10350.0,5290.0,3000.0,54036.0,2150.0,800.0,1416.0,2885.0,2589.0,35700,7480.0,5260,6550.0,3750.0,27800.0,5070.0,5710.0,2495.0,5650.0,,19232.0,7800.0,7380.0,15450.0,5950.0,8330.0,29500.0,1465.0,4553.0,2405.0,4990.0,70600.0,3960.0,4855.0,6275.0,,45550.0,11250.0,7520.0,2155.0,48300.0,30700.0,194500.0,9000.0,8360.0,697.0,84600.0,6251.0,10364.0,1685.0,3660.0,2229.0,3535.0,9443.0,12200.0,2640.0,3480.0,31550.0,42750.0,6875.0,5104.0,25773.0,4970.0,1940.0,93100.0,6500.0,2725.0,9310.0,5290.0,3020.0,6140.0,10200.0,5030.0,,24850.0,19000.0,8210.0,3720.0,51100.0,31650.0,1435.0,5360.0,2660.0,,11283.0,1660.0,2825.0,1692.0,1685.0,1245.0,2230.0,5778.0,52446.0,,2319.0,3235.0,42750.0,3045.0,13789.0,1780.0,8160.0,2330.0,1880.0,6789.0,10400.0,,,5230.0,3840.0,23350.0,5600.0,1125.0,7700.0,486.0,19200.0,15710.0,148600.0,36900.0,24050.0,998.0,13226.0,5460.0,10154,11100.0,3300.0,2195.0,46950.0,2020.0,8540.0,,1855.0,2000.0,14300.0,2214.0,5761.0,1605.0,14200.0,7625.0,979.0,4365.0,1290.0,6730.0,953.0,2175.0,7710.0,5700.0,4625.0,1575.0,10600.0,14040.0,18350.0,4960.0,946.0,10550.0,4635.0,22825.0,413.0,93800.0,6050.0,8490.0,5071.0,20800.0,15020.0,20900.0,262000.0,10024.0,18900.0,58500.0,6550.0,10850.0,8990.0,3310.0,186500.0,253.0,10750.0,17000.0,4040.0,7150.0,30810.0,159600.0,4973.0,24150.0,3750.0,5210.0,2140.0,29500.0,5430.0,,2220.0,38550.0,15900.0,185500,,15450.0,8500.0,541000.0,4600.0,840.0,5730.0,7618.0,40436.0,6940.0,4210.0,6243.0,2090.0,3445.0,8630.0,6100.0,9840.0,6050.0,32800.0,1890.0,4235.0,3805.0,7825.0,4340.0,3790.0,8670.0,3505.0,4480.0,3980.0,8020.0,2635.0,103300.0,23267.0,1188.0,1785.0,6180.0,2305.0,20600.0,5880.0,7360,3045.0,,13650.0,42000.0,5490.0,2050.0,20425.0,7570.0,3710.0,19650.0,1625.0,6950,4430.0,38450.0,5100.0,4325.0,3510.0,23650.0,10450.0,25667.0,78104.0,1320.0,6340.0,14100.0,14007.0,24950.0,3515.0,24742.0,4050.0,5492.0,29200.0,4260.0,823.0,2333.0,2785.0,8630.0,,3525.0,3661.0,7175.0,8690.0,1298.0,1943.0,7730.0,141000.0,7823.0,1440.0,13450.0,6710.0,3375.0,12300.0,3778.0,3175.0,1745.0,27600.0,9200.0,2790,6300.0,4435,3545.0,2985.0,3816.0,16250.0,6940.0,2353.0,4740.0,18650.0,10200.0,,2820.0,34050.0,18240.0,5003.0,358670,6620.0,5950.0,5330.0,1530.0,4055.0,1830.0,2160.0,6750.0,14850.0,10550.0,7470.0,8550.0,3240.0,3508.0,4940.0,1730.0,8500.0,33762.0,652.0,15184.0,719,20350,5490.0,3044.0,5263.0,7450.0,,17050.0,5375.0,4420.0,28650.0,42460.0,1261000.0,12682,2420.0,10525.0,,12850.0,2910.0,3095.0,20050.0,17662.0,12500.0,5270.0,1285.0,7900.0,1455.0,1636.0,14840,5760.0,8720.0,1820.0,5148.0,3265.0,3785.0,8845.0,1970,16100.0,7900.0,904,9600.0,,65500.0,,5866.0,3060.0,2205.0,109080.0,6680.0,10550.0,10200.0,10400.0,12123.0,12000.0,2780.0,19750.0,8625.0,22000.0,6600,3000.0,2204.0,8840.0,3880.0,16500.0,1836.0,7490.0,6389.0,1585,,12150.0,10594,1710.0,12874.0,3190,7080.0,78600.0,6960.0,4250.0,2260.0,2300.0,5770.0,5420.0,2574.0,2785.0,8320.0,12731.0,5795.0,4745.0,1830,4151.0,5920.0,6920.0,22950.0,,39820.0,,30250.0,29500.0,5740.0,2030.0,7800.0,6296.0,11564.0,4665.0,3165.0,15600.0,3045.0,19672.0,7000.0,6790.0,65900.0,7600.0,2170.0,23554.0,10050.0,52249.0,,4653.0,,3500.0,8554.0,1500.0,3380.0,1756.0,8330.0,3280.0,5940.0,18300.0,42900.0,2840.0,23400.0,5543.0,1635.0,3650.0,1813,7500.0,13500.0,,1960.0,6364.0,72100.0,17050.0,3740.0,8380.0,1865.0,2305.0,12800.0,68900.0,3632.0,3827.0,82600.0,3450.0,3065.0,3260.0,4375.0,7543.0,2630.0,,147352.0,25350.0,11800,32202.0,,7800.0,1760.0,16300.0,4047.0,21150.0,3660.0,6299.0,9300.0,137500.0,8046.0,4550.0,83100.0,6000.0,1915.0,5858.0,5390.0,2965.0,7370.0,2385.0,3055.0,18000.0,5170.0,3010.0,6445.0,11850.0,4220.0,8525.0,17500.0,33200.0,2020.0,45947.0,1195.0,,1955.0,15600.0,2456.0,2435.0,1935.0,8595.0,2225.0,3825.0,3335.0,6780.0,13300.0,20150.0,2995.0,30804.0,10250.0,11933.0,17800.0,36869,7468.0,51600.0,21896.0,5460.0,11984.0,13350.0,31600.0,3575.0,,3011.0,8280.0,7645.0,16250.0,2630.0,6090.0,2720,6421.0,18200.0,1155.0,8100.0,4870.0,1860.0,27950.0,2350.0,2730.0,,,3506.0,9954.0,5600.0,6762.0,9530.0,,,5000.0,5000.0,,3455.0,5111.0,8490.0,5718.0,,,,,,,9870.0,6210.0,4021.0,31957.0,27250.0,6740.0,7140.0,42450.0,2750.0,63391.0,11300.0,9130,13339.0,2125.0,3800.0,6280.0,5620.0,5200.0,,1895.0,5810.0,14350.0,17838.0,2850.0,6780.0,14545.0,,251399.0,2802.0,3880.0,,3970.0,28800.0,6800.0,6240.0,3705.0,22179.0,3570.0,18050.0,7038.0,18577.0,2390.0,9150.0,5809,20496.0,5400.0,3308.0,8730.0,7540.0,15250.0,1230.0,,17400.0,200000.0,21950.0,13850.0,2725.0,,6480,5500.0,,,,,8470.0,8250.0,13200.0,14490.0,49070.0,11795.0,18550.0,2070.0,4810.0,54400.0,3415.0,3775.0,5053.0,,24758.0,4815.0,18500.0,5590.0,1287.0,36450.0,7979.0,3125.0,3620.0,7340.0,6277.0,787.0,16700.0,3663.0,3365.0,5420.0,5820.0,6700.0,12479.0,3830.0,4330.0,,25000.0,45396.0,263.0,18750.0,15404.0,8700.0,1685,67202.0,5721.0,147592.0,4985.0,37750.0,10903.0,6500.0,252500.0,4855.0,2370.0,12861.0,2990.0,19450.0,1549.0,,8007.0,,20700.0,31500.0,2575.0,7770.0,2515.0,7186.0,2045,74783.0,8280.0,8201.0,4240.0,2473.0,12200.0,7180.0,2720.0,3645.0,15693.0,28600.0,914.0,3320.0,2859.0,3990.0,,,5650.0,11800.0,2215.0,6700.0,5165.0,4730.0,30350.0,15100.0,4200.0,7538.0,41100.0,9990.0,39800.0,13900.0,12075.0,54700.0,5020.0,4155.0,8237.0,7780.0,3533.0,9100.0,2120.0,9635.0,95402.0,6103.0,,18950.0,8460.0,14500.0,,14350.0,34250.0,2470.0,1815.0,18031.0,2925.0,19450.0,46927,4627.0,3210,5330.0,3381.0,47970.0,13065.0,14420,10600.0,13356.0,12220.0,4500.0,8000.0,7450.0,23350.0,5240.0,139407.0,5354.0,31670.0,2930.0,18293.0,10102.0,7120.0,4490.0,23850,82600.0,14950.0,,16700.0,11536.0,2350.0,7491.0,2690.0,13800.0,2055.0,1000.0,27350.0,10400.0,15100.0,6020.0,,701.0,4920.0,2940.0,10850.0,3840.0,1637.0,105297.0,29350.0,6850.0,2602.0,12900.0,13183.0,3410.0,3540.0,1280.0,12500.0,4060,4815.0,800.0,1970.0,2088.0,3602.0,2215.0,8260.0,2480.0,,7730.0,8975.0,5090.0,13800.0,2660.0,10850,2525.0,6340.0,4460.0,2010.0,44250.0,2825.0,9390.0,1836,13300.0,3490.0,7210.0,15950.0,2779.0,49450.0,,7149.0,11100.0,34194,882.0,,2390.0,63855.0,2450.0,8502.0,,5584.0,17465,1355.0,26424.0,5423.0,12630.0,25550.0,31000.0,2530.0,37900.0,4235.0,135621.0,922.0,53800.0,2950.0,48937.0,,155.0,7690.0,7459.0,5380.0,3680.0,16150.0,1795,4180.0,5375.0,9040.0,3000.0,7080.0,4590.0,2915,,5213.0,8167.0,,2150.0,31755.0,3970.0,11000.0,33550.0,2295.0,47250.0,5415.0,18950.0,7190.0,3030.0,8190.0,107141.0,12650.0,7670.0,7870.0,3875.0,2810.0,1985.0,8420.0,69125.0,20050.0,15237.0,2170.0,12876.0,5430.0,6781.0,35000.0,18500.0,40000.0,2469.0,9809.0,2835.0,7600.0,5694.0,10850.0,5065.0,7775.0,76879.0,5660.0,7220.0,2670.0,5700.0,2228.0,33179.0,4650.0,,3780.0,11980.0,23450.0,11200.0,3655.0,21000.0,52386.0,78321.0,8675.0,6275.0,7290.0,,5210.0,15800.0,45390.0,1895.0,3696.0,753.0,39847.0,4232.0,23150.0,17105.0,12052.0,4935.0,5750.0,1367.0,2790.0,53460.0,,1060.0,3565.0,9650.0,7612.0,12180.0,629806.0,2200.0,5900.0,3002.0,4964.0,,10100.0,11221.0,7030.0,3026.0,8200.0,14450.0,14950.0,18600.0,53342.0,12240.0,6061.0,21900.0,36400.0,36618.0,8950.0,68900.0,10140.0,41500.0,20400.0,9327.0,,1720.0,15798.0,2027.0,5936.0,1965.0,1390.0,19600.0,5615.0,4938.0,2890.0,35954.0,5480.0,7730.0,7196.0,3165.0,27850.0,,14850.0,4920.0,6570.0,7770.0,11797.0,9060.0,18348.0,57692.0,2990.0,5300.0,5100.0,6375.0,,19300.0,16175.0,25250.0,29794.0,2135.0,1330.0,21220.0,7360.0,11950.0,9700.0,3120.0,21450.0,13250.0,16500.0,8020.0,1947.0,1355.0,19800.0,4501.0,19555.0,10550.0,5750.0,33850.0,10700.0,29800.0,11163.0,11865.0,13625.0,4585.0,13000.0,35850.0,34350.0,16950.0,11350.0,15400.0,10300.0,8910.0,44743.0,7670.0,3800.0,3535.0,3450.0,34000.0,4400.0,2275.0,12550.0,18400.0,7305.0,80900.0,1360.0,5480.0,1776.0,7784.0,18402.0,8355.0,9050.0,6996.0,10599.0,2900.0,21083.0,8600.0,8340.0,19450.0,37040.0,4490.0,3670.0,25752.0,9476.0,8691.0,1990.0,8690.0,33600.0,4810.0,11550.0,2040.0,12100.0,72200.0,2660.0,13950.0,105500.0,36200.0,9254.0,26025.0,15750.0,10425.0,6277.0,6800.0,61600.0,11425.0,4500.0,2020.0,169500.0,12350.0,21523.0,43200.0,42701.0,9229.0,13914.0,8020.0,4665.0,5681.0,6900.0,8264.0,9304.0,22450.0,8378.0,14600.0,20567.0,17317.0,7359.0,23783.0,3941.0,289000.0,154500.0,26650.0,111000.0,11625.0,30324.0,5970.0,27920.0,15300.0,3640.0,20135.0,60900.0,2065.0,1920.0,11044.0,2191.0,50400.0,8553.0,2030.0,5490.0,9840.0,6325.0,11750.0,17427.0,8380.0,2808.0,6720.0,6470.0,6550.0,11700.0,2570.0,10481.0,17650.0,17250.0,5696.0,5982.0,1773.0,8595.0,9806.0,518.0,,427.0,,22510.0,12680.0,2375.0,,7033.0,2320.0,53285.0,313.0,725000.0,9300.0,8585.0,10250.0,4420.0,16050.0,8590.0,16000.0
2020-01-31,7910.0,9120.0,36554.0,146000.0,7675.0,5943.0,,9900.0,8010.0,9127.0,9169.0,54400.0,88591.0,93500.0,58988.0,37168.0,14450.0,38600.0,9629.0,3410.0,14250.0,9520.0,27350.0,2095.0,26380.0,21657.0,934.0,3710.0,3514.0,3225.0,2400.0,4040.0,12900.0,5177.0,10499.0,10450.0,14000.0,6600.0,2445.0,3235.0,112500.0,20950.0,18600.0,2445.0,1900.0,15550.0,2270.0,54500.0,,15350.0,101500.0,135342.0,8030.0,61700.0,1985.0,1930.0,3930.0,13349.0,360000,3055.0,16200.0,6970.0,201500.0,23350.0,2955.0,10800.0,137500.0,16050.0,1500.0,9970.0,1820.0,2220.0,22350.0,6750.0,16000.0,4020.0,1455.0,3619.0,2505.0,299500.0,9470.0,11485.0,4025.0,40500.0,4200.0,11450.0,3315.0,6760.0,14306.0,933000.0,7109.0,5970.0,7780.0,2365.0,5580.0,66410.0,72708.0,7000.0,1975.0,9901.0,52222.0,5030.0,1175.0,3990.0,37700.0,83200.0,10226.0,40860.0,14400.0,39050.0,8810.0,9590.0,5256.0,1225.0,,3733.0,267000.0,8290.0,3810.0,4935.0,,10050.0,17685.0,13150.0,43900.0,8220.0,4035.0,12450.0,78500.0,37950.0,8620.0,,4415.0,4025.0,54848.0,3115.0,6269.0,5190.0,832.0,13550.0,11200.0,6360.0,1651.0,429.0,10273.0,28000.0,8868.0,2420.0,16950.0,20450.0,124000.0,125000.0,7649.0,37950.0,221000.0,23650.0,76200.0,,5910.0,8340.0,7820.0,5750.0,10100.0,3970.0,9700.0,17909.0,13351.0,4159.0,,22700.0,4260.0,23300.0,4670.0,3540.0,39850.0,123500.0,28000.0,6100.0,28400.0,270213.0,5922.0,93500.0,7290.0,16685.0,3725.0,4930.0,1935.0,4605.0,29500.0,33912.0,2255.0,33100.0,,1685.0,507000.0,5798.0,7848.0,1132.0,38550.0,26906.0,2755.0,1225,32111.0,50750.0,7440.0,11400.0,9930.0,8930.0,2350.0,,9700.0,3605.0,4015.0,3920.0,2350.0,2610.0,36000.0,1920.0,1770.0,1970.0,61200.0,,30418.0,1830.0,2560.0,19350.0,125000.0,2560.0,1560.0,2560.0,71300.0,1660.0,16300.0,4860.0,41100.0,13350.0,15650.0,4220.0,3900.0,4730.0,8980.0,30350.0,4440.0,19218.0,41450.0,3640.0,1930.0,10540.0,6277.0,4060.0,8510.0,4715.0,3167.0,2960.0,3310.0,3640.0,2060.0,76200.0,4055.0,8000.0,152000.0,6075.0,1350.0,42850.0,2519.0,3655.0,5990.0,18150.0,1785.0,4240.0,7170.0,20015.0,1510.0,,15900.0,65400.0,6827.0,8890.0,790.0,1626.0,7425.0,38050.0,229500.0,6139.0,3120.0,8290.0,8790.0,6000.0,91100.0,6855.0,1570.0,3440.0,15700.0,3900.0,2273.0,1185.0,1261.0,17850.0,3390.0,5270.0,74047.0,4260.0,26210.0,4575.0,1410.0,11167.0,3440.0,3280.0,3370.0,10300.0,4055.0,9490.0,4805.0,2690.0,50857.0,1980.0,760.0,1462.0,2820.0,2345.0,34600,7260.0,4930,6060.0,3630.0,25350.0,4585.0,5360.0,2255.0,4975.0,,16812.0,7190.0,6270.0,15050.0,6420.0,8180.0,28550.0,2010.0,4347.0,2350.0,4760.0,72500.0,3720.0,4225.0,7775.0,,40548.0,10550.0,8620.0,2050.0,44550.0,30300.0,194000.0,9760.0,7730.0,694.0,75500.0,5920.0,9760.0,1730.0,3855.0,2085.0,2765.0,8587.0,11360.0,2770.0,3270.0,27400.0,48000.0,6475.0,5004.0,21763.0,4825.0,1870.0,87800.0,6030.0,2660.0,9310.0,4940.0,2865.0,6550.0,10100.0,4155.0,,24700.0,17900.0,8440.0,3655.0,50000.0,30800.0,1380.0,6200.0,2635.0,,10657.0,1520.0,2605.0,1630.0,1530.0,1205.0,2185.0,6089.0,50748.0,,2103.0,3110.0,38250.0,2790.0,12963.0,1600.0,7750.0,2340.0,1745.0,6829.0,9070.0,,,4435.0,4695.0,23050.0,5130.0,989.0,7416.0,279.0,17250.0,15135.0,130900.0,34000.0,21150.0,998.0,12776.0,5250.0,7123,10750.0,4505.0,2430.0,37600.0,2040.0,8420.0,,1895.0,2000.0,12850.0,2247.0,5473.0,1510.0,13250.0,7592.0,905.0,5570.0,1130.0,5500.0,680.0,2165.0,7740.0,5225.0,4705.0,1848.0,10000.0,12490.0,16500.0,4710.0,850.0,9690.0,4555.0,22750.0,239.0,95100.0,5550.0,8230.0,4850.0,21900.0,14234.0,22200.0,235500.0,9375.0,23250.0,58400.0,5890.0,10075.0,7350.0,3065.0,179500.0,,11300.0,17750.0,3900.0,7800.0,31913.0,138200.0,4599.0,24700.0,3300.0,5180.0,1885.0,27750.0,6030.0,,2220.0,39200.0,15700.0,156300,,15050.0,7830.0,636000.0,4040.0,915.0,5710.0,8316.0,46959.0,6200.0,4130.0,5871.0,1970.0,3365.0,8730.0,6400.0,9300.0,5120.0,32700.0,1805.0,4035.0,3410.0,7450.0,4110.0,3175.0,8050.0,3530.0,4600.0,3805.0,7510.0,2495.0,105000.0,18488.0,1002.0,1700.0,5960.0,2200.0,17650.0,5470.0,7360,3060.0,,11550.0,38000.0,5720.0,2000.0,31025.0,7450.0,3640.0,15700.0,1355.0,6470,4180.0,32850.0,4725.0,3259.0,3340.0,21050.0,9800.0,24715.0,80106.0,1245.0,6690.0,13700.0,12731.0,22900.0,3215.0,21943.0,4350.0,4298.0,31100.0,9210.0,801.0,2073.0,2645.0,8000.0,,3055.0,3808.0,6825.0,8230.0,1111.0,1943.0,6980.0,149100.0,6521.0,1380.0,11850.0,6600.0,9600.0,11850.0,3630.0,2985.0,1670.0,30050.0,8780.0,2970,7950.0,4170,3190.0,2725.0,3528.0,14400.0,6670.0,2029.0,4350.0,16850.0,8970.0,,2570.0,30100.0,18165.0,4644.0,360370,5559.0,6170.0,4815.0,1450.0,3950.0,1810.0,1710.0,6300.0,14950.0,9850.0,7470.0,7930.0,3090.0,3210.0,4745.0,1590.0,12800.0,27866.0,653.0,15576.0,719,16750,4890.0,2539.0,5312.0,6170.0,,13300.0,4580.0,4360.0,25700.0,50965.0,1258000.0,11969,2770.0,10450.0,,12000.0,3835.0,3085.0,19700.0,15636.0,11150.0,5180.0,1170.0,7250.0,1680.0,1671.0,19660,5600.0,8670.0,1760.0,4583.0,3300.0,3575.0,9224.0,1725,16500.0,8060.0,842,8520.0,,65700.0,,5623.0,2750.0,2455.0,97110.0,6680.0,10600.0,10600.0,10750.0,15354.0,11650.0,2875.0,17750.0,7100.0,20200.0,6730,2730.0,2120.0,8700.0,2960.0,16500.0,1686.0,8343.0,6955.0,1280,,10700.0,10149,1540.0,16318.0,3450,6500.0,71500.0,5600.0,3580.0,2065.0,2095.0,6440.0,4480.0,2682.0,2760.0,7340.0,13877.0,6009.0,4640.0,1830,3585.0,5560.0,6510.0,20000.0,,40620.0,,28050.0,28350.0,5580.0,1645.0,7560.0,5237.0,9347.0,3920.0,3020.0,14250.0,3000.0,16441.0,7000.0,7560.0,60000.0,6475.0,2640.0,21460.0,8820.0,52249.0,,5063.0,,3205.0,9853.0,1365.0,3105.0,1697.0,10550.0,3710.0,5910.0,44500.0,33800.0,2700.0,23750.0,5163.0,1635.0,8530.0,1243,7090.0,17550.0,,1680.0,3836.0,65900.0,16150.0,3560.0,7630.0,2149.0,2320.0,11100.0,54000.0,3423.0,4190.0,77700.0,3160.0,2900.0,2880.0,4240.0,7877.0,2211.0,,134326.0,20700.0,11000,33941.0,,7570.0,1620.0,14650.0,4115.0,19500.0,2010.0,6245.0,9300.0,118000.0,6950.0,4325.0,78000.0,5350.0,1800.0,5889.0,6030.0,2975.0,6900.0,2412.0,2685.0,18000.0,4610.0,4940.0,5675.0,11450.0,4360.0,6825.0,14950.0,30200.0,1720.0,43541.0,1650.0,,1715.0,15150.0,2373.0,2415.0,1770.0,6875.0,2225.0,3915.0,3335.0,6520.0,12300.0,26550.0,2625.0,28648.0,9840.0,13237.0,18550.0,32838,6463.0,45700.0,16636.0,5280.0,11984.0,11150.0,27850.0,3090.0,,3146.0,9070.0,7080.0,15600.0,2495.0,5690.0,2710,6521.0,14750.0,1175.0,8160.0,4680.0,1995.0,26950.0,2170.0,2870.0,,,3185.0,9218.0,5525.0,8554.0,9350.0,,,5020.0,5000.0,,3365.0,7316.0,10250.0,13821.0,,,,,,,8336.0,5750.0,3660.0,27683.0,26350.0,5930.0,7020.0,59200.0,2385.0,52791.0,10750.0,7490,12370.0,1945.0,3810.0,6500.0,5810.0,4740.0,,1900.0,6800.0,15750.0,17617.0,2602.0,7750.0,9057.0,,271450.0,2802.0,3265.0,,3595.0,15375.0,6140.0,6000.0,3435.0,22398.0,3170.0,15450.0,8607.0,16916.0,2225.0,8110.0,6292,16787.0,7060.0,3034.0,8380.0,8500.0,15500.0,1245.0,,16200.0,188000.0,21200.0,11400.0,2397.0,,5780,5750.0,,,,,7570.0,8930.0,11150.0,11890.0,52958.0,10938.0,18500.0,1910.0,4635.0,50600.0,3340.0,3730.0,4587.0,,20815.0,4985.0,15050.0,5350.0,1182.0,45850.0,8223.0,3050.0,3670.0,6330.0,6972.0,787.0,15400.0,3944.0,3410.0,4810.0,6910.0,5700.0,10944.0,3025.0,3825.0,,23850.0,36898.0,236.0,17450.0,15127.0,10125.0,1618,56227.0,4929.0,127913.0,4300.0,35350.0,8848.0,6150.0,237500.0,4570.0,2455.0,11535.0,2525.0,18950.0,1319.0,,8532.0,,22450.0,35850.0,2255.0,7160.0,2390.0,6079.0,2040,61254.0,7770.0,9035.0,4310.0,4712.0,15300.0,6950.0,2655.0,2804.0,13633.0,27850.0,914.0,3025.0,3020.0,3570.0,,,5640.0,12600.0,2645.0,6700.0,4513.0,4360.0,26000.0,14100.0,3760.0,7505.0,40750.0,10450.0,37100.0,13400.0,10906.0,48850.0,4660.0,4155.0,4057.0,7560.0,3469.0,7660.0,2895.0,9134.0,85415.0,6158.0,,17000.0,9150.0,14400.0,,13100.0,30900.0,2470.0,1815.0,17461.0,2750.0,18300.0,44479,5220.0,2000,4855.0,3502.0,42340.0,10002.0,14067,9500.0,11392.0,10440.0,4020.0,8000.0,6400.0,20200.0,4995.0,134908.0,4834.0,40250.0,2815.0,18638.0,9880.0,6940.0,4220.0,24250,78200.0,15000.0,,15750.0,10513.0,1495.0,7982.0,2690.0,9960.0,2090.0,1000.0,31600.0,9330.0,13450.0,6120.0,,701.0,4530.0,2745.0,12900.0,3340.0,1656.0,97297.0,27600.0,5560.0,1899.0,13000.0,12670.0,3800.0,3383.0,1225.0,12150.0,3670,4135.0,626.0,1855.0,2250.0,3417.0,2150.0,8220.0,2420.0,,7670.0,8925.0,6780.0,14800.0,2765.0,10850,2815.0,6740.0,4435.0,2010.0,46400.0,2610.0,8690.0,1788,13500.0,3150.0,7300.0,12700.0,2815.0,42550.0,,6113.0,10550.0,28495,781.0,,2595.0,55109.0,2190.0,7869.0,,5235.0,11482,1870.0,21119.0,4381.0,12144.0,23100.0,28800.0,2295.0,31600.0,4210.0,149125.0,888.0,48650.0,2620.0,51182.0,,155.0,7490.0,7020.0,5000.0,3780.0,15000.0,1750,4180.0,5450.0,8200.0,2805.0,8230.0,4300.0,2910,,5213.0,6387.0,,2110.0,32275.0,4550.0,11650.0,28700.0,1850.0,42250.0,5719.0,17750.0,5700.0,3885.0,9300.0,84722.0,12200.0,6590.0,6550.0,3845.0,2770.0,2269.0,7660.0,65625.0,15850.0,12560.0,2035.0,10568.0,4405.0,9747.0,38950.0,16800.0,41000.0,2607.0,8683.0,1985.0,6700.0,5530.0,8970.0,4915.0,6193.0,73629.0,5130.0,6840.0,2635.0,5390.0,2348.0,27071.0,7750.0,,4310.0,10263.0,19300.0,10950.0,3440.0,21300.0,52386.0,67048.0,8850.0,5325.0,7700.0,,3955.0,17850.0,30990.0,1910.0,3715.0,753.0,31817.0,4483.0,20050.0,25451.0,11301.0,4975.0,5360.0,1299.0,2490.0,51150.0,,1225.0,4520.0,13900.0,6639.0,13115.0,704713.0,1982.0,5740.0,1890.0,5289.0,,10200.0,10489.0,6640.0,2993.0,8330.0,14300.0,14550.0,18550.0,37456.0,12240.0,6135.0,20000.0,38850.0,47163.0,8600.0,56500.0,8695.0,44300.0,22100.0,8333.0,,1494.0,18059.0,2077.0,7675.0,2110.0,1370.0,17250.0,4580.0,5799.0,3100.0,27758.0,7310.0,7060.0,8157.0,2860.0,27800.0,,20300.0,6430.0,6630.0,7530.0,10418.0,6290.0,13285.0,55040.0,2990.0,5110.0,4530.0,6400.0,,17650.0,15110.0,22175.0,22306.0,2235.0,2210.0,17166.0,6970.0,10400.0,10025.0,3075.0,24050.0,12350.0,14450.0,7840.0,1893.0,1750.0,19100.0,3981.0,20299.0,9180.0,4920.0,45050.0,12900.0,27600.0,10387.0,11557.0,10494.0,3985.0,16700.0,34350.0,30800.0,15800.0,10950.0,13950.0,11250.0,9090.0,39771.0,8080.0,3745.0,3058.0,2725.0,30950.0,6380.0,1915.0,14925.0,15550.0,7245.0,82300.0,1395.0,8290.0,1771.0,8735.0,22949.0,8625.0,7862.0,6708.0,10599.0,3105.0,16920.0,7450.0,7450.0,22750.0,36320.0,4515.0,3360.0,18260.0,9342.0,8662.0,1850.0,8120.0,30000.0,4550.0,9840.0,2010.0,11850.0,74400.0,2660.0,18150.0,102500.0,31550.0,8244.0,23131.0,16050.0,10375.0,6421.0,6980.0,69000.0,10675.0,4200.0,2050.0,165000.0,11600.0,21908.0,38050.0,38631.0,7869.0,11806.0,8990.0,4250.0,5010.0,6150.0,12736.0,8526.0,23600.0,8353.0,12100.0,20430.0,12012.0,7291.0,20900.0,3258.0,236000.0,166000.0,22550.0,99600.0,10184.0,25541.0,5086.0,33930.0,15450.0,4003.0,18964.0,52600.0,2050.0,1910.0,11069.0,2219.0,45800.0,11101.0,2020.0,4400.0,8350.0,6350.0,11250.0,17073.0,8265.0,2829.0,6250.0,5800.0,7650.0,10000.0,2583.0,10481.0,12800.0,18550.0,6228.0,5467.0,1773.0,7369.0,12577.0,518.0,,412.0,,22510.0,11075.0,2332.0,,6011.0,1880.0,45330.0,286.0,650000.0,8050.0,6744.0,11250.0,4475.0,16050.0,6490.0,16500.0
2020-02-29,6830.0,9140.0,35884.0,133500.0,6775.0,5346.0,,9520.0,7790.0,8461.0,7729.0,53300.0,80760.0,87900.0,55972.0,33762.0,14100.0,34700.0,8878.0,3005.0,13000.0,9260.0,23800.0,1890.0,21878.0,18000.0,888.0,3389.0,3112.0,2785.0,2350.0,3770.0,10900.0,4850.0,11237.0,9250.0,12550.0,5830.0,2505.0,3085.0,106500.0,19600.0,18600.0,2190.0,2025.0,14250.0,2175.0,58400.0,,14150.0,92900.0,102231.0,7250.0,55300.0,1930.0,1900.0,3510.0,12608.0,331500,2730.0,15500.0,6040.0,166500.0,21950.0,2765.0,9090.0,129500.0,13600.0,1110.0,9700.0,1665.0,1800.0,19800.0,5560.0,14600.0,3800.0,1235.0,3189.0,2365.0,261000.0,7770.0,10482.0,3855.0,32650.0,3785.0,10150.0,2700.0,6150.0,13008.0,806000.0,6313.0,5400.0,7060.0,2290.0,5010.0,63765.0,70907.0,6750.0,1970.0,9342.0,49947.0,4955.0,1010.0,3570.0,42950.0,82300.0,8948.0,37629.0,14450.0,33200.0,7300.0,9150.0,4986.0,1225.0,,3232.0,236000.0,7180.0,3645.0,4315.0,,9140.0,16119.0,11150.0,40950.0,7350.0,4375.0,13250.0,78400.0,38550.0,6886.0,,3750.0,3710.0,53384.0,3045.0,5275.0,4900.0,636.0,13600.0,10200.0,5680.0,1404.0,362.0,8781.0,28000.0,7520.0,2280.0,16000.0,17550.0,112500.0,115000.0,6626.0,36200.0,195500.0,22700.0,67300.0,,5110.0,7660.0,7740.0,5000.0,9090.0,3345.0,9150.0,16808.0,11957.0,3760.0,,24000.0,3945.0,21600.0,4235.0,3400.0,36050.0,113500.0,26250.0,6170.0,24000.0,288814.0,5127.0,85600.0,7040.0,15735.0,3700.0,4915.0,1775.0,4130.0,28400.0,30234.0,2020.0,29700.0,,1565.0,497000.0,5558.0,7172.0,1152.0,34550.0,23046.0,2445.0,1225,31026.0,47300.0,6270.0,10050.0,10900.0,9230.0,2275.0,,9780.0,3445.0,3765.0,3725.0,2145.0,2355.0,37100.0,1760.0,1770.0,1685.0,57400.0,,28056.0,1716.0,2290.0,17650.0,126000.0,2565.0,1490.0,2305.0,64000.0,1505.0,13950.0,4120.0,37100.0,21700.0,15050.0,3680.0,3585.0,3630.0,8100.0,28950.0,3845.0,20359.0,40300.0,3115.0,1755.0,8720.0,5503.0,3600.0,7800.0,4260.0,3022.0,2385.0,2650.0,3290.0,1845.0,66600.0,4030.0,7260.0,130000.0,5025.0,1240.0,38450.0,2409.0,4010.0,5650.0,16200.0,1435.0,4580.0,5970.0,8530.0,1390.0,,13650.0,59300.0,6769.0,8590.0,715.0,1623.0,6550.0,33300.0,210000.0,6612.0,1949.0,7410.0,8550.0,5610.0,82200.0,6508.0,1420.0,3410.0,14200.0,3790.0,2038.0,1000.0,1185.0,16650.0,3185.0,4750.0,59375.0,3820.0,16472.0,5970.0,1075.0,10506.0,3000.0,3070.0,3225.0,7070.0,3470.0,8150.0,4285.0,2500.0,44962.0,1890.0,721.0,1420.0,2580.0,2160.0,32850,6850.0,4100,5460.0,3040.0,21300.0,3890.0,5090.0,1945.0,4110.0,,14154.0,6990.0,5940.0,13400.0,5400.0,7980.0,28300.0,1440.0,3922.0,2590.0,4220.0,69500.0,3600.0,3705.0,8225.0,,35880.0,10850.0,10650.0,1805.0,40700.0,30450.0,166500.0,9110.0,6670.0,618.0,77600.0,10593.0,9806.0,1560.0,3340.0,1824.0,3270.0,6890.0,10020.0,2510.0,3455.0,24500.0,46350.0,5125.0,4479.0,19401.0,4240.0,1630.0,68900.0,5190.0,2355.0,9310.0,4460.0,2675.0,8780.0,8790.0,3790.0,,27000.0,16000.0,7580.0,3670.0,48350.0,29800.0,1085.0,5220.0,2475.0,,10882.0,1405.0,2295.0,1506.0,1390.0,1110.0,1950.0,4714.0,46881.0,,1854.0,2870.0,32250.0,2430.0,10885.0,1420.0,6940.0,1960.0,1230.0,7189.0,6850.0,,,3870.0,4355.0,23100.0,4515.0,940.0,7194.0,279.0,14100.0,15160.0,124000.0,30050.0,19350.0,998.0,9888.0,4330.0,6120,9610.0,4010.0,2100.0,34300.0,1765.0,6970.0,,1920.0,1920.0,10450.0,2200.0,5192.0,1245.0,13200.0,6214.0,810.0,5130.0,1735.0,4730.0,680.0,2020.0,7290.0,4265.0,4660.0,2118.0,8820.0,10275.0,15800.0,4125.0,700.0,9430.0,3930.0,20075.0,179.0,84700.0,5225.0,6160.0,4442.0,21600.0,12570.0,20600.0,192000.0,8756.0,17300.0,57300.0,5510.0,8800.0,6390.0,2955.0,174000.0,,9500.0,19900.0,3800.0,10205.0,34523.0,125800.0,4440.0,21150.0,2790.0,5670.0,1575.0,24500.0,5440.0,,2220.0,35050.0,14100.0,148000,,13200.0,7400.0,649000.0,3670.0,747.0,6140.0,7628.0,41491.0,5450.0,3750.0,6075.0,1825.0,3250.0,7650.0,5525.0,9030.0,4345.0,29600.0,1750.0,3650.0,2820.0,6825.0,3705.0,3055.0,7750.0,3140.0,4045.0,3480.0,6780.0,2215.0,88400.0,19550.0,705.0,1600.0,7130.0,2100.0,16400.0,5180.0,7360,2850.0,,10700.0,33150.0,4925.0,1935.0,26620.0,6980.0,3050.0,16450.0,1130.0,5570,3820.0,28450.0,3990.0,2919.0,3200.0,19450.0,9350.0,17145.0,62723.0,1100.0,5920.0,13700.0,11530.0,21000.0,3190.0,19678.0,4330.0,4012.0,25600.0,5690.0,730.0,2123.0,2345.0,6850.0,,2690.0,4050.0,5925.0,9680.0,988.0,1943.0,7630.0,117425.0,6116.0,1300.0,11450.0,6110.0,6600.0,9390.0,3282.0,3110.0,1585.0,26900.0,8880.0,2265,7250.0,4040,2750.0,2960.0,3340.0,14950.0,6170.0,1805.0,4050.0,14950.0,8520.0,,2235.0,25650.0,23460.0,3930.0,275570,5135.0,5850.0,5080.0,1215.0,3395.0,1485.0,1620.0,5900.0,11150.0,8800.0,7470.0,7700.0,2690.0,3116.0,5120.0,1930.0,10400.0,24347.0,495.0,15429.0,719,15600,3845.0,3562.0,5293.0,6090.0,,12200.0,5950.0,4370.0,21200.0,41570.0,1221000.0,9137,2285.0,11300.0,,10100.0,2890.0,2765.0,18050.0,15696.0,9360.0,3915.0,980.0,7010.0,1610.0,1548.0,17480,5120.0,7360.0,1530.0,3678.0,4060.0,3320.0,9129.0,1610,15150.0,7900.0,542,7590.0,,53600.0,,5267.0,2600.0,2270.0,95760.0,6680.0,8280.0,9600.0,10050.0,14978.0,10100.0,2670.0,14500.0,6125.0,18600.0,5940,2330.0,1802.0,8910.0,2420.0,16500.0,1489.0,7357.0,5687.0,1090,,10500.0,9664,1310.0,16178.0,2520,5710.0,66400.0,5750.0,3575.0,1835.0,1945.0,7680.0,3755.0,2264.0,2595.0,6960.0,17060.0,5083.0,4650.0,1830,3326.0,5390.0,6025.0,20100.0,,34217.0,,21300.0,30350.0,4680.0,1475.0,6820.0,4220.0,7281.0,4105.0,3365.0,13200.0,2850.0,9232.0,7000.0,6840.0,66300.0,5825.0,2875.0,21625.0,12000.0,52249.0,,4981.0,,3040.0,6105.0,1390.0,2700.0,1507.0,8710.0,3350.0,5970.0,37750.0,32400.0,2475.0,23150.0,4803.0,1635.0,7500.0,878,6450.0,14300.0,,1305.0,1336.0,60400.0,15050.0,3495.0,7230.0,2577.0,2585.0,9820.0,54500.0,3067.0,3957.0,67000.0,2860.0,2765.0,2645.0,3980.0,6482.0,2065.0,,138396.0,18800.0,9550,32282.0,,7940.0,1600.0,14500.0,4436.0,18400.0,2110.0,6535.0,9300.0,105000.0,5658.0,3725.0,70900.0,4470.0,1650.0,5564.0,5380.0,2700.0,6460.0,2232.0,2190.0,17000.0,4045.0,5530.0,4340.0,11550.0,4034.0,5525.0,12300.0,37450.0,1695.0,39884.0,1345.0,,1630.0,14050.0,2184.0,2165.0,1635.0,7754.0,,3390.0,2905.0,5890.0,10850.0,29350.0,2645.0,24379.0,10150.0,15244.0,16800.0,27922,5485.0,41250.0,14957.0,4850.0,11984.0,9310.0,26050.0,2740.0,,3397.0,9520.0,6187.0,13500.0,1550.0,6150.0,3210,6268.0,14150.0,498.0,6850.0,4195.0,1755.0,23950.0,1995.0,2480.0,,,2777.0,7816.0,4755.0,7671.0,10800.0,,,5040.0,5020.0,,3225.0,6991.0,11400.0,8858.0,,,,,,,7236.0,5810.0,3360.0,25546.0,26150.0,5500.0,6800.0,50200.0,1970.0,42465.0,8840.0,6690,11447.0,1815.0,3795.0,6000.0,5340.0,4000.0,,1895.0,2825.0,13650.0,16737.0,2888.0,7090.0,8181.0,,245215.0,2304.0,3245.0,,3450.0,7320.0,5500.0,4930.0,3100.0,20814.0,3005.0,15150.0,7316.0,17682.0,1980.0,6820.0,4917,15372.0,6430.0,2614.0,6130.0,8090.0,14150.0,1215.0,,14050.0,161000.0,17750.0,10250.0,2275.0,,4995,5100.0,,,,,7840.0,7220.0,8950.0,9580.0,59994.0,10127.0,18000.0,1605.0,3965.0,47450.0,2970.0,3525.0,4113.0,,17180.0,4170.0,12550.0,5000.0,1069.0,41500.0,6992.0,2910.0,2850.0,5460.0,5114.0,787.0,13150.0,3847.0,2870.0,4450.0,4700.0,5210.0,9487.0,2650.0,3235.0,,21200.0,43289.0,175.0,15000.0,18344.0,11400.0,1634,46780.0,4514.0,111186.0,4170.0,32600.0,7884.0,5270.0,244000.0,3840.0,2160.0,10209.0,2190.0,22400.0,1444.0,,7406.0,,17000.0,30100.0,2535.0,8600.0,2274.0,5952.0,1795,66641.0,7080.0,7995.0,3450.0,4476.0,17500.0,6660.0,2515.0,2821.0,12211.0,23700.0,914.0,2780.0,2477.0,4790.0,,,4645.0,11600.0,2040.0,6700.0,3961.0,3800.0,22850.0,10375.0,3390.0,6597.0,40550.0,9750.0,32950.0,11950.0,9786.0,45700.0,4025.0,4155.0,3815.0,7400.0,4169.0,8530.0,2820.0,8672.0,80344.0,5061.0,,16050.0,7920.0,12650.0,,11800.0,31500.0,2470.0,1815.0,16868.0,2530.0,16800.0,28065,4702.0,1590,5310.0,2823.0,39940.0,8374.0,12352,8530.0,10027.0,8925.0,3635.0,8000.0,9350.0,19700.0,4660.0,116924.0,3948.0,25940.0,2685.0,16844.0,7770.0,5570.0,3800.0,22000,78100.0,14200.0,,15250.0,10038.0,1190.0,9340.0,2640.0,8520.0,1900.0,44.0,30300.0,9280.0,12350.0,5730.0,,701.0,4000.0,2570.0,12350.0,3040.0,1525.0,87567.0,25500.0,5920.0,2103.0,13200.0,12159.0,3230.0,2998.0,1065.0,10700.0,3160,3690.0,582.0,1655.0,1904.0,3196.0,1740.0,8190.0,2130.0,,7320.0,9325.0,5790.0,12600.0,3590.0,14150,2050.0,6270.0,4485.0,2010.0,37800.0,2535.0,8070.0,1653,13750.0,3145.0,9000.0,11300.0,2464.0,35700.0,,5784.0,10250.0,25964,641.0,,1995.0,46664.0,2080.0,7469.0,,5039.0,8265,1345.0,22471.0,3845.0,10886.0,19400.0,26150.0,1720.0,28700.0,3755.0,127846.0,815.0,41900.0,2190.0,48745.0,,155.0,6930.0,6272.0,4290.0,3700.0,13250.0,1530,6990.0,4970.0,6870.0,2305.0,9310.0,3720.0,2760,,5213.0,4741.0,,2105.0,31065.0,3895.0,9750.0,25500.0,1830.0,40950.0,5081.0,16000.0,5050.0,4090.0,7870.0,80220.0,9520.0,5800.0,6500.0,3765.0,2425.0,2238.0,6890.0,56625.0,14625.0,10558.0,2710.0,7992.0,3870.0,5038.0,33500.0,14600.0,67200.0,2060.0,8556.0,1920.0,6250.0,5765.0,8785.0,4010.0,4947.0,68477.0,4376.0,6630.0,2500.0,4150.0,1805.0,26979.0,7750.0,,3540.0,9298.0,17200.0,11550.0,2975.0,19360.0,52386.0,73616.0,8125.0,5000.0,7270.0,,3380.0,16050.0,34440.0,1885.0,3629.0,753.0,25127.0,3683.0,19000.0,24580.0,14638.0,4050.0,5220.0,1162.0,2070.0,49470.0,,1225.0,3730.0,11900.0,5964.0,11845.0,674169.0,1900.0,5110.0,2195.0,4596.0,,7970.0,10682.0,6860.0,2602.0,7710.0,12850.0,12450.0,16700.0,32968.0,12240.0,5518.0,17700.0,40650.0,68459.0,7800.0,47400.0,7245.0,41650.0,22050.0,7115.0,,1650.0,14824.0,2401.0,5792.0,1775.0,1200.0,13750.0,4594.0,7423.0,2930.0,29026.0,5780.0,6280.0,6546.0,2700.0,26850.0,,18550.0,4480.0,5490.0,7290.0,9942.0,5590.0,15291.0,42330.0,2990.0,4700.0,4155.0,5675.0,,15050.0,12820.0,11000.0,19222.0,2322.0,1175.0,15314.0,6160.0,9520.0,8000.0,2490.0,21450.0,11550.0,16400.0,7440.0,1477.0,1685.0,17600.0,3440.0,17457.0,8780.0,3870.0,34700.0,11000.0,28900.0,8921.0,10660.0,9392.0,4020.0,20000.0,31150.0,28400.0,15000.0,10300.0,11300.0,9820.0,9300.0,36416.0,8080.0,3600.0,3465.0,2382.0,28600.0,6070.0,1905.0,12775.0,13750.0,6805.0,73700.0,1500.0,7100.0,1840.0,7884.0,13856.0,8800.0,7156.0,5817.0,10599.0,2393.0,12284.0,6630.0,8200.0,22500.0,35440.0,4000.0,3030.0,15361.0,8408.0,6970.0,1915.0,7660.0,26700.0,6025.0,8630.0,2165.0,10050.0,70000.0,2580.0,16950.0,94300.0,27800.0,7314.0,20309.0,15300.0,10375.0,6061.0,6340.0,66200.0,9895.0,4500.0,2090.0,151500.0,11100.0,24134.0,37900.0,38364.0,6033.0,11151.0,12400.0,4030.0,5010.0,5425.0,15641.0,7856.0,26500.0,9241.0,10800.0,19016.0,11486.0,6759.0,18050.0,3337.0,208000.0,147500.0,19750.0,82400.0,8092.0,22824.0,4085.0,30175.0,14200.0,4453.0,16389.0,49000.0,2075.0,1895.0,11149.0,2203.0,37100.0,9281.0,1915.0,5130.0,6700.0,6600.0,9130.0,15875.0,8400.0,2343.0,5040.0,4690.0,6750.0,13700.0,2583.0,10481.0,12450.0,26200.0,5295.0,4943.0,1773.0,6594.0,11926.0,518.0,,398.0,,22510.0,9395.0,2671.0,,5430.0,2075.0,41225.0,328.0,557500.0,7450.0,6584.0,9190.0,4600.0,16050.0,6000.0,15200.0
2020-03-31,6550.0,7780.0,38400.0,136000.0,6300.0,5294.0,,7480.0,7090.0,6489.0,7820.0,40100.0,77080.0,83300.0,44948.0,26708.0,11900.0,29150.0,7127.0,2310.0,11550.0,6990.0,21650.0,1350.0,28271.0,17885.0,696.0,2677.0,3690.0,1861.0,2170.0,3200.0,7500.0,4360.0,8369.0,9490.0,12350.0,5010.0,2030.0,2675.0,105500.0,16950.0,16000.0,1505.0,1575.0,12050.0,1640.0,40450.0,,12300.0,74800.0,73327.0,7150.0,45000.0,1610.0,1305.0,2710.0,10160.0,300000,2195.0,12950.0,5400.0,129500.0,21550.0,3160.0,7450.0,127000.0,9650.0,1148.0,8885.0,1600.0,1475.0,18950.0,8770.0,12500.0,2730.0,990.0,3023.0,2210.0,246000.0,6270.0,21174.0,3485.0,24300.0,3300.0,11200.0,2400.0,4600.0,13241.0,629000.0,6378.0,4960.0,5110.0,2750.0,4850.0,55735.0,54250.0,6250.0,1595.0,7210.0,39849.0,3805.0,938.0,2950.0,37500.0,68400.0,9136.0,29228.0,12200.0,31050.0,5310.0,9200.0,4443.0,919.0,,2875.0,217500.0,6400.0,2925.0,4105.0,,7710.0,12269.0,9140.0,37850.0,6120.0,3480.0,13400.0,67200.0,40150.0,4985.0,,3600.0,3190.0,47067.0,2225.0,3924.0,4260.0,734.0,10850.0,8720.0,5560.0,1001.0,329.0,6736.0,26250.0,6612.0,2040.0,14700.0,19950.0,85000.0,88700.0,5205.0,25600.0,161000.0,22350.0,60500.0,,4880.0,6990.0,20600.0,3650.0,7690.0,2730.0,7050.0,13983.0,10522.0,3149.0,,31700.0,3290.0,21200.0,4030.0,2340.0,28900.0,138000.0,20500.0,5120.0,23000.0,235457.0,5262.0,87300.0,5490.0,13485.0,3280.0,4640.0,1495.0,2945.0,24250.0,26428.0,1720.0,23600.0,,1125.0,475500.0,5047.0,6104.0,888.0,30000.0,46652.0,2215.0,1225,29981.0,46300.0,5659.0,7620.0,7010.0,7500.0,1390.0,,7220.0,3085.0,4945.0,3520.0,1590.0,1877.0,35000.0,1305.0,1770.0,1359.0,45550.0,,25460.0,1594.0,1970.0,16150.0,97700.0,2190.0,1115.0,1900.0,50300.0,1415.0,13600.0,3345.0,30800.0,18550.0,10400.0,3100.0,2920.0,2612.0,6620.0,23000.0,3675.0,15283.0,33350.0,2580.0,1295.0,6900.0,3681.0,2815.0,5980.0,3230.0,2263.0,2050.0,1750.0,2400.0,1500.0,57100.0,3845.0,7410.0,114000.0,3670.0,1240.0,26800.0,1639.0,3170.0,4195.0,12100.0,1060.0,3960.0,4300.0,6000.0,1190.0,,10700.0,64800.0,4298.0,8990.0,566.0,1236.0,5200.0,23650.0,169500.0,8194.0,1642.0,5170.0,6470.0,4820.0,80000.0,6042.0,1085.0,3270.0,10350.0,3270.0,1653.0,819.0,900.0,13100.0,2370.0,3160.0,43112.0,2920.0,8458.0,3930.0,894.0,9756.0,2550.0,2220.0,2715.0,8140.0,2825.0,5110.0,3230.0,2270.0,39299.0,1595.0,577.0,1130.0,1920.0,1583.0,30600,5860.0,5850,3890.0,2510.0,19250.0,2765.0,4000.0,1630.0,3190.0,,22100.0,6800.0,4705.0,14750.0,5190.0,8870.0,27500.0,1240.0,4828.0,2090.0,3650.0,61300.0,3040.0,3180.0,7150.0,,38080.0,9210.0,10600.0,1475.0,27450.0,25450.0,149500.0,9000.0,5730.0,452.0,62900.0,7363.0,8245.0,1145.0,2365.0,1465.0,1995.0,5449.0,11820.0,1825.0,2605.0,19450.0,31400.0,4745.0,3483.0,16084.0,3600.0,1390.0,57800.0,4850.0,2080.0,9310.0,3820.0,1890.0,8700.0,6520.0,3360.0,,26150.0,14800.0,6910.0,3000.0,42050.0,28800.0,1010.0,5280.0,1945.0,,8956.0,1085.0,1815.0,1151.0,962.0,754.0,1655.0,4822.0,40467.0,,1787.0,2340.0,24350.0,2050.0,11718.0,1040.0,6990.0,1535.0,1175.0,5246.0,6010.0,,,3995.0,4400.0,23100.0,3680.0,832.0,6740.0,279.0,10150.0,11532.0,106000.0,22300.0,15850.0,998.0,7496.0,3375.0,4020,8000.0,2880.0,1815.0,38500.0,1260.0,5970.0,,1485.0,1595.0,8560.0,1780.0,3931.0,920.0,10800.0,5107.0,723.0,5680.0,1770.0,4680.0,204.0,1455.0,5720.0,3140.0,4745.0,2261.0,5890.0,8680.0,19700.0,3065.0,370.0,6340.0,2970.0,27500.0,179.0,74700.0,4195.0,4840.0,3028.0,16800.0,10259.0,18300.0,167500.0,7812.0,15850.0,59500.0,4160.0,6550.0,5240.0,2425.0,170000.0,,9600.0,18800.0,2650.0,6933.0,31211.0,104100.0,3572.0,17800.0,2130.0,3660.0,1410.0,23850.0,4470.0,,2220.0,26200.0,10850.0,134000,,13000.0,5870.0,652000.0,3180.0,602.0,4710.0,6193.0,30459.0,4415.0,2655.0,5436.0,1315.0,2895.0,6680.0,4090.0,7160.0,3075.0,26600.0,1375.0,2780.0,862.0,5850.0,4030.0,2500.0,6100.0,2480.0,3365.0,3125.0,5330.0,1635.0,60600.0,21239.0,543.0,1270.0,6370.0,1710.0,12750.0,4295.0,7360,2110.0,,10000.0,25350.0,4835.0,1470.0,27785.0,6400.0,2150.0,13200.0,933.0,4250,3005.0,21050.0,2885.0,2433.0,2400.0,15850.0,8820.0,13636.0,57516.0,807.0,4495.0,13400.0,9004.0,19100.0,2540.0,11949.0,3435.0,4012.0,21650.0,4060.0,486.0,1372.0,1495.0,5280.0,,2005.0,4050.0,4900.0,14240.0,811.0,1943.0,6640.0,135050.0,3489.0,1015.0,10750.0,4775.0,6030.0,8520.0,2445.0,2515.0,1330.0,20850.0,8250.0,1990,5360.0,3345,2155.0,2185.0,2865.0,11850.0,6080.0,1592.0,2940.0,11350.0,6620.0,,1735.0,20950.0,16095.0,4160.0,239960,4457.0,4505.0,4910.0,992.0,2410.0,1210.0,1580.0,5250.0,8000.0,6550.0,7470.0,6870.0,2170.0,2609.0,4820.0,1455.0,7200.0,16453.0,494.0,10678.0,719,2820,2780.0,2792.0,4952.0,4600.0,,9170.0,3750.0,2825.0,15500.0,35475.0,1120000.0,3005,1735.0,11525.0,,8390.0,2305.0,2290.0,15050.0,10722.0,6890.0,2935.0,740.0,10800.0,1240.0,1077.0,9500,4810.0,6090.0,1150.0,2864.0,3875.0,2770.0,5856.0,895,13350.0,6980.0,434,6560.0,,56900.0,,12444.0,1990.0,1695.0,71760.0,6680.0,6700.0,6450.0,8150.0,10319.0,9550.0,1960.0,13250.0,4595.0,13950.0,3360,1765.0,1384.0,7870.0,2105.0,16500.0,1386.0,6077.0,6344.0,275,,8700.0,7379,959.0,14997.0,2110,4365.0,51400.0,4935.0,3680.0,1535.0,1540.0,11250.0,3250.0,1743.0,2220.0,6570.0,17548.0,4166.0,3700.0,1830,2628.0,4160.0,5005.0,16700.0,,24462.0,,18450.0,29000.0,3700.0,1200.0,4760.0,3324.0,6802.0,2870.0,2970.0,12450.0,2210.0,8330.0,7000.0,15900.0,61800.0,4275.0,3150.0,15207.0,8650.0,52249.0,,4227.0,,2220.0,5181.0,1430.0,2190.0,1118.0,6820.0,3055.0,4685.0,15950.0,37350.0,1790.0,18050.0,3492.0,1635.0,8150.0,1177,4495.0,10900.0,,1410.0,1351.0,48200.0,12250.0,2830.0,7700.0,2427.0,4040.0,8910.0,52500.0,2996.0,2786.0,38600.0,2230.0,2035.0,2135.0,4000.0,5795.0,1817.0,,186429.0,20550.0,7240,64648.0,,7880.0,1865.0,12650.0,2957.0,14750.0,2110.0,4986.0,9300.0,84700.0,4598.0,3035.0,58800.0,3720.0,1440.0,5239.0,3980.0,2040.0,5050.0,1609.0,1670.0,14400.0,2930.0,3555.0,4105.0,11800.0,2958.0,2910.0,9500.0,36050.0,1305.0,32908.0,1530.0,,1585.0,11450.0,1928.0,1745.0,1330.0,4383.0,,2453.0,2285.0,4335.0,11650.0,20900.0,2190.0,23323.0,8050.0,18913.0,11950.0,19565,4406.0,36800.0,11217.0,4420.0,11984.0,7100.0,19300.0,2145.0,,2507.0,10250.0,4179.0,9040.0,1775.0,4270.0,2420,5276.0,9870.0,498.0,5020.0,3325.0,1288.0,15700.0,1640.0,1615.0,,,1985.0,6224.0,3915.0,7014.0,7890.0,,,4960.0,4955.0,,2900.0,5863.0,8460.0,11377.0,,,,,,,11204.0,4830.0,3300.0,23274.0,24350.0,5240.0,5200.0,41950.0,1260.0,46978.0,7620.0,5140,14124.0,1210.0,3070.0,8470.0,4735.0,3150.0,,1550.0,1425.0,11600.0,15555.0,2260.0,4845.0,6262.0,,164842.0,2026.0,2265.0,,2805.0,5790.0,5140.0,3760.0,2150.0,19778.0,2620.0,9610.0,5544.0,13555.0,1390.0,5330.0,4082,12887.0,4650.0,2307.0,4730.0,6680.0,10200.0,935.0,,10200.0,168500.0,15700.0,8100.0,1667.0,,4280,4910.0,,,,,5560.0,5000.0,7630.0,7465.0,83048.0,8296.0,17200.0,1165.0,2985.0,39750.0,2275.0,2875.0,3433.0,,13441.0,3200.0,10750.0,4030.0,841.0,52000.0,6025.0,2130.0,2770.0,4145.0,3394.0,787.0,12850.0,3470.0,2650.0,4130.0,3945.0,3875.0,8621.0,2110.0,2490.0,,19400.0,43870.0,148.0,14800.0,55835.0,7725.0,1089,36497.0,4371.0,85603.0,4165.0,26150.0,9982.0,5400.0,216000.0,2985.0,1790.0,10158.0,2620.0,17400.0,1549.0,,6580.0,,12950.0,30700.0,1700.0,8700.0,2101.0,4827.0,1770,66265.0,5920.0,6307.0,2715.0,4058.0,15800.0,7170.0,2515.0,2870.0,10691.0,22500.0,914.0,1820.0,1701.0,4165.0,,,3895.0,8460.0,2290.0,6700.0,2778.0,3235.0,18900.0,9010.0,3200.0,5944.0,40650.0,12250.0,27550.0,9800.0,7547.0,35250.0,3140.0,4155.0,1185.0,5290.0,3342.0,6300.0,10100.0,8286.0,78859.0,4167.0,,16400.0,6320.0,11200.0,,13300.0,22350.0,2470.0,1815.0,12788.0,2450.0,13500.0,18354,3975.0,620,5095.0,2370.0,26290.0,9809.0,9136,6220.0,8384.0,12355.0,2815.0,8000.0,6320.0,17350.0,4330.0,95460.0,3298.0,19010.0,1870.0,15186.0,5160.0,4300.0,2935.0,22900,77300.0,13100.0,,10300.0,7580.0,739.0,6930.0,2473.0,6340.0,1215.0,,24050.0,9050.0,9040.0,3750.0,,701.0,3175.0,1900.0,12150.0,2130.0,1525.0,84108.0,15800.0,4465.0,1910.0,9200.0,10894.0,3385.0,2366.0,788.0,7770.0,2080,3045.0,455.0,1120.0,1231.0,2739.0,1165.0,7290.0,1685.0,,6470.0,6125.0,4485.0,10000.0,6070.0,8790,1370.0,5700.0,4145.0,2010.0,34100.0,2215.0,6220.0,1218,12350.0,2850.0,6890.0,7900.0,1820.0,35450.0,,5608.0,9730.0,18875,523.0,,1440.0,43426.0,1550.0,4777.0,,4571.0,3735,1480.0,24022.0,2763.0,13492.0,16900.0,23950.0,1280.0,36950.0,2760.0,114922.0,733.0,34150.0,2190.0,49388.0,,155.0,6420.0,4009.0,2740.0,3475.0,12500.0,1260,4670.0,4480.0,6160.0,1730.0,7150.0,2950.0,2600,,5213.0,1680.0,,2015.0,27845.0,2625.0,7390.0,19350.0,1640.0,37450.0,4186.0,13850.0,5050.0,3345.0,8120.0,72297.0,6500.0,4910.0,5160.0,3445.0,2220.0,1843.0,4920.0,43375.0,24875.0,8576.0,1920.0,5954.0,3685.0,6026.0,26150.0,9830.0,74300.0,1459.0,9082.0,2815.0,4710.0,4908.0,8831.0,2595.0,5001.0,67367.0,3805.0,4925.0,2100.0,4200.0,1267.0,16937.0,7944.0,,2975.0,5589.0,14250.0,8370.0,1730.0,14920.0,52386.0,76851.0,6200.0,3375.0,5700.0,,2630.0,13800.0,26340.0,1235.0,3015.0,753.0,21745.0,3466.0,17300.0,21049.0,23688.0,2600.0,4870.0,789.0,1765.0,53970.0,,1225.0,3840.0,22000.0,6321.0,11995.0,701077.0,1443.0,4255.0,2277.0,3763.0,,5900.0,9679.0,5590.0,1938.0,6310.0,10500.0,10600.0,11300.0,31254.0,12240.0,4902.0,19200.0,38900.0,51181.0,6225.0,38950.0,6730.0,37350.0,13750.0,8494.0,,2785.0,11024.0,1720.0,4263.0,1250.0,960.0,11550.0,6346.0,4875.0,2170.0,38100.0,4510.0,5400.0,5003.0,1895.0,23450.0,,24500.0,3360.0,4030.0,7300.0,8750.0,3715.0,24675.0,45314.0,2990.0,4720.0,3950.0,3945.0,,10700.0,9825.0,8625.0,19743.0,1776.0,910.0,16966.0,4450.0,7700.0,9500.0,2685.0,17050.0,9220.0,19600.0,6830.0,1545.0,1480.0,14300.0,2825.0,13702.0,8380.0,2380.0,27050.0,10500.0,31450.0,9372.0,8584.0,7488.0,3400.0,16800.0,24950.0,17950.0,10850.0,7540.0,9150.0,8260.0,7110.0,37783.0,4870.0,3495.0,3132.0,1765.0,24100.0,5640.0,1555.0,8700.0,11900.0,4980.0,77900.0,1200.0,32250.0,1205.0,7083.0,10186.0,5850.0,6836.0,6158.0,9497.0,2368.0,5950.0,5770.0,7670.0,19600.0,35800.0,2745.0,2440.0,12746.0,7140.0,6066.0,1680.0,7000.0,24500.0,3495.0,6540.0,1400.0,8070.0,73700.0,2580.0,18600.0,115000.0,23000.0,6330.0,16345.0,13900.0,10375.0,4150.0,6500.0,51800.0,9285.0,4500.0,1645.0,132000.0,10250.0,15318.0,32050.0,56445.0,4936.0,8993.0,11600.0,3205.0,3348.0,3500.0,16464.0,6638.0,20950.0,9546.0,8500.0,18378.0,9384.0,6605.0,15550.0,2590.0,165000.0,110500.0,12900.0,61100.0,5921.0,20868.0,2578.0,23190.0,8730.0,3590.0,12726.0,34800.0,2020.0,1640.0,10829.0,2181.0,31450.0,8599.0,1125.0,4100.0,5590.0,4500.0,6500.0,14767.0,8040.0,1736.0,3000.0,3490.0,6000.0,10650.0,2557.0,10481.0,10600.0,19250.0,3869.0,4924.0,1773.0,5122.0,8890.0,518.0,,197.0,,22510.0,6523.0,2315.0,,4047.0,1560.0,29820.0,253.0,408000.0,5275.0,5543.0,6950.0,3095.0,16050.0,4255.0,13200.0
2020-04-30,11250.0,10000.0,39531.0,148000.0,7675.0,5735.0,,9480.0,7510.0,7108.0,8163.0,47050.0,82458.0,83700.0,49094.0,34103.0,12950.0,30900.0,8728.0,3000.0,12750.0,9300.0,26750.0,1640.0,26334.0,24971.0,806.0,3238.0,3618.0,2404.0,2770.0,3415.0,9290.0,5568.0,13082.0,9710.0,16300.0,5900.0,2315.0,3020.0,114000.0,21900.0,18900.0,1900.0,1800.0,14100.0,1935.0,48600.0,,17400.0,83400.0,84423.0,9020.0,54000.0,1855.0,1550.0,3545.0,10642.0,382500,2830.0,14350.0,6570.0,165000.0,22400.0,2940.0,9100.0,148000.0,14100.0,1454.0,9330.0,1950.0,1815.0,21950.0,7420.0,13500.0,4000.0,1365.0,3416.0,2525.0,262500.0,8100.0,21800.0,4355.0,28900.0,4025.0,17400.0,3250.0,5600.0,13706.0,800000.0,7961.0,7610.0,6400.0,3120.0,4995.0,58569.0,70457.0,6960.0,1730.0,7921.0,47128.0,4790.0,1205.0,3065.0,43400.0,80600.0,9775.0,31912.0,14350.0,39000.0,6690.0,9410.0,5100.0,1220.0,,3200.0,265000.0,9130.0,3670.0,4640.0,,9360.0,15075.0,14400.0,39100.0,7210.0,4400.0,15000.0,74200.0,40100.0,5950.0,,3210.0,3900.0,53769.0,3530.0,6136.0,5880.0,1035.0,13200.0,10200.0,7830.0,1220.0,360.0,8692.0,29400.0,7644.0,2105.0,15650.0,21050.0,109000.0,93600.0,6617.0,41300.0,184500.0,25350.0,71100.0,,6000.0,7290.0,19000.0,4710.0,8750.0,3520.0,7880.0,15802.0,10562.0,5300.0,,26800.0,3665.0,25200.0,4310.0,2695.0,37650.0,148500.0,25300.0,5230.0,31650.0,280003.0,5956.0,140500.0,6080.0,16230.0,3770.0,5000.0,1725.0,4165.0,31650.0,32458.0,2485.0,31900.0,,1590.0,545000.0,5067.0,10705.0,1058.0,37600.0,36695.0,2790.0,1225,32344.0,53500.0,6855.0,9230.0,7900.0,7790.0,2200.0,,9040.0,3715.0,4880.0,3795.0,2150.0,2132.0,44200.0,1700.0,1770.0,1553.0,50800.0,,27018.0,1913.0,2295.0,16850.0,113500.0,2320.0,1470.0,2200.0,72800.0,1650.0,13800.0,3620.0,35900.0,10900.0,14550.0,3905.0,3385.0,3630.0,7200.0,23500.0,4880.0,16595.0,41050.0,3545.0,2020.0,7820.0,4045.0,3585.0,6670.0,3840.0,2327.0,2870.0,2290.0,3340.0,2170.0,70000.0,5060.0,8300.0,132000.0,4835.0,,32850.0,2354.0,3925.0,6310.0,15800.0,1280.0,4770.0,5150.0,6000.0,1395.0,,14650.0,76400.0,6121.0,8780.0,748.0,1557.0,7650.0,28150.0,172000.0,7596.0,2424.0,6950.0,9090.0,5380.0,86500.0,6828.0,1395.0,3930.0,12100.0,3550.0,2038.0,1100.0,995.0,16000.0,4350.0,4410.0,58752.0,3355.0,8458.0,4855.0,1165.0,10687.0,3150.0,2640.0,3250.0,8070.0,3635.0,6300.0,4140.0,3145.0,49932.0,1575.0,705.0,1322.0,2200.0,1879.0,35950,6860.0,6810,4980.0,2940.0,23850.0,3715.0,4600.0,1850.0,3980.0,,21521.0,11500.0,5250.0,14800.0,6100.0,9670.0,27650.0,1595.0,4604.0,1865.0,3295.0,69600.0,3405.0,4815.0,8450.0,,41282.0,12100.0,15800.0,1840.0,34700.0,29050.0,162500.0,10850.0,7200.0,537.0,76400.0,10518.0,8486.0,1390.0,2590.0,1884.0,2850.0,8001.0,9530.0,2265.0,3520.0,24400.0,39850.0,5575.0,3953.0,19902.0,3885.0,1680.0,61400.0,6040.0,2565.0,9310.0,4425.0,2100.0,9570.0,7200.0,4135.0,,29350.0,16400.0,8010.0,3010.0,49100.0,29750.0,1320.0,7990.0,2115.0,,10932.0,1665.0,2460.0,1336.0,1315.0,905.0,2030.0,6465.0,46032.0,,2243.0,2585.0,28550.0,2525.0,8296.0,1275.0,7790.0,1810.0,1260.0,6048.0,10000.0,,,3705.0,5200.0,23100.0,4825.0,1015.0,7962.0,279.0,11500.0,13959.0,127700.0,27550.0,17700.0,998.0,10065.0,3785.0,5980,9410.0,3870.0,1980.0,39150.0,1775.0,7380.0,,1855.0,1820.0,11450.0,1917.0,4863.0,1110.0,13350.0,5727.0,822.0,10150.0,1460.0,5560.0,204.0,1845.0,6530.0,3630.0,4400.0,3424.0,7300.0,10620.0,17650.0,3980.0,370.0,7960.0,4200.0,28050.0,179.0,81100.0,4065.0,6370.0,3542.0,18200.0,10213.0,19900.0,182000.0,8687.0,18975.0,66100.0,5290.0,9150.0,5600.0,3180.0,197500.0,,11300.0,22000.0,3690.0,9901.0,36931.0,127900.0,4250.0,20750.0,2500.0,4375.0,1540.0,28400.0,4970.0,,2220.0,35050.0,13600.0,157500,,14250.0,6740.0,643000.0,4490.0,691.0,5920.0,7874.0,35016.0,5790.0,3785.0,8137.0,1540.0,3340.0,7300.0,4735.0,9090.0,4485.0,29300.0,1750.0,3410.0,862.0,6875.0,4475.0,3505.0,7830.0,3090.0,5000.0,3730.0,6250.0,2005.0,72500.0,21529.0,543.0,1520.0,6450.0,2175.0,16100.0,5600.0,7360,2820.0,,10900.0,28650.0,5670.0,2050.0,25830.0,6420.0,2690.0,15500.0,1055.0,7380,3680.0,27700.0,3760.0,2718.0,2760.0,18850.0,9670.0,22108.0,58958.0,997.0,6350.0,14400.0,13056.0,19200.0,2820.0,15236.0,3915.0,4012.0,25450.0,4930.0,556.0,1480.0,1895.0,6720.0,,2490.0,4050.0,6575.0,13530.0,1060.0,1943.0,7300.0,109325.0,5069.0,1225.0,15650.0,6930.0,5540.0,10050.0,3023.0,3110.0,1800.0,22350.0,11850.0,1780,8690.0,4260,3065.0,2510.0,3766.0,13200.0,7050.0,1840.0,3560.0,14200.0,6870.0,,2030.0,25650.0,24750.0,5095.0,278960,5065.0,5930.0,5560.0,1590.0,3190.0,1490.0,1635.0,6970.0,11200.0,7925.0,7470.0,7570.0,3000.0,2872.0,5480.0,1460.0,8380.0,25583.0,548.0,13176.0,719,2820,3945.0,2352.0,5555.0,5670.0,,10050.0,3960.0,3370.0,20950.0,37610.0,1386000.0,3005,2195.0,11975.0,,9620.0,3110.0,3075.0,17000.0,12508.0,8240.0,3845.0,928.0,11650.0,1395.0,1249.0,11440,6420.0,7950.0,1390.0,3996.0,3030.0,3590.0,6472.0,1485,14250.0,7560.0,400,7730.0,,58000.0,,11368.0,2350.0,1955.0,95085.0,6680.0,8400.0,7780.0,9740.0,13350.0,13900.0,2705.0,17400.0,5875.0,17800.0,3295,2300.0,1636.0,10800.0,2420.0,16500.0,1808.0,9089.0,6672.0,275,,13150.0,9592,1175.0,17880.0,3120,5300.0,67600.0,5580.0,3820.0,1765.0,1900.0,9000.0,3850.0,2197.0,2400.0,7350.0,22164.0,5581.0,4370.0,1830,3580.0,3280.0,6050.0,18500.0,,30665.0,,24700.0,30200.0,4455.0,1575.0,6000.0,4283.0,6550.0,3580.0,4215.0,18000.0,2895.0,16067.0,7000.0,11100.0,72000.0,5200.0,3205.0,19780.0,9050.0,52249.0,,6570.0,,2755.0,8387.0,1450.0,3960.0,1443.0,7760.0,4560.0,6050.0,15950.0,35050.0,2125.0,19850.0,4622.0,1635.0,7000.0,1130,5370.0,16450.0,,1885.0,1503.0,54900.0,14100.0,3010.0,10850.0,2635.0,3720.0,10550.0,60300.0,3471.0,3317.0,45000.0,2950.0,2470.0,2300.0,4220.0,6610.0,2077.0,,171369.0,24350.0,9240,57124.0,,7740.0,2215.0,16650.0,3692.0,17500.0,2110.0,6360.0,9300.0,107000.0,5292.0,3640.0,72700.0,4690.0,1720.0,7757.0,4905.0,2805.0,6130.0,1939.0,2250.0,15850.0,3790.0,5690.0,4475.0,10400.0,3910.0,2280.0,10650.0,50200.0,2115.0,37767.0,1495.0,,1775.0,12800.0,2408.0,2000.0,1740.0,5466.0,,3100.0,3125.0,6370.0,13600.0,31950.0,2390.0,23191.0,10150.0,31875.0,18700.0,21925,5350.0,38550.0,16922.0,4975.0,11984.0,11650.0,26100.0,2425.0,,3051.0,14450.0,5235.0,10600.0,2030.0,5440.0,3030,5808.0,13050.0,498.0,6530.0,3930.0,1600.0,23400.0,2070.0,1875.0,,,2675.0,8386.0,5125.0,7040.0,9310.0,,,5020.0,5030.0,,3670.0,6915.0,11050.0,12026.0,,,,,,,8703.0,6370.0,4207.0,28774.0,27350.0,6370.0,6550.0,59300.0,1470.0,56879.0,8690.0,5360,15739.0,1520.0,3320.0,8210.0,5400.0,4445.0,,1800.0,1405.0,12850.0,18879.0,2565.0,6020.0,7070.0,,96582.0,2852.0,2865.0,,3325.0,5820.0,5300.0,5010.0,2470.0,23214.0,3205.0,11800.0,7721.0,14646.0,2040.0,6110.0,4648,15639.0,6070.0,2897.0,6190.0,7830.0,13400.0,1290.0,,15850.0,177000.0,16800.0,9400.0,2112.0,,4945,5650.0,,,,,6190.0,6070.0,8040.0,9955.0,78327.0,13047.0,18650.0,1370.0,3550.0,44150.0,2755.0,3085.0,3753.0,,15823.0,3675.0,13150.0,4940.0,1169.0,61500.0,6553.0,2665.0,2960.0,5410.0,4645.0,787.0,16350.0,4290.0,3580.0,4590.0,4500.0,5720.0,12361.0,2720.0,3415.0,,20000.0,47574.0,168.0,17700.0,46688.0,10275.0,1197,49193.0,4483.0,96722.0,6350.0,29750.0,11157.0,6120.0,272500.0,3475.0,2125.0,11785.0,2255.0,21050.0,1799.0,,9058.0,,16400.0,35200.0,2165.0,7630.0,2226.0,5825.0,1910,73029.0,6890.0,7053.0,3325.0,4005.0,20950.0,7070.0,2515.0,3933.0,13633.0,26500.0,914.0,2160.0,2273.0,5370.0,,,5030.0,9520.0,2175.0,7900.0,4179.0,3930.0,24050.0,12185.0,3485.0,7071.0,41650.0,20450.0,30150.0,10900.0,10371.0,51400.0,4280.0,4155.0,1185.0,6270.0,3390.0,7400.0,7940.0,8132.0,135063.0,4665.0,,17450.0,7090.0,11100.0,,11600.0,27150.0,2470.0,1815.0,15207.0,2565.0,15850.0,19378,4725.0,620,4110.0,2749.0,31450.0,11265.0,11142,8510.0,10752.0,10680.0,3800.0,8000.0,7280.0,19250.0,4730.0,111807.0,4043.0,24570.0,2655.0,16014.0,6502.0,5790.0,3995.0,26900,78900.0,14850.0,,12500.0,9615.0,739.0,8720.0,3240.0,8030.0,1755.0,,29650.0,10150.0,10350.0,5450.0,,27.0,3900.0,2380.0,15250.0,2580.0,2380.0,66702.0,16650.0,5500.0,2286.0,12850.0,13935.0,4095.0,2822.0,975.0,8440.0,2560,4235.0,640.0,1525.0,1605.0,3206.0,1660.0,8380.0,1905.0,,7160.0,7375.0,5740.0,12450.0,6220.0,13000,2020.0,6170.0,4555.0,2010.0,37900.0,2655.0,8490.0,1373,15450.0,3550.0,9620.0,12700.0,2277.0,39400.0,,6391.0,9520.0,18681,719.0,,1720.0,51972.0,2050.0,6649.0,,4783.0,3735,1255.0,24372.0,4646.0,13420.0,20700.0,25400.0,1695.0,41250.0,3060.0,130983.0,761.0,37400.0,2453.0,82851.0,,155.0,7070.0,5554.0,4100.0,4395.0,13300.0,1275,4825.0,4890.0,7180.0,2380.0,10050.0,3820.0,2570,,5213.0,1680.0,,1940.0,30780.0,3920.0,9450.0,21250.0,2030.0,42700.0,7871.0,17450.0,5050.0,4200.0,11500.0,82200.0,8860.0,5510.0,7200.0,3555.0,2290.0,2127.0,6060.0,46000.0,21650.0,10220.0,1920.0,7922.0,4000.0,5408.0,32800.0,18200.0,87000.0,1774.0,10899.0,2935.0,6790.0,5081.0,11574.0,3665.0,6442.0,76482.0,4548.0,6070.0,2460.0,5580.0,1624.0,19204.0,7556.0,,3245.0,7068.0,17800.0,11650.0,2535.0,17920.0,52386.0,87241.0,7900.0,3790.0,7140.0,,2075.0,14800.0,29220.0,1495.0,3653.0,753.0,26986.0,4191.0,19950.0,22791.0,17140.0,3485.0,5740.0,1229.0,2345.0,67980.0,,1225.0,3945.0,23100.0,6224.0,13615.0,845075.0,1948.0,5370.0,2514.0,6053.0,,7830.0,9428.0,6360.0,2472.0,7230.0,15700.0,14350.0,14250.0,34382.0,11600.0,5658.0,21550.0,42600.0,48037.0,9450.0,53500.0,8180.0,45000.0,18000.0,8077.0,,2215.0,16300.0,1881.0,4982.0,1590.0,1200.0,15850.0,5760.0,6210.0,2720.0,37612.0,5710.0,6750.0,5611.0,2310.0,28100.0,,36800.0,3945.0,4750.0,7500.0,9550.0,4800.0,17507.0,37135.0,2990.0,4395.0,4850.0,5350.0,,14900.0,13055.0,5350.0,22866.0,2021.0,1080.0,17441.0,5280.0,9660.0,12200.0,2900.0,19275.0,14300.0,18650.0,6970.0,1887.0,1295.0,15600.0,3954.0,17220.0,8570.0,3310.0,34250.0,11000.0,32900.0,9848.0,9841.0,9066.0,4355.0,13500.0,27850.0,23500.0,12550.0,11300.0,11100.0,9390.0,8120.0,40186.0,6040.0,3820.0,3489.0,2065.0,28800.0,5100.0,2470.0,9500.0,16600.0,6505.0,76800.0,1520.0,22900.0,1564.0,9536.0,12394.0,7740.0,7798.0,6970.0,10123.0,2463.0,5950.0,7770.0,13850.0,23000.0,38460.0,5120.0,2705.0,9558.0,9592.0,7315.0,1975.0,7970.0,25900.0,4565.0,8250.0,1790.0,10550.0,76200.0,2580.0,21600.0,124000.0,26350.0,7797.0,17828.0,16500.0,10125.0,5445.0,4900.0,67000.0,10645.0,4990.0,1405.0,158000.0,11100.0,21351.0,35100.0,51841.0,6152.0,9915.0,10000.0,4105.0,4658.0,4645.0,22533.0,7670.0,23750.0,11678.0,9450.0,20293.0,12112.0,6391.0,18850.0,3360.0,230000.0,130500.0,18000.0,81500.0,7857.0,23368.0,3885.0,29950.0,13450.0,4591.0,15720.0,39750.0,2075.0,1885.0,10884.0,2186.0,39450.0,9872.0,1500.0,4180.0,6640.0,4930.0,8860.0,14589.0,8100.0,1979.0,4215.0,4840.0,5900.0,13900.0,2564.0,9906.0,11500.0,19650.0,4979.0,5147.0,1773.0,7281.0,15853.0,518.0,,197.0,,22510.0,8428.0,2838.0,,5871.0,1955.0,40775.0,303.0,577500.0,7550.0,7024.0,9170.0,4320.0,16050.0,5130.0,15000.0
2020-05-31,11550.0,14000.0,43514.0,161000.0,7400.0,6047.0,,8850.0,7420.0,7934.0,8575.0,49700.0,84817.0,81500.0,48057.0,33276.0,13100.0,31500.0,7828.0,6420.0,12400.0,9500.0,28600.0,1725.0,31196.0,26514.0,809.0,3243.0,3523.0,2624.0,2840.0,3390.0,9720.0,6658.0,12025.0,11450.0,16650.0,5840.0,3020.0,2895.0,119500.0,25100.0,21600.0,1960.0,1830.0,14050.0,2030.0,53700.0,,17400.0,80500.0,116703.0,8770.0,53700.0,1865.0,1655.0,4420.0,10679.0,361000,2820.0,17150.0,6220.0,143500.0,23500.0,3215.0,10800.0,150000.0,19500.0,1416.0,9380.0,2210.0,2130.0,20700.0,7380.0,14200.0,3580.0,1370.0,3450.0,2565.0,253000.0,6910.0,22050.0,6200.0,32050.0,4205.0,17250.0,3745.0,5680.0,14217.0,740000.0,8795.0,7400.0,7100.0,3500.0,5270.0,59608.0,70007.0,6520.0,1725.0,8226.0,50494.0,5250.0,1320.0,3370.0,44500.0,87400.0,11091.0,29775.0,15750.0,37850.0,6570.0,9300.0,5064.0,1200.0,,3055.0,245000.0,8720.0,3725.0,5070.0,,10350.0,15010.0,14450.0,40000.0,7350.0,4590.0,15000.0,65100.0,42350.0,7172.0,,3380.0,4105.0,51843.0,3565.0,6051.0,5580.0,1125.0,14000.0,10200.0,7270.0,1209.0,363.0,11458.0,29350.0,7752.0,2720.0,17000.0,21400.0,103500.0,98000.0,7340.0,41600.0,181000.0,27700.0,70200.0,,5780.0,8130.0,24100.0,4290.0,9030.0,4355.0,8930.0,15754.0,11000.0,4403.0,,27750.0,4015.0,28350.0,4490.0,3020.0,37400.0,141500.0,28550.0,4995.0,29700.0,351472.0,6227.0,130000.0,6170.0,17355.0,4560.0,6130.0,1755.0,4465.0,36750.0,36435.0,2460.0,29650.0,,1855.0,551000.0,4917.0,9156.0,1042.0,69100.0,53701.0,2750.0,1225,30484.0,49750.0,6722.0,9550.0,9020.0,8120.0,2090.0,,9140.0,4420.0,6340.0,4025.0,2815.0,2135.0,53700.0,2030.0,1770.0,1689.0,50300.0,,25931.0,2025.0,2400.0,16750.0,125000.0,2570.0,1465.0,2175.0,84600.0,1800.0,14250.0,4035.0,38600.0,11375.0,17500.0,5770.0,3030.0,3850.0,7540.0,27800.0,4550.0,18420.0,41650.0,4415.0,3285.0,9110.0,4545.0,4135.0,6880.0,4330.0,2557.0,3730.0,2120.0,3200.0,2205.0,70700.0,4585.0,8410.0,147500.0,5975.0,,37400.0,2620.0,3630.0,6920.0,15200.0,1315.0,4695.0,5130.0,6000.0,1460.0,,14600.0,70900.0,6360.0,12250.0,749.0,1643.0,8525.0,26450.0,198000.0,7722.0,3058.0,7100.0,8450.0,6070.0,93200.0,7449.0,1440.0,3880.0,13250.0,3610.0,2222.0,1080.0,995.0,17250.0,4530.0,4530.0,58129.0,3155.0,8458.0,4700.0,1105.0,10657.0,3350.0,2775.0,3150.0,12550.0,3915.0,7650.0,4000.0,3110.0,48603.0,1590.0,904.0,1346.0,2360.0,1835.0,36350,6910.0,5350,6200.0,2870.0,21600.0,4025.0,4920.0,1820.0,3835.0,,22416.0,15700.0,5170.0,13500.0,5790.0,11250.0,28300.0,1615.0,6950.0,1855.0,3510.0,74400.0,3570.0,4330.0,8100.0,,42215.0,15450.0,16600.0,1955.0,35650.0,30950.0,190500.0,10050.0,7420.0,554.0,76200.0,9767.0,9053.0,1470.0,2535.0,2113.0,3070.0,7281.0,9110.0,2300.0,3560.0,30250.0,46650.0,6200.0,3933.0,19306.0,3780.0,1710.0,66600.0,6730.0,2635.0,9310.0,4765.0,2245.0,8610.0,8530.0,3980.0,,28700.0,18300.0,7530.0,3755.0,45700.0,30000.0,1405.0,7600.0,2170.0,,11258.0,1675.0,2250.0,1306.0,1295.0,1005.0,2085.0,9558.0,47164.0,,2480.0,2725.0,35250.0,2830.0,8296.0,1505.0,7850.0,2170.0,1465.0,9953.0,10350.0,,,4330.0,4700.0,,4485.0,1320.0,8950.0,279.0,12100.0,13709.0,119300.0,25350.0,16600.0,43.0,11039.0,4365.0,8290,9070.0,3920.0,2085.0,41850.0,1760.0,7320.0,,1690.0,1875.0,13700.0,1820.0,4970.0,1900.0,13150.0,6080.0,818.0,11600.0,1455.0,5870.0,204.0,2185.0,7700.0,4075.0,5150.0,3166.0,7300.0,10690.0,19600.0,4405.0,370.0,9990.0,5470.0,27450.0,179.0,83900.0,4325.0,6130.0,3795.0,16850.0,9427.0,21800.0,239000.0,10908.0,27450.0,77500.0,5420.0,9225.0,5820.0,3230.0,226000.0,,13400.0,23300.0,3780.0,9598.0,52888.0,121000.0,4250.0,22850.0,2900.0,4405.0,1580.0,27700.0,6220.0,,2220.0,29800.0,14300.0,162100,,14800.0,6730.0,790000.0,7650.0,846.0,5790.0,12779.0,38709.0,6020.0,4775.0,12205.0,1720.0,3520.0,8540.0,5500.0,9990.0,4355.0,28400.0,1910.0,3525.0,862.0,6575.0,4580.0,3550.0,7630.0,3420.0,6920.0,5410.0,6690.0,2700.0,87900.0,21095.0,543.0,1655.0,6740.0,2420.0,16600.0,5860.0,7360,3000.0,,9800.0,27300.0,7240.0,1915.0,23215.0,6320.0,2720.0,15200.0,1215.0,8070,3665.0,26000.0,4330.0,2562.0,2530.0,17700.0,10000.0,28425.0,55834.0,1265.0,7220.0,15200.0,21135.0,21250.0,2895.0,19367.0,4615.0,4012.0,22500.0,5050.0,605.0,1575.0,2100.0,5970.0,,3650.0,4260.0,6525.0,13740.0,1090.0,1943.0,7720.0,116700.0,6697.0,1210.0,15050.0,7200.0,5820.0,10450.0,3232.0,3140.0,1965.0,28250.0,12600.0,1390,9700.0,4490,3035.0,2985.0,3766.0,13900.0,6650.0,1900.0,3830.0,16000.0,7690.0,,2450.0,25350.0,24390.0,5777.0,264550,5159.0,6600.0,5580.0,1570.0,3150.0,1515.0,1805.0,6440.0,10900.0,8350.0,7470.0,7470.0,3400.0,2886.0,6000.0,1585.0,8960.0,29149.0,592.0,14523.0,719,2820,5950.0,2341.0,5166.0,6060.0,,10150.0,4020.0,4880.0,18700.0,35515.0,1370000.0,3005,2195.0,16475.0,,9330.0,4310.0,3775.0,16550.0,13075.0,8890.0,3975.0,1290.0,12450.0,1400.0,1302.0,11340,6030.0,8040.0,1470.0,3754.0,3415.0,6490.0,7019.0,1240,13850.0,8760.0,400,8080.0,,55300.0,,10479.0,2450.0,2690.0,91320.0,117.0,8370.0,7920.0,10300.0,13900.0,13750.0,3120.0,17250.0,7225.0,18550.0,3085,2430.0,1816.0,10400.0,2420.0,16500.0,2276.0,10555.0,6672.0,275,,16600.0,9592,1220.0,19362.0,2890,6050.0,70300.0,5450.0,4075.0,1900.0,2045.0,8800.0,4730.0,2284.0,2520.0,8560.0,30221.0,5795.0,7110.0,1830,3782.0,3745.0,5870.0,20800.0,,32716.0,,27200.0,30700.0,4400.0,1735.0,6880.0,4794.0,6185.0,3635.0,3885.0,15750.0,3180.0,13475.0,7000.0,11800.0,83500.0,5725.0,3020.0,22039.0,8900.0,52249.0,,6833.0,,3080.0,10560.0,1500.0,4480.0,1353.0,7360.0,5470.0,5970.0,15950.0,63400.0,2260.0,19800.0,4722.0,1635.0,6750.0,1130,7200.0,16500.0,,1685.0,1416.0,59300.0,15700.0,3690.0,11500.0,2843.0,3830.0,10900.0,58900.0,3814.0,3574.0,47350.0,3150.0,2555.0,2400.0,4480.0,7268.0,2034.0,,173811.0,20950.0,10150,74197.0,,7240.0,3230.0,18350.0,4030.0,16900.0,2110.0,7141.0,9300.0,102500.0,5408.0,3970.0,64000.0,4660.0,1700.0,7513.0,5070.0,3175.0,8110.0,2326.0,2260.0,16250.0,3510.0,6240.0,6975.0,10700.0,4089.0,2630.0,10100.0,49650.0,2465.0,32956.0,2070.0,,1650.0,14050.0,2605.0,2350.0,1765.0,6238.0,,3745.0,3120.0,6430.0,12750.0,35350.0,2340.0,24819.0,9200.0,28543.0,30100.0,23596,5485.0,37700.0,14671.0,5330.0,11984.0,14000.0,35850.0,2555.0,,3820.0,14950.0,5547.0,13250.0,1905.0,6900.0,3155,6187.0,12250.0,498.0,7030.0,4240.0,1893.0,27400.0,3980.0,2060.0,,,3542.0,8339.0,5500.0,8554.0,10800.0,,,5040.0,,,3680.0,9421.0,9900.0,16034.0,,,,,,,8270.0,8210.0,4927.0,28275.0,26100.0,7670.0,6780.0,69900.0,1810.0,53463.0,9180.0,5950,18693.0,1495.0,3375.0,8270.0,5630.0,3800.0,,2600.0,1405.0,14450.0,19299.0,3098.0,8010.0,8030.0,,141198.0,2927.0,2740.0,,3380.0,8160.0,5880.0,6000.0,2830.0,23189.0,3880.0,12300.0,8785.0,16771.0,3170.0,6080.0,5081,14530.0,6400.0,3399.0,6190.0,9770.0,17600.0,1345.0,,15400.0,163000.0,17450.0,9870.0,2055.0,,5390,6600.0,,,,,6640.0,9000.0,8550.0,9715.0,84067.0,13140.0,21350.0,1750.0,3730.0,43900.0,2930.0,3225.0,3840.0,,19049.0,3985.0,13550.0,4995.0,1051.0,59700.0,7803.0,2915.0,3015.0,7320.0,4377.0,10.0,19850.0,4720.0,3510.0,4765.0,5250.0,5550.0,12243.0,3045.0,3820.0,,22550.0,54547.0,169.0,20000.0,58750.0,9675.0,1320,46300.0,4775.0,116598.0,5820.0,32000.0,12288.0,6820.0,297000.0,3830.0,2075.0,12310.0,2680.0,23450.0,2278.0,,8807.0,,18250.0,33450.0,4440.0,7770.0,2308.0,5952.0,1875,85681.0,8890.0,8367.0,3350.0,5707.0,27400.0,7870.0,1865.0,5279.0,13486.0,27600.0,52.0,2020.0,2666.0,4880.0,,,4835.0,9680.0,2315.0,7940.0,4647.0,4400.0,23650.0,12550.0,3485.0,6737.0,44250.0,23100.0,36950.0,11150.0,13000.0,68200.0,4560.0,3295.0,1185.0,7310.0,3218.0,6850.0,14850.0,8209.0,105178.0,4508.0,,21500.0,7500.0,10500.0,,13200.0,30650.0,2470.0,1815.0,19834.0,2420.0,14900.0,20295,4740.0,620,4290.0,3555.0,29380.0,9937.0,12302,10600.0,10966.0,11365.0,4890.0,8000.0,6280.0,18250.0,4785.0,101899.0,4338.0,23630.0,2825.0,16395.0,9732.0,6530.0,4775.0,26400,77900.0,13800.0,,16700.0,12342.0,739.0,9780.0,3445.0,7670.0,1685.0,,29600.0,10700.0,11050.0,5940.0,,,3980.0,2530.0,14050.0,2875.0,2915.0,66486.0,22450.0,5630.0,2266.0,13150.0,14448.0,4450.0,3136.0,1100.0,9570.0,2580,4990.0,716.0,1545.0,1753.0,3057.0,1680.0,10550.0,2075.0,,7480.0,7625.0,6050.0,18250.0,6620.0,16150,2225.0,6540.0,4970.0,2010.0,42150.0,3090.0,9960.0,2328,16700.0,3360.0,12100.0,12950.0,2249.0,43050.0,,7224.0,11150.0,22323,661.0,,2200.0,60183.0,2180.0,7851.0,,5533.0,3735,1235.0,25774.0,4750.0,13672.0,27700.0,25700.0,1810.0,46650.0,3970.0,125936.0,752.0,40850.0,2488.0,145345.0,,155.0,7300.0,6379.0,3800.0,4070.0,13150.0,1335,5260.0,5200.0,12400.0,2400.0,11900.0,3955.0,2605,,4907.0,1680.0,,,42115.0,4060.0,12900.0,23450.0,2095.0,43300.0,8776.0,17700.0,5050.0,4920.0,13000.0,78149.0,8590.0,6330.0,7070.0,4100.0,2305.0,2097.0,5720.0,46125.0,24050.0,11948.0,1920.0,8890.0,4525.0,5216.0,31500.0,16350.0,86300.0,1820.0,12261.0,3835.0,5950.0,6612.0,11482.0,4825.0,5445.0,74817.0,7252.0,6110.0,2505.0,5810.0,1728.0,22628.0,7750.0,,3515.0,7945.0,17300.0,14200.0,2920.0,17300.0,52386.0,86653.0,7850.0,3740.0,8750.0,,2075.0,15850.0,41040.0,1600.0,3196.0,38.0,27097.0,4042.0,21600.0,27790.0,16431.0,3600.0,6080.0,1854.0,2695.0,100860.0,,1225.0,5725.0,22050.0,6648.0,13100.0,904710.0,2004.0,5910.0,2524.0,6578.0,,8900.0,10007.0,7270.0,2756.0,8400.0,14450.0,14650.0,23600.0,38544.0,14320.0,5900.0,22950.0,52600.0,64660.0,8175.0,74700.0,6640.0,39150.0,18600.0,7757.0,,1940.0,18028.0,1921.0,5690.0,2025.0,1265.0,14950.0,6230.0,7677.0,4005.0,35173.0,6220.0,7240.0,6130.0,2970.0,28750.0,,19850.0,3930.0,5600.0,7250.0,11350.0,6380.0,17507.0,42993.0,2825.0,5410.0,4605.0,5600.0,,14050.0,12330.0,5350.0,24268.0,2319.0,1235.0,18868.0,5040.0,9990.0,13375.0,2555.0,24750.0,11750.0,23300.0,6990.0,1710.0,949.0,17600.0,4008.0,23006.0,10200.0,3550.0,36400.0,10400.0,36900.0,9723.0,10558.0,9843.0,4530.0,13900.0,32500.0,23700.0,15000.0,10450.0,11300.0,13500.0,8080.0,40268.0,7910.0,4265.0,4190.0,2487.0,49350.0,5200.0,2370.0,10475.0,16350.0,10635.0,76200.0,2190.0,31450.0,1527.0,9111.0,16291.0,9585.0,8087.0,6813.0,10123.0,2500.0,5950.0,7600.0,18350.0,25550.0,40900.0,5600.0,3055.0,14520.0,12178.0,7846.0,2105.0,9760.0,25100.0,5400.0,8270.0,2100.0,11100.0,76800.0,2580.0,29250.0,132000.0,38200.0,7886.0,18145.0,17500.0,10350.0,6390.0,5920.0,93800.0,11370.0,3350.0,1800.0,167000.0,10850.0,21609.0,40450.0,61316.0,11256.0,11999.0,9990.0,5780.0,4926.0,5000.0,37223.0,7618.0,28300.0,11120.0,9360.0,20293.0,12487.0,6878.0,19950.0,4237.0,225000.0,131500.0,17250.0,83200.0,7609.0,26085.0,4769.0,32200.0,16200.0,5204.0,19165.0,51100.0,2075.0,1825.0,10964.0,2213.0,44900.0,11738.0,1485.0,3840.0,8270.0,7150.0,11150.0,14523.0,8140.0,2393.0,5950.0,5380.0,7200.0,13950.0,2576.0,10181.0,12300.0,27150.0,6012.0,5730.0,1769.0,14669.0,19925.0,12.0,,197.0,,22510.0,9212.0,2712.0,,6171.0,2185.0,39125.0,320.0,560000.0,7925.0,6904.0,8530.0,4770.0,16050.0,5230.0,16850.0
2020-06-30,16250.0,12100.0,42424.0,157500.0,7275.0,6981.0,,8800.0,7170.0,7360.0,8643.0,59500.0,89818.0,85100.0,43581.0,32157.0,14400.0,30300.0,7077.0,5480.0,19200.0,8700.0,28850.0,2410.0,32636.0,20800.0,1006.0,3033.0,3352.0,2274.0,2600.0,3410.0,10150.0,5777.0,10734.0,12600.0,15700.0,6050.0,3750.0,2555.0,120000.0,25850.0,20850.0,1775.0,1970.0,13300.0,1900.0,53300.0,,17800.0,69900.0,103041.0,7900.0,53400.0,1940.0,1620.0,3885.0,11310.0,350000,2575.0,19300.0,5980.0,133000.0,30200.0,4475.0,9530.0,145000.0,18850.0,1212.0,9035.0,1985.0,1860.0,19700.0,7270.0,13100.0,3380.0,1240.0,3314.0,2400.0,231500.0,6660.0,28315.0,4975.0,33700.0,4595.0,27200.0,4020.0,6030.0,15982.0,696000.0,8598.0,8720.0,6750.0,3150.0,5520.0,67260.0,71133.0,5880.0,1660.0,16351.0,68326.0,10400.0,1165.0,3240.0,46950.0,85800.0,12670.0,28184.0,13850.0,34450.0,5860.0,9170.0,4909.0,1085.0,,3000.0,220500.0,11000.0,3520.0,5680.0,,10250.0,13509.0,12850.0,42700.0,7120.0,4290.0,13300.0,67400.0,54100.0,6886.0,,2985.0,4490.0,48377.0,4440.0,4766.0,5320.0,1050.0,11500.0,9700.0,6190.0,1172.0,350.0,12249.0,28900.0,6624.0,2540.0,16100.0,24000.0,102000.0,97700.0,6858.0,33950.0,174000.0,27000.0,62500.0,,4845.0,7140.0,18400.0,3885.0,8180.0,4590.0,8930.0,15515.0,11000.0,4355.0,,25550.0,3690.0,39050.0,4545.0,2730.0,34800.0,148000.0,24550.0,4620.0,27900.0,355878.0,7496.0,113000.0,6190.0,15755.0,3895.0,6300.0,1690.0,3910.0,31850.0,31175.0,2235.0,25900.0,,1670.0,557000.0,4947.0,8765.0,938.0,59500.0,71601.0,2430.0,1225,26571.0,46050.0,5712.0,9440.0,12900.0,8190.0,1985.0,,8510.0,4345.0,6170.0,3930.0,2565.0,2212.0,53400.0,1680.0,1770.0,1666.0,59100.0,,31458.0,1867.0,2090.0,18200.0,129000.0,2370.0,1880.0,1970.0,86200.0,1555.0,16550.0,3730.0,41550.0,9650.0,17850.0,4685.0,2885.0,3371.0,7420.0,25400.0,4305.0,21956.0,38650.0,3415.0,2045.0,9580.0,5616.0,3990.0,6170.0,4170.0,2429.0,3450.0,1940.0,2985.0,2225.0,63500.0,4300.0,9680.0,174500.0,5275.0,,34550.0,2473.0,3350.0,7700.0,13300.0,1340.0,4695.0,5170.0,6000.0,1225.0,,13150.0,74500.0,4855.0,13250.0,691.0,1513.0,8450.0,27900.0,192000.0,6896.0,3099.0,9720.0,8500.0,6360.0,85800.0,12705.0,1600.0,3380.0,12950.0,3285.0,2414.0,943.0,906.0,15300.0,5000.0,5300.0,55361.0,2980.0,8458.0,4280.0,1015.0,10086.0,3205.0,2685.0,3010.0,10950.0,3550.0,6870.0,3710.0,2830.0,48488.0,1450.0,1200.0,1392.0,2660.0,1546.0,36000,6820.0,7090,5310.0,2755.0,19500.0,4525.0,4835.0,1620.0,4140.0,,18653.0,11750.0,4235.0,14400.0,5380.0,13450.0,28050.0,1400.0,5760.0,1790.0,2650.0,68900.0,3370.0,3870.0,8000.0,,46150.0,17150.0,15000.0,1735.0,34600.0,29700.0,168500.0,8770.0,7720.0,515.0,74100.0,6296.0,8421.0,1425.0,2580.0,2141.0,3330.0,7176.0,8560.0,2320.0,3530.0,35000.0,49600.0,5400.0,4088.0,18327.0,3410.0,1555.0,72200.0,6260.0,2410.0,9310.0,4250.0,1990.0,6880.0,7310.0,3640.0,,29250.0,19900.0,7370.0,4780.0,45050.0,29250.0,1250.0,6780.0,2165.0,,10982.0,1695.0,2045.0,1189.0,1185.0,1285.0,2020.0,11384.0,45466.0,,2483.0,2540.0,31900.0,2705.0,8191.0,1575.0,7320.0,1800.0,1420.0,13377.0,9650.0,,,4440.0,5090.0,,4240.0,1165.0,8800.0,279.0,12250.0,13358.0,109200.0,24350.0,16400.0,,11734.0,4520.0,6910,9650.0,4010.0,2085.0,40500.0,1530.0,6940.0,,1460.0,1795.0,13350.0,1760.0,4583.0,1890.0,12200.0,5554.0,710.0,12000.0,1170.0,5050.0,204.0,1880.0,7590.0,3300.0,5040.0,2861.0,6480.0,12305.0,24000.0,6150.0,370.0,8620.0,5270.0,31500.0,179.0,78200.0,3840.0,5290.0,4286.0,16750.0,10490.0,21200.0,291000.0,12972.0,23325.0,71200.0,4920.0,11475.0,5190.0,2870.0,267000.0,,12000.0,21850.0,3450.0,6976.0,53691.0,110300.0,5020.0,21200.0,2155.0,3900.0,1490.0,25650.0,5900.0,,2220.0,30850.0,15050.0,200000,,15300.0,6440.0,891000.0,6020.0,862.0,5140.0,24577.0,46000.0,7810.0,4560.0,10171.0,1675.0,3600.0,8680.0,5175.0,10650.0,3990.0,27300.0,1945.0,4300.0,862.0,6500.0,5330.0,3210.0,6140.0,2950.0,7260.0,5400.0,6370.0,2870.0,94500.0,23991.0,543.0,1670.0,6350.0,2130.0,14900.0,5220.0,7360,3045.0,,8820.0,24950.0,6290.0,1640.0,23095.0,5860.0,2400.0,13150.0,1690.0,12200,3450.0,24250.0,5560.0,2252.0,2270.0,16000.0,11550.0,26470.0,73137.0,1125.0,6320.0,14650.0,18159.0,19300.0,3080.0,24031.0,3735.0,4012.0,20400.0,5020.0,599.0,1365.0,2075.0,5690.0,,3125.0,3685.0,5600.0,12040.0,988.0,1943.0,7840.0,128150.0,5711.0,1250.0,17300.0,8310.0,5450.0,9420.0,3340.0,3100.0,1920.0,32400.0,13700.0,825,9120.0,4175,2755.0,2720.0,3453.0,13450.0,6120.0,1641.0,3430.0,13950.0,7040.0,,2550.0,23750.0,24900.0,4957.0,255220,6243.0,6060.0,4995.0,1500.0,3505.0,1465.0,1745.0,5950.0,11400.0,8600.0,7470.0,7770.0,3090.0,2707.0,5390.0,1510.0,8650.0,22635.0,501.0,13005.0,719,2820,6960.0,2240.0,5662.0,5900.0,,12650.0,4685.0,6090.0,15250.0,30440.0,1346000.0,3005,2665.0,16500.0,,8910.0,4625.0,3560.0,15000.0,16351.0,8940.0,4665.0,1265.0,12750.0,1340.0,1165.0,10420,6120.0,7930.0,1475.0,3568.0,2885.0,5940.0,6675.0,1030,20200.0,8740.0,400,6830.0,,49900.0,,8467.0,2325.0,2655.0,74175.0,,7580.0,8810.0,11550.0,12300.0,13250.0,3150.0,15450.0,6250.0,22200.0,1995,2140.0,1992.0,9650.0,2630.0,16500.0,1883.0,14234.0,6672.0,275,,14150.0,7497,1280.0,22626.0,1790,5640.0,71800.0,4840.0,3975.0,1690.0,1945.0,9220.0,4070.0,2052.0,2445.0,8470.0,28300.0,6365.0,6420.0,1830,3602.0,3355.0,5950.0,22550.0,,41521.0,,28400.0,39400.0,4050.0,1595.0,6370.0,4979.0,6991.0,3470.0,3625.0,15350.0,2995.0,10850.0,7000.0,11450.0,86600.0,7375.0,3650.0,20882.0,7940.0,52249.0,,6997.0,,3520.0,9847.0,1315.0,6110.0,1249.0,6900.0,5290.0,6250.0,15950.0,70500.0,2480.0,18950.0,4582.0,1635.0,6000.0,1130,6370.0,17350.0,,1745.0,1222.0,63200.0,14000.0,3245.0,10450.0,4114.0,3385.0,13000.0,63200.0,3665.0,3156.0,41100.0,4015.0,2435.0,2130.0,4460.0,6188.0,2160.0,,249117.0,21350.0,9240,102680.0,,6820.0,3320.0,21900.0,4182.0,15900.0,2110.0,6111.0,9300.0,132500.0,5042.0,3805.0,56300.0,4050.0,1680.0,6995.0,4515.0,2575.0,7810.0,3021.0,2225.0,16950.0,2800.0,5400.0,6610.0,10150.0,3717.0,2460.0,10000.0,50000.0,1925.0,31272.0,2110.0,,1960.0,13800.0,2483.0,2150.0,1600.0,6313.0,,3390.0,5075.0,6040.0,12350.0,33300.0,2130.0,23895.0,9280.0,31702.0,34450.0,21138,5088.0,36250.0,14288.0,5170.0,11984.0,16950.0,30000.0,2410.0,,5456.0,14350.0,4789.0,12050.0,1490.0,6590.0,3305,5411.0,10500.0,498.0,6750.0,4000.0,2060.0,42300.0,4200.0,2415.0,,,3844.0,9265.0,5150.0,8276.0,11000.0,,,5040.0,,,3585.0,9421.0,8500.0,13821.0,,,,,,,10637.0,7050.0,4654.0,28592.0,26800.0,8070.0,8590.0,58400.0,1715.0,52182.0,11550.0,6110,18416.0,1380.0,3545.0,9540.0,5870.0,4175.0,,2295.0,1405.0,12200.0,24184.0,3739.0,8080.0,9764.0,,121648.0,3115.0,2500.0,,3570.0,8160.0,5690.0,6510.0,2630.0,39012.0,3315.0,13750.0,8937.0,14165.0,3760.0,6270.0,4034,13503.0,5770.0,3323.0,5600.0,13850.0,27850.0,1215.0,,14650.0,167500.0,19800.0,8650.0,1947.0,,7370,6450.0,,,,,5400.0,8240.0,8850.0,8990.0,100362.0,13580.0,19950.0,1515.0,3740.0,42100.0,2780.0,2935.0,3640.0,,16847.0,4930.0,12350.0,4840.0,911.0,59000.0,7871.0,2530.0,2725.0,6190.0,4553.0,,19650.0,4170.0,3450.0,4690.0,4820.0,5000.0,11416.0,2480.0,5420.0,,21400.0,68202.0,162.0,18900.0,56689.0,8125.0,1248,37557.0,4811.0,128897.0,5820.0,31050.0,11450.0,6390.0,326000.0,3765.0,1875.0,12586.0,2930.0,22300.0,1933.0,,9583.0,,16250.0,33050.0,5400.0,7000.0,2269.0,5589.0,1870,91444.0,9310.0,7102.0,3500.0,9424.0,37550.0,8610.0,1855.0,5962.0,16183.0,35050.0,,1930.0,2458.0,5300.0,,,4540.0,9420.0,2120.0,7330.0,4363.0,4420.0,27400.0,8600.0,3405.0,6938.0,44700.0,19050.0,38600.0,11350.0,11880.0,64300.0,5020.0,2599.0,1185.0,7750.0,3000.0,6700.0,15000.0,8364.0,111386.0,4978.0,,21600.0,6860.0,9510.0,,13800.0,25400.0,2470.0,104.0,19929.0,2160.0,12850.0,18915,4170.0,620,4155.0,3718.0,28180.0,10345.0,11294,10100.0,10475.0,13475.0,4595.0,8000.0,7040.0,17200.0,4760.0,87178.0,4178.0,28250.0,2780.0,16257.0,7992.0,5850.0,4900.0,27900,106500.0,18250.0,,19400.0,9873.0,739.0,9900.0,3765.0,6200.0,1740.0,,37250.0,8710.0,13100.0,5030.0,,,4425.0,2695.0,14800.0,2650.0,3355.0,64108.0,19250.0,5250.0,1630.0,12750.0,23840.0,4290.0,2989.0,1045.0,9370.0,2560,8400.0,550.0,1540.0,1699.0,2888.0,1635.0,11600.0,2035.0,,7900.0,7350.0,5390.0,26500.0,7460.0,18950,2740.0,5580.0,5260.0,380.0,48300.0,2980.0,9760.0,2126,15200.0,3455.0,11950.0,12500.0,2051.0,47200.0,,6492.0,11450.0,25381,590.0,,1955.0,76172.0,1955.0,6863.0,,5396.0,3735,1135.0,57000.0,5102.0,14588.0,28200.0,23100.0,1645.0,51000.0,4800.0,161129.0,726.0,37600.0,2285.0,134312.0,,155.0,6550.0,6280.0,4095.0,3930.0,13450.0,1360,4655.0,4420.0,20300.0,2630.0,9720.0,3795.0,2620,,6753.0,1680.0,,,31755.0,5420.0,12900.0,24650.0,1880.0,42600.0,7655.0,20650.0,5050.0,4300.0,12150.0,78149.0,9330.0,7760.0,6080.0,4025.0,2240.0,1954.0,6210.0,38625.0,37350.0,17155.0,1920.0,8890.0,5690.0,8635.0,28750.0,16100.0,80200.0,1597.0,11263.0,2615.0,5420.0,7337.0,14272.0,4280.0,7304.0,85995.0,7581.0,5880.0,2640.0,5250.0,1525.0,26376.0,6413.0,,3205.0,7368.0,27350.0,12650.0,2630.0,15760.0,52386.0,95867.0,6925.0,3485.0,8220.0,,2075.0,15000.0,37890.0,1650.0,3924.0,,45348.0,4273.0,27550.0,26800.0,14846.0,3310.0,6810.0,1649.0,2480.0,75510.0,,1225.0,4085.0,17350.0,7708.0,21025.0,1127251.0,2017.0,5040.0,2122.0,6640.0,,10200.0,10373.0,8160.0,3156.0,8060.0,13950.0,13400.0,26200.0,41727.0,13840.0,6670.0,21350.0,54300.0,108680.0,7225.0,70100.0,6130.0,35700.0,17800.0,7757.0,,1705.0,21263.0,1974.0,5275.0,1975.0,1405.0,12650.0,6898.0,6679.0,3310.0,35417.0,9700.0,6620.0,6660.0,3125.0,25450.0,,17900.0,3685.0,6280.0,7730.0,10550.0,6290.0,17507.0,34151.0,2830.0,5370.0,5000.0,5075.0,,15600.0,11140.0,5350.0,27191.0,3455.0,1260.0,23472.0,4494.0,9520.0,16000.0,2070.0,22000.0,11000.0,14594.0,6520.0,1057.0,1040.0,19100.0,3308.0,18134.0,11150.0,3390.0,31950.0,9990.0,40300.0,8545.0,10122.0,12250.0,4150.0,12450.0,35650.0,26300.0,11400.0,11950.0,12300.0,17800.0,7390.0,45074.0,7500.0,4615.0,4102.0,2512.0,45500.0,5290.0,2395.0,10275.0,16300.0,14215.0,86200.0,2390.0,24950.0,1509.0,9837.0,16291.0,8380.0,8664.0,7389.0,13857.0,2340.0,5950.0,8080.0,17900.0,29300.0,43600.0,5590.0,2810.0,14520.0,12562.0,8849.0,1870.0,8830.0,23300.0,6700.0,7920.0,1920.0,10100.0,80200.0,2580.0,27900.0,134000.0,46300.0,7922.0,21769.0,17400.0,10750.0,5599.0,6440.0,91300.0,15400.0,8830.0,2105.0,139000.0,11400.0,21010.0,33600.0,85735.0,9586.0,9454.0,7940.0,4890.0,4424.0,6150.0,32702.0,9620.0,28900.0,13075.0,8920.0,20840.0,15315.0,6517.0,21100.0,6637.0,210000.0,112000.0,28900.0,114000.0,7648.0,28802.0,4536.0,37605.0,19400.0,8406.0,19650.0,48700.0,2145.0,2610.0,10909.0,2235.0,37550.0,11101.0,1680.0,3990.0,6900.0,5825.0,12450.0,14634.0,8200.0,2222.0,6130.0,5000.0,6800.0,13100.0,2576.0,14259.0,15350.0,27750.0,5681.0,5351.0,1791.0,31791.0,16143.0,,,197.0,,22510.0,8687.0,2284.0,,6953.0,1915.0,36525.0,271.0,525000.0,8300.0,6064.0,7150.0,4965.0,16050.0,4460.0,13850.0
2020-07-31,24400.0,11400.0,48042.0,153000.0,8850.0,8149.0,,8340.0,7300.0,7613.0,8712.0,63800.0,93969.0,82800.0,49188.0,33373.0,14300.0,31850.0,7503.0,9000.0,26000.0,9120.0,34100.0,2300.0,32276.0,27085.0,1154.0,4329.0,3839.0,3215.0,2690.0,3620.0,10950.0,6922.0,12663.0,13950.0,22900.0,6580.0,4390.0,2795.0,123500.0,25500.0,20050.0,2025.0,2000.0,12450.0,1920.0,60600.0,,18800.0,74600.0,82034.0,7910.0,56400.0,1880.0,1800.0,3980.0,11643.0,329500,2800.0,19300.0,5750.0,134500.0,35000.0,6450.0,11650.0,156000.0,23350.0,1498.0,8810.0,1990.0,1905.0,24900.0,10100.0,12950.0,3520.0,1755.0,4143.0,2485.0,235000.0,6820.0,30904.0,4960.0,40100.0,4415.0,25600.0,4235.0,6770.0,19699.0,681000.0,8270.0,8430.0,6670.0,3740.0,6530.0,69905.0,66630.0,5080.0,1725.0,18712.0,68781.0,17250.0,1685.0,3550.0,42100.0,86500.0,12369.0,30222.0,14250.0,43750.0,6290.0,9080.0,5017.0,1070.0,,3260.0,209000.0,11000.0,3425.0,6030.0,,9950.0,13900.0,12950.0,41200.0,7500.0,4600.0,13750.0,77600.0,51400.0,9152.0,,3595.0,4750.0,52614.0,4615.0,4481.0,5500.0,1130.0,14200.0,9970.0,7900.0,1287.0,334.0,14619.0,28850.0,5920.0,3480.0,16150.0,26450.0,101000.0,126500.0,7598.0,33300.0,193500.0,28600.0,65300.0,,5390.0,7820.0,22650.0,4025.0,8330.0,5110.0,9260.0,16521.0,11400.0,4365.0,,25350.0,5330.0,48400.0,4730.0,2635.0,41950.0,227000.0,26950.0,5410.0,28250.0,389165.0,8596.0,116500.0,6300.0,16800.0,3940.0,8380.0,1855.0,5390.0,33150.0,29379.0,2400.0,33500.0,,1780.0,558000.0,4837.0,8119.0,1172.0,57900.0,93977.0,2570.0,1225,30561.0,40800.0,5872.0,9800.0,16200.0,8210.0,1765.0,,8570.0,4090.0,5560.0,4170.0,2710.0,2220.0,58700.0,1705.0,1770.0,1685.0,57300.0,,39866.0,1923.0,2370.0,18250.0,140500.0,2420.0,2195.0,2070.0,102000.0,1660.0,18700.0,4110.0,50500.0,9950.0,19300.0,4585.0,2980.0,3465.0,7450.0,26300.0,4165.0,29085.0,34750.0,3405.0,2325.0,10720.0,5399.0,4230.0,6900.0,4375.0,2472.0,3465.0,2255.0,2990.0,2290.0,61000.0,4320.0,12550.0,161000.0,5800.0,,38000.0,2867.0,3545.0,7200.0,14000.0,1410.0,5100.0,5630.0,6000.0,1350.0,,14800.0,84600.0,5293.0,13750.0,724.0,1591.0,11000.0,27450.0,205500.0,6694.0,3912.0,8940.0,8940.0,7730.0,90500.0,28427.0,1500.0,3740.0,13150.0,3610.0,2504.0,964.0,1130.0,25500.0,5730.0,4870.0,54878.0,2930.0,8458.0,4945.0,1060.0,10116.0,3600.0,4775.0,3085.0,11350.0,3790.0,7500.0,3880.0,3480.0,55481.0,1570.0,1325.0,1528.0,2645.0,1369.0,36450,6820.0,9160,6370.0,2930.0,19100.0,4870.0,4905.0,1790.0,4015.0,,18496.0,11950.0,3930.0,15300.0,5550.0,14600.0,28750.0,1985.0,5880.0,1805.0,2935.0,66800.0,3630.0,3985.0,6900.0,,46300.0,17750.0,18200.0,2535.0,37950.0,30000.0,166500.0,8600.0,7990.0,568.0,86000.0,8204.0,9258.0,1545.0,2575.0,2282.0,3650.0,10779.0,8030.0,2285.0,3625.0,30300.0,50700.0,5825.0,4153.0,19473.0,3560.0,1880.0,76700.0,6880.0,3175.0,9310.0,4345.0,2145.0,7110.0,7430.0,4055.0,,32000.0,20750.0,7680.0,4650.0,45700.0,29800.0,1215.0,6770.0,2295.0,,14510.0,1945.0,2300.0,1151.0,1285.0,1630.0,3200.0,12780.0,42353.0,,3764.0,2540.0,38900.0,2985.0,7131.0,1540.0,7720.0,1945.0,1410.0,19846.0,10400.0,,,6030.0,5140.0,,4210.0,1195.0,7386.0,279.0,11900.0,16510.0,106000.0,23200.0,19200.0,,16348.0,4935.0,5920,9390.0,3865.0,2185.0,42200.0,2415.0,7200.0,,1650.0,1850.0,16450.0,1847.0,5060.0,1420.0,11450.0,6226.0,742.0,11700.0,1055.0,5600.0,204.0,3225.0,9950.0,3585.0,4695.0,2717.0,12350.0,13115.0,24750.0,5980.0,370.0,10000.0,5870.0,30350.0,179.0,80900.0,3550.0,5400.0,9309.0,15750.0,11646.0,20400.0,221500.0,12235.0,25050.0,75900.0,4985.0,12825.0,5110.0,5120.0,301000.0,,12300.0,23700.0,3405.0,7388.0,68946.0,115100.0,4820.0,29850.0,2245.0,6160.0,1410.0,24750.0,6630.0,,2220.0,29500.0,17350.0,245100,,15550.0,7340.0,811000.0,6220.0,793.0,4740.0,26936.0,46000.0,7810.0,4645.0,10803.0,1750.0,3600.0,8870.0,5800.0,11100.0,3970.0,27600.0,1820.0,4770.0,862.0,8200.0,8680.0,3610.0,5610.0,3130.0,8530.0,4980.0,7040.0,2630.0,110800.0,25149.0,543.0,1715.0,7040.0,2350.0,19200.0,5480.0,7360,3095.0,,9170.0,26300.0,6580.0,2800.0,27010.0,5870.0,2930.0,15550.0,1530.0,15050,4160.0,31250.0,6610.0,2309.0,2440.0,16650.0,11900.0,26219.0,92523.0,1185.0,10600.0,16150.0,18559.0,19900.0,3830.0,21011.0,5925.0,4012.0,23750.0,5050.0,734.0,1660.0,2305.0,6320.0,,3540.0,3870.0,5425.0,12540.0,1051.0,1943.0,8440.0,123375.0,11308.0,1280.0,22050.0,7890.0,4975.0,10850.0,4874.0,5460.0,1695.0,37300.0,28450.0,770,11250.0,4665,2935.0,2940.0,3465.0,17750.0,6150.0,1612.0,3490.0,13850.0,7540.0,,2750.0,23950.0,23100.0,5409.0,311610,5842.0,12100.0,5160.0,1700.0,3825.0,1780.0,2155.0,6180.0,10850.0,9400.0,7470.0,8490.0,3405.0,2778.0,5540.0,1722.0,8680.0,25678.0,521.0,15748.0,719,2820,7000.0,2240.0,7803.0,8810.0,,15450.0,5650.0,7780.0,15150.0,26790.0,1371000.0,3005,2690.0,14475.0,,8900.0,4060.0,3895.0,16200.0,19954.0,11650.0,4530.0,1310.0,22100.0,1450.0,1093.0,8140,9690.0,8430.0,1575.0,4907.0,2790.0,6030.0,6634.0,1060,28900.0,9400.0,400,9230.0,,59000.0,,12023.0,2375.0,2970.0,78315.0,,8510.0,8580.0,12400.0,14950.0,14000.0,3840.0,15850.0,6325.0,25600.0,1890,2275.0,2008.0,9840.0,2715.0,16500.0,2622.0,23457.0,5945.0,275,,16100.0,6922,1300.0,27411.0,1820,6440.0,73800.0,4760.0,4355.0,1810.0,2195.0,16700.0,3940.0,2345.0,2800.0,9160.0,35670.0,7957.0,6430.0,1830,4160.0,3365.0,7590.0,24400.0,,50526.0,,33500.0,39450.0,4105.0,1920.0,6280.0,5980.0,6286.0,3560.0,3810.0,18050.0,3350.0,8200.0,7000.0,19050.0,93000.0,7375.0,3330.0,24739.0,8450.0,52249.0,,6619.0,,3795.0,16605.0,1400.0,7420.0,2452.0,6900.0,5080.0,7370.0,15950.0,66300.0,2620.0,20400.0,5413.0,23.0,5950.0,1130,6300.0,16800.0,,1730.0,1271.0,70700.0,15550.0,3320.0,10650.0,4749.0,3685.0,12900.0,62900.0,4138.0,3773.0,40750.0,3955.0,2465.0,2210.0,4925.0,6580.0,2771.0,,241383.0,22350.0,9260,95234.0,,6090.0,4685.0,33250.0,4081.0,16650.0,2110.0,6259.0,9300.0,110000.0,4534.0,4315.0,59700.0,4500.0,1690.0,7077.0,5290.0,2515.0,9270.0,2994.0,2340.0,17350.0,3155.0,5370.0,7245.0,10150.0,4166.0,1980.0,9100.0,52800.0,1920.0,41737.0,1870.0,,2495.0,15450.0,2567.0,2360.0,2170.0,6796.0,,3975.0,5700.0,5800.0,12550.0,31500.0,2295.0,24511.0,8330.0,34341.0,42400.0,21826,5385.0,35000.0,13764.0,5330.0,11984.0,19100.0,33650.0,2540.0,,6543.0,16600.0,5474.0,15100.0,1520.0,6590.0,3600,5285.0,11250.0,498.0,7690.0,4730.0,3690.0,55600.0,3860.0,2315.0,,,3687.0,7863.0,6125.0,9740.0,15050.0,,,,,,3325.0,10424.0,9410.0,14545.0,,,,,,,9403.0,7200.0,4294.0,29456.0,26700.0,8390.0,10300.0,66000.0,1735.0,46204.0,10300.0,5810,18462.0,1445.0,3850.0,10700.0,6310.0,6270.0,,2600.0,1405.0,15000.0,29369.0,4609.0,8730.0,10202.0,,144289.0,3140.0,2815.0,,4860.0,8160.0,5320.0,8840.0,2550.0,51972.0,3305.0,15850.0,10785.0,13450.0,3985.0,6270.0,4517,13083.0,6720.0,4407.0,7300.0,15600.0,48000.0,1175.0,,14000.0,166000.0,23350.0,9690.0,1912.0,,3970,6550.0,,,,,5720.0,10500.0,11200.0,7245.0,87493.0,17358.0,23650.0,1710.0,3815.0,41900.0,3290.0,3105.0,3580.0,,16079.0,5140.0,11950.0,4575.0,1514.0,64500.0,8027.0,2875.0,2875.0,7400.0,4436.0,,27300.0,4730.0,5560.0,5150.0,5190.0,4970.0,12125.0,3080.0,4830.0,,25400.0,89483.0,169.0,20900.0,130868.0,9175.0,1279,38517.0,4821.0,124961.0,6610.0,38650.0,11825.0,7010.0,386000.0,4730.0,1845.0,14312.0,2590.0,23850.0,1689.0,,10384.0,,16250.0,36000.0,7080.0,6970.0,2298.0,5625.0,1885,98709.0,13350.0,7749.0,3600.0,15861.0,43500.0,8370.0,1640.0,5545.0,15889.0,47900.0,,1910.0,2694.0,4735.0,,,4605.0,12800.0,2050.0,8550.0,4396.0,4465.0,28850.0,8350.0,3755.0,6871.0,47550.0,17700.0,48000.0,11200.0,12513.0,62600.0,5020.0,3000.0,1185.0,7940.0,2848.0,7670.0,16700.0,8749.0,102073.0,5531.0,,23300.0,7070.0,8740.0,,13300.0,24150.0,2470.0,,37722.0,2100.0,12750.0,15200,5122.0,620,4275.0,4023.0,40590.0,12401.0,11193,10400.0,12460.0,12640.0,4610.0,8000.0,6100.0,16500.0,4920.0,98322.0,5704.0,30210.0,3355.0,15497.0,8774.0,5950.0,5970.0,27400,109500.0,24050.0,,30450.0,9997.0,739.0,10800.0,3925.0,8150.0,1695.0,,40700.0,8500.0,15700.0,5360.0,,,3900.0,2545.0,14250.0,2525.0,3095.0,62054.0,21650.0,6010.0,1803.0,13200.0,24387.0,3965.0,3502.0,1265.0,11900.0,2910,7250.0,498.0,1515.0,2085.0,3381.0,2660.0,12300.0,2370.0,,7960.0,7650.0,5700.0,40800.0,9480.0,20800,2685.0,5830.0,5180.0,211.0,50100.0,2790.0,9880.0,2326,16550.0,5350.0,14550.0,13650.0,2646.0,59800.0,,8108.0,18600.0,26520,555.0,,2830.0,56711.0,2005.0,7580.0,,5481.0,3735,1285.0,57600.0,4566.0,13744.0,38600.0,25100.0,1795.0,52900.0,6000.0,156900.0,730.0,41000.0,2490.0,61016.0,,155.0,8560.0,5833.0,3995.0,4585.0,14400.0,1345,4400.0,4275.0,24450.0,2755.0,12200.0,3990.0,2620,,6618.0,1680.0,,,25890.0,4865.0,13850.0,26050.0,1715.0,46750.0,7862.0,25450.0,5050.0,4610.0,15700.0,83462.0,14050.0,7830.0,6550.0,3880.0,2175.0,2705.0,6100.0,36250.0,39200.0,18588.0,1920.0,10138.0,5220.0,9541.0,34000.0,16100.0,84000.0,1590.0,14579.0,2415.0,5920.0,8061.0,22085.0,3900.0,8112.0,106998.0,7480.0,5860.0,2590.0,6230.0,1564.0,23924.0,9746.0,,3020.0,9323.0,29800.0,12800.0,2630.0,16060.0,52386.0,90966.0,10150.0,3515.0,8740.0,,2075.0,20650.0,39540.0,2060.0,3934.0,,50107.0,4931.0,28450.0,32800.0,16056.0,3590.0,8300.0,1729.0,2755.0,62640.0,,137.0,7425.0,21050.0,20138.0,22025.0,1066162.0,2921.0,4960.0,1992.0,6167.0,,11250.0,12899.0,7770.0,2859.0,8230.0,13750.0,14000.0,22300.0,60931.0,13800.0,7668.0,24350.0,59300.0,154063.0,8075.0,76000.0,4650.0,33950.0,19250.0,7757.0,,1600.0,24592.0,2948.0,6188.0,2110.0,2060.0,12450.0,6146.0,7207.0,3190.0,35417.0,12200.0,6840.0,6778.0,4620.0,23500.0,,15050.0,3610.0,8170.0,8220.0,19250.0,7320.0,17507.0,27852.0,2645.0,5260.0,7280.0,5475.0,,26100.0,10570.0,5350.0,30435.0,3305.0,1270.0,27826.0,4420.0,10000.0,15050.0,2360.0,23925.0,11750.0,13439.0,6680.0,1283.0,2090.0,19550.0,3569.0,18404.0,12300.0,3370.0,32050.0,9470.0,61200.0,10174.0,9123.0,12750.0,4025.0,13500.0,38250.0,26950.0,11150.0,13950.0,12900.0,17250.0,7370.0,49963.0,8470.0,5375.0,4613.0,2280.0,46750.0,5250.0,2660.0,11425.0,16050.0,11750.0,85200.0,3125.0,52000.0,1601.0,11463.0,17482.0,9390.0,9081.0,6970.0,9998.0,2505.0,5950.0,8240.0,20800.0,36500.0,37700.0,9560.0,3250.0,14520.0,12479.0,9527.0,1825.0,8570.0,26450.0,7325.0,12450.0,2455.0,8850.0,80300.0,2580.0,25100.0,134000.0,56000.0,8718.0,25247.0,18300.0,10500.0,5681.0,7350.0,123000.0,14680.0,5830.0,2580.0,124500.0,10600.0,20411.0,35850.0,179477.0,10588.0,9818.0,7820.0,5170.0,4994.0,11450.0,39385.0,8950.0,33300.0,13456.0,12600.0,20065.0,15690.0,6333.0,21700.0,11371.0,214000.0,113500.0,43400.0,132000.0,7342.0,29237.0,4686.0,39260.0,23900.0,7030.0,16650.0,62900.0,2125.0,3290.0,11339.0,2235.0,39750.0,10009.0,1630.0,3970.0,7430.0,5850.0,13050.0,19334.0,8200.0,2229.0,6100.0,5450.0,7840.0,13650.0,2570.0,19862.0,14800.0,31350.0,5696.0,5031.0,1804.0,44841.0,18167.0,,,197.0,,22510.0,8612.0,2055.0,,6672.0,1705.0,34220.0,242.0,359500.0,7900.0,5843.0,7180.0,4810.0,16050.0,3930.0,13400.0
2020-08-31,23450.0,10550.0,56174.0,151500.0,7875.0,8824.0,,7750.0,7210.0,8369.0,9512.0,55800.0,102366.0,75100.0,46125.0,31378.0,14700.0,30500.0,7528.0,8420.0,28850.0,8780.0,35550.0,2045.0,34347.0,28342.0,1171.0,3973.0,3573.0,3766.0,4250.0,3420.0,9780.0,5968.0,15967.0,17200.0,25200.0,6360.0,4300.0,2950.0,121000.0,28900.0,19500.0,3855.0,1870.0,13100.0,2170.0,54100.0,,21450.0,75000.0,78579.0,7350.0,61800.0,1845.0,1680.0,3790.0,10531.0,304000,2740.0,,5250.0,139500.0,38800.0,6370.0,11950.0,151500.0,26750.0,4060.0,8735.0,1600.0,2085.0,20600.0,10100.0,13050.0,3645.0,1430.0,4312.0,2430.0,235500.0,7160.0,31572.0,4680.0,49050.0,4365.0,35750.0,4045.0,7250.0,19884.0,660000.0,8711.0,7820.0,6510.0,3195.0,6820.0,78124.0,64379.0,5210.0,2065.0,18332.0,80972.0,14900.0,1970.0,3655.0,40700.0,82800.0,12181.0,27090.0,15300.0,44700.0,5850.0,9150.0,5152.0,1005.0,,3480.0,203000.0,,3015.0,6500.0,,9850.0,13052.0,12250.0,39400.0,7230.0,4400.0,13850.0,72400.0,52400.0,8660.0,,4130.0,4270.0,51612.0,5070.0,4267.0,5550.0,1000.0,14400.0,9810.0,6810.0,1209.0,366.0,15904.0,33700.0,4900.0,3450.0,15700.0,27500.0,94100.0,176500.0,9810.0,30400.0,184500.0,29200.0,61700.0,,5490.0,8380.0,22400.0,3735.0,8850.0,4700.0,9780.0,17335.0,12050.0,4380.0,,23300.0,5530.0,77400.0,5740.0,3495.0,45250.0,265500.0,24700.0,6050.0,26650.0,443012.0,8325.0,118000.0,6320.0,17700.0,3725.0,8680.0,1745.0,4095.0,32050.0,28181.0,2045.0,31800.0,,2485.0,602000.0,4446.0,9216.0,1380.0,52500.0,91068.0,2520.0,1225,30406.0,48250.0,5659.0,9200.0,12550.0,7140.0,1875.0,,8780.0,4270.0,5180.0,4190.0,2585.0,2442.0,56900.0,1570.0,1770.0,1870.0,54100.0,,55359.0,1850.0,2240.0,19750.0,124500.0,2320.0,2280.0,2290.0,97300.0,1425.0,18750.0,3535.0,51800.0,9875.0,17800.0,4085.0,3120.0,3245.0,9580.0,27950.0,4480.0,45569.0,35850.0,3235.0,2510.0,10820.0,4870.0,4380.0,7220.0,4315.0,2395.0,3150.0,2520.0,2890.0,2125.0,56500.0,4065.0,14250.0,145000.0,5050.0,,41650.0,2505.0,3945.0,7140.0,13100.0,1375.0,5800.0,5340.0,6000.0,1405.0,,13500.0,100500.0,4960.0,15500.0,709.0,1842.0,8925.0,26450.0,224000.0,7394.0,8081.0,7790.0,8570.0,6680.0,87200.0,31397.0,1300.0,3840.0,11750.0,3835.0,2231.0,893.0,1035.0,24800.0,11050.0,5090.0,58406.0,2800.0,8458.0,6140.0,1080.0,9666.0,3625.0,3975.0,3065.0,11200.0,3715.0,6800.0,5040.0,3470.0,54498.0,1595.0,1895.0,1386.0,2575.0,1317.0,50900,7020.0,8540,5940.0,3030.0,20500.0,5220.0,4935.0,1715.0,4100.0,,24994.0,12000.0,4910.0,15800.0,5320.0,15950.0,28450.0,2400.0,6360.0,1730.0,3005.0,67900.0,3590.0,3780.0,7410.0,,41050.0,18750.0,16750.0,2060.0,48050.0,31150.0,157500.0,8880.0,7060.0,571.0,94200.0,8775.0,11991.0,1410.0,2385.0,1958.0,3685.0,6935.0,7930.0,3820.0,3755.0,31450.0,49850.0,6075.0,4644.0,20594.0,3435.0,2890.0,79800.0,7540.0,3185.0,9310.0,4345.0,2195.0,9150.0,6660.0,3990.0,,36000.0,19450.0,7980.0,4350.0,49700.0,29300.0,1255.0,6060.0,2285.0,,13884.0,1960.0,2230.0,1019.0,1485.0,1875.0,4385.0,11169.0,44145.0,,4404.0,2500.0,44800.0,2770.0,6825.0,1465.0,8230.0,1975.0,1310.0,18003.0,9100.0,,,5070.0,4975.0,,4100.0,1165.0,7336.0,279.0,11300.0,16836.0,117000.0,21950.0,18250.0,,12890.0,4295.0,5250,9220.0,3505.0,2070.0,45300.0,2320.0,6910.0,,1655.0,1975.0,18900.0,1834.0,5539.0,1295.0,11950.0,5961.0,717.0,12550.0,1075.0,4915.0,204.0,3490.0,10250.0,3225.0,4665.0,2677.0,12000.0,13645.0,49850.0,6500.0,370.0,9190.0,7500.0,31500.0,179.0,83100.0,4090.0,6070.0,14275.0,15450.0,13494.0,18800.0,214000.0,11006.0,28000.0,86300.0,5050.0,10200.0,4265.0,4305.0,322500.0,,11950.0,23450.0,3470.0,6781.0,81691.0,118700.0,4355.0,34850.0,2530.0,5380.0,1200.0,26600.0,6920.0,,2220.0,27150.0,17600.0,246600,,15150.0,8450.0,825000.0,5120.0,689.0,5340.0,22856.0,46500.0,7020.0,4175.0,7821.0,2120.0,3860.0,7940.0,7950.0,12000.0,3915.0,28900.0,1645.0,4610.0,862.0,7075.0,12950.0,3415.0,5990.0,2975.0,7720.0,5450.0,6750.0,2420.0,112300.0,31714.0,543.0,1700.0,7090.0,2290.0,16200.0,4985.0,7360,3030.0,,9260.0,25700.0,6160.0,2815.0,25830.0,6040.0,2860.0,15400.0,1530.0,18450,3840.0,34400.0,9170.0,2003.0,2455.0,16000.0,14400.0,36546.0,114953.0,1010.0,9100.0,18050.0,18509.0,20350.0,4520.0,19678.0,5050.0,4012.0,21400.0,5140.0,788.0,1390.0,2330.0,6500.0,,3615.0,4725.0,5725.0,11660.0,1019.0,1943.0,8170.0,99800.0,10956.0,1290.0,20350.0,9250.0,5510.0,10050.0,6119.0,5110.0,2420.0,31850.0,36550.0,924,9500.0,4635,3050.0,2640.0,3716.0,16300.0,5820.0,1557.0,2945.0,13600.0,7100.0,,2495.0,22450.0,24000.0,8210.0,314580,5347.0,11400.0,4600.0,1700.0,3460.0,1495.0,2950.0,6910.0,10050.0,9375.0,7470.0,8800.0,3055.0,2524.0,5600.0,1725.0,8290.0,23349.0,715.0,13788.0,719,2820,7610.0,2481.0,12210.0,12250.0,,12000.0,5300.0,7040.0,15550.0,28795.0,1473000.0,3005,2560.0,13150.0,,8370.0,4210.0,3685.0,16300.0,19925.0,20050.0,4890.0,1190.0,36000.0,1345.0,1359.0,8060,10500.0,8520.0,1530.0,6211.0,3185.0,6820.0,5964.0,938,21600.0,8780.0,400,7810.0,,64200.0,,10806.0,2170.0,3215.0,122100.0,,7600.0,8650.0,12500.0,14700.0,14050.0,4745.0,14100.0,7700.0,25450.0,2260,2045.0,1636.0,10450.0,2520.0,16500.0,2103.0,30494.0,19322.0,275,,26700.0,5968,1220.0,25429.0,1860,6030.0,72300.0,4915.0,4490.0,2040.0,2485.0,14650.0,3720.0,2638.0,2850.0,10400.0,41232.0,7410.0,5650.0,1830,3642.0,3410.0,6720.0,22350.0,,67534.0,,33700.0,57200.0,4360.0,2100.0,6020.0,5100.0,6424.0,3705.0,5180.0,15150.0,3825.0,6625.0,7000.0,28650.0,108700.0,6725.0,3435.0,30303.0,9380.0,52249.0,,6997.0,,3360.0,14092.0,1345.0,7720.0,4072.0,6410.0,4720.0,7870.0,15950.0,60200.0,2860.0,21900.0,5433.0,,8390.0,1130,6800.0,14000.0,,1730.0,1359.0,84200.0,16300.0,3145.0,11400.0,4391.0,6640.0,19800.0,58000.0,4378.0,4457.0,42800.0,3690.0,3080.0,2485.0,4920.0,6404.0,3190.0,,241789.0,19550.0,8400,89894.0,,6800.0,5000.0,34450.0,4537.0,18050.0,2110.0,5909.0,9300.0,116000.0,4864.0,4100.0,53700.0,3920.0,1600.0,7005.0,5000.0,2295.0,8350.0,2886.0,2225.0,17700.0,4395.0,5360.0,19395.0,11750.0,4096.0,2035.0,9450.0,53500.0,2140.0,36084.0,2220.0,,2365.0,14300.0,2645.0,2770.0,2055.0,7736.0,,3620.0,4700.0,5370.0,12500.0,27850.0,2005.0,25303.0,7600.0,35391.0,50100.0,16340,5258.0,32500.0,15371.0,7000.0,11984.0,16450.0,31200.0,2425.0,,8638.0,16200.0,5711.0,14400.0,1895.0,9410.0,3360,5483.0,11200.0,498.0,7800.0,4415.0,4600.0,58300.0,3460.0,2125.0,,,3856.0,7365.0,14100.0,8327.0,13400.0,,,,,,4125.0,8419.0,7990.0,13667.0,,,,,,,13538.0,7810.0,4201.0,31002.0,26150.0,11550.0,9330.0,57500.0,1680.0,42062.0,9110.0,5580,20078.0,1765.0,3675.0,11200.0,6290.0,6100.0,,2900.0,1405.0,14900.0,30250.0,5981.0,8100.0,9040.0,,208621.0,2802.0,2610.0,,4550.0,8160.0,5220.0,9590.0,2720.0,85802.0,3305.0,14900.0,9645.0,14771.0,4040.0,5850.0,8468,11658.0,5990.0,4154.0,7100.0,11750.0,48750.0,1060.0,,12500.0,168000.0,20300.0,7960.0,1775.0,,3050,8110.0,,,,,4720.0,12400.0,10200.0,7640.0,92678.0,19142.0,23950.0,1565.0,4860.0,41150.0,3020.0,3105.0,3493.0,,14542.0,4690.0,12800.0,4295.0,1775.0,81500.0,8057.0,2780.0,2840.0,6420.0,3749.0,,27700.0,4415.0,4865.0,5190.0,6530.0,5120.0,10314.0,2665.0,4550.0,,21350.0,130593.0,153.0,25800.0,132174.0,8100.0,1259,41246.0,4640.0,142673.0,6300.0,33600.0,18120.0,9330.0,407000.0,4435.0,2045.0,13912.0,2270.0,28200.0,2073.0,,9583.0,,16300.0,32650.0,7140.0,7400.0,2351.0,5480.0,1940,96955.0,12450.0,7828.0,3105.0,22998.0,44550.0,9540.0,1385.0,5076.0,20548.0,42300.0,,1935.0,2443.0,6000.0,,,4610.0,16700.0,1925.0,7370.0,5182.0,4405.0,24500.0,8125.0,3475.0,8472.0,52000.0,16500.0,45100.0,10150.0,12367.0,58000.0,,2739.0,1185.0,9060.0,4345.0,6660.0,18800.0,8209.0,117826.0,7089.0,,23850.0,6360.0,8970.0,,11500.0,31400.0,2470.0,,48635.0,2505.0,11850.0,19600,5325.0,620,4300.0,4302.0,41280.0,15722.0,10941,9440.0,12780.0,15430.0,4375.0,8000.0,4480.0,18050.0,5020.0,97400.0,5704.0,53040.0,3240.0,14047.0,8006.0,6510.0,5500.0,31150,97600.0,35250.0,,43800.0,9491.0,739.0,10550.0,4695.0,7500.0,1770.0,,46650.0,7710.0,16000.0,5310.0,,,3985.0,2330.0,12900.0,2405.0,2960.0,67135.0,20500.0,5560.0,2243.0,12950.0,34500.0,3685.0,3317.0,1275.0,12200.0,2505,8130.0,493.0,1535.0,2182.0,3689.0,2860.0,10100.0,2480.0,,7740.0,7150.0,7010.0,36150.0,19150.0,20850,2345.0,7240.0,5250.0,,63900.0,2710.0,9980.0,1938,17950.0,5150.0,24100.0,14400.0,2477.0,65600.0,,7224.0,25350.0,21962,672.0,,2830.0,56812.0,1980.0,6696.0,,5592.0,3735,1720.0,54000.0,4750.0,12486.0,31950.0,22350.0,1565.0,57700.0,5650.0,163800.0,728.0,37450.0,2440.0,39046.0,,,8030.0,5047.0,3195.0,6270.0,14400.0,1315,4530.0,4550.0,26700.0,3010.0,10900.0,3880.0,2570,,11074.0,1680.0,,,25890.0,3900.0,12250.0,29500.0,1560.0,45800.0,12333.0,21950.0,5050.0,5100.0,13200.0,85173.0,12150.0,6710.0,7130.0,3475.0,1990.0,3783.0,5420.0,32750.0,35600.0,19010.0,1920.0,9150.0,6560.0,10351.0,28550.0,13200.0,75900.0,1766.0,14397.0,1925.0,5470.0,7888.0,21438.0,3990.0,8886.0,153760.0,10032.0,6900.0,2445.0,13550.0,1371.0,23184.0,9843.0,,2905.0,10326.0,30000.0,13950.0,2755.0,18260.0,36613.0,99984.0,8375.0,3880.0,8150.0,,2075.0,18950.0,44490.0,1865.0,4329.0,,45869.0,4517.0,27850.0,26550.0,17808.0,4285.0,7530.0,1794.0,2880.0,52290.0,,18.0,9800.0,27350.0,21342.0,21775.0,1131615.0,2595.0,5020.0,2562.0,6053.0,,9950.0,15946.0,7040.0,2969.0,8090.0,13400.0,14900.0,21350.0,114926.0,12800.0,8622.0,23550.0,69500.0,130154.0,7900.0,64900.0,4650.0,32800.0,18450.0,7757.0,,1765.0,34046.0,2734.0,7314.0,1955.0,3400.0,14200.0,5545.0,14865.0,3060.0,38295.0,12200.0,6060.0,7136.0,7620.0,26750.0,,16550.0,3430.0,10400.0,9970.0,17250.0,8020.0,17507.0,28294.0,2965.0,5680.0,6800.0,6150.0,,28300.0,9785.0,5350.0,26310.0,2970.0,1545.0,26975.0,3850.0,9990.0,13825.0,2440.0,20225.0,11150.0,18180.0,6860.0,1117.0,1905.0,18800.0,3630.0,17525.0,11200.0,3100.0,30050.0,9860.0,64800.0,10825.0,8995.0,11700.0,3700.0,14650.0,32000.0,26300.0,11650.0,11850.0,11000.0,15250.0,7860.0,59988.0,8660.0,8350.0,4772.0,2230.0,47250.0,8170.0,2295.0,12725.0,15650.0,9795.0,80000.0,2800.0,37700.0,1619.0,11313.0,16291.0,17230.0,9274.0,8647.0,8294.0,3185.0,5950.0,6810.0,18300.0,41750.0,36400.0,7800.0,3140.0,14520.0,12946.0,8741.0,1990.0,8440.0,22400.0,7000.0,11750.0,2600.0,7510.0,86500.0,3175.0,21300.0,140500.0,55300.0,9746.0,24614.0,21000.0,9125.0,5466.0,7475.0,164400.0,14625.0,4850.0,2070.0,127500.0,9930.0,18785.0,42800.0,262543.0,9777.0,7878.0,10550.0,5000.0,7758.0,9550.0,42581.0,7344.0,39300.0,14573.0,12250.0,24397.0,14715.0,6430.0,23000.0,11162.0,198800.0,98100.0,44100.0,136000.0,7233.0,24454.0,4269.0,36185.0,21600.0,10758.0,15350.0,89600.0,2060.0,3145.0,11610.0,2235.0,42300.0,9145.0,1530.0,4460.0,7220.0,6050.0,12000.0,19445.0,8200.0,2108.0,5640.0,4870.0,7990.0,12250.0,2570.0,13708.0,17600.0,28850.0,6698.0,4933.0,1791.0,40818.0,19275.0,,,197.0,,39018.0,8278.0,2635.0,,6372.0,1640.0,33020.0,248.0,361000.0,8025.0,5623.0,7380.0,4330.0,16050.0,3855.0,13350.0
2020-09-30,21850.0,10550.0,53828.0,177500.0,8175.0,8305.0,,7520.0,7310.0,9883.0,10656.0,53200.0,117932.0,84000.0,44194.0,29627.0,14050.0,30600.0,7653.0,7730.0,26750.0,8360.0,37500.0,1880.0,30251.0,22742.0,1204.0,3973.0,3492.0,3676.0,4020.0,3960.0,9760.0,6985.0,29770.0,14550.0,21550.0,6670.0,5060.0,3085.0,106500.0,26000.0,19750.0,3895.0,1810.0,12150.0,2175.0,54800.0,,21000.0,75800.0,80948.0,7630.0,61900.0,1795.0,1685.0,4730.0,9826.0,299500,3200.0,,4960.0,146000.0,31900.0,6000.0,12000.0,150000.0,20300.0,3250.0,9575.0,1685.0,2355.0,22150.0,8460.0,13650.0,4630.0,2370.0,4667.0,2660.0,236000.0,6620.0,23762.0,5010.0,41900.0,4160.0,30800.0,3855.0,6970.0,18863.0,652000.0,8270.0,7960.0,6550.0,3990.0,8140.0,70000.0,64605.0,6580.0,1925.0,20565.0,76241.0,12850.0,2045.0,4185.0,42800.0,81000.0,11655.0,25599.0,14050.0,49650.0,5880.0,9120.0,5007.0,1010.0,,3360.0,212500.0,,3150.0,5990.0,,9700.0,13965.0,13000.0,38850.0,7380.0,4485.0,12500.0,78300.0,50200.0,9015.0,,4685.0,4245.0,56234.0,4240.0,4138.0,5180.0,897.0,13150.0,9550.0,6910.0,1216.0,520.0,13928.0,44000.0,5400.0,3330.0,15500.0,23300.0,90000.0,178500.0,8209.0,30200.0,196000.0,28850.0,61000.0,,5110.0,8040.0,18050.0,3935.0,9090.0,4970.0,9550.0,16329.0,14150.0,4335.0,,28000.0,8350.0,63900.0,5370.0,3340.0,52500.0,221500.0,24150.0,7570.0,26350.0,424410.0,8122.0,166500.0,6540.0,17770.0,3525.0,8460.0,2000.0,4270.0,30600.0,28652.0,2185.0,29100.0,,1920.0,568000.0,4496.0,5503.0,1286.0,47750.0,88606.0,2710.0,1225,34319.0,44550.0,5845.0,8880.0,13800.0,6920.0,1700.0,,8630.0,4480.0,5270.0,4145.0,2640.0,2575.0,56600.0,1820.0,1770.0,1922.0,57200.0,,55547.0,1978.0,2425.0,19950.0,139000.0,2380.0,1935.0,2365.0,107000.0,1435.0,18750.0,3720.0,52700.0,11600.0,18400.0,4660.0,3080.0,3597.0,11850.0,28000.0,4155.0,43857.0,36950.0,3270.0,1985.0,11300.0,5031.0,4920.0,7490.0,4270.0,2634.0,2885.0,2840.0,3340.0,2065.0,51600.0,3950.0,12400.0,155000.0,5025.0,,40500.0,2665.0,4485.0,7870.0,13850.0,1405.0,6610.0,5540.0,6000.0,1580.0,,14400.0,110000.0,5016.0,20550.0,702.0,1771.0,7700.0,26850.0,230000.0,11498.0,7160.0,7130.0,8770.0,7260.0,87500.0,25228.0,1315.0,6560.0,11900.0,3970.0,2668.0,927.0,1252.0,20900.0,8050.0,7290.0,57368.0,2680.0,8458.0,5220.0,1070.0,9876.0,3975.0,3620.0,3185.0,10700.0,3395.0,6360.0,4480.0,3295.0,51608.0,1915.0,2260.0,1262.0,3235.0,1236.0,50400,7060.0,8390,5960.0,3465.0,20400.0,5040.0,5040.0,1760.0,4000.0,,34150.0,8240.0,5570.0,15100.0,5240.0,19350.0,28600.0,1980.0,6980.0,1730.0,3170.0,77600.0,3725.0,3975.0,6970.0,,40750.0,16750.0,13850.0,2150.0,45300.0,30200.0,169500.0,9170.0,7630.0,609.0,97300.0,8294.0,11479.0,1510.0,2415.0,1648.0,4445.0,9277.0,7800.0,3475.0,4350.0,30250.0,45150.0,8125.0,4288.0,18709.0,3555.0,2025.0,79300.0,7180.0,3690.0,9310.0,6940.0,2410.0,7550.0,6350.0,4110.0,,36950.0,21450.0,7900.0,4800.0,50000.0,31550.0,1335.0,6260.0,2240.0,,13409.0,1895.0,2355.0,1144.0,1525.0,1875.0,3825.0,10278.0,44711.0,,4048.0,2620.0,44950.0,3020.0,7208.0,1550.0,8200.0,2020.0,1510.0,16501.0,9370.0,,,5190.0,5290.0,,4080.0,1120.0,7002.0,279.0,10550.0,18036.0,128800.0,21700.0,20950.0,,12212.0,4310.0,5180,9200.0,3860.0,2275.0,40700.0,3170.0,7110.0,,1640.0,1805.0,15400.0,1800.0,5761.0,1350.0,11500.0,6266.0,1485.0,10600.0,1160.0,5330.0,204.0,2640.0,10250.0,3515.0,5420.0,2771.0,13600.0,12650.0,72500.0,7800.0,370.0,9880.0,9180.0,34950.0,179.0,82400.0,5425.0,6450.0,11792.0,14550.0,14188.0,18200.0,198500.0,10367.0,24800.0,93700.0,5050.0,10175.0,4470.0,4140.0,296500.0,,13450.0,20400.0,4105.0,6738.0,73161.0,142300.0,4180.0,38250.0,2525.0,5880.0,1260.0,28500.0,6940.0,,2220.0,25550.0,16100.0,227500,,14450.0,7750.0,806000.0,4800.0,687.0,4930.0,21725.0,45650.0,10800.0,5700.0,8067.0,2840.0,4270.0,8120.0,8625.0,11650.0,3875.0,31400.0,1605.0,4155.0,862.0,7400.0,9700.0,3485.0,5610.0,3235.0,8600.0,5880.0,7100.0,2495.0,99100.0,44410.0,543.0,1805.0,9380.0,2255.0,15850.0,5560.0,7360,3020.0,,9380.0,31150.0,7600.0,3350.0,26220.0,6080.0,2800.0,15800.0,1770.0,15250,4070.0,35800.0,11000.0,2177.0,2445.0,15900.0,12400.0,29929.0,323631.0,1110.0,7940.0,16250.0,17208.0,22850.0,6430.0,21144.0,5225.0,4012.0,21950.0,5500.0,905.0,1440.0,2190.0,7610.0,,4700.0,4585.0,4935.0,11920.0,1062.0,1943.0,9200.0,83125.0,11968.0,1335.0,19250.0,8560.0,4655.0,10750.0,4784.0,4445.0,2060.0,33150.0,33100.0,643,8830.0,4520,4030.0,2580.0,3653.0,17150.0,5750.0,1616.0,2785.0,13400.0,6950.0,,2370.0,22800.0,46500.0,16126.0,329420,5206.0,10150.0,5090.0,1760.0,4060.0,1700.0,4130.0,6820.0,19500.0,9925.0,7470.0,8730.0,3180.0,2548.0,5420.0,1900.0,8040.0,34237.0,591.0,14719.0,719,2820,7260.0,2889.0,10994.0,10950.0,,11600.0,5450.0,11000.0,16950.0,27505.0,1448000.0,3005,2645.0,12200.0,,8200.0,3875.0,3980.0,16300.0,18585.0,12500.0,4775.0,1380.0,31150.0,1585.0,1187.0,6780,9050.0,9320.0,1595.0,10594.0,2890.0,7560.0,7263.0,840,28300.0,8490.0,400,8170.0,,65900.0,,10245.0,2425.0,3235.0,166560.0,,14250.0,8590.0,11900.0,15250.0,13400.0,4740.0,14850.0,7150.0,32150.0,2230,2040.0,1716.0,10050.0,2595.0,16500.0,2341.0,24363.0,32724.0,275,,17600.0,6501,1415.0,24628.0,1620,6450.0,70500.0,5380.0,4435.0,2000.0,2370.0,17800.0,4600.0,3066.0,2865.0,9130.0,39282.0,6888.0,6180.0,1830,4414.0,3465.0,6900.0,20050.0,,56028.0,,35100.0,45750.0,5040.0,2220.0,5790.0,5268.0,5354.0,3370.0,4950.0,15950.0,3525.0,9800.0,7000.0,26500.0,95100.0,6375.0,5100.0,27989.0,9600.0,52249.0,,7422.0,,6000.0,13345.0,1400.0,7160.0,3882.0,7110.0,4655.0,7550.0,15950.0,52500.0,2680.0,22900.0,5153.0,,6430.0,1130,6120.0,16600.0,,1785.0,1385.0,91700.0,16000.0,3480.0,11250.0,5512.0,4780.0,15200.0,58700.0,4415.0,5957.0,43450.0,4005.0,3100.0,2880.0,4730.0,5755.0,4430.0,,209632.0,18900.0,8550,91755.0,,6400.0,4800.0,35400.0,5475.0,20600.0,2110.0,5693.0,9300.0,105000.0,5106.0,4395.0,56300.0,4090.0,1635.0,6670.0,5450.0,2500.0,9650.0,2412.0,4040.0,17850.0,4335.0,5640.0,16410.0,10600.0,4143.0,2035.0,11450.0,60600.0,2050.0,34881.0,2065.0,,2215.0,16650.0,2858.0,2800.0,2025.0,6777.0,,3630.0,5875.0,6010.0,11850.0,28900.0,1900.0,28604.0,7490.0,25302.0,44600.0,21007,5468.0,31000.0,15686.0,5760.0,11984.0,15900.0,32150.0,2520.0,,8377.0,14850.0,6946.0,17100.0,2180.0,7620.0,4160,5465.0,12450.0,498.0,8840.0,4675.0,8350.0,54100.0,3210.0,2750.0,,,3840.0,10976.0,14950.0,8629.0,17000.0,,,,,,3805.0,8469.0,8350.0,10422.0,,,,,,,12004.0,8650.0,4467.0,27729.0,26550.0,9980.0,9950.0,58000.0,1665.0,30276.0,10550.0,5230,17585.0,2365.0,3700.0,12950.0,5680.0,5600.0,,2800.0,1405.0,25350.0,27350.0,5695.0,8640.0,8771.0,,184537.0,2927.0,2840.0,,4590.0,8160.0,5290.0,8090.0,2660.0,71751.0,3150.0,16050.0,9797.0,14270.0,8260.0,6180.0,6308,10987.0,6870.0,4508.0,6930.0,11650.0,42100.0,1150.0,,13000.0,164000.0,21250.0,7890.0,1890.0,,4635,8470.0,,,,,4990.0,12950.0,10150.0,9115.0,81197.0,20278.0,23450.0,1455.0,6000.0,44000.0,3065.0,3685.0,3713.0,,14568.0,5880.0,13400.0,4165.0,1745.0,87800.0,9180.0,3035.0,2870.0,6380.0,6487.0,,25800.0,6050.0,3820.0,5180.0,6590.0,5480.0,11692.0,2795.0,5690.0,,25700.0,103719.0,263.0,22100.0,130868.0,9850.0,1187,38833.0,5225.0,136769.0,8380.0,36450.0,14847.0,8060.0,395000.0,4740.0,2035.0,13812.0,3150.0,25050.0,2473.0,,9783.0,,16100.0,30100.0,8320.0,6540.0,2674.0,5480.0,1760,91694.0,14800.0,7210.0,3060.0,17923.0,38800.0,8900.0,1575.0,5076.0,21578.0,43250.0,,1855.0,2741.0,5200.0,,,4625.0,16700.0,1815.0,9330.0,5516.0,4695.0,28200.0,10050.0,3730.0,8539.0,55500.0,16200.0,44950.0,11250.0,12854.0,56500.0,,2657.0,1185.0,8410.0,3372.0,7340.0,15900.0,8171.0,76777.0,13367.0,,23300.0,6240.0,8200.0,,11550.0,27700.0,2470.0,,47022.0,2465.0,12400.0,16900,5227.0,620,4975.0,4497.0,41230.0,14414.0,10890,9250.0,11392.0,9760.0,4530.0,8000.0,4695.0,19850.0,5360.0,96066.0,6330.0,40030.0,3450.0,14979.0,9024.0,7970.0,6190.0,30750,97900.0,30100.0,,34400.0,10472.0,739.0,10150.0,6950.0,9300.0,2690.0,,58000.0,8020.0,15900.0,6580.0,,,3910.0,3050.0,13200.0,2570.0,2945.0,151351.0,25050.0,5410.0,1955.0,12500.0,38120.0,3395.0,3887.0,1270.0,12500.0,3530,7980.0,431.0,1765.0,2168.0,3340.0,2545.0,10000.0,2520.0,,7850.0,8500.0,8630.0,34100.0,15400.0,20950,2490.0,16000.0,5720.0,,60300.0,2560.0,9470.0,2071,19000.0,5040.0,24050.0,15200.0,2333.0,56300.0,,7047.0,26450.0,20933,854.0,,3380.0,56311.0,2230.0,7366.0,,6375.0,3735,2825.0,58300.0,6168.0,12460.0,30000.0,23400.0,1590.0,49300.0,6230.0,182700.0,750.0,34250.0,2620.0,53053.0,,,8370.0,5074.0,2850.0,7900.0,13850.0,1360,4500.0,4920.0,21000.0,3195.0,12100.0,6110.0,2550,,9454.0,1680.0,,,25890.0,4140.0,13600.0,31500.0,3425.0,46200.0,9120.0,24550.0,5050.0,6970.0,16150.0,83462.0,12150.0,6570.0,7010.0,3530.0,2035.0,3081.0,6050.0,82750.0,32750.0,20338.0,1920.0,10158.0,5380.0,14991.0,29050.0,13050.0,68600.0,2305.0,12944.0,1460.0,5820.0,7775.0,16891.0,4010.0,8348.0,131568.0,9426.0,6150.0,2440.0,14500.0,1448.0,26979.0,13505.0,,3060.0,11253.0,27200.0,15950.0,2930.0,19800.0,26531.0,113708.0,8000.0,3530.0,8240.0,,2075.0,19800.0,46890.0,1845.0,4429.0,,51296.0,4456.0,24750.0,25000.0,16056.0,4040.0,6380.0,2196.0,2990.0,45270.0,,,8800.0,31200.0,19993.0,17355.0,1003617.0,2435.0,5650.0,2437.0,12633.0,,10800.0,15965.0,7170.0,2722.0,8150.0,13950.0,15650.0,18850.0,97381.0,12480.0,7779.0,24800.0,62000.0,129602.0,7475.0,66000.0,3885.0,29250.0,18450.0,7757.0,,1870.0,27576.0,2498.0,7459.0,2285.0,2955.0,15050.0,4884.0,14816.0,3010.0,40198.0,14400.0,6570.0,8236.0,6290.0,26250.0,,14600.0,3510.0,9140.0,8700.0,18250.0,6940.0,17507.0,24204.0,2965.0,6100.0,7320.0,5675.0,,27250.0,10610.0,5350.0,25790.0,2795.0,1570.0,34132.0,4050.0,10650.0,22400.0,2650.0,20950.0,11250.0,15542.0,7030.0,1483.0,1550.0,19000.0,3938.0,19724.0,14250.0,2990.0,31300.0,8880.0,71300.0,20648.0,9097.0,12850.0,6400.0,14500.0,33350.0,26900.0,14000.0,11900.0,12100.0,15900.0,9990.0,51454.0,8370.0,6475.0,4932.0,3275.0,44450.0,8170.0,2470.0,12775.0,15300.0,10145.0,84200.0,3375.0,41550.0,1610.0,10562.0,16237.0,12950.0,8344.0,7022.0,8720.0,3050.0,5950.0,7450.0,16550.0,35850.0,40440.0,7910.0,3510.0,14520.0,12078.0,8878.0,2100.0,8290.0,22050.0,7700.0,15300.0,4090.0,7780.0,94700.0,2610.0,20150.0,131000.0,43350.0,10193.0,23179.0,20350.0,8725.0,5548.0,7050.0,170300.0,14125.0,6350.0,2150.0,123500.0,9580.0,18741.0,41500.0,197825.0,16120.0,9988.0,8450.0,5330.0,6703.0,9775.0,44228.0,9090.0,34650.0,12618.0,11400.0,22026.0,14189.0,6683.0,21250.0,13576.0,248000.0,128500.0,56500.0,139500.0,7422.0,24781.0,4719.0,32650.0,21550.0,11158.0,15850.0,79800.0,2080.0,3365.0,11610.0,3445.0,61900.0,8671.0,1595.0,3995.0,8340.0,6525.0,16700.0,19866.0,6965.0,2065.0,6170.0,4860.0,8000.0,11400.0,2570.0,12483.0,15050.0,32000.0,10213.0,5031.0,1796.0,42290.0,19034.0,,,197.0,,20034.0,10479.0,2382.0,,6472.0,1660.0,32520.0,246.0,362000.0,8425.0,5263.0,7030.0,4070.0,16050.0,4050.0,12900.0
2020-10-31,17900.0,10750.0,49885.0,159500.0,8375.0,7007.0,,7590.0,7400.0,9402.0,9604.0,55000.0,100479.0,79900.0,45560.0,29822.0,14800.0,30400.0,8003.0,6490.0,26850.0,7980.0,31950.0,2300.0,27729.0,22857.0,1151.0,3588.0,3193.0,3646.0,3640.0,3845.0,9400.0,7521.0,63483.0,12200.0,17350.0,6750.0,4760.0,3055.0,97200.0,24050.0,20900.0,4330.0,1855.0,12400.0,2300.0,50400.0,,20250.0,78900.0,61599.0,7300.0,61600.0,1845.0,1645.0,4350.0,10271.0,306000,3235.0,,6150.0,153000.0,29850.0,4670.0,12000.0,155000.0,23300.0,2990.0,9970.0,1780.0,2155.0,22400.0,7930.0,13650.0,4410.0,2430.0,4802.0,2700.0,239000.0,7000.0,19461.0,5010.0,44850.0,4050.0,23500.0,3875.0,6850.0,16539.0,710000.0,8439.0,7710.0,6490.0,3700.0,7090.0,64048.0,60553.0,5600.0,1705.0,22317.0,67052.0,10600.0,2130.0,4060.0,40000.0,82400.0,10527.0,25400.0,13400.0,48500.0,5740.0,14000.0,4593.0,980.0,,3325.0,207500.0,,2970.0,5950.0,,9010.0,13247.0,14200.0,38850.0,7320.0,4400.0,12500.0,76300.0,50100.0,8433.0,,4305.0,4245.0,57005.0,4600.0,3929.0,4975.0,921.0,13250.0,9270.0,6540.0,1225.0,655.0,13039.0,37900.0,4140.0,3350.0,15500.0,22500.0,85900.0,164500.0,6582.0,29650.0,208000.0,25700.0,63400.0,,5070.0,7800.0,17600.0,4015.0,8830.0,5470.0,10200.0,18005.0,14500.0,5275.0,,40000.0,7710.0,62900.0,5730.0,3910.0,51800.0,300000.0,26700.0,8900.0,24100.0,432732.0,7225.0,194000.0,6210.0,17425.0,3395.0,7650.0,1880.0,4150.0,29900.0,27454.0,1980.0,28300.0,,1825.0,532000.0,4416.0,5112.0,1350.0,44300.0,79544.0,2500.0,1225,33428.0,45450.0,5553.0,8720.0,12550.0,6330.0,1550.0,,8210.0,4300.0,3945.0,4090.0,2470.0,2600.0,49000.0,2230.0,1770.0,1950.0,55700.0,,50257.0,1856.0,2330.0,25100.0,133500.0,2265.0,1970.0,2340.0,94200.0,1345.0,15800.0,4125.0,53000.0,9850.0,17850.0,4195.0,3115.0,3652.0,11300.0,28450.0,4540.0,49846.0,35600.0,3140.0,1920.0,9920.0,4767.0,5150.0,7330.0,4125.0,2945.0,2630.0,2660.0,3185.0,1995.0,54300.0,3990.0,9260.0,152000.0,4820.0,,41750.0,2688.0,5040.0,7760.0,13050.0,1460.0,7480.0,5300.0,6000.0,1540.0,,13800.0,133000.0,5274.0,29900.0,681.0,1632.0,8550.0,27300.0,225500.0,10533.0,7160.0,6500.0,8450.0,6830.0,81600.0,20383.0,1425.0,5700.0,10450.0,4200.0,2720.0,890.0,1191.0,20550.0,8180.0,7110.0,60482.0,2530.0,8458.0,4970.0,1070.0,9306.0,4295.0,3500.0,3300.0,9310.0,3450.0,5890.0,5470.0,3355.0,50221.0,1885.0,2000.0,1194.0,3315.0,1190.0,49550,7060.0,6990,6000.0,3545.0,19950.0,4770.0,4990.0,1800.0,3640.0,,27914.0,7760.0,5690.0,14450.0,5100.0,22950.0,29400.0,2230.0,5960.0,1595.0,2995.0,84600.0,3730.0,3775.0,7550.0,,37200.0,15600.0,12750.0,2345.0,45250.0,30850.0,168500.0,8060.0,7480.0,640.0,105500.0,8294.0,10410.0,1480.0,2190.0,1856.0,4850.0,10989.0,7580.0,5850.0,4065.0,27850.0,42700.0,8100.0,4389.0,17062.0,5800.0,2280.0,69400.0,7050.0,3295.0,9310.0,6660.0,2335.0,7690.0,5920.0,4205.0,,38500.0,18700.0,8340.0,4600.0,48700.0,29100.0,1425.0,5930.0,2325.0,,11758.0,1920.0,2330.0,1081.0,1510.0,1800.0,3775.0,9021.0,45277.0,,3895.0,2875.0,46000.0,2975.0,6434.0,1555.0,7900.0,2095.0,1450.0,14098.0,8320.0,,,4510.0,5250.0,,4015.0,1085.0,6740.0,279.0,11750.0,19563.0,138700.0,22100.0,20850.0,,13317.0,4195.0,5470,10550.0,3550.0,2210.0,37900.0,2830.0,6840.0,,1595.0,1785.0,14400.0,1980.0,5317.0,1290.0,11050.0,7025.0,1150.0,8730.0,1055.0,4895.0,204.0,2535.0,9070.0,3465.0,11400.0,2491.0,13800.0,14685.0,48050.0,7670.0,370.0,9440.0,8600.0,32450.0,179.0,81000.0,4500.0,6350.0,13271.0,15750.0,12986.0,18000.0,182500.0,9925.0,23800.0,91800.0,5220.0,10650.0,4485.0,4030.0,290000.0,,11750.0,18750.0,3995.0,6153.0,66236.0,131500.0,3875.0,30550.0,2600.0,6500.0,1260.0,27800.0,6650.0,,2220.0,24550.0,15400.0,222100,,13850.0,7560.0,776000.0,4605.0,773.0,4640.0,19563.0,42800.0,9910.0,4985.0,8663.0,3540.0,3940.0,8440.0,8775.0,10900.0,3785.0,30800.0,1685.0,5560.0,862.0,8900.0,9920.0,3390.0,5830.0,3405.0,8800.0,5500.0,6930.0,2345.0,87700.0,39727.0,543.0,1790.0,7760.0,2615.0,14750.0,5180.0,7360,3030.0,,8650.0,29200.0,7100.0,3180.0,23935.0,6250.0,2730.0,14300.0,1470.0,11750,4150.0,28800.0,10650.0,2030.0,2515.0,15150.0,10400.0,28024.0,241121.0,1035.0,7540.0,15400.0,16408.0,22000.0,5270.0,18967.0,5425.0,4012.0,20600.0,5770.0,982.0,1340.0,2220.0,7570.0,,3995.0,4285.0,4640.0,10920.0,1403.0,1093.0,9300.0,75500.0,11352.0,1390.0,16550.0,8800.0,4525.0,10950.0,4244.0,4205.0,1975.0,30700.0,29850.0,505,8430.0,4345,4090.0,2410.0,3403.0,17450.0,5330.0,1462.0,3000.0,13300.0,7850.0,,2840.0,21800.0,31500.0,15066.0,328140,5159.0,11150.0,4555.0,1525.0,3865.0,1785.0,3135.0,6430.0,17600.0,9475.0,7470.0,8370.0,3255.0,2561.0,5360.0,2022.0,8060.0,33191.0,1050.0,13323.0,719,2820,7050.0,2539.0,8503.0,9800.0,,13450.0,5400.0,11050.0,16200.0,25415.0,1500000.0,3005,2580.0,11125.0,,8010.0,3830.0,6150.0,15550.0,17840.0,10600.0,3910.0,1840.0,24400.0,1635.0,1599.0,6940,7970.0,9480.0,1565.0,8834.0,2690.0,7100.0,7669.0,1190,26700.0,8100.0,400,8610.0,,62900.0,,11882.0,2710.0,3305.0,136455.0,,12450.0,6800.0,11550.0,10600.0,13050.0,5410.0,13400.0,6925.0,28800.0,2205,2660.0,1528.0,9320.0,2575.0,16500.0,2454.0,22417.0,22141.0,275,,19100.0,5870,1440.0,24328.0,1620,7020.0,70300.0,5080.0,4515.0,2025.0,2395.0,15100.0,3815.0,2746.0,2585.0,9090.0,38536.0,6722.0,6140.0,1830,4818.0,3615.0,6280.0,16900.0,,49625.0,,30100.0,39250.0,4485.0,1755.0,5730.0,4731.0,4925.0,2955.0,4930.0,14900.0,3290.0,7600.0,7000.0,23150.0,92400.0,5950.0,4280.0,27824.0,9050.0,52249.0,,6898.0,,5550.0,11409.0,1290.0,7140.0,3461.0,6800.0,4195.0,6640.0,15950.0,43900.0,2805.0,21750.0,4312.0,,6860.0,1130,6350.0,15100.0,,2085.0,1286.0,84000.0,15300.0,3450.0,9800.0,5073.0,4315.0,13250.0,59800.0,3814.0,4964.0,39600.0,5300.0,3170.0,2700.0,4470.0,5461.0,3080.0,,196199.0,23850.0,8300,88033.0,,6800.0,4725.0,31800.0,5306.0,22900.0,2110.0,5215.0,9300.0,91200.0,4864.0,4430.0,59200.0,3965.0,1505.0,6345.0,5000.0,2410.0,9900.0,2926.0,3650.0,17150.0,4205.0,5090.0,12020.0,11450.0,4360.0,2035.0,9330.0,50300.0,1950.0,35482.0,1840.0,,1955.0,14900.0,2648.0,2885.0,2555.0,5880.0,,3735.0,5025.0,6070.0,11400.0,25450.0,1805.0,26183.0,7240.0,33710.0,36400.0,18235,5232.0,33000.0,14044.0,7930.0,11984.0,15350.0,28050.0,2265.0,,7424.0,13200.0,7779.0,15900.0,1880.0,7990.0,3840,5312.0,13800.0,498.0,8150.0,5030.0,9175.0,48150.0,3045.0,2430.0,,,3581.0,9455.0,16075.0,8806.0,16700.0,,,,,,3840.0,7517.0,8700.0,10346.0,,,,,,,9770.0,9070.0,4387.0,25546.0,26150.0,9580.0,9320.0,46250.0,1795.0,15800.0,10100.0,4905,15601.0,2040.0,3730.0,10600.0,6130.0,5330.0,,2900.0,1405.0,21900.0,24200.0,5396.0,8210.0,7373.0,,161624.0,3002.0,2675.0,,4245.0,8160.0,5800.0,6620.0,4020.0,54289.0,3095.0,17900.0,8810.0,15271.0,5550.0,5970.0,6480,10862.0,7800.0,3951.0,6780.0,11700.0,39550.0,1085.0,,12550.0,158000.0,20300.0,7560.0,3575.0,,3800,9610.0,,,,,4575.0,12450.0,9660.0,7490.0,78419.0,14183.0,24050.0,1385.0,9345.0,46200.0,2840.0,3510.0,3707.0,,13826.0,5950.0,14650.0,4250.0,1885.0,81600.0,8701.0,3160.0,3030.0,6250.0,7709.0,,20000.0,5775.0,3390.0,5230.0,5520.0,5790.0,10078.0,2455.0,5780.0,,24650.0,81857.0,270.0,20500.0,131923.0,10525.0,1284,41732.0,4748.0,123485.0,6860.0,32850.0,14971.0,6950.0,361000.0,5090.0,2035.0,13661.0,4195.0,23500.0,2543.0,,9258.0,,14300.0,28650.0,7650.0,6360.0,2592.0,5444.0,1645,158838.0,13650.0,6906.0,3110.0,18795.0,33700.0,8280.0,1570.0,3145.0,18292.0,38800.0,,2610.0,2547.0,4950.0,,,5770.0,16700.0,1665.0,8620.0,6435.0,4635.0,26250.0,8475.0,4220.0,7772.0,61000.0,15150.0,45500.0,13550.0,12270.0,66100.0,,2561.0,1185.0,7730.0,3585.0,7010.0,16500.0,8055.0,70915.0,15650.0,,23650.0,6170.0,7720.0,,10200.0,28400.0,2470.0,,47307.0,2650.0,12000.0,15550,6982.0,620,5550.0,4013.0,42520.0,13279.0,10487,9040.0,11713.0,9120.0,5490.0,8000.0,4170.0,18600.0,5300.0,84934.0,7200.0,34030.0,3385.0,13943.0,11650.0,6730.0,5650.0,29650,96600.0,24600.0,,27750.0,10895.0,739.0,8950.0,12125.0,8270.0,2935.0,,38700.0,8510.0,14800.0,6010.0,,,3560.0,2790.0,12850.0,3100.0,3030.0,127027.0,20250.0,5130.0,2238.0,11100.0,36046.0,3115.0,3621.0,1230.0,10800.0,2870,7900.0,467.0,1755.0,2009.0,3062.0,2305.0,9990.0,2420.0,,7500.0,7600.0,10050.0,35850.0,13600.0,17800,2415.0,15250.0,5650.0,,56300.0,2570.0,10000.0,1863,15700.0,4950.0,19350.0,18150.0,2331.0,43750.0,,8184.0,27550.0,22240,1225.0,,2925.0,58981.0,2145.0,7562.0,,7661.0,3735,2845.0,52900.0,5327.0,10260.0,24050.0,23350.0,1500.0,46200.0,6520.0,210000.0,770.0,37250.0,2515.0,58521.0,,,8230.0,4667.0,3720.0,6630.0,14050.0,1330,4260.0,4865.0,17850.0,3175.0,7670.0,5400.0,2520,,9274.0,1680.0,,,25890.0,3785.0,12950.0,31650.0,2600.0,44050.0,8402.0,21500.0,5050.0,9130.0,12850.0,75629.0,11000.0,5940.0,6040.0,3580.0,2145.0,2902.0,6100.0,50250.0,27700.0,19263.0,1920.0,10288.0,5730.0,10241.0,28600.0,12050.0,74700.0,2019.0,11853.0,1850.0,5560.0,7480.0,14349.0,3870.0,6799.0,120868.0,11300.0,6450.0,2485.0,12100.0,1437.0,26747.0,11974.0,,3010.0,9474.0,24850.0,14350.0,2930.0,18240.0,24342.0,102925.0,6300.0,3280.0,8790.0,,2075.0,17250.0,42540.0,1825.0,3800.0,,49734.0,4205.0,21600.0,23300.0,15723.0,4405.0,5760.0,1959.0,3100.0,39750.0,,,9020.0,31850.0,16958.0,15450.0,991982.0,2145.0,5210.0,2079.0,10658.0,,10600.0,15714.0,6890.0,2796.0,7660.0,13600.0,14800.0,19050.0,68275.0,11960.0,6986.0,21450.0,59800.0,91703.0,7150.0,70500.0,3315.0,34650.0,16600.0,7757.0,,1690.0,25126.0,2147.0,6344.0,2865.0,3430.0,17600.0,5174.0,11051.0,2870.0,33807.0,15250.0,6950.0,8840.0,5360.0,29700.0,,13250.0,4360.0,8150.0,10250.0,16850.0,5990.0,17507.0,38572.0,2965.0,5800.0,6470.0,5725.0,,28250.0,9380.0,5350.0,21945.0,2635.0,2050.0,32730.0,3760.0,10550.0,13650.0,2860.0,19525.0,10650.0,14511.0,7290.0,1397.0,1390.0,17950.0,3796.0,18878.0,12600.0,3520.0,27200.0,7420.0,59800.0,18543.0,9405.0,12750.0,5280.0,14900.0,32050.0,28850.0,12900.0,11900.0,11350.0,14150.0,9860.0,46400.0,8090.0,5450.0,4172.0,3700.0,43450.0,8660.0,2320.0,12250.0,14200.0,9960.0,78200.0,3030.0,33700.0,1468.0,10788.0,8227.0,12485.0,7445.0,7022.0,8394.0,4485.0,5950.0,6820.0,15800.0,29700.0,40100.0,7220.0,3275.0,14520.0,10060.0,8455.0,2390.0,8220.0,20950.0,8950.0,15000.0,4325.0,7400.0,99700.0,2690.0,21350.0,108500.0,63400.0,9388.0,21477.0,19650.0,8375.0,5496.0,5375.0,148300.0,11370.0,3800.0,2060.0,118000.0,9120.0,16345.0,38950.0,230851.0,15238.0,8644.0,8050.0,5330.0,7720.0,8725.0,41404.0,7240.0,29250.0,11526.0,10250.0,20931.0,14614.0,6975.0,19800.0,12207.0,252000.0,143000.0,58900.0,133500.0,7273.0,19150.0,4569.0,28825.0,18000.0,10157.0,14750.0,81900.0,2080.0,3000.0,10584.0,3202.0,64500.0,8053.0,1430.0,2980.0,8190.0,6000.0,15000.0,19445.0,6965.0,1822.0,6400.0,4505.0,8400.0,10250.0,2570.0,12358.0,15950.0,33850.0,8749.0,5244.0,1827.0,41500.0,15203.0,,,197.0,,18008.0,11150.0,2051.0,,6652.0,1675.0,31670.0,253.0,409000.0,10725.0,5803.0,6950.0,4230.0,16050.0,4160.0,12250.0
2020-11-30,19150.0,11800.0,53995.0,166000.0,10100.0,7656.0,,9050.0,8160.0,10273.0,9718.0,55800.0,118876.0,97500.0,47963.0,32692.0,15150.0,31900.0,9428.0,6640.0,30900.0,8400.0,35450.0,2275.0,30476.0,22228.0,1415.0,3920.0,3492.0,4408.0,4010.0,3895.0,10300.0,13308.0,83610.0,13350.0,19350.0,6990.0,5160.0,3670.0,111000.0,24600.0,21100.0,4490.0,2130.0,13200.0,2450.0,58600.0,,21250.0,91000.0,67226.0,8020.0,63300.0,2460.0,1685.0,4535.0,10679.0,317500,4115.0,,8190.0,168000.0,30550.0,5150.0,12250.0,181500.0,25350.0,2740.0,17500.0,1850.0,2600.0,26100.0,10550.0,13750.0,4685.0,3460.0,5783.0,2810.0,263000.0,10250.0,21006.0,5420.0,46100.0,4295.0,25650.0,4120.0,7380.0,17887.0,768000.0,9928.0,7690.0,6960.0,4105.0,8000.0,66693.0,70457.0,5210.0,1890.0,19626.0,83247.0,9030.0,2140.0,4660.0,40200.0,102000.0,15490.0,28631.0,16050.0,55000.0,6460.0,11800.0,4831.0,1080.0,,3610.0,230500.0,,3145.0,6480.0,,10300.0,14487.0,14200.0,39150.0,8800.0,4560.0,13700.0,84000.0,52000.0,8660.0,,4190.0,4625.0,61858.0,9490.0,4723.0,5630.0,942.0,14850.0,9360.0,6920.0,1322.0,982.0,15014.0,36200.0,5380.0,3550.0,15850.0,35600.0,99400.0,181500.0,7821.0,38400.0,234000.0,28700.0,70500.0,,5360.0,9340.0,20450.0,4410.0,9080.0,5850.0,10850.0,19106.0,16500.0,7025.0,,29400.0,8830.0,67400.0,6600.0,4355.0,63200.0,357500.0,31700.0,11150.0,25850.0,521824.0,8257.0,244500.0,6650.0,31170.0,3850.0,15400.0,2060.0,4895.0,31350.0,28866.0,1995.0,31850.0,,2095.0,556000.0,4797.0,6736.0,1842.0,47750.0,71937.0,3010.0,1225,39122.0,42600.0,5739.0,9420.0,14150.0,7650.0,1860.0,,9780.0,4370.0,4340.0,4435.0,2700.0,2685.0,48900.0,2340.0,1770.0,2025.0,60700.0,,66411.0,2155.0,3890.0,22600.0,156000.0,2455.0,2315.0,2695.0,97400.0,1460.0,17850.0,5020.0,53200.0,12825.0,19250.0,4610.0,3565.0,7051.0,11500.0,30000.0,4855.0,54465.0,37700.0,3325.0,2190.0,11020.0,6447.0,5790.0,7590.0,4385.0,2966.0,3145.0,2825.0,3300.0,2140.0,69600.0,4110.0,11950.0,155000.0,5075.0,,47100.0,4346.0,7350.0,8580.0,13850.0,1360.0,8000.0,5750.0,6000.0,1710.0,,14850.0,139000.0,5978.0,40450.0,735.0,1933.0,10925.0,29550.0,244000.0,10905.0,11850.0,7330.0,8780.0,6680.0,78800.0,21206.0,1570.0,6720.0,13700.0,4405.0,2842.0,945.0,1231.0,23800.0,11600.0,8190.0,71624.0,3015.0,8458.0,7720.0,1845.0,11197.0,4440.0,3865.0,3480.0,10700.0,3840.0,7050.0,6550.0,4290.0,50742.0,1945.0,2620.0,1226.0,3595.0,1530.0,50300,6860.0,5690,6750.0,3955.0,21450.0,5140.0,5690.0,1840.0,4005.0,,27914.0,8750.0,6420.0,16050.0,6500.0,24500.0,29500.0,2670.0,6510.0,1560.0,3695.0,95200.0,4040.0,3915.0,10050.0,,39950.0,16050.0,13400.0,2340.0,45850.0,31350.0,173000.0,8920.0,7610.0,779.0,106500.0,9767.0,13989.0,1550.0,2400.0,2130.0,3985.0,10869.0,7330.0,9440.0,4365.0,29350.0,46800.0,9850.0,4364.0,24579.0,4620.0,2885.0,69400.0,7550.0,4010.0,9310.0,7050.0,2505.0,8770.0,6810.0,4520.0,,39000.0,21550.0,10850.0,4975.0,55600.0,31150.0,1760.0,7500.0,2455.0,,12258.0,2010.0,2610.0,1159.0,1775.0,1765.0,3960.0,9827.0,49994.0,,4057.0,2795.0,57700.0,3210.0,7055.0,1820.0,8650.0,2200.0,1625.0,17523.0,8490.0,,,4515.0,5070.0,,4680.0,1160.0,7024.0,279.0,13650.0,21214.0,137000.0,25250.0,20750.0,,13904.0,6210.0,15450,10100.0,3780.0,2375.0,42650.0,3060.0,7390.0,,1755.0,2000.0,16750.0,1944.0,6058.0,1395.0,11950.0,6726.0,1460.0,11850.0,1120.0,5130.0,204.0,2920.0,9720.0,3925.0,9230.0,2451.0,16850.0,11315.0,52300.0,8610.0,370.0,11950.0,8600.0,67500.0,179.0,82500.0,5275.0,6800.0,16167.0,19850.0,14095.0,19400.0,211500.0,11547.0,25050.0,104600.0,5730.0,11300.0,5350.0,5010.0,277500.0,,12350.0,19950.0,4390.0,6413.0,73863.0,133200.0,4125.0,37950.0,2965.0,7490.0,1460.0,28300.0,7390.0,,2220.0,29050.0,16500.0,259700,,14700.0,8230.0,810000.0,4590.0,803.0,5340.0,23691.0,43100.0,10350.0,5170.0,9294.0,3235.0,4240.0,9240.0,11275.0,12050.0,3850.0,30000.0,1680.0,6570.0,862.0,10475.0,8180.0,3825.0,6470.0,3800.0,10050.0,5960.0,7370.0,2680.0,102900.0,59084.0,543.0,1905.0,7860.0,2720.0,16000.0,5600.0,7360,3285.0,,9140.0,31450.0,8000.0,2825.0,22590.0,6670.0,3260.0,15700.0,2525.0,13150,4450.0,29700.0,12300.0,2177.0,2990.0,17750.0,13000.0,26570.0,277169.0,1995.0,8840.0,16900.0,19109.0,12300.0,7540.0,24031.0,6100.0,4012.0,22200.0,6000.0,1755.0,1700.0,2385.0,8200.0,,3940.0,4980.0,5600.0,11630.0,1407.0,1268.0,10400.0,78475.0,12848.0,1545.0,16700.0,9690.0,5010.0,13300.0,4544.0,4570.0,1905.0,29550.0,29750.0,583,9050.0,4875,4715.0,2575.0,3453.0,18750.0,5950.0,1592.0,3500.0,13300.0,8800.0,,2825.0,23250.0,31500.0,14329.0,446010,5324.0,14600.0,4780.0,1790.0,3995.0,1890.0,3605.0,8090.0,22100.0,9100.0,7470.0,8700.0,3435.0,2649.0,6010.0,2347.0,8330.0,38327.0,829.0,13837.0,719,2820,6250.0,2453.0,10459.0,11300.0,,17150.0,6225.0,12250.0,19150.0,28260.0,1514000.0,3005,3440.0,12100.0,,8930.0,4500.0,7360.0,16500.0,18644.0,11400.0,3945.0,1740.0,29550.0,1695.0,1759.0,8320,8190.0,8970.0,1710.0,10973.0,2970.0,8260.0,8115.0,1275,30300.0,8340.0,400,9820.0,,63300.0,,9637.0,3180.0,3320.0,118335.0,,13050.0,7930.0,13100.0,11200.0,13250.0,6050.0,13800.0,7750.0,36900.0,2210,2480.0,2012.0,9690.0,2890.0,16500.0,2571.0,23750.0,13234.0,275,,24050.0,5898,1565.0,24468.0,1620,7370.0,76800.0,5330.0,4760.0,2245.0,2570.0,15050.0,3985.0,2721.0,2865.0,10150.0,38249.0,7624.0,6450.0,1830,5064.0,3970.0,6255.0,18550.0,,53527.0,,33100.0,64200.0,5260.0,1790.0,5920.0,4863.0,5228.0,3170.0,5310.0,15800.0,3610.0,8125.0,7000.0,20100.0,102700.0,6800.0,5200.0,27328.0,9800.0,52249.0,,6423.0,,6770.0,11375.0,1405.0,7320.0,3276.0,7210.0,4360.0,7380.0,15950.0,46650.0,3000.0,22350.0,4943.0,,6320.0,1130,7150.0,15050.0,,2345.0,1344.0,85500.0,18400.0,3530.0,10150.0,4622.0,6210.0,15550.0,57800.0,4362.0,5718.0,45750.0,5170.0,3920.0,2850.0,4585.0,5981.0,3225.0,,276796.0,26150.0,9180,153170.0,,8480.0,3710.0,34000.0,5179.0,24350.0,2110.0,5929.0,9300.0,103500.0,5524.0,4640.0,70900.0,4270.0,1635.0,7168.0,5500.0,2620.0,10050.0,2615.0,4340.0,18000.0,4290.0,5150.0,13355.0,11900.0,4491.0,2035.0,9900.0,58700.0,1980.0,36084.0,1655.0,,2425.0,18400.0,3128.0,3360.0,2585.0,5560.0,,3720.0,5925.0,7060.0,11950.0,28400.0,2065.0,28032.0,7590.0,46570.0,47600.0,20827,5676.0,35050.0,16000.0,8040.0,11984.0,14700.0,30300.0,2420.0,,8584.0,12900.0,8850.0,15900.0,2925.0,8110.0,4010,6656.0,19450.0,498.0,8610.0,5160.0,9000.0,51500.0,3290.0,2625.0,,,5342.0,10596.0,30150.0,8327.0,16750.0,,,,,,6210.0,8469.0,9410.0,10231.0,,,,,,,10770.0,9580.0,6181.0,28092.0,26200.0,9850.0,10500.0,52600.0,1880.0,24737.0,11350.0,7740,17447.0,2355.0,3860.0,20300.0,6020.0,4990.0,,2800.0,1405.0,24800.0,25650.0,5778.0,9830.0,10269.0,,195820.0,3027.0,2955.0,,5850.0,8160.0,5930.0,10050.0,4225.0,66294.0,3235.0,18750.0,10354.0,21258.0,5780.0,14400.0,7282,13629.0,9960.0,4812.0,7550.0,14350.0,44350.0,1120.0,,13150.0,179000.0,22300.0,7470.0,5112.0,,4650,10250.0,,,,,4905.0,13050.0,10000.0,11355.0,113047.0,15295.0,24400.0,1400.0,12790.0,63800.0,2980.0,3705.0,4253.0,,14517.0,5710.0,14700.0,4450.0,2513.0,72600.0,9414.0,3425.0,2920.0,6750.0,8019.0,,21700.0,5825.0,3790.0,5640.0,6370.0,9360.0,9999.0,2825.0,5820.0,,29050.0,93260.0,283.0,20200.0,94432.0,11100.0,1593,56174.0,5146.0,170223.0,8780.0,36450.0,15853.0,8080.0,361500.0,5720.0,2175.0,13511.0,4160.0,28350.0,2438.0,,9658.0,,16200.0,29250.0,8350.0,6630.0,2694.0,5553.0,1795,170613.0,15700.0,7161.0,3555.0,20064.0,45100.0,8150.0,1675.0,3725.0,22657.0,40400.0,,2560.0,3072.0,5410.0,,,5560.0,16250.0,2090.0,12400.0,8224.0,6390.0,32100.0,9035.0,4710.0,8639.0,67600.0,12850.0,47000.0,15200.0,11685.0,75500.0,,2831.0,1185.0,7870.0,4545.0,6930.0,26900.0,8248.0,96212.0,13250.0,,22100.0,6300.0,8580.0,,11450.0,29900.0,2470.0,,60735.0,3415.0,15200.0,16600,12225.0,620,6080.0,4697.0,49720.0,13772.0,10487,9130.0,11733.0,12465.0,5750.0,8000.0,4775.0,19200.0,5430.0,97097.0,6670.0,30070.0,3585.0,14875.0,15926.0,8330.0,6360.0,29250,108500.0,40800.0,,35250.0,11536.0,739.0,9880.0,12250.0,9070.0,2795.0,,43800.0,9080.0,16350.0,10100.0,,,3740.0,2925.0,13150.0,3015.0,3665.0,140540.0,24800.0,5500.0,2760.0,12850.0,42041.0,3275.0,4001.0,1280.0,12550.0,3060,8500.0,402.0,2010.0,2210.0,3283.0,2925.0,10200.0,2620.0,,7860.0,8000.0,20700.0,55500.0,15250.0,20300,2570.0,14600.0,6070.0,,52700.0,2660.0,9900.0,1971,17000.0,5000.0,23500.0,17650.0,2338.0,52500.0,,7780.0,34150.0,21072,1295.0,,2995.0,58514.0,2195.0,7906.0,,6852.0,3735,2230.0,57800.0,5286.0,11320.0,27450.0,25600.0,1660.0,69300.0,6670.0,197600.0,1031.0,42050.0,2680.0,115604.0,,,8380.0,5293.0,3095.0,7840.0,16550.0,1315,4470.0,7325.0,21150.0,4245.0,10700.0,5560.0,2515,,13955.0,1680.0,,,25890.0,4070.0,15900.0,32700.0,2670.0,45000.0,9434.0,24700.0,5050.0,9620.0,14700.0,78689.0,12200.0,6940.0,6470.0,3865.0,2145.0,3288.0,5900.0,54000.0,29150.0,27271.0,1920.0,10848.0,5930.0,12794.0,32650.0,13950.0,75000.0,2292.0,13126.0,2355.0,6570.0,8806.0,16398.0,4405.0,8953.0,137909.0,12700.0,7030.0,2625.0,9980.0,1662.0,30218.0,15500.0,,3140.0,10601.0,28250.0,16400.0,3185.0,19160.0,26103.0,93417.0,7000.0,3705.0,12400.0,,2075.0,19700.0,40680.0,1910.0,4348.0,,54270.0,4612.0,24000.0,26300.0,19225.0,4940.0,6150.0,2121.0,3065.0,43200.0,,,7270.0,26650.0,20450.0,16600.0,1143252.0,2410.0,5620.0,2442.0,13685.0,,11700.0,17373.0,7080.0,2969.0,7840.0,14150.0,16800.0,24250.0,81468.0,13120.0,8439.0,21200.0,59100.0,82428.0,7450.0,69500.0,3895.0,38100.0,17900.0,7757.0,,1950.0,31188.0,2371.0,6283.0,3085.0,5340.0,22600.0,4945.0,11247.0,3080.0,36734.0,14650.0,7270.0,10829.0,5850.0,28600.0,,13550.0,5080.0,7590.0,9920.0,19900.0,6360.0,17507.0,46861.0,2965.0,5720.0,5740.0,6375.0,,27550.0,9890.0,5350.0,23347.0,3180.0,2655.0,54551.0,3814.0,11700.0,26650.0,3375.0,21900.0,11250.0,15748.0,7680.0,1510.0,1170.0,19150.0,3983.0,21246.0,13750.0,4390.0,28700.0,7800.0,78900.0,17115.0,10020.0,13050.0,6450.0,20850.0,39850.0,30050.0,14100.0,13200.0,13400.0,16100.0,12850.0,51703.0,9510.0,5500.0,7425.0,6000.0,44900.0,11200.0,2705.0,12975.0,14500.0,9935.0,80300.0,3630.0,25900.0,2052.0,12515.0,10630.0,18655.0,8119.0,7075.0,8895.0,4680.0,5950.0,7110.0,17600.0,31950.0,41420.0,8050.0,3940.0,14520.0,16650.0,12093.0,2455.0,8790.0,23650.0,11900.0,16200.0,4355.0,8460.0,103500.0,2690.0,23100.0,118500.0,84300.0,11042.0,21939.0,20900.0,8600.0,5650.0,5875.0,179100.0,12565.0,6300.0,2260.0,125500.0,9700.0,18184.0,39800.0,284227.0,30333.0,9153.0,9310.0,5600.0,8730.0,9825.0,37336.0,7250.0,32900.0,11298.0,10150.0,22847.0,20796.0,7229.0,20050.0,13970.0,267000.0,184500.0,62000.0,148000.0,9485.0,19607.0,4369.0,30850.0,19150.0,10483.0,15100.0,89500.0,2075.0,3120.0,12310.0,5242.0,80400.0,8571.0,1440.0,3835.0,8620.0,6950.0,17250.0,29844.0,8580.0,2086.0,6070.0,4665.0,10500.0,11450.0,3465.0,13508.0,15850.0,39400.0,8980.0,5195.0,1822.0,49900.0,24672.0,,,197.0,,19208.0,16369.0,2459.0,,7233.0,1685.0,34825.0,306.0,345500.0,11500.0,5743.0,8270.0,4870.0,16050.0,5430.0,21450.0
2020-12-31,19650.0,12400.0,65802.0,165500.0,11175.0,7578.0,,9260.0,8060.0,9998.0,9421.0,59000.0,115574.0,118500.0,50695.0,36438.0,15950.0,32400.0,11004.0,5950.0,29850.0,8330.0,51000.0,2100.0,32452.0,20628.0,1542.0,3868.0,5466.0,4157.0,4770.0,3995.0,10600.0,11836.0,76817.0,13000.0,18900.0,7220.0,6620.0,3470.0,127500.0,26050.0,20400.0,4735.0,2295.0,13200.0,3150.0,65900.0,,21800.0,90500.0,74630.0,8150.0,62700.0,2210.0,1860.0,4700.0,12525.0,331500,4530.0,,7450.0,197500.0,33300.0,4855.0,12450.0,175000.0,21200.0,2530.0,13080.0,1875.0,2455.0,25950.0,9140.0,14000.0,5050.0,3500.0,5326.0,2750.0,258500.0,9080.0,25684.0,5190.0,44550.0,4460.0,50300.0,4775.0,8010.0,18026.0,801000.0,10209.0,7410.0,9010.0,4225.0,8040.0,82658.0,72483.0,5400.0,1910.0,14067.0,100808.0,8310.0,2595.0,5060.0,38100.0,102000.0,15654.0,28333.0,16300.0,55200.0,6050.0,11000.0,5256.0,1110.0,,3685.0,239500.0,,3280.0,7720.0,,11650.0,15727.0,15950.0,39400.0,9870.0,4475.0,13500.0,81400.0,59300.0,9999.0,,5090.0,4720.0,58853.0,7850.0,4547.0,6780.0,899.0,16750.0,9140.0,7320.0,1327.0,719.0,19410.0,39250.0,5920.0,3395.0,16250.0,41500.0,108500.0,192000.0,10497.0,37650.0,272000.0,27250.0,72000.0,,7450.0,10200.0,17300.0,4630.0,8810.0,6370.0,10450.0,19700.0,16250.0,6600.0,,27700.0,11550.0,65700.0,6510.0,4685.0,71400.0,406000.0,37800.0,9140.0,29700.0,614832.0,8477.0,230000.0,7220.0,31770.0,4085.0,14150.0,1945.0,4785.0,30000.0,29464.0,1885.0,31200.0,,2505.0,577000.0,5157.0,6149.0,2546.0,49000.0,73615.0,3015.0,1225,41833.0,42200.0,6456.0,10250.0,14900.0,7320.0,1980.0,,9570.0,4415.0,4695.0,4415.0,3420.0,2680.0,51000.0,3410.0,1770.0,2265.0,78000.0,,73292.0,2081.0,3750.0,25050.0,178000.0,2470.0,2315.0,2705.0,104500.0,1410.0,16550.0,5200.0,52100.0,12450.0,20800.0,4610.0,3620.0,9537.0,11800.0,29900.0,5010.0,54637.0,37750.0,4195.0,3670.0,12620.0,6645.0,5810.0,8070.0,5430.0,3299.0,2635.0,3385.0,3530.0,2140.0,69200.0,4275.0,11200.0,182500.0,6025.0,,53500.0,3604.0,5840.0,8990.0,14150.0,1430.0,8900.0,6040.0,6000.0,1630.0,,15950.0,145000.0,5331.0,34400.0,796.0,2456.0,11500.0,31200.0,255500.0,12280.0,9200.0,7040.0,8780.0,6990.0,85000.0,21797.0,2250.0,6000.0,13450.0,5060.0,2738.0,1140.0,1387.0,28000.0,11500.0,7950.0,71279.0,3325.0,8458.0,7110.0,1655.0,10086.0,5370.0,3705.0,3455.0,10300.0,4040.0,7320.0,6020.0,4900.0,55827.0,1855.0,2460.0,1354.0,3470.0,1635.0,51000,7000.0,8580,6820.0,5700.0,27400.0,5560.0,5890.0,1895.0,3645.0,,37053.0,11600.0,7660.0,16700.0,6380.0,24750.0,29650.0,2285.0,7270.0,1360.0,3565.0,90500.0,4150.0,4010.0,9450.0,,39700.0,16550.0,13050.0,2350.0,44650.0,30700.0,178500.0,8890.0,8620.0,592.0,104500.0,8895.0,15105.0,1870.0,2565.0,3205.0,4000.0,10088.0,7370.0,9040.0,4215.0,30250.0,50900.0,9725.0,4634.0,20093.0,4190.0,2595.0,72700.0,8660.0,3950.0,9310.0,7750.0,2635.0,8410.0,7660.0,4720.0,,49300.0,21900.0,12000.0,6090.0,56500.0,32950.0,6400.0,7220.0,2735.0,,12984.0,1915.0,2950.0,1514.0,1810.0,1710.0,3935.0,9655.0,51786.0,,3561.0,3050.0,62200.0,3415.0,6640.0,1980.0,8210.0,2330.0,1550.0,19866.0,8070.0,,,4455.0,4960.0,,4895.0,1155.0,6892.0,279.0,13250.0,22189.0,139000.0,26500.0,20600.0,,11512.0,6340.0,15900,9690.0,3815.0,2420.0,51200.0,2870.0,8300.0,,1830.0,2020.0,15000.0,2067.0,6660.0,1305.0,11750.0,7459.0,1315.0,11100.0,1130.0,5290.0,204.0,3040.0,10550.0,4265.0,9480.0,2350.0,22800.0,9875.0,66400.0,8780.0,370.0,11750.0,9230.0,67500.0,179.0,83100.0,5450.0,7180.0,13030.0,23550.0,17145.0,19450.0,240500.0,11989.0,24900.0,102500.0,5700.0,10750.0,5540.0,4620.0,292500.0,,12550.0,20150.0,6050.0,6370.0,78179.0,139500.0,4095.0,38400.0,2985.0,8600.0,1860.0,29100.0,8570.0,,2220.0,37950.0,16200.0,357800,,14900.0,8090.0,931000.0,4830.0,709.0,5700.0,26198.0,45100.0,12400.0,5890.0,9680.0,3435.0,4530.0,9760.0,10400.0,12350.0,3880.0,30600.0,1735.0,6960.0,862.0,9600.0,8100.0,3990.0,6420.0,4680.0,9680.0,7160.0,8120.0,2935.0,117000.0,63332.0,543.0,1885.0,11150.0,2710.0,18100.0,5750.0,7360,3700.0,,9390.0,31650.0,8120.0,3000.0,22710.0,6300.0,3130.0,18300.0,2160.0,13200,4300.0,29750.0,16500.0,2189.0,3210.0,17350.0,12650.0,31834.0,241121.0,1680.0,9280.0,16400.0,17534.0,13550.0,13200.0,24342.0,9050.0,4012.0,22450.0,5500.0,1525.0,2520.0,2480.0,9170.0,,3805.0,5620.0,5075.0,11420.0,1616.0,1121.0,10350.0,85750.0,13728.0,1800.0,17550.0,10150.0,5050.0,17050.0,4321.0,7570.0,1945.0,29850.0,31250.0,430,9490.0,4970,4480.0,3030.0,5455.0,20550.0,6290.0,1641.0,4985.0,14550.0,8780.0,,2560.0,25800.0,31350.0,15757.0,432440,13758.0,12400.0,4810.0,1630.0,4065.0,1970.0,3670.0,9300.0,30000.0,8600.0,7470.0,8910.0,3230.0,2646.0,5970.0,3030.0,8150.0,37756.0,1145.0,13690.0,719,2820,5750.0,2488.0,10896.0,13200.0,,17350.0,5650.0,12850.0,19050.0,28350.0,1620000.0,3005,4465.0,12225.0,,8990.0,4170.0,6530.0,17850.0,23023.0,9450.0,4300.0,1625.0,26550.0,1630.0,1723.0,7020,16300.0,8810.0,1650.0,10180.0,2845.0,7900.0,9778.0,1120,27400.0,8470.0,400,10450.0,,76200.0,,9122.0,2900.0,3635.0,120735.0,,13000.0,8210.0,12600.0,11600.0,12850.0,6350.0,14800.0,7425.0,37700.0,2800,2940.0,1788.0,10050.0,3285.0,16500.0,2248.0,19272.0,10224.0,275,,24850.0,3829,1740.0,27031.0,1620,8310.0,76500.0,5020.0,5780.0,2215.0,2575.0,15100.0,4400.0,3031.0,2810.0,11200.0,41881.0,7197.0,6270.0,1830,4660.0,3930.0,5795.0,20400.0,,51026.0,,36850.0,79900.0,7440.0,2070.0,5720.0,5532.0,6764.0,3010.0,4830.0,17200.0,3755.0,7625.0,7000.0,17750.0,125300.0,7050.0,5170.0,27218.0,10350.0,26973.0,,5489.0,,10600.0,11919.0,1420.0,6840.0,3697.0,7450.0,4490.0,7530.0,15950.0,62300.0,2885.0,21700.0,4963.0,,5500.0,1130,8320.0,16600.0,,1895.0,1305.0,135000.0,17600.0,3755.0,10350.0,7333.0,7990.0,15450.0,60500.0,4700.0,7773.0,55300.0,4650.0,6100.0,2945.0,4770.0,7410.0,6590.0,,297619.0,23950.0,9050,196888.0,,8320.0,3900.0,34600.0,5492.0,25650.0,2110.0,6070.0,9300.0,165000.0,6184.0,4885.0,71400.0,4255.0,1930.0,6985.0,6450.0,2600.0,12100.0,2913.0,3860.0,17200.0,4065.0,5760.0,9350.0,11550.0,4731.0,2035.0,13450.0,62300.0,1990.0,32956.0,2150.0,,2690.0,21250.0,3300.0,3265.0,3655.0,6256.0,,6400.0,7350.0,7280.0,12100.0,27100.0,2225.0,30452.0,7400.0,39946.0,46450.0,22652,5887.0,37550.0,17607.0,7570.0,11984.0,15950.0,30500.0,2355.0,,8323.0,13150.0,7779.0,18450.0,2945.0,8240.0,3930,6358.0,20550.0,498.0,8540.0,5260.0,13150.0,47900.0,3160.0,2800.0,,,6590.0,10025.0,30750.0,8327.0,19000.0,,,,,,9970.0,8619.0,12200.0,10307.0,,,,,,,11938.0,10650.0,6935.0,27902.0,25000.0,10200.0,12300.0,56900.0,1750.0,30012.0,11450.0,9610,18509.0,2370.0,3940.0,15200.0,5750.0,4745.0,,2600.0,1405.0,27200.0,29250.0,6431.0,11400.0,9915.0,,160129.0,3628.0,3385.0,,7440.0,8160.0,5410.0,11850.0,4230.0,74071.0,3335.0,27650.0,11975.0,21258.0,5280.0,12000.0,6643,15390.0,12950.0,4827.0,8800.0,19900.0,45700.0,1185.0,,19250.0,206000.0,21950.0,7740.0,4337.0,,6680,10850.0,,,,,5230.0,14000.0,11200.0,10940.0,153886.0,17798.0,23500.0,2940.0,13650.0,60400.0,3565.0,3635.0,4260.0,,14619.0,5770.0,14700.0,4615.0,2967.0,71800.0,11524.0,3300.0,3405.0,7700.0,11307.0,,23200.0,6100.0,3625.0,5540.0,7540.0,9590.0,9290.0,2900.0,5890.0,,29650.0,90282.0,279.0,20100.0,96995.0,9725.0,1870,46628.0,5403.0,186950.0,7320.0,40400.0,15056.0,7570.0,381000.0,6170.0,2155.0,15013.0,3690.0,32000.0,2523.0,,9533.0,,18750.0,30350.0,8040.0,6650.0,2713.0,5680.0,1860,131279.0,17600.0,7200.0,3865.0,27916.0,43500.0,8250.0,1630.0,2895.0,22100.0,47650.0,,3100.0,2996.0,5950.0,,,5370.0,19700.0,2540.0,17400.0,7973.0,6540.0,35050.0,10885.0,4395.0,12308.0,77300.0,12300.0,58200.0,15450.0,13390.0,78000.0,,2696.0,1185.0,8150.0,4570.0,6300.0,25950.0,8903.0,85299.0,10950.0,,25950.0,9620.0,9140.0,,11100.0,31700.0,2470.0,,88552.0,3645.0,16700.0,14150,9187.0,620,5615.0,7100.0,52950.0,14586.0,10235,9170.0,12460.0,11145.0,6280.0,8000.0,5070.0,19200.0,5330.0,93726.0,6970.0,25280.0,4060.0,15152.0,15926.0,8600.0,6160.0,30750,107000.0,37900.0,,37850.0,11959.0,739.0,9750.0,9075.0,8900.0,2730.0,,44700.0,8740.0,16800.0,8880.0,,,3675.0,2910.0,12750.0,3295.0,4030.0,127027.0,26950.0,5240.0,2633.0,15650.0,44006.0,3855.0,3958.0,1750.0,14800.0,3130,8440.0,297.0,2030.0,2146.0,3206.0,3300.0,9780.0,2910.0,,8360.0,7750.0,20700.0,62700.0,13250.0,21450,2755.0,9160.0,6190.0,,55500.0,2845.0,11300.0,1841,18800.0,5040.0,24450.0,16600.0,2426.0,55900.0,,8765.0,43300.0,16179,1100.0,,3150.0,58681.0,2510.0,8326.0,,6489.0,3735,1525.0,70100.0,5719.0,12620.0,27250.0,27000.0,2290.0,92100.0,6590.0,187800.0,1132.0,41100.0,2930.0,97376.0,,,8590.0,6913.0,4200.0,7990.0,16550.0,1235,5490.0,7750.0,15200.0,3940.0,8880.0,6250.0,2365,,35294.0,1680.0,,,25890.0,7520.0,20800.0,39400.0,1950.0,50900.0,9860.0,28600.0,5050.0,9200.0,13650.0,79770.0,12350.0,6840.0,7280.0,3780.0,1980.0,5463.0,5880.0,34750.0,36500.0,26556.0,1920.0,10508.0,5370.0,8003.0,37000.0,18250.0,63100.0,3419.0,19075.0,2630.0,7250.0,10194.0,16244.0,4555.0,8583.0,188192.0,12800.0,7410.0,3095.0,11000.0,1624.0,48311.0,19802.0,,3165.0,10777.0,30400.0,15400.0,3200.0,19980.0,20937.0,97534.0,7425.0,3760.0,14450.0,,2075.0,24400.0,42720.0,1805.0,4305.0,,82520.0,4904.0,23750.0,30450.0,19684.0,7320.0,6160.0,1964.0,2995.0,48840.0,,,7940.0,23700.0,21300.0,18440.0,1201432.0,2735.0,5520.0,2422.0,11799.0,,11900.0,16640.0,7920.0,3356.0,8230.0,13850.0,17800.0,24250.0,71812.0,14340.0,11998.0,21600.0,57200.0,83532.0,7100.0,69300.0,3765.0,39000.0,23800.0,7757.0,,2290.0,33920.0,2708.0,5690.0,2880.0,4525.0,21350.0,5456.0,10415.0,3010.0,43564.0,15000.0,7670.0,17362.0,7110.0,37800.0,,15100.0,5070.0,8520.0,10150.0,22850.0,6280.0,17507.0,50288.0,2965.0,5470.0,5590.0,6750.0,,26050.0,9955.0,5350.0,20944.0,3010.0,1815.0,50300.0,4280.0,11250.0,22650.0,3200.0,26650.0,10950.0,13604.0,7780.0,1770.0,1125.0,20750.0,4267.0,22430.0,14000.0,3870.0,29700.0,8320.0,103800.0,14333.0,11891.0,12800.0,5880.0,26500.0,44250.0,29650.0,14200.0,12200.0,14050.0,18100.0,38150.0,56261.0,9550.0,5650.0,5957.0,4137.0,52600.0,15250.0,2545.0,12725.0,15750.0,9770.0,92600.0,3615.0,20300.0,2535.0,13065.0,9970.0,17230.0,9315.0,7442.0,9096.0,4940.0,5950.0,7980.0,17000.0,36800.0,52060.0,7390.0,4885.0,14520.0,16533.0,13667.0,2215.0,8880.0,24850.0,11250.0,16400.0,4285.0,8700.0,104500.0,2540.0,24900.0,124000.0,62600.0,15468.0,22800.0,21250.0,8525.0,6411.0,5925.0,182400.0,13955.0,3755.0,2760.0,135500.0,9880.0,20633.0,39100.0,261876.0,40253.0,10569.0,8370.0,5570.0,7780.0,11050.0,33413.0,6910.0,35950.0,12364.0,12050.0,23485.0,25425.0,6927.0,26100.0,15734.0,313000.0,211000.0,62200.0,149000.0,7207.0,29998.0,4169.0,34080.0,21100.0,9257.0,15700.0,90500.0,2150.0,3025.0,23019.0,9483.0,123500.0,9872.0,1510.0,3200.0,8550.0,8025.0,16300.0,39750.0,9695.0,2229.0,6200.0,4575.0,9980.0,10900.0,5890.0,15009.0,21100.0,39850.0,7823.0,5195.0,1835.0,53500.0,23877.0,,,197.0,,17708.0,18311.0,2598.0,,6853.0,1530.0,31370.0,283.0,284000.0,10050.0,5723.0,7990.0,4990.0,16050.0,5500.0,22650.0
2021-01-31,15050.0,12550.0,57565.0,168000.0,11700.0,6696.0,,8100.0,7990.0,9540.0,8826.0,57100.0,106139.0,122500.0,48622.0,39162.0,17000.0,31500.0,10329.0,5600.0,32550.0,8290.0,61500.0,3150.0,28517.0,19200.0,1472.0,4650.0,7155.0,4948.0,4360.0,4260.0,12250.0,9547.0,60464.0,13750.0,20500.0,7010.0,6100.0,4230.0,108500.0,26250.0,25050.0,4805.0,1990.0,13400.0,3490.0,74800.0,,20250.0,91000.0,88056.0,8010.0,61500.0,2335.0,2000.0,5350.0,12014.0,340000,4385.0,,8250.0,198500.0,28500.0,4890.0,11350.0,170000.0,19150.0,4100.0,13700.0,1935.0,2175.0,26100.0,8410.0,13600.0,4505.0,2905.0,4954.0,2995.0,244500.0,8420.0,20474.0,5150.0,45650.0,4375.0,46750.0,5230.0,8340.0,16214.0,839000.0,9788.0,7150.0,8060.0,4250.0,6750.0,93616.0,74284.0,4900.0,1945.0,14067.0,130372.0,7800.0,2965.0,4000.0,38450.0,110500.0,17586.0,28532.0,15600.0,54400.0,7110.0,10800.0,5618.0,1170.0,,3500.0,233500.0,,3585.0,6880.0,,14200.0,16576.0,15200.0,38400.0,21500.0,4650.0,12650.0,83700.0,57500.0,9901.0,,4805.0,4795.0,57159.0,6510.0,5565.0,6110.0,867.0,18250.0,9810.0,7700.0,1358.0,697.0,17731.0,36300.0,5140.0,3100.0,15950.0,44000.0,116000.0,229000.0,10541.0,38500.0,245500.0,24450.0,70000.0,,6810.0,10150.0,14400.0,4445.0,9080.0,5580.0,9440.0,19500.0,24700.0,6800.0,,25350.0,11050.0,64000.0,7190.0,4450.0,64400.0,423500.0,38150.0,7760.0,36500.0,718610.0,8021.0,284000.0,8120.0,34215.0,3890.0,13050.0,1980.0,4470.0,30800.0,29678.0,1915.0,32600.0,,2400.0,561000.0,5217.0,5473.0,2341.0,47850.0,57057.0,3030.0,1225,36682.0,51250.0,6642.0,12350.0,14450.0,8090.0,1930.0,,10350.0,5420.0,4430.0,4490.0,3205.0,2760.0,49900.0,2895.0,1770.0,2507.0,63600.0,,77625.0,2192.0,3920.0,25550.0,204000.0,2690.0,2625.0,2740.0,94800.0,1450.0,14550.0,5070.0,48150.0,11250.0,23100.0,4750.0,4885.0,14850.0,13100.0,28450.0,4840.0,58603.0,38100.0,3805.0,2900.0,12300.0,5861.0,7160.0,7770.0,5630.0,2638.0,2300.0,4550.0,3900.0,2230.0,68200.0,4355.0,9520.0,200000.0,10475.0,,90800.0,3540.0,5620.0,8850.0,14450.0,1440.0,17950.0,5980.0,6000.0,1600.0,,15800.0,247500.0,5587.0,30100.0,856.0,2428.0,14425.0,28400.0,317500.0,16037.0,10000.0,7040.0,9200.0,6040.0,80800.0,14845.0,2515.0,6110.0,14100.0,4830.0,3368.0,1290.0,1531.0,30700.0,10700.0,8650.0,70240.0,3615.0,8458.0,6260.0,1810.0,10116.0,5120.0,3995.0,3320.0,10200.0,4320.0,7200.0,5340.0,5200.0,58948.0,1935.0,2785.0,1428.0,3545.0,1465.0,53900,6940.0,8370,6970.0,7420.0,22850.0,5500.0,5360.0,1955.0,3565.0,,30625.0,10600.0,6780.0,18350.0,6280.0,27650.0,29500.0,2545.0,6200.0,1525.0,4325.0,89000.0,4055.0,3940.0,10250.0,,42450.0,16550.0,12550.0,2360.0,39100.0,30400.0,195500.0,8290.0,10600.0,557.0,96900.0,8399.0,15523.0,1800.0,3300.0,4804.0,3950.0,11845.0,7210.0,7550.0,4570.0,31100.0,71400.0,8300.0,4864.0,16353.0,4115.0,2120.0,69700.0,8750.0,3985.0,9310.0,7740.0,3335.0,9130.0,7000.0,4645.0,,45000.0,26600.0,11200.0,7020.0,54000.0,31050.0,4715.0,6340.0,3685.0,,13459.0,1905.0,2930.0,1252.0,1805.0,3250.0,4470.0,8892.0,49051.0,,3342.0,3350.0,75500.0,3655.0,6814.0,1815.0,8600.0,2445.0,1565.0,23871.0,7710.0,,,3935.0,4795.0,,6890.0,1350.0,6912.0,279.0,12350.0,18512.0,136800.0,26000.0,19300.0,,13636.0,6730.0,15100,13700.0,3745.0,2515.0,46650.0,3215.0,8540.0,,2120.0,2020.0,15550.0,2174.0,6594.0,1375.0,11950.0,8758.0,1105.0,9310.0,1160.0,5430.0,204.0,2555.0,10400.0,6550.0,13200.0,2432.0,20900.0,8450.0,48950.0,8100.0,370.0,10750.0,9220.0,65500.0,179.0,80200.0,4880.0,6940.0,11341.0,23000.0,20103.0,17700.0,311000.0,11301.0,22825.0,85700.0,5530.0,18850.0,5640.0,4345.0,343000.0,,13050.0,17900.0,5080.0,6066.0,88516.0,152900.0,4190.0,32500.0,2895.0,7490.0,1835.0,28200.0,12400.0,,2220.0,40050.0,19300.0,306800,,15650.0,8000.0,953000.0,8360.0,682.0,5520.0,27427.0,44200.0,10700.0,5720.0,9470.0,3700.0,5580.0,10300.0,12450.0,14350.0,4405.0,30300.0,1645.0,6140.0,862.0,9600.0,6230.0,4090.0,6670.0,4355.0,9520.0,6780.0,8200.0,3320.0,99000.0,37700.0,543.0,1965.0,12250.0,3100.0,18000.0,5670.0,7360,3435.0,,9060.0,38450.0,9000.0,4150.0,16515.0,6010.0,5400.0,16700.0,2415.0,13800,4310.0,30600.0,12700.0,2207.0,4235.0,18550.0,11550.0,35050.0,196261.0,1490.0,10300.0,16300.0,16358.0,11100.0,11100.0,21721.0,9450.0,4012.0,24500.0,4990.0,1550.0,2275.0,2530.0,10950.0,,4520.0,7090.0,4965.0,11170.0,1565.0,1057.0,10750.0,71450.0,11616.0,1675.0,16950.0,8220.0,4750.0,17950.0,4696.0,22500.0,1785.0,27400.0,32050.0,407,11550.0,4780,4755.0,3200.0,8108.0,19650.0,6010.0,1597.0,5900.0,16500.0,8900.0,,2745.0,31050.0,33375.0,13776.0,582520,10719.0,10550.0,4955.0,1625.0,4015.0,1975.0,3150.0,8500.0,24000.0,8275.0,7470.0,8720.0,3060.0,2582.0,5640.0,2550.0,8360.0,37852.0,940.0,14352.0,719,2820,5870.0,2473.0,9593.0,52100.0,,14300.0,5575.0,11500.0,20350.0,25100.0,1557000.0,3005,4700.0,10825.0,,9490.0,3755.0,5950.0,17050.0,21385.0,8710.0,4435.0,1760.0,26350.0,1595.0,1647.0,6080,15300.0,8540.0,2575.0,8972.0,2920.0,6650.0,12145.0,1000,36800.0,8700.0,400,9840.0,,83500.0,,6437.0,2955.0,3750.0,101175.0,,15700.0,7210.0,11750.0,16100.0,12900.0,9260.0,15400.0,7100.0,38000.0,2860,3815.0,1810.0,10000.0,3490.0,16500.0,2145.0,17006.0,8976.0,275,,20050.0,2314,1680.0,30715.0,1620,8690.0,74300.0,5250.0,4990.0,2250.0,2660.0,15450.0,5540.0,3271.0,2635.0,11700.0,35889.0,6722.0,7930.0,1830,4563.0,3770.0,5775.0,17250.0,,47374.0,,36000.0,66300.0,7210.0,2275.0,5260.0,6770.0,6336.0,2615.0,4340.0,19250.0,3765.0,7275.0,7000.0,19000.0,143000.0,7150.0,5750.0,39890.0,9770.0,24457.0,,4424.0,,9860.0,13481.0,1480.0,7130.0,6470.0,7200.0,4450.0,9560.0,15950.0,58500.0,2860.0,19150.0,5363.0,,4560.0,1130,8850.0,16950.0,,1710.0,1602.0,153000.0,18500.0,4150.0,8070.0,6253.0,5480.0,13450.0,61800.0,4025.0,7361.0,56600.0,5070.0,5870.0,3135.0,4570.0,6400.0,6190.0,,268604.0,22600.0,10200,144406.0,,7480.0,3825.0,35150.0,5771.0,21400.0,2110.0,7007.0,9300.0,151500.0,5516.0,4710.0,78200.0,4220.0,2005.0,7391.0,6330.0,2760.0,17800.0,2940.0,3615.0,16700.0,3730.0,5530.0,10925.0,10750.0,5134.0,2035.0,11150.0,53000.0,2055.0,28867.0,2035.0,,2610.0,19950.0,3753.0,3100.0,3425.0,5336.0,,5700.0,6675.0,6870.0,11550.0,23850.0,2245.0,36613.0,7570.0,39722.0,44300.0,19880,7094.0,36250.0,18760.0,7370.0,11984.0,16250.0,37150.0,2500.0,,9168.0,13450.0,8062.0,19750.0,2230.0,7700.0,3915,6322.0,22650.0,498.0,8820.0,5310.0,21500.0,48900.0,3210.0,3020.0,,,5562.0,9455.0,25950.0,7696.0,16950.0,,,,,,13600.0,9371.0,11150.0,9032.0,,,,,,,9437.0,14700.0,7135.0,25326.0,23450.0,9840.0,17300.0,51000.0,1745.0,23327.0,12850.0,9940,16755.0,2160.0,3600.0,11250.0,5470.0,4455.0,,2600.0,1405.0,23950.0,31150.0,7557.0,12150.0,9040.0,,111541.0,3815.0,3665.0,,7080.0,8160.0,5170.0,11250.0,3690.0,60701.0,3275.0,29000.0,11367.0,22239.0,4745.0,11350.0,4942,16648.0,8600.0,5116.0,7740.0,18200.0,57100.0,1200.0,,27000.0,223000.0,22000.0,7610.0,3425.0,,6250,10650.0,,,,,5050.0,14350.0,11300.0,11445.0,135665.0,14808.0,22050.0,3900.0,12975.0,56200.0,4530.0,3830.0,4253.0,,15797.0,6380.0,14400.0,4540.0,3774.0,85000.0,11670.0,3850.0,3350.0,8420.0,9164.0,,20500.0,6975.0,3685.0,5170.0,8210.0,10150.0,10353.0,2880.0,6030.0,,28800.0,68565.0,256.0,18750.0,82923.0,9550.0,1634,50318.0,4772.0,275506.0,7020.0,52100.0,12581.0,8050.0,426000.0,5840.0,2200.0,12586.0,3310.0,59500.0,2323.0,,8882.0,,18100.0,32450.0,6450.0,6410.0,2477.0,5589.0,1880,90191.0,17400.0,7279.0,3770.0,30731.0,38000.0,8250.0,1475.0,2905.0,19200.0,45600.0,,2760.0,3100.0,5440.0,,,5490.0,24450.0,2530.0,13550.0,7354.0,7780.0,34900.0,12825.0,3825.0,13342.0,71800.0,11900.0,68200.0,17450.0,16068.0,76700.0,,2565.0,1185.0,8000.0,3840.0,7070.0,15600.0,9057.0,77239.0,10600.0,,24500.0,8950.0,9380.0,,9860.0,35400.0,2470.0,,80047.0,3400.0,15350.0,12600,7185.0,620,8470.0,5900.0,46120.0,13772.0,11647,9200.0,9087.0,9625.0,5590.0,8000.0,4370.0,24750.0,5100.0,116512.0,8100.0,22480.0,4410.0,14230.0,14746.0,8500.0,6320.0,31650,108000.0,28600.0,,32400.0,24952.0,739.0,9700.0,7800.0,12100.0,2675.0,,45350.0,8300.0,14850.0,8600.0,,,4635.0,2905.0,12300.0,4020.0,4150.0,108108.0,26250.0,5200.0,2337.0,13400.0,44006.0,3550.0,5104.0,1645.0,13600.0,5290,8930.0,282.0,2060.0,2304.0,3196.0,3330.0,9670.0,4215.0,,7760.0,7525.0,16800.0,64400.0,9800.0,21700,2420.0,12600.0,6050.0,,54500.0,2735.0,14800.0,1836,17150.0,4780.0,24500.0,13950.0,3487.0,50100.0,,8235.0,32200.0,14039,899.0,,4310.0,44795.0,2455.0,9024.0,,6328.0,3735,1365.0,60800.0,5863.0,10840.0,29000.0,26000.0,2420.0,128200.0,6030.0,195800.0,1619.0,46200.0,2990.0,64470.0,,,14250.0,7192.0,3095.0,8350.0,,1175,6620.0,7150.0,11950.0,4385.0,8770.0,5480.0,2260,,34213.0,1680.0,,,25890.0,8660.0,20400.0,41150.0,2005.0,51500.0,9470.0,27000.0,5050.0,8600.0,12750.0,74277.0,14750.0,6940.0,8900.0,3725.0,1980.0,3604.0,6000.0,26250.0,32050.0,26640.0,1920.0,16622.0,5520.0,7742.0,39500.0,15950.0,61000.0,5034.0,18031.0,2805.0,8520.0,11021.0,15289.0,4455.0,7371.0,152465.0,12750.0,7180.0,2890.0,7780.0,1629.0,71357.0,25267.0,,3190.0,10526.0,26800.0,15900.0,3340.0,19300.0,16603.0,100964.0,8650.0,3690.0,32200.0,,2075.0,34150.0,44340.0,1940.0,4729.0,,81479.0,4469.0,20700.0,28300.0,16181.0,7160.0,6940.0,1846.0,2840.0,48750.0,,,6640.0,18800.0,19000.0,17355.0,1153434.0,3220.0,5280.0,2263.0,12238.0,,11650.0,15810.0,10650.0,3206.0,8180.0,13000.0,17750.0,24900.0,73308.0,14000.0,10567.0,22200.0,61600.0,73664.0,8075.0,65000.0,2790.0,41550.0,28000.0,7757.0,,2425.0,27167.0,3348.0,5396.0,4580.0,3750.0,20450.0,5077.0,12420.0,3350.0,42783.0,13600.0,7860.0,12853.0,6680.0,33850.0,,12050.0,5120.0,7530.0,10050.0,21650.0,5990.0,17507.0,45093.0,2960.0,5010.0,5190.0,6650.0,,28300.0,10995.0,5350.0,19823.0,4285.0,1640.0,48500.0,4840.0,10300.0,14425.0,3995.0,27800.0,11200.0,14635.0,7310.0,1515.0,1030.0,21850.0,4352.0,21618.0,13400.0,3800.0,28950.0,9650.0,88600.0,11652.0,11455.0,12950.0,5540.0,30000.0,47900.0,30350.0,12950.0,13550.0,16400.0,16000.0,40900.0,50525.0,9500.0,5025.0,6294.0,3450.0,49850.0,16500.0,2515.0,12800.0,15800.0,9685.0,98900.0,3740.0,17400.0,2319.0,13966.0,9970.0,14525.0,7937.0,7966.0,8394.0,5800.0,5950.0,9040.0,14900.0,39000.0,62980.0,6710.0,4400.0,14520.0,14566.0,14109.0,2120.0,10550.0,24350.0,11950.0,16750.0,5780.0,8890.0,104500.0,2540.0,26100.0,120000.0,45350.0,14574.0,22400.0,20300.0,8650.0,6185.0,7500.0,183000.0,13680.0,4550.0,2970.0,170000.0,9740.0,22473.0,40200.0,280891.0,32718.0,9698.0,7790.0,5390.0,7380.0,12675.0,35108.0,6290.0,34250.0,11780.0,10050.0,21570.0,33483.0,6809.0,27350.0,13553.0,330000.0,299500.0,66900.0,226500.0,7757.0,37388.0,3869.0,33325.0,21000.0,6505.0,16000.0,91800.0,2145.0,3180.0,18916.0,7501.0,122500.0,12056.0,1625.0,2040.0,8140.0,11800.0,15750.0,26200.0,7620.0,2844.0,7180.0,4820.0,11000.0,10500.0,5120.0,14234.0,18100.0,36950.0,6852.0,5065.0,1844.0,55700.0,22648.0,,,197.0,,15007.0,15623.0,2894.0,,6793.0,1545.0,30120.0,291.0,325000.0,10250.0,5403.0,7750.0,5370.0,16050.0,4515.0,22050.0
2021-02-28,14500.0,12050.0,54323.0,164000.0,11800.0,6099.0,,9160.0,7880.0,9493.0,9489.0,58000.0,109441.0,141500.0,58423.0,38724.0,16250.0,31150.0,11204.0,8410.0,32100.0,8630.0,56400.0,2575.0,26989.0,24685.0,1707.0,4194.0,6505.0,4888.0,5690.0,4060.0,14700.0,8475.0,62393.0,13000.0,20500.0,7260.0,4700.0,4240.0,103500.0,24950.0,22850.0,4540.0,2235.0,13750.0,3570.0,67900.0,,22700.0,91600.0,62784.0,8050.0,62900.0,2170.0,2225.0,5590.0,14059.0,376000,4770.0,,8900.0,199500.0,27750.0,4950.0,11400.0,174500.0,18650.0,3510.0,11500.0,2170.0,2170.0,25600.0,8100.0,14000.0,4475.0,2850.0,5326.0,3010.0,249500.0,8740.0,25456.0,5700.0,44300.0,4105.0,36550.0,5960.0,8630.0,16214.0,942000.0,10209.0,7230.0,8680.0,3700.0,6450.0,88704.0,85314.0,4015.0,2020.0,14067.0,153151.0,7470.0,2790.0,3940.0,41000.0,115000.0,17627.0,29327.0,16900.0,53400.0,6700.0,12550.0,10123.0,1200.0,,3520.0,267000.0,,3960.0,7770.0,,14400.0,15988.0,18400.0,37700.0,20400.0,5730.0,12700.0,84000.0,52600.0,9379.0,,4255.0,5010.0,61704.0,6500.0,6821.0,6290.0,907.0,18400.0,10000.0,7910.0,1615.0,690.0,19608.0,39250.0,5100.0,3125.0,16100.0,37100.0,114500.0,237000.0,10541.0,38200.0,281500.0,25500.0,71200.0,,6790.0,10600.0,16050.0,4750.0,9020.0,5320.0,8970.0,20650.0,23700.0,6150.0,,28000.0,10400.0,65400.0,7050.0,5400.0,69900.0,378500.0,36350.0,9310.0,38700.0,659868.0,12200.0,363500.0,8050.0,37200.0,3990.0,13000.0,2085.0,4760.0,31450.0,30961.0,1875.0,37250.0,,2490.0,560000.0,5498.0,5548.0,2217.0,49750.0,58176.0,3280.0,1225,42841.0,69500.0,7307.0,11350.0,14550.0,7570.0,1900.0,,12700.0,5540.0,4165.0,4475.0,3710.0,2810.0,51100.0,3215.0,1770.0,2233.0,65900.0,,62120.0,2415.0,7220.0,30000.0,189500.0,3200.0,3080.0,2790.0,99500.0,1425.0,14750.0,4300.0,50600.0,11400.0,20400.0,6960.0,5780.0,9295.0,13150.0,28850.0,4825.0,53014.0,40800.0,3735.0,2800.0,11500.0,6192.0,7160.0,7820.0,5360.0,2608.0,2330.0,4915.0,3540.0,2255.0,85000.0,4430.0,9570.0,199000.0,10350.0,,77100.0,3201.0,4930.0,8150.0,14600.0,1450.0,19800.0,6630.0,6000.0,1770.0,,17350.0,211000.0,5045.0,30700.0,870.0,2531.0,13500.0,31700.0,303000.0,16838.0,8160.0,6870.0,9230.0,6570.0,83000.0,13388.0,2655.0,8110.0,14600.0,5150.0,3316.0,1230.0,2235.0,28500.0,9220.0,7890.0,64635.0,3415.0,8458.0,6100.0,2695.0,9816.0,5140.0,3925.0,3490.0,10000.0,4330.0,7430.0,5110.0,4870.0,72009.0,1865.0,2745.0,2040.0,3140.0,1470.0,56500,6710.0,6750,6740.0,6540.0,22700.0,5030.0,5620.0,2125.0,3380.0,,30686.0,11900.0,7240.0,19100.0,6500.0,28250.0,29800.0,2380.0,5550.0,1490.0,4915.0,97000.0,4640.0,4185.0,12950.0,,43100.0,16800.0,12900.0,2435.0,39800.0,30750.0,194500.0,8240.0,9950.0,566.0,91600.0,8925.0,14361.0,1800.0,3350.0,4938.0,3775.0,11709.0,7440.0,7330.0,4560.0,37150.0,69900.0,8450.0,4504.0,16521.0,4035.0,2325.0,64700.0,8140.0,4080.0,9310.0,7490.0,3470.0,7990.0,7360.0,4830.0,,47400.0,27200.0,11850.0,7790.0,57700.0,33750.0,5300.0,7820.0,3485.0,,13659.0,1895.0,2970.0,1553.0,2300.0,3345.0,4105.0,10579.0,58389.0,,3385.0,3375.0,79500.0,3400.0,6870.0,2930.0,8550.0,2510.0,1660.0,19425.0,7270.0,,,4090.0,4855.0,,5500.0,1645.0,7054.0,279.0,12900.0,18137.0,136000.0,28800.0,19450.0,,9797.0,6160.0,13400,14250.0,3900.0,2625.0,40950.0,3045.0,8300.0,,2335.0,2050.0,21750.0,2601.0,7624.0,1385.0,11800.0,7725.0,1195.0,9240.0,1190.0,5700.0,204.0,2560.0,11350.0,7725.0,11200.0,1914.0,15700.0,8000.0,52600.0,8160.0,370.0,11200.0,9370.0,43850.0,179.0,78300.0,6000.0,6810.0,10231.0,22550.0,20889.0,16950.0,262500.0,11547.0,21900.0,88700.0,5320.0,25000.0,6800.0,4715.0,375000.0,,13500.0,18300.0,7660.0,6196.0,97949.0,138300.0,4460.0,36500.0,3050.0,6980.0,1555.0,28850.0,12000.0,,15.0,44650.0,18250.0,306000,,17500.0,8020.0,936000.0,7200.0,732.0,5750.0,31162.0,43950.0,11650.0,5910.0,11329.0,3815.0,5470.0,11050.0,11600.0,13450.0,4520.0,31700.0,1640.0,5860.0,862.0,11150.0,6470.0,4875.0,6190.0,4335.0,8740.0,6180.0,9000.0,3230.0,101200.0,33838.0,543.0,2630.0,11100.0,3280.0,18900.0,5670.0,7360,3390.0,,9430.0,39000.0,7430.0,4450.0,15615.0,6130.0,4900.0,17150.0,2185.0,14600,4835.0,30050.0,10700.0,2240.0,4450.0,18550.0,11000.0,32650.0,205473.0,1375.0,10350.0,29800.0,17334.0,11600.0,10400.0,22610.0,11075.0,4012.0,26300.0,2830.0,1695.0,2150.0,2550.0,10850.0,,4940.0,7350.0,4895.0,10750.0,1528.0,837.0,10850.0,53100.0,11176.0,1730.0,15700.0,7310.0,4590.0,15750.0,4978.0,19750.0,1675.0,27300.0,29100.0,338,11250.0,5370,6220.0,3130.0,9246.0,19800.0,6040.0,1487.0,5870.0,22350.0,9700.0,,2490.0,33100.0,35100.0,14191.0,616440,25773.0,11050.0,5160.0,1670.0,4155.0,1925.0,3045.0,11000.0,20950.0,7925.0,7470.0,8670.0,2985.0,2565.0,6040.0,2775.0,8560.0,37756.0,822.0,13225.0,719,2820,5390.0,2488.0,8552.0,40500.0,,13000.0,5775.0,10350.0,21450.0,24705.0,1513000.0,3005,5850.0,11200.0,,9720.0,3615.0,10900.0,17500.0,20432.0,8520.0,4010.0,2325.0,27200.0,1545.0,1817.0,6500,17500.0,8540.0,3575.0,9041.0,3175.0,6980.0,11699.0,925,29250.0,9780.0,400,9830.0,,87800.0,,6362.0,4245.0,4035.0,93345.0,,18400.0,7720.0,10850.0,14300.0,12850.0,8480.0,15350.0,7100.0,36900.0,2860,4500.0,1920.0,9580.0,3365.0,16500.0,2131.0,16846.0,9915.0,275,,19550.0,2160,3275.0,32077.0,1620,8790.0,73900.0,4995.0,4400.0,2755.0,2600.0,14350.0,5690.0,3652.0,2575.0,12500.0,28399.0,6531.0,7600.0,1830,4625.0,4430.0,5455.0,18900.0,,45623.0,,35950.0,65900.0,9250.0,2920.0,6700.0,6480.0,6059.0,2965.0,7250.0,19600.0,3860.0,7375.0,7000.0,16800.0,151400.0,6900.0,4955.0,34546.0,9470.0,21962.0,,4653.0,,9000.0,13922.0,1575.0,7020.0,5950.0,7820.0,4330.0,7030.0,15950.0,61200.0,2890.0,19100.0,5123.0,,4460.0,1130,10100.0,17000.0,,1765.0,2280.0,146500.0,19500.0,4300.0,7850.0,5387.0,5290.0,12150.0,72900.0,3706.0,7361.0,57400.0,9090.0,5400.0,3100.0,5680.0,6470.0,5900.0,,246633.0,33900.0,11300,126829.0,,7290.0,4200.0,36100.0,5830.0,22900.0,2110.0,8489.0,9300.0,135500.0,6068.0,5210.0,82000.0,4600.0,2700.0,6975.0,6400.0,2655.0,15450.0,3152.0,3150.0,15800.0,3745.0,5340.0,8925.0,10950.0,4971.0,2035.0,10800.0,45350.0,2125.0,35723.0,1830.0,,2435.0,20100.0,3171.0,3010.0,3315.0,4342.0,,6775.0,5550.0,6470.0,11300.0,21200.0,2560.0,30056.0,7710.0,34168.0,39400.0,19429,11534.0,39000.0,19563.0,7080.0,11984.0,16200.0,37000.0,2420.0,,7613.0,14500.0,7764.0,18050.0,1955.0,8080.0,4075,6719.0,23550.0,498.0,8300.0,5550.0,24000.0,44350.0,3685.0,2900.0,,,5287.0,8434.0,24500.0,7418.0,16450.0,,,,,,12600.0,9772.0,12250.0,8514.0,,,,,,,8936.0,13400.0,9068.0,26041.0,23450.0,9700.0,16600.0,45800.0,1680.0,21918.0,13150.0,9150,17678.0,1890.0,3915.0,10250.0,4945.0,3770.0,,2495.0,1405.0,24200.0,28650.0,8321.0,11900.0,8585.0,,184834.0,3753.0,4305.0,,6800.0,8160.0,5220.0,11200.0,3730.0,60701.0,3400.0,29150.0,10987.0,25185.0,8520.0,10750.0,5343,19584.0,9150.0,6028.0,7120.0,19850.0,45200.0,1090.0,,27350.0,234500.0,18050.0,7500.0,3025.0,,5150,9830.0,,,,,5110.0,14050.0,11200.0,12865.0,118577.0,13163.0,21100.0,3190.0,11625.0,57500.0,4275.0,3835.0,4300.0,,16591.0,5760.0,15450.0,4770.0,3377.0,74000.0,9864.0,3900.0,3145.0,7800.0,8982.0,,19800.0,7775.0,4490.0,5320.0,7810.0,11800.0,12550.0,3305.0,5320.0,,30950.0,69873.0,514.0,19050.0,62569.0,10050.0,1593,56098.0,4494.0,256319.0,7270.0,54400.0,12288.0,7830.0,406500.0,5720.0,2195.0,12035.0,2970.0,62100.0,2703.0,,9158.0,,20900.0,31700.0,5940.0,6600.0,2573.0,5716.0,1925,80671.0,21400.0,7916.0,3690.0,25061.0,34300.0,8130.0,1440.0,3105.0,17900.0,42450.0,,2505.0,3417.0,5540.0,,,6140.0,26100.0,3255.0,19550.0,7839.0,7900.0,34600.0,11225.0,4050.0,12008.0,72700.0,12550.0,64200.0,15450.0,16165.0,71500.0,,2667.0,1185.0,7780.0,4070.0,6500.0,10450.0,9289.0,74366.0,12200.0,,25150.0,9450.0,9830.0,,10600.0,42000.0,2470.0,,72400.0,4255.0,15950.0,11850,6585.0,620,9195.0,6020.0,40130.0,13600.0,14924,9100.0,8320.0,9010.0,8600.0,8000.0,4210.0,25500.0,5150.0,108945.0,11100.0,21450.0,4520.0,14514.0,12386.0,8300.0,6160.0,34400,109500.0,27350.0,,28600.0,32110.0,739.0,9260.0,10150.0,12750.0,2740.0,,45700.0,8610.0,13650.0,8800.0,,,4930.0,3370.0,12150.0,4070.0,4830.0,106810.0,26600.0,5510.0,2480.0,12200.0,37156.0,3710.0,4913.0,1635.0,14400.0,4275,8060.0,282.0,2125.0,2679.0,3597.0,4040.0,9310.0,4770.0,,7820.0,8075.0,14650.0,51600.0,8370.0,22450,2400.0,10700.0,6160.0,,59400.0,2820.0,17850.0,1495,16700.0,4800.0,25800.0,13150.0,3092.0,45850.0,,9270.0,36200.0,12676,945.0,,4595.0,50503.0,2525.0,9117.0,,6404.0,3735,1265.0,53700.0,6080.0,10600.0,28000.0,29850.0,2310.0,89800.0,6010.0,172000.0,1344.0,61200.0,3145.0,84904.0,,,18100.0,7286.0,2900.0,7840.0,,1195,6720.0,6250.0,12150.0,4420.0,9480.0,5410.0,2335,,35969.0,1680.0,,,25890.0,9770.0,19950.0,47650.0,1805.0,57500.0,8840.0,36300.0,5050.0,9010.0,12800.0,73919.0,13000.0,6150.0,12250.0,3890.0,2010.0,3640.0,5610.0,24100.0,27900.0,22129.0,1920.0,16922.0,5430.0,6575.0,42700.0,17200.0,60600.0,7871.0,18121.0,1940.0,8920.0,11837.0,13701.0,5680.0,7775.0,142079.0,12500.0,7380.0,3000.0,7230.0,1635.0,77001.0,16198.0,,3995.0,9850.0,26350.0,23400.0,3290.0,25400.0,21365.0,102435.0,10150.0,6200.0,62000.0,,2075.0,33100.0,37680.0,1925.0,4577.0,,81925.0,4727.0,23150.0,26800.0,14429.0,7100.0,6500.0,2229.0,2895.0,42150.0,,,6350.0,16650.0,18500.0,16370.0,1090889.0,3050.0,5700.0,2345.0,14036.0,,14450.0,13516.0,18650.0,3403.0,8250.0,13100.0,17900.0,24750.0,60523.0,13340.0,9430.0,21100.0,56200.0,79087.0,7350.0,62800.0,3125.0,53300.0,24400.0,7757.0,,2220.0,32350.0,3421.0,6056.0,4665.0,3480.0,18250.0,4580.0,10220.0,4590.0,36978.0,11850.0,7650.0,12995.0,6200.0,30800.0,,16100.0,4950.0,7410.0,10300.0,23750.0,5940.0,17507.0,44430.0,2960.0,5160.0,5330.0,6950.0,,27300.0,11590.0,5350.0,18661.0,3745.0,1595.0,44450.0,4140.0,12500.0,11875.0,5170.0,26900.0,11550.0,17768.0,7260.0,1793.0,1020.0,20700.0,4916.0,22295.0,14000.0,3630.0,26300.0,9130.0,78000.0,10963.0,10071.0,13800.0,5590.0,8025.0,49750.0,32350.0,15450.0,13700.0,15000.0,16800.0,34650.0,50617.0,9080.0,5150.0,6435.0,3650.0,47450.0,15000.0,2560.0,12150.0,16650.0,9420.0,96200.0,3540.0,13600.0,2158.0,14767.0,9970.0,14745.0,8172.0,7835.0,12278.0,5200.0,5950.0,9060.0,13150.0,36200.0,57880.0,5960.0,5070.0,14520.0,13966.0,13470.0,2365.0,9810.0,28200.0,11125.0,17650.0,4765.0,10150.0,112000.0,2300.0,28550.0,128500.0,42400.0,18776.0,23700.0,21800.0,8625.0,6020.0,9150.0,160200.0,14180.0,5000.0,3670.0,159000.0,10400.0,20939.0,40550.0,251534.0,34053.0,10933.0,7790.0,5720.0,8170.0,9800.0,30024.0,6010.0,36600.0,12948.0,9300.0,21205.0,26226.0,7034.0,26800.0,13924.0,453000.0,411000.0,72400.0,292500.0,8352.0,37497.0,3702.0,44215.0,18450.0,8506.0,20550.0,87300.0,2160.0,3340.0,9933.0,6424.0,130000.0,12284.0,1520.0,2045.0,7910.0,11200.0,16150.0,30450.0,7790.0,2208.0,7240.0,4585.0,11400.0,10050.0,5370.0,13708.0,16800.0,32500.0,7114.0,4981.0,1858.0,50000.0,21757.0,,,197.0,,15307.0,15102.0,2780.0,,7013.0,1700.0,30520.0,434.0,352500.0,10300.0,5223.0,8250.0,5500.0,16050.0,5100.0,28400.0
2021-03-31,14250.0,13200.0,55199.0,183000.0,11900.0,9080.0,,9970.0,8210.0,13782.0,9169.0,64300.0,101894.0,132500.0,54842.0,42859.0,23450.0,34650.0,15181.0,8780.0,39050.0,9260.0,56300.0,2640.0,27452.0,25485.0,2592.0,5315.0,5267.0,6411.0,5400.0,4310.0,18550.0,10019.0,53336.0,13250.0,21200.0,7820.0,4300.0,4685.0,103500.0,25150.0,23550.0,4595.0,3065.0,14250.0,3725.0,68300.0,,23200.0,121000.0,69003.0,8640.0,70000.0,2445.0,2335.0,5420.0,18319.0,378500,4980.0,,9770.0,237500.0,27350.0,4170.0,12200.0,178500.0,17900.0,3160.0,8490.0,2205.0,2210.0,34550.0,7800.0,15000.0,4675.0,4010.0,5715.0,3135.0,252000.0,9820.0,21571.0,7530.0,55100.0,5550.0,32700.0,6970.0,9450.0,15630.0,920000.0,11942.0,7020.0,9260.0,3885.0,6140.0,85398.0,89816.0,7700.0,2300.0,14067.0,150243.0,7990.0,2745.0,7900.0,42750.0,133500.0,17093.0,30123.0,18150.0,58700.0,7430.0,12000.0,13903.0,1615.0,,3880.0,281000.0,,4175.0,7760.0,,13200.0,16902.0,20350.0,38300.0,17500.0,6620.0,13100.0,78400.0,54500.0,10394.0,,3450.0,5880.0,68483.0,25500.0,6093.0,7050.0,990.0,20150.0,10350.0,10700.0,1993.0,680.0,18274.0,39600.0,4900.0,3600.0,17900.0,34850.0,136500.0,218000.0,9465.0,40900.0,320000.0,24300.0,72500.0,,7650.0,11000.0,15050.0,4705.0,9740.0,6500.0,9770.0,22400.0,22300.0,5825.0,,28500.0,9290.0,60800.0,8260.0,7650.0,68500.0,360500.0,43000.0,10200.0,44000.0,646161.0,11000.0,325500.0,9800.0,35010.0,5090.0,13800.0,2535.0,5360.0,40850.0,32629.0,1870.0,49850.0,,2870.0,570000.0,6229.0,6255.0,2422.0,53700.0,36975.0,3450.0,1225,53377.0,63750.0,7732.0,15350.0,12350.0,7540.0,1905.0,,13450.0,5890.0,3930.0,6110.0,4010.0,3145.0,51100.0,3115.0,1770.0,2646.0,67700.0,,55860.0,2359.0,6430.0,29600.0,187500.0,3240.0,3415.0,2910.0,116500.0,1490.0,14750.0,4710.0,50900.0,11500.0,23800.0,8420.0,4955.0,5912.0,12800.0,29650.0,4940.0,58956.0,43300.0,4040.0,3050.0,12180.0,7334.0,9480.0,7870.0,5880.0,3393.0,2565.0,4900.0,3630.0,2655.0,81200.0,5180.0,9890.0,205500.0,11275.0,,77100.0,3549.0,5110.0,8100.0,15650.0,1790.0,15900.0,6490.0,6000.0,2340.0,,19550.0,265000.0,5759.0,32900.0,871.0,2459.0,9525.0,40600.0,292000.0,15424.0,2490.0,6680.0,10650.0,8900.0,81700.0,12825.0,3235.0,4940.0,16600.0,5400.0,3490.0,1440.0,1805.0,31700.0,9910.0,7300.0,60226.0,3530.0,6250.0,6170.0,2950.0,10206.0,6140.0,4180.0,6090.0,11300.0,4645.0,8190.0,5820.0,5250.0,78135.0,2135.0,3790.0,3040.0,4150.0,1465.0,57500,6740.0,6410,7420.0,6110.0,23150.0,5030.0,7950.0,2250.0,3510.0,,32868.0,15300.0,8240.0,18000.0,8140.0,29050.0,29500.0,2420.0,5200.0,1595.0,5800.0,88800.0,5170.0,4400.0,13600.0,,45800.0,17050.0,12900.0,2375.0,42900.0,31400.0,193500.0,8150.0,13850.0,574.0,106500.0,9917.0,16406.0,1925.0,3170.0,6819.0,3745.0,13991.0,8590.0,12850.0,8070.0,40600.0,67900.0,9800.0,4834.0,16912.0,4070.0,3705.0,65500.0,9140.0,5460.0,9310.0,7350.0,3600.0,8710.0,8800.0,5720.0,,52700.0,27050.0,15200.0,6890.0,62200.0,36400.0,4575.0,7250.0,3695.0,,14385.0,2045.0,3580.0,1807.0,2290.0,2785.0,5260.0,14177.0,59993.0,,3110.0,3615.0,72100.0,3485.0,7065.0,2805.0,9000.0,4575.0,1855.0,19686.0,7410.0,,,4170.0,4775.0,,7010.0,2060.0,7194.0,279.0,14000.0,19012.0,150100.0,30000.0,21250.0,,10048.0,6610.0,12650,11850.0,4580.0,2735.0,41700.0,3455.0,8170.0,,2575.0,2280.0,18700.0,2601.0,8062.0,1510.0,12250.0,7592.0,1330.0,9040.0,1275.0,6350.0,204.0,3195.0,11250.0,6300.0,9800.0,1998.0,16700.0,8275.0,49400.0,8070.0,370.0,13850.0,9040.0,45750.0,179.0,81400.0,7225.0,6880.0,12548.0,22700.0,21028.0,17100.0,282000.0,15871.0,21125.0,88600.0,5770.0,24325.0,9900.0,4810.0,377000.0,,15400.0,19650.0,9710.0,6630.0,99956.0,142300.0,4615.0,35600.0,2960.0,6710.0,1400.0,29800.0,12900.0,,,51000.0,19250.0,311000,,18550.0,8230.0,873000.0,7050.0,865.0,6200.0,27820.0,42400.0,15300.0,6180.0,16660.0,3390.0,5880.0,11650.0,14025.0,13500.0,4920.0,33900.0,1855.0,8720.0,862.0,10725.0,5420.0,5780.0,6620.0,4940.0,8410.0,6260.0,11300.0,3570.0,118600.0,38569.0,543.0,2795.0,11650.0,3575.0,19900.0,7800.0,7360,3380.0,,10050.0,37350.0,7120.0,3950.0,14900.0,6490.0,5760.0,16000.0,2520.0,13700,6200.0,29600.0,11950.0,2592.0,4185.0,20300.0,10950.0,32600.0,232710.0,1555.0,10000.0,36300.0,19710.0,12450.0,10800.0,25142.0,12200.0,4012.0,30450.0,2660.0,1860.0,3670.0,3190.0,10400.0,,6730.0,8030.0,4960.0,12490.0,1577.0,1029.0,10950.0,65975.0,11000.0,1865.0,16400.0,8010.0,4875.0,18000.0,4861.0,18850.0,1920.0,27050.0,38900.0,240,11150.0,5670,7800.0,3230.0,12637.0,18500.0,7160.0,1900.0,6610.0,20150.0,8970.0,,2500.0,36750.0,33600.0,15757.0,720740,20284.0,11250.0,5580.0,1820.0,4315.0,1920.0,2890.0,22200.0,20250.0,8950.0,6600.0,10000.0,2920.0,2872.0,6770.0,3615.0,18950.0,30957.0,1360.0,13029.0,719,2820,5670.0,2733.0,8795.0,31200.0,,12000.0,5250.0,9920.0,24450.0,23855.0,1570000.0,3005,4620.0,11350.0,,10500.0,7390.0,11200.0,22450.0,20432.0,9130.0,4400.0,1995.0,25550.0,1725.0,2279.0,5600,17650.0,8640.0,4870.0,10663.0,12000.0,6810.0,8710.0,1165,27850.0,11450.0,400,10700.0,,65500.0,,6128.0,4635.0,3800.0,111330.0,,15950.0,9700.0,11300.0,17900.0,13100.0,8650.0,19300.0,7925.0,51300.0,2860,4070.0,1848.0,9250.0,3435.0,16500.0,2004.0,18952.0,9986.0,275,,20000.0,2160,2895.0,31336.0,1620,9000.0,84400.0,5120.0,4385.0,2925.0,3015.0,14300.0,5980.0,3587.0,2500.0,13400.0,30631.0,7078.0,8630.0,1830,5388.0,4535.0,6075.0,22250.0,,38920.0,,49150.0,56700.0,17200.0,3355.0,6530.0,6930.0,3968.0,3255.0,8500.0,20350.0,4280.0,7150.0,7000.0,16200.0,187500.0,7650.0,5200.0,34215.0,9220.0,21962.0,,4489.0,,8590.0,13200.0,1635.0,7610.0,5249.0,8410.0,4655.0,8310.0,15950.0,49050.0,3050.0,21350.0,5483.0,,4980.0,1130,11950.0,16600.0,,1870.0,1823.0,150000.0,21750.0,4895.0,8880.0,6327.0,7150.0,11800.0,78500.0,4410.0,8047.0,63900.0,10700.0,5170.0,3635.0,6360.0,7070.0,8330.0,,269017.0,46000.0,10700,123777.0,,8190.0,4000.0,41450.0,6219.0,21800.0,2110.0,8200.0,9300.0,133500.0,6790.0,5510.0,90700.0,4805.0,2865.0,7371.0,6100.0,3980.0,15700.0,3057.0,4355.0,17750.0,4100.0,5320.0,8500.0,12150.0,5312.0,2035.0,10500.0,50400.0,2385.0,36204.0,2000.0,,2480.0,23950.0,3494.0,5710.0,3400.0,4532.0,,6000.0,5725.0,7980.0,11500.0,21750.0,3165.0,30408.0,7440.0,30296.0,41450.0,25921,10841.0,39100.0,19598.0,7440.0,11984.0,18100.0,40150.0,2680.0,,7361.0,15550.0,7511.0,17450.0,2390.0,8830.0,4180,6872.0,22100.0,498.0,9410.0,7430.0,29650.0,40400.0,3700.0,3150.0,,,7343.0,7246.0,21150.0,7443.0,16600.0,,,,,,13950.0,10925.0,12200.0,8714.0,,,,,,,9470.0,12700.0,11136.0,29380.0,23850.0,10800.0,15900.0,44750.0,1925.0,23464.0,13900.0,10200,17355.0,1830.0,4030.0,10200.0,6320.0,3700.0,,2085.0,1405.0,22100.0,28000.0,7402.0,12950.0,8939.0,,172573.0,3890.0,4875.0,,7430.0,8160.0,5760.0,12300.0,5980.0,55790.0,3425.0,26750.0,10557.0,31167.0,9110.0,10900.0,2929,19542.0,7750.0,6104.0,8190.0,23750.0,52700.0,1100.0,,23700.0,258500.0,17950.0,7190.0,2712.0,,4835,9160.0,,,,,5120.0,13100.0,10700.0,12210.0,128396.0,17589.0,22050.0,3160.0,10810.0,60200.0,4395.0,5990.0,5113.0,,17180.0,5620.0,16350.0,4980.0,3778.0,74800.0,10254.0,4055.0,3040.0,7810.0,10076.0,,20200.0,7950.0,8320.0,5810.0,9030.0,10700.0,10250.0,3535.0,5360.0,,34200.0,69364.0,692.0,25850.0,65384.0,11525.0,2122,53205.0,4221.0,215485.0,7460.0,55500.0,12288.0,8280.0,411000.0,5770.0,2765.0,12310.0,3030.0,61800.0,1284.0,,9033.0,,22900.0,36050.0,6780.0,6910.0,2824.0,6424.0,2025,85807.0,24850.0,7936.0,5610.0,24030.0,32200.0,8270.0,1440.0,6210.0,17000.0,39650.0,,2505.0,3620.0,6490.0,,,6550.0,28550.0,3815.0,18150.0,8123.0,10700.0,37900.0,13250.0,4770.0,11941.0,112000.0,12350.0,75600.0,16850.0,15922.0,85000.0,,3218.0,1185.0,9360.0,3810.0,6510.0,9760.0,9481.0,81385.0,12000.0,,30100.0,9230.0,10150.0,,9690.0,40000.0,2470.0,,75800.0,4500.0,16650.0,12500,6270.0,620,7680.0,7760.0,42940.0,13493.0,14873,8610.0,5013.0,8130.0,8720.0,8000.0,5870.0,27000.0,5390.0,89433.0,9890.0,22390.0,4450.0,15933.0,14230.0,8550.0,5760.0,33400,135500.0,25600.0,,28200.0,59450.0,739.0,9890.0,11450.0,14500.0,2875.0,,44500.0,9070.0,12950.0,7190.0,,,5410.0,3300.0,11900.0,4095.0,5280.0,116756.0,25350.0,5280.0,3427.0,14550.0,34939.0,4790.0,5531.0,2210.0,14100.0,2230,7550.0,282.0,2255.0,3020.0,4532.0,4290.0,10100.0,5040.0,,7940.0,8975.0,12650.0,54500.0,8110.0,20850,2635.0,9580.0,8800.0,,62200.0,2995.0,16900.0,1560,16600.0,4250.0,23300.0,13350.0,3020.0,46350.0,,11468.0,35950.0,15373,997.0,,5190.0,50536.0,2920.0,7916.0,,7501.0,3735,743.0,56100.0,5847.0,9840.0,28300.0,35200.0,2230.0,101500.0,6290.0,178500.0,1460.0,64100.0,3460.0,68787.0,,,17000.0,7858.0,2865.0,7700.0,,1325,6200.0,6650.0,10550.0,4145.0,9400.0,5680.0,2560,,33178.0,1680.0,,,25890.0,13200.0,21350.0,49050.0,1815.0,57400.0,9190.0,38850.0,5050.0,9700.0,12650.0,75358.0,13150.0,6290.0,15300.0,4245.0,2120.0,4254.0,6010.0,24525.0,30050.0,21815.0,1920.0,18520.0,5740.0,4750.0,45700.0,20500.0,57400.0,10836.0,16351.0,1440.0,11650.0,13103.0,18726.0,6290.0,11512.0,114660.0,12450.0,7140.0,3430.0,7630.0,1662.0,61824.0,20077.0,,4100.0,10600.0,26400.0,21100.0,3560.0,25500.0,38716.0,119589.0,11000.0,9625.0,115000.0,,2075.0,33300.0,36300.0,2085.0,5582.0,,78802.0,4395.0,24400.0,25400.0,13971.0,9760.0,6850.0,2149.0,3150.0,62760.0,,,6600.0,16950.0,20450.0,17185.0,1087979.0,3695.0,6240.0,2432.0,29126.0,,18850.0,14904.0,15700.0,5699.0,8470.0,14350.0,17250.0,26650.0,60931.0,13060.0,8916.0,20750.0,66300.0,76110.0,7700.0,90100.0,3390.0,59100.0,25400.0,7757.0,,2245.0,37877.0,3501.0,5672.0,5810.0,3205.0,21300.0,4725.0,10073.0,5220.0,37222.0,11200.0,7960.0,12427.0,6190.0,35150.0,,17900.0,5360.0,8390.0,9470.0,21900.0,11000.0,17507.0,37025.0,2960.0,6660.0,6780.0,8000.0,,27300.0,14305.0,5350.0,17740.0,3940.0,1680.0,39150.0,4040.0,14550.0,9450.0,7100.0,25900.0,12350.0,16078.0,7820.0,2330.0,1045.0,19000.0,7903.0,21957.0,12550.0,3920.0,26450.0,9040.0,85300.0,10249.0,12737.0,13100.0,5460.0,7500.0,51700.0,42100.0,18300.0,16500.0,12250.0,16600.0,49300.0,51072.0,9240.0,4985.0,13313.0,4187.0,47700.0,13200.0,2850.0,12925.0,18750.0,9720.0,99900.0,3525.0,14650.0,1951.0,16494.0,9970.0,16345.0,7802.0,9980.0,10574.0,4575.0,5950.0,8280.0,12950.0,36950.0,61620.0,5760.0,4850.0,14520.0,14600.0,12979.0,2410.0,10500.0,28650.0,10575.0,20950.0,4500.0,9810.0,169000.0,2040.0,29350.0,131000.0,39900.0,19760.0,27950.0,25000.0,8725.0,6544.0,9760.0,162700.0,14430.0,5500.0,3600.0,158000.0,11450.0,20501.0,42800.0,167134.0,37010.0,9661.0,7930.0,6170.0,8630.0,9450.0,32348.0,6100.0,32100.0,13151.0,10050.0,22391.0,27527.0,7325.0,29350.0,15061.0,618000.0,573000.0,78400.0,380500.0,8229.0,62822.0,4486.0,38360.0,18750.0,9282.0,22950.0,94900.0,2190.0,3245.0,12986.0,6614.0,118000.0,12147.0,1610.0,3010.0,7840.0,8910.0,14700.0,25500.0,9055.0,2415.0,7250.0,5130.0,11300.0,10100.0,4555.0,13834.0,16850.0,35900.0,7045.0,5195.0,1866.0,51300.0,22720.0,,,197.0,,14781.0,12117.0,2699.0,,7253.0,1565.0,29820.0,442.0,304500.0,9975.0,5303.0,9230.0,6580.0,16050.0,5150.0,26200.0
2021-04-30,15350.0,13150.0,56338.0,171500.0,14450.0,10900.0,,12400.0,8980.0,13644.0,8872.0,74900.0,116517.0,128000.0,63982.0,49038.0,20400.0,38900.0,14806.0,8500.0,39500.0,10400.0,55300.0,3400.0,26989.0,22057.0,4549.0,5939.0,5068.0,7774.0,5630.0,4565.0,26150.0,9892.0,46459.0,13000.0,22100.0,8480.0,5040.0,4275.0,108000.0,25850.0,31700.0,4900.0,3570.0,17600.0,3500.0,64500.0,,31750.0,129000.0,67818.0,9240.0,82700.0,2480.0,3120.0,5720.0,23176.0,392000,5910.0,,11140.0,313000.0,29000.0,4000.0,13100.0,187500.0,24550.0,3020.0,7675.0,2220.0,2265.0,25050.0,8220.0,16950.0,6920.0,3505.0,5580.0,3400.0,266500.0,10050.0,19789.0,7450.0,74000.0,4745.0,36300.0,7840.0,10100.0,16409.0,1043000.0,12738.0,6900.0,9430.0,4370.0,6480.0,119500.0,104223.0,21600.0,2800.0,14067.0,144428.0,7960.0,2930.0,5510.0,42450.0,134500.0,21941.0,32012.0,18700.0,68000.0,7420.0,14300.0,20000.0,1515.0,,4500.0,304500.0,,4420.0,6840.0,,15200.0,21470.0,21100.0,40700.0,26200.0,6570.0,13450.0,84800.0,54900.0,9812.0,,3570.0,6180.0,76571.0,22150.0,5936.0,7940.0,1690.0,26800.0,11600.0,10400.0,2958.0,594.0,26177.0,46600.0,4700.0,4160.0,17900.0,36600.0,140000.0,212000.0,10369.0,41400.0,364000.0,27100.0,70300.0,,7290.0,12300.0,16550.0,4960.0,12800.0,7420.0,10500.0,24200.0,22650.0,6775.0,,28150.0,11500.0,57900.0,8200.0,6350.0,73300.0,338500.0,44150.0,10900.0,41250.0,640287.0,9800.0,315000.0,13150.0,34215.0,5040.0,14450.0,3005.0,6200.0,37150.0,30619.0,2050.0,47450.0,,4380.0,555000.0,6459.0,6300.0,3383.0,51300.0,42793.0,4170.0,1225,69955.0,90000.0,7333.0,16900.0,12800.0,7930.0,2835.0,,13300.0,9200.0,3890.0,6090.0,5780.0,3850.0,53600.0,2750.0,1770.0,3171.0,73700.0,,66647.0,3251.0,8600.0,30900.0,179000.0,4690.0,3480.0,2845.0,112000.0,1670.0,15300.0,4545.0,55200.0,11925.0,34450.0,8450.0,5310.0,6831.0,12750.0,32700.0,5120.0,54190.0,47650.0,4930.0,3030.0,11380.0,7079.0,8870.0,9510.0,6020.0,3022.0,2650.0,4835.0,4060.0,2465.0,87100.0,5210.0,10350.0,201000.0,10500.0,,69600.0,3540.0,5120.0,7570.0,16900.0,1920.0,16300.0,7070.0,6000.0,2220.0,,21500.0,260000.0,9235.0,31700.0,930.0,2521.0,9700.0,43550.0,270000.0,14682.0,2490.0,6880.0,11750.0,8920.0,81500.0,14375.0,2720.0,4940.0,19150.0,6430.0,3321.0,2250.0,2105.0,34300.0,8920.0,7460.0,63184.0,5180.0,6250.0,6590.0,2800.0,16180.0,6350.0,5170.0,5340.0,10950.0,4480.0,10600.0,5870.0,5960.0,99171.0,2215.0,5290.0,4800.0,4400.0,1425.0,63000,7110.0,6410,7140.0,5640.0,23650.0,5530.0,6910.0,2560.0,4075.0,,37780.0,20000.0,8850.0,20950.0,7980.0,32650.0,45550.0,2575.0,5500.0,1690.0,5170.0,100500.0,8360.0,4750.0,14650.0,,45300.0,17300.0,14650.0,2345.0,46000.0,31950.0,183000.0,9010.0,14850.0,756.0,100500.0,9046.0,15058.0,2355.0,3110.0,5128.0,4075.0,12775.0,8710.0,11200.0,11150.0,43450.0,69100.0,9550.0,5354.0,16688.0,4565.0,5070.0,66900.0,10800.0,4810.0,9310.0,7200.0,4105.0,10300.0,10950.0,5810.0,,53200.0,26600.0,15950.0,9980.0,62200.0,41200.0,4600.0,7680.0,4480.0,,14660.0,2180.0,4170.0,1954.0,2470.0,3650.0,9240.0,15036.0,66784.0,,3173.0,3765.0,74300.0,3735.0,6737.0,4630.0,9200.0,4110.0,2775.0,28958.0,7970.0,,,5100.0,4680.0,,6910.0,2250.0,7448.0,6.0,17350.0,19362.0,148700.0,32050.0,21950.0,,10560.0,6690.0,9100,14300.0,4850.0,2930.0,41950.0,3695.0,12000.0,,2715.0,3440.0,18450.0,2557.0,9070.0,1550.0,13200.0,7791.0,1330.0,9360.0,1200.0,6290.0,204.0,3795.0,11450.0,6900.0,10050.0,1951.0,20150.0,8250.0,52400.0,8200.0,370.0,13350.0,8650.0,42000.0,179.0,82400.0,7350.0,8140.0,13465.0,27600.0,22460.0,19300.0,276000.0,14249.0,21300.0,87600.0,6870.0,23000.0,9180.0,6200.0,359500.0,,18850.0,20000.0,8600.0,6521.0,113500.0,144000.0,4945.0,32900.0,3340.0,7680.0,1620.0,32650.0,13950.0,,,46750.0,19150.0,336500,,18300.0,9920.0,830000.0,8300.0,1185.0,6300.0,27919.0,41950.0,15150.0,5800.0,16660.0,3460.0,6350.0,10700.0,18525.0,13800.0,5320.0,34500.0,1940.0,8280.0,862.0,13275.0,6910.0,5390.0,6800.0,13705.0,8330.0,6700.0,10350.0,5010.0,117500.0,35576.0,543.0,4080.0,12200.0,3435.0,19200.0,8270.0,7360,3715.0,,10700.0,40850.0,7270.0,3900.0,14675.0,6740.0,5400.0,15850.0,2150.0,14650,5640.0,30200.0,12100.0,2760.0,4640.0,20500.0,11550.0,32700.0,231909.0,1835.0,10650.0,34550.0,21836.0,14200.0,11050.0,32604.0,17225.0,4012.0,30450.0,2550.0,1835.0,3995.0,3240.0,9820.0,,6080.0,8320.0,5700.0,12490.0,1618.0,1865.0,12450.0,65725.0,11000.0,2180.0,16950.0,7900.0,4870.0,18150.0,5051.0,19950.0,1985.0,25050.0,35850.0,240,11300.0,5940,8570.0,3300.0,9321.0,18800.0,6720.0,1900.0,7390.0,21000.0,8200.0,,2700.0,32600.0,35475.0,15112.0,752960,19577.0,11000.0,6780.0,1695.0,4195.0,2020.0,3390.0,34600.0,17950.0,11800.0,5770.0,12950.0,2985.0,2713.0,6940.0,5530.0,21850.0,35949.0,1265.0,12245.0,719,2820,5320.0,2780.0,7170.0,31400.0,,12050.0,5300.0,9810.0,23950.0,24655.0,1539000.0,3005,3950.0,11300.0,,10850.0,8030.0,10200.0,38400.0,18139.0,8860.0,4495.0,1970.0,28950.0,1865.0,1813.0,4920,28600.0,8850.0,3875.0,11111.0,18550.0,6760.0,8710.0,1870,27800.0,11150.0,400,11900.0,,65900.0,,8233.0,5120.0,3780.0,106065.0,,16050.0,12050.0,11650.0,15000.0,13300.0,10700.0,19000.0,10275.0,56800.0,2860,4070.0,1876.0,9150.0,3500.0,16500.0,2098.0,17886.0,8364.0,275,,18800.0,2160,6180.0,32637.0,1620,10750.0,99900.0,5200.0,4355.0,2885.0,2860.0,14650.0,7390.0,3542.0,2745.0,13700.0,31181.0,7244.0,11000.0,1830,5467.0,4930.0,6190.0,21150.0,,36218.0,,42400.0,74300.0,14200.0,2855.0,6620.0,6900.0,3439.0,3005.0,7760.0,20150.0,5600.0,5325.0,7000.0,18750.0,195900.0,7950.0,5020.0,33720.0,9150.0,21962.0,,5243.0,,9840.0,13100.0,1685.0,7480.0,4547.0,8960.0,4495.0,8120.0,15950.0,53200.0,3250.0,20200.0,13008.0,,4865.0,1130,11650.0,15700.0,,1830.0,2664.0,157500.0,22900.0,4850.0,8840.0,6533.0,6690.0,12100.0,89300.0,4032.0,9930.0,60500.0,8690.0,5400.0,4020.0,6940.0,7760.0,7080.0,,220519.0,43050.0,11500,109748.0,,7930.0,3830.0,34700.0,6269.0,21750.0,2110.0,7900.0,9300.0,133500.0,7840.0,6180.0,92800.0,4980.0,4120.0,7473.0,5920.0,5410.0,16150.0,3170.0,8420.0,18100.0,4135.0,5710.0,10425.0,13450.0,5413.0,2035.0,10650.0,44900.0,2400.0,32956.0,2405.0,,2725.0,27400.0,3570.0,5940.0,3820.0,3802.0,,6950.0,5300.0,15500.0,12550.0,20800.0,3335.0,29924.0,7390.0,30296.0,50500.0,29527,11581.0,43050.0,18236.0,8590.0,11984.0,17950.0,39600.0,3020.0,,7334.0,14900.0,8240.0,18650.0,2240.0,10550.0,4260,6494.0,22600.0,498.0,9010.0,7470.0,26800.0,41700.0,3775.0,3170.0,,,7806.0,7293.0,28950.0,7242.0,17250.0,,,,,,12450.0,13030.0,11450.0,9191.0,,,,,,,8250.0,12850.0,14103.0,70684.0,23950.0,11200.0,15500.0,44500.0,1860.0,28329.0,13000.0,11650,17447.0,1940.0,4170.0,10800.0,6330.0,4105.0,,2125.0,1405.0,22850.0,28350.0,9680.0,12900.0,9427.0,,160403.0,3966.0,4225.0,,8080.0,8160.0,6230.0,18300.0,5060.0,48971.0,3455.0,26650.0,12810.0,34743.0,8180.0,10800.0,2626,20213.0,7930.0,6053.0,8520.0,26400.0,49700.0,1165.0,,26500.0,270500.0,18000.0,7420.0,2875.0,,4625,9880.0,,,,,5400.0,13600.0,10650.0,12075.0,105927.0,15852.0,21250.0,4540.0,10275.0,66700.0,5660.0,5210.0,5287.0,,17743.0,5570.0,18150.0,5460.0,3970.0,69200.0,10059.0,4440.0,3020.0,7750.0,9028.0,,19700.0,8000.0,7230.0,6380.0,9930.0,11350.0,11200.0,3670.0,5050.0,,34300.0,74086.0,1005.0,26700.0,93600.0,11325.0,2266,50230.0,4452.0,266158.0,8700.0,47900.0,13043.0,8650.0,395500.0,5860.0,2700.0,14237.0,2895.0,51100.0,1284.0,,10709.0,,20450.0,37600.0,6050.0,8000.0,2896.0,6714.0,2585,93072.0,28200.0,7789.0,4980.0,26448.0,32000.0,9680.0,1440.0,5310.0,20300.0,39150.0,,2505.0,3970.0,6080.0,,,6220.0,28000.0,6640.0,18300.0,9360.0,11800.0,38100.0,14950.0,5150.0,11941.0,124500.0,12150.0,95600.0,18600.0,16165.0,91000.0,,4976.0,1185.0,10950.0,3835.0,6510.0,18800.0,10329.0,85183.0,10350.0,,32200.0,12350.0,12850.0,,9900.0,43900.0,2470.0,,77000.0,3645.0,16400.0,14150,9412.0,620,8200.0,8200.0,45300.0,12701.0,15478,8770.0,5653.0,6550.0,7740.0,8000.0,5130.0,28000.0,5640.0,91883.0,9360.0,22300.0,5120.0,17282.0,11134.0,9930.0,5750.0,30500,145000.0,29950.0,,30100.0,41054.0,739.0,10450.0,11550.0,15550.0,2700.0,,41550.0,12200.0,12800.0,8540.0,,,7490.0,3545.0,11750.0,4260.0,6050.0,120540.0,24500.0,5890.0,4298.0,13300.0,33327.0,4540.0,5522.0,1880.0,13500.0,2230,7220.0,282.0,4595.0,2718.0,4691.0,4845.0,10250.0,4355.0,,8210.0,8575.0,16050.0,62700.0,8970.0,20350,3340.0,10850.0,7780.0,,68900.0,3195.0,19750.0,1568,16750.0,4100.0,23850.0,14150.0,4133.0,43550.0,,11114.0,33700.0,15206,740.0,,5870.0,50403.0,3745.0,8773.0,,10168.0,3735,743.0,51200.0,5728.0,12200.0,27700.0,34900.0,2865.0,103900.0,6450.0,184500.0,1975.0,59600.0,3640.0,61400.0,,,20000.0,7713.0,3100.0,8270.0,,1630,6700.0,9000.0,11150.0,3785.0,8430.0,7220.0,2595,,39840.0,1680.0,,,25890.0,12150.0,24500.0,48100.0,1780.0,55900.0,9890.0,45900.0,5050.0,9050.0,13050.0,75447.0,14650.0,6430.0,13650.0,5300.0,2200.0,4781.0,5820.0,20450.0,27200.0,24764.0,1920.0,16114.0,5760.0,4750.0,48100.0,19050.0,55500.0,13212.0,14215.0,1440.0,12050.0,13144.0,19142.0,6140.0,14609.0,115490.0,16300.0,6940.0,3560.0,9370.0,1915.0,60621.0,18446.0,,4740.0,9130.0,28300.0,19000.0,4000.0,28100.0,35713.0,119099.0,10125.0,10575.0,114100.0,,2075.0,34850.0,35340.0,2240.0,6048.0,,71294.0,4592.0,38850.0,24850.0,14763.0,8820.0,6750.0,2491.0,3050.0,51330.0,,,6400.0,24500.0,30350.0,18185.0,1169433.0,3515.0,7060.0,2659.0,26186.0,,19550.0,14171.0,13950.0,5245.0,8540.0,15600.0,17700.0,35950.0,71676.0,13080.0,10457.0,20750.0,70000.0,124012.0,8075.0,94000.0,4350.0,57900.0,26150.0,7757.0,,2340.0,35176.0,5016.0,5767.0,5100.0,4280.0,18000.0,4718.0,10122.0,5820.0,39661.0,14400.0,7920.0,10864.0,6340.0,35850.0,,16950.0,5150.0,10050.0,9200.0,22800.0,9710.0,17507.0,33157.0,2960.0,6190.0,7170.0,7850.0,,25850.0,13095.0,5350.0,15538.0,4810.0,1580.0,42000.0,5610.0,14950.0,15950.0,6620.0,25900.0,13250.0,16820.0,8020.0,2230.0,980.0,19500.0,6596.0,22667.0,12300.0,4775.0,26700.0,9110.0,114100.0,16388.0,10640.0,13150.0,5810.0,13300.0,50800.0,45650.0,18450.0,15950.0,11950.0,18500.0,37900.0,68824.0,9780.0,5600.0,14056.0,3537.0,47750.0,13900.0,3200.0,12800.0,20100.0,9995.0,103300.0,3500.0,32750.0,1955.0,20200.0,9970.0,17895.0,8172.0,9250.0,10900.0,5275.0,5950.0,8800.0,14500.0,43600.0,56400.0,6060.0,4820.0,14520.0,13666.0,13077.0,2720.0,14100.0,28300.0,9525.0,22050.0,4580.0,9500.0,175000.0,2040.0,33800.0,117000.0,43700.0,17300.0,28000.0,26200.0,9725.0,6400.0,11700.0,181400.0,17235.0,6600.0,3940.0,153000.0,12000.0,20327.0,42200.0,177809.0,44450.0,9552.0,8430.0,5910.0,7900.0,10325.0,31670.0,8100.0,35400.0,12770.0,10050.0,23100.0,30630.0,7909.0,28000.0,13692.0,810000.0,723000.0,70100.0,383000.0,7800.0,63691.0,7371.0,37835.0,18950.0,11833.0,26000.0,117500.0,2180.0,4225.0,12961.0,7310.0,103500.0,12784.0,2915.0,3115.0,8320.0,10350.0,14800.0,24075.0,8135.0,2515.0,7010.0,6000.0,9900.0,10000.0,5070.0,14309.0,18000.0,33900.0,5804.0,5395.0,1902.0,45100.0,24286.0,,,197.0,,16882.0,14656.0,2473.0,,6793.0,1680.0,30020.0,486.0,356000.0,10150.0,5343.0,9090.0,6460.0,16050.0,5000.0,21000.0
2021-05-31,14650.0,15000.0,57565.0,170000.0,14250.0,9590.0,,19000.0,9260.0,13278.0,8543.0,74600.0,117932.0,127000.0,66055.0,55849.0,20650.0,37550.0,14205.0,8160.0,40000.0,9820.0,51600.0,3030.0,26851.0,20057.0,4349.0,6686.0,10164.0,7734.0,5990.0,5080.0,30800.0,17586.0,47801.0,13500.0,23300.0,8420.0,5080.0,4380.0,109500.0,29900.0,29750.0,5320.0,3350.0,17200.0,3475.0,59700.0,,30850.0,139000.0,71866.0,9380.0,78700.0,2560.0,3010.0,5840.0,22281.0,471000,6940.0,,11320.0,307500.0,28800.0,4040.0,13150.0,196000.0,24600.0,3310.0,8910.0,2030.0,2450.0,23200.0,8330.0,16650.0,6200.0,3320.0,5648.0,3945.0,271000.0,11700.0,19332.0,7470.0,70900.0,5160.0,36800.0,7130.0,10850.0,15581.0,1249000.0,13066.0,7710.0,10450.0,5360.0,6200.0,101000.0,107600.0,11850.0,2650.0,14067.0,140550.0,8620.0,2775.0,5700.0,46300.0,140500.0,18613.0,69591.0,27050.0,66300.0,7550.0,14500.0,15500.0,1795.0,,4510.0,321500.0,,4190.0,7040.0,,14250.0,17881.0,20500.0,42300.0,20600.0,6650.0,14250.0,94300.0,57200.0,8926.0,,3560.0,6070.0,75801.0,24950.0,6493.0,8410.0,1815.0,24700.0,13650.0,12400.0,2631.0,548.0,24843.0,45450.0,5400.0,3890.0,,34250.0,164500.0,235000.0,9509.0,49050.0,355000.0,26050.0,92300.0,,7960.0,12900.0,17000.0,5100.0,11950.0,7050.0,12800.0,28000.0,33200.0,6100.0,,27400.0,12100.0,52000.0,8020.0,6425.0,69600.0,341500.0,44750.0,13500.0,41400.0,602105.0,9430.0,266500.0,16800.0,33460.0,5360.0,14350.0,3315.0,6040.0,36800.0,33570.0,2195.0,57100.0,,4350.0,546000.0,7671.0,6480.0,3370.0,57700.0,42737.0,3910.0,1225,58567.0,38900.0,8582.0,17550.0,12550.0,7630.0,2775.0,,14100.0,8000.0,3710.0,6990.0,5410.0,3450.0,56200.0,2755.0,85.0,6466.0,81100.0,,67514.0,2908.0,7600.0,32700.0,170500.0,4275.0,3870.0,2940.0,108500.0,2010.0,16450.0,5090.0,62700.0,12050.0,31200.0,9320.0,5270.0,14492.0,12600.0,34600.0,5540.0,52954.0,51400.0,4525.0,3285.0,11360.0,5710.0,9300.0,8750.0,6580.0,3273.0,2845.0,7300.0,4445.0,2580.0,93600.0,6230.0,11150.0,204500.0,11700.0,,84400.0,3595.0,4945.0,7770.0,16600.0,2455.0,14550.0,8050.0,6000.0,2925.0,,20450.0,231500.0,8731.0,28700.0,1010.0,2769.0,10325.0,40450.0,280000.0,15564.0,2490.0,7040.0,14400.0,9370.0,81000.0,13906.0,2715.0,4940.0,18350.0,6160.0,3401.0,2420.0,2355.0,34700.0,8550.0,7370.0,79266.0,5780.0,6250.0,6870.0,2650.0,28849.0,8070.0,4895.0,5260.0,10900.0,4640.0,9540.0,6450.0,5590.0,89925.0,2415.0,5010.0,7840.0,4440.0,1495.0,62000,7730.0,6410,8020.0,6910.0,25800.0,5600.0,6830.0,2840.0,6080.0,,38690.0,19950.0,9420.0,21900.0,9570.0,35200.0,42350.0,5350.0,5600.0,1665.0,5450.0,127500.0,7880.0,4960.0,14600.0,,54200.0,21700.0,15250.0,2450.0,55200.0,34300.0,181500.0,9150.0,17400.0,874.0,109500.0,9211.0,15755.0,2605.0,3485.0,6833.0,4330.0,12730.0,9230.0,11700.0,16450.0,44850.0,65700.0,10775.0,7506.0,19200.0,4650.0,4870.0,83200.0,10500.0,4990.0,9310.0,8120.0,3635.0,10500.0,10800.0,5910.0,,52200.0,27400.0,16950.0,12200.0,,35050.0,4180.0,8420.0,4190.0,,16286.0,2900.0,3830.0,2179.0,2310.0,3655.0,10700.0,17023.0,61785.0,,3126.0,4870.0,86800.0,4815.0,8243.0,4180.0,9620.0,4015.0,2700.0,26475.0,9970.0,,,4890.0,5170.0,,7020.0,2110.0,7618.0,,18900.0,21038.0,158500.0,35350.0,25900.0,,10179.0,6620.0,8930,12750.0,5170.0,3685.0,41350.0,3385.0,12200.0,,2950.0,3580.0,22100.0,2654.0,8731.0,1550.0,15100.0,8059.0,1475.0,9910.0,1280.0,6880.0,204.0,3795.0,11350.0,7850.0,8610.0,2077.0,18900.0,7850.0,54300.0,7800.0,370.0,13050.0,8970.0,35250.0,179.0,84300.0,7075.0,9110.0,19207.0,44600.0,22183.0,18850.0,265000.0,15969.0,21000.0,85600.0,6760.0,28950.0,10300.0,6980.0,362500.0,,17700.0,21950.0,6360.0,6413.0,123000.0,165300.0,5070.0,39600.0,3555.0,7120.0,1680.0,33600.0,14050.0,,,57000.0,19800.0,320600,,19650.0,9290.0,868000.0,7440.0,1450.0,7130.0,29344.0,37300.0,13900.0,5440.0,14731.0,3360.0,6190.0,11450.0,20700.0,14350.0,5500.0,42400.0,2035.0,8490.0,862.0,15100.0,6390.0,5470.0,7850.0,24130.0,8420.0,6930.0,9980.0,5100.0,113200.0,37507.0,543.0,3830.0,13500.0,3655.0,18650.0,8340.0,7360,4215.0,,11100.0,39200.0,10550.0,4445.0,14555.0,7460.0,5740.0,15150.0,2120.0,13250,5830.0,43700.0,11150.0,2616.0,4885.0,29850.0,12200.0,31150.0,249132.0,2030.0,11150.0,31050.0,23487.0,14100.0,9920.0,29939.0,16300.0,4012.0,33650.0,2510.0,1575.0,3800.0,3045.0,12300.0,,6670.0,8510.0,7025.0,14060.0,1587.0,1277.0,12300.0,65975.0,11000.0,2100.0,19200.0,7970.0,5210.0,18550.0,5224.0,19500.0,2185.0,23300.0,36300.0,240,10750.0,5990,8910.0,3930.0,9359.0,19800.0,6980.0,1900.0,8320.0,20700.0,8130.0,,2825.0,34150.0,38550.0,14237.0,747870,17292.0,11650.0,7490.0,2780.0,4230.0,2245.0,4065.0,31200.0,22250.0,11650.0,7840.0,14200.0,3160.0,2595.0,8200.0,4205.0,23150.0,31622.0,1350.0,11192.0,719,2820,5190.0,3037.0,7160.0,32000.0,,12200.0,5825.0,9990.0,32600.0,25500.0,1559000.0,3005,4330.0,11750.0,,12550.0,9620.0,10400.0,58100.0,18019.0,12700.0,4855.0,1890.0,22600.0,1965.0,1647.0,3960,24900.0,9970.0,4065.0,12950.0,20550.0,6930.0,8710.0,1540,27350.0,11100.0,400,12800.0,,67900.0,,6671.0,6260.0,3705.0,104190.0,,18750.0,14600.0,12500.0,15450.0,13700.0,9990.0,21650.0,9100.0,53100.0,2860,4005.0,1794.0,9180.0,3600.0,16500.0,2093.0,17512.0,7071.0,275,,18600.0,2160,6650.0,32717.0,1620,11900.0,104000.0,5490.0,4640.0,3265.0,3310.0,14400.0,9660.0,4117.0,3085.0,13200.0,30692.0,7315.0,9990.0,1830,7091.0,4785.0,6570.0,20300.0,,40620.0,,40050.0,58700.0,16200.0,3285.0,7420.0,6640.0,3754.0,3000.0,6940.0,21200.0,4865.0,2750.0,7000.0,17350.0,172000.0,8800.0,5380.0,35428.0,9060.0,19805.0,,5194.0,,11750.0,12900.0,3005.0,7200.0,5045.0,9890.0,4395.0,9410.0,15950.0,50000.0,3225.0,20600.0,11107.0,,4700.0,1130,11400.0,15650.0,,2120.0,2462.0,152000.0,24050.0,4800.0,8300.0,6260.0,6080.0,12450.0,98400.0,3914.0,9690.0,65200.0,9450.0,5080.0,4010.0,7680.0,8250.0,7370.0,,227566.0,44000.0,14750,114946.0,,8050.0,3775.0,32100.0,5661.0,21950.0,2305.0,7700.0,9300.0,153500.0,8598.0,6330.0,93100.0,5650.0,3705.0,8295.0,5790.0,5710.0,16650.0,3197.0,7100.0,17650.0,4160.0,5830.0,8875.0,14850.0,5839.0,240.0,10850.0,43450.0,2380.0,35963.0,2100.0,,3400.0,26450.0,4055.0,6120.0,4085.0,4248.0,,6425.0,5550.0,14950.0,12350.0,20800.0,2665.0,28428.0,9030.0,30296.0,44700.0,54095,11164.0,46100.0,23371.0,9030.0,11984.0,18750.0,44250.0,3005.0,,6328.0,14850.0,7928.0,18000.0,2245.0,10600.0,4170,6863.0,28950.0,498.0,9570.0,7450.0,24750.0,42550.0,3935.0,3265.0,,,8198.0,7412.0,24800.0,7267.0,16750.0,,,,,,13150.0,12729.0,10900.0,8355.0,,,,,,,8170.0,12300.0,13736.0,66773.0,25150.0,12450.0,14400.0,44000.0,2165.0,28693.0,13150.0,12900,18093.0,1895.0,4400.0,10750.0,6350.0,3965.0,,2250.0,1405.0,20500.0,28800.0,9148.0,12900.0,9545.0,,155371.0,3991.0,4815.0,,7220.0,8160.0,6650.0,17650.0,5720.0,46379.0,3550.0,24000.0,13519.0,28491.0,9810.0,12400.0,2379,21136.0,7400.0,6281.0,9130.0,26800.0,47500.0,1250.0,,25900.0,287000.0,18700.0,7380.0,2625.0,,5220,10850.0,,,,,5680.0,13100.0,10450.0,14160.0,114235.0,16593.0,21850.0,5150.0,10045.0,72200.0,6320.0,5190.0,6053.0,,19382.0,6160.0,21000.0,5440.0,4442.0,65000.0,9815.0,4855.0,3300.0,7420.0,6401.0,,20150.0,7750.0,7080.0,8440.0,11350.0,16650.0,13400.0,3755.0,4950.0,,30850.0,73431.0,817.0,33800.0,67700.0,12075.0,1968,51202.0,4345.0,260747.0,8540.0,48550.0,12119.0,12200.0,488500.0,6440.0,4035.0,13962.0,2790.0,52700.0,1284.0,,15989.0,,20300.0,37250.0,6070.0,11300.0,2915.0,7404.0,2070,81172.0,23700.0,8515.0,5790.0,22879.0,29150.0,10550.0,1440.0,5980.0,35100.0,35450.0,,2505.0,4325.0,5900.0,,,6040.0,28050.0,6050.0,15750.0,10447.0,10200.0,34150.0,16325.0,5880.0,10874.0,123500.0,11850.0,107500.0,19600.0,15435.0,93800.0,,4000.0,1185.0,17300.0,3715.0,6900.0,11850.0,10560.0,112890.0,9810.0,,32900.0,10700.0,15550.0,,10250.0,47300.0,2470.0,,75900.0,3650.0,18950.0,13600,7950.0,620,8160.0,8250.0,45950.0,12980.0,14319,8730.0,4821.0,7030.0,9370.0,8000.0,5330.0,31600.0,6270.0,89118.0,8900.0,17590.0,5020.0,17920.0,11532.0,10800.0,5460.0,28600,133500.0,26900.0,,28000.0,41137.0,739.0,10350.0,10700.0,13450.0,2715.0,,50900.0,10800.0,12500.0,7580.0,,,9880.0,4235.0,12650.0,5760.0,5940.0,137837.0,24250.0,5930.0,5046.0,14400.0,34537.0,4600.0,5997.0,2170.0,14950.0,2230,6760.0,282.0,5430.0,3222.0,5478.0,4375.0,10800.0,4545.0,,8300.0,9275.0,14350.0,63800.0,8260.0,20150,2610.0,10350.0,7700.0,,78100.0,3165.0,17700.0,2308,17350.0,3790.0,21750.0,24700.0,3682.0,43750.0,,10154.0,31600.0,15428,720.0,,5690.0,47566.0,3530.0,9499.0,,14283.0,3735,743.0,48850.0,5551.0,12920.0,27850.0,38250.0,2815.0,99400.0,6210.0,200900.0,2120.0,59000.0,4110.0,60056.0,,,18150.0,8538.0,4085.0,7720.0,,1715,7360.0,8700.0,13200.0,4060.0,8600.0,6980.0,2710,,16566.0,1680.0,,,25890.0,10550.0,21800.0,48900.0,1810.0,59600.0,9930.0,43950.0,5050.0,9330.0,13100.0,77698.0,12400.0,6570.0,24150.0,5100.0,2350.0,4408.0,6100.0,19275.0,23050.0,21941.0,1920.0,14794.0,6190.0,4750.0,45050.0,16050.0,66200.0,20010.0,13034.0,1440.0,13950.0,13878.0,15381.0,6340.0,24830.0,108429.0,17000.0,6530.0,3660.0,7990.0,1904.0,61916.0,23184.0,,4200.0,9110.0,26100.0,30700.0,4680.0,27900.0,33310.0,126500.0,11000.0,10075.0,114500.0,,2075.0,33450.0,37680.0,2730.0,6629.0,,75011.0,4700.0,36200.0,23200.0,14596.0,9720.0,6690.0,2724.0,4050.0,47880.0,,,6640.0,20200.0,47500.0,19190.0,1229068.0,3690.0,7820.0,2882.0,19125.0,,18200.0,14152.0,15300.0,5672.0,11200.0,15900.0,19000.0,32650.0,62291.0,13580.0,9100.0,20050.0,84200.0,99874.0,8725.0,112300.0,5255.0,65100.0,26100.0,7757.0,,2270.0,34297.0,6543.0,5174.0,5250.0,3770.0,18400.0,4063.0,11540.0,4915.0,38002.0,15650.0,8000.0,10651.0,6250.0,40050.0,,13450.0,5750.0,10050.0,11150.0,22550.0,12000.0,17507.0,29509.0,296.0,7050.0,6970.0,8075.0,,29800.0,16150.0,5350.0,13656.0,4095.0,1665.0,43400.0,6950.0,14650.0,11750.0,7220.0,26050.0,13800.0,19500.0,8390.0,2100.0,880.0,18550.0,6249.0,22904.0,11750.0,4745.0,27350.0,8300.0,113900.0,12040.0,10691.0,11550.0,6210.0,13575.0,50400.0,51300.0,19200.0,16450.0,11300.0,17800.0,32900.0,57535.0,9950.0,5800.0,10944.0,3575.0,62300.0,10500.0,3250.0,12625.0,23400.0,10420.0,98100.0,3140.0,20900.0,2135.0,16700.0,9970.0,18385.0,9215.0,9290.0,13700.0,5500.0,5950.0,7810.0,13500.0,44600.0,60600.0,5940.0,5180.0,14520.0,14900.0,13028.0,3045.0,14200.0,29100.0,11100.0,21900.0,4510.0,11800.0,170500.0,2040.0,37300.0,119500.0,43650.0,17300.0,29850.0,28700.0,10500.0,7078.0,10550.0,167300.0,15375.0,6070.0,3575.0,181500.0,12900.0,21246.0,51400.0,169135.0,38059.0,9516.0,8180.0,6240.0,8390.0,10075.0,29781.0,7060.0,33400.0,13329.0,9010.0,22600.0,31681.0,8201.0,29600.0,13390.0,697000.0,705000.0,71100.0,377000.0,7867.0,57822.0,7654.0,35880.0,18050.0,12684.0,30600.0,115000.0,2410.0,3590.0,12110.0,6890.0,113000.0,13148.0,4165.0,3565.0,9260.0,9250.0,13050.0,18575.0,7700.0,2665.0,7350.0,6270.0,9940.0,10050.0,5320.0,13758.0,19000.0,31800.0,5904.0,5933.0,2079.0,43950.0,24335.0,,,197.0,,15307.0,12826.0,2398.0,,6532.0,1580.0,29470.0,460.0,411000.0,10950.0,5783.0,8740.0,8170.0,16050.0,5500.0,22500.0
2021-06-30,15650.0,14250.0,55287.0,177000.0,13850.0,9750.0,,20950.0,9090.0,15250.0,8634.0,71600.0,114630.0,127500.0,60967.0,56724.0,21200.0,39600.0,15081.0,8110.0,39950.0,9990.0,62400.0,3220.0,27730.0,16171.0,4216.0,7783.0,7878.0,7433.0,7820.0,6130.0,31700.0,26534.0,52748.0,14550.0,24450.0,8650.0,5720.0,7350.0,107500.0,27750.0,29900.0,5090.0,3540.0,17050.0,4020.0,60300.0,,34400.0,130000.0,85884.0,9430.0,78400.0,2860.0,3205.0,5770.0,21386.0,473000,10050.0,,11140.0,343500.0,28050.0,6030.0,14050.0,200000.0,25450.0,3050.0,8885.0,2025.0,2360.0,27100.0,8800.0,17000.0,6130.0,3465.0,7305.0,3950.0,287000.0,12700.0,18509.0,7230.0,75900.0,5380.0,46750.0,8050.0,10650.0,16117.0,1166000.0,12832.0,7270.0,10500.0,5680.0,5860.0,102500.0,87565.0,16950.0,2625.0,14067.0,139581.0,8650.0,3380.0,5920.0,47150.0,167500.0,19820.0,75158.0,27700.0,66000.0,8450.0,15950.0,16050.0,1795.0,,4775.0,285500.0,,4735.0,7210.0,,14800.0,17555.0,19350.0,46450.0,21100.0,8400.0,14300.0,95000.0,55600.0,9004.0,,3690.0,6990.0,79344.0,22950.0,6536.0,8480.0,1450.0,26000.0,13600.0,12200.0,2585.0,667.0,26918.0,52000.0,5880.0,4080.0,,34100.0,145000.0,239500.0,9766.0,46600.0,348000.0,27650.0,87100.0,,8800.0,14050.0,18150.0,5520.0,11450.0,7800.0,12700.0,26850.0,35700.0,6175.0,,28400.0,13500.0,52900.0,14600.0,7500.0,70800.0,328500.0,42900.0,14850.0,38200.0,683365.0,9580.0,238000.0,23350.0,37595.0,5350.0,17450.0,5500.0,6290.0,36850.0,33057.0,2455.0,62600.0,,4630.0,544000.0,8352.0,6766.0,3400.0,58700.0,42401.0,4290.0,1225,61976.0,37650.0,8476.0,16900.0,13800.0,7830.0,2815.0,,14450.0,7820.0,3830.0,6240.0,5300.0,4290.0,55300.0,3000.0,66.0,5947.0,84500.0,,73677.0,3168.0,8130.0,31900.0,177000.0,5320.0,4480.0,3635.0,102500.0,1940.0,16350.0,5470.0,70100.0,13400.0,37500.0,9110.0,5880.0,10527.0,12250.0,35650.0,6240.0,52425.0,48300.0,4775.0,3710.0,11180.0,6333.0,13150.0,8910.0,10750.0,3521.0,2855.0,10050.0,5170.0,2800.0,102500.0,6510.0,11250.0,223000.0,17000.0,,101500.0,3920.0,4890.0,8120.0,17150.0,2300.0,14250.0,7790.0,6000.0,2900.0,,20250.0,219000.0,9153.0,28850.0,1055.0,2923.0,11775.0,40350.0,292000.0,16862.0,2490.0,7180.0,14800.0,9950.0,81900.0,17241.0,2595.0,4940.0,17950.0,6190.0,3716.0,2805.0,3520.0,36050.0,8260.0,7240.0,78128.0,7460.0,6250.0,6800.0,2705.0,22604.0,8370.0,5460.0,5090.0,11450.0,5100.0,9660.0,6420.0,5630.0,89694.0,2855.0,5320.0,13300.0,4620.0,1655.0,61800,7650.0,6410,9080.0,7320.0,24850.0,5930.0,6670.0,3170.0,5980.0,,42268.0,17850.0,9890.0,22700.0,8910.0,38250.0,40000.0,6900.0,5820.0,1790.0,5550.0,144500.0,7700.0,5360.0,14300.0,,53100.0,20300.0,14900.0,2695.0,56100.0,32950.0,185000.0,9310.0,16250.0,942.0,122500.0,8910.0,15383.0,2570.0,3930.0,6199.0,5100.0,12610.0,10580.0,10250.0,14600.0,42950.0,73000.0,13925.0,7206.0,19200.0,4710.0,4385.0,78700.0,10500.0,6220.0,9310.0,8560.0,3900.0,11500.0,11100.0,5840.0,,54200.0,28500.0,16800.0,18350.0,,34700.0,4475.0,8760.0,5840.0,,15210.0,3330.0,3920.0,2020.0,2685.0,4300.0,10650.0,14821.0,64898.0,,3117.0,5140.0,101000.0,6810.0,8264.0,4360.0,10300.0,3915.0,2700.0,29639.0,9840.0,,,5050.0,4950.0,,6660.0,2135.0,7720.0,,23900.0,31971.0,154900.0,34350.0,25150.0,,10634.0,6760.0,10200,13350.0,4950.0,4265.0,41050.0,3825.0,13250.0,,2800.0,3130.0,20150.0,3588.0,8806.0,1660.0,15350.0,8391.0,2345.0,10500.0,1885.0,7090.0,204.0,4100.0,16250.0,9275.0,8310.0,2222.0,22350.0,8650.0,55500.0,8130.0,370.0,12750.0,9920.0,40750.0,179.0,84400.0,7850.0,9150.0,23020.0,43500.0,22645.0,19050.0,282500.0,17443.0,22425.0,88000.0,6940.0,27600.0,11000.0,9670.0,417500.0,,19500.0,21550.0,6360.0,6608.0,163000.0,182700.0,5200.0,40500.0,3465.0,8130.0,2475.0,34550.0,14300.0,,,48350.0,22500.0,352100,,22050.0,11500.0,820000.0,7170.0,1870.0,7300.0,26493.0,37000.0,13200.0,5720.0,13468.0,3435.0,6490.0,14150.0,18950.0,14350.0,9030.0,39300.0,2485.0,7590.0,862.0,13325.0,6920.0,6070.0,7840.0,20320.0,8970.0,8220.0,10050.0,5760.0,119000.0,37700.0,543.0,4450.0,14900.0,4490.0,17400.0,8240.0,7360,5490.0,,11150.0,41450.0,10900.0,3965.0,15560.0,7460.0,6840.0,15750.0,2095.0,12950,7310.0,58800.0,11100.0,3033.0,4870.0,30200.0,12600.0,30050.0,238718.0,2325.0,11350.0,30200.0,27814.0,16250.0,10150.0,31805.0,16925.0,10849.0,37450.0,2560.0,1895.0,3655.0,3310.0,12350.0,,6950.0,8740.0,6400.0,25450.0,1599.0,1337.0,12600.0,73825.0,11000.0,2310.0,19850.0,8950.0,5260.0,17900.0,5891.0,16350.0,3340.0,23100.0,36850.0,240,10400.0,7170,8400.0,4850.0,7983.0,19000.0,7250.0,1900.0,7950.0,23300.0,9630.0,,2870.0,32900.0,35700.0,13638.0,964090,17080.0,13650.0,7690.0,3300.0,4485.0,2420.0,4500.0,38500.0,25800.0,15725.0,8240.0,16100.0,5520.0,2896.0,9820.0,4115.0,19950.0,30862.0,1310.0,11217.0,719,2820,5080.0,3420.0,7530.0,30000.0,,14150.0,5975.0,10650.0,34100.0,29155.0,1762000.0,3005,4270.0,11325.0,,11100.0,7870.0,9930.0,50500.0,18257.0,12950.0,4840.0,1965.0,21400.0,2140.0,1805.0,3960,24400.0,10750.0,4045.0,13300.0,22400.0,8180.0,8710.0,1510,26850.0,10800.0,400,12150.0,,71800.0,,7232.0,5870.0,3790.0,104565.0,,18800.0,15800.0,11350.0,14850.0,14500.0,11400.0,26600.0,10400.0,53900.0,2860,4140.0,2028.0,9300.0,3940.0,16500.0,2229.0,16873.0,11941.0,275,,20700.0,2160,7820.0,35140.0,1620,11700.0,106000.0,5900.0,5270.0,3475.0,3195.0,13700.0,8450.0,5853.0,3265.0,13250.0,35522.0,7600.0,9640.0,1830,6722.0,5100.0,7610.0,21900.0,,42221.0,,38600.0,58800.0,16650.0,2990.0,7370.0,7020.0,3370.0,3575.0,6280.0,24250.0,5030.0,2750.0,7000.0,21550.0,201600.0,9825.0,5260.0,39119.0,9300.0,19526.0,,5423.0,,15300.0,14350.0,5380.0,7000.0,4864.0,10050.0,4475.0,8950.0,15950.0,67200.0,3870.0,25500.0,11447.0,,5030.0,1130,12250.0,16350.0,,2300.0,2679.0,163500.0,26500.0,5070.0,8520.0,7733.0,6760.0,13300.0,119000.0,4032.0,10889.0,75200.0,9050.0,5310.0,3845.0,7700.0,8310.0,6530.0,,222592.0,45600.0,13700,129716.0,,8700.0,3830.0,30950.0,7385.0,23300.0,2700.0,11800.0,9300.0,172000.0,15772.0,6940.0,87400.0,6020.0,3770.0,8447.0,6050.0,5310.0,16250.0,4635.0,8320.0,19300.0,4970.0,5830.0,8625.0,14800.0,7287.0,135.0,11500.0,52700.0,2625.0,39091.0,2110.0,,3295.0,30150.0,7334.0,5780.0,4395.0,4611.0,,6725.0,6150.0,14900.0,12900.0,20450.0,3100.0,27592.0,10200.0,30296.0,48200.0,41248,12596.0,46250.0,21310.0,12350.0,11984.0,19650.0,42450.0,3210.0,,5959.0,16900.0,8523.0,17500.0,2650.0,11350.0,4420,7540.0,26350.0,498.0,9900.0,8090.0,20200.0,42950.0,4540.0,3400.0,,,7491.0,7578.0,26450.0,8049.0,16500.0,,,,,,11900.0,13756.0,11600.0,8277.0,,,,,,,7860.0,12500.0,15770.0,64007.0,25100.0,11750.0,16600.0,49700.0,2715.0,28829.0,14250.0,14500,26540.0,2020.0,5220.0,11550.0,7100.0,3875.0,,2195.0,1405.0,22650.0,28200.0,8456.0,13800.0,10707.0,,216860.0,4041.0,4650.0,,7590.0,8160.0,6210.0,23350.0,5200.0,51017.0,3645.0,25100.0,13443.0,48519.0,9260.0,10000.0,2523,21262.0,7780.0,8308.0,11550.0,25500.0,46900.0,1785.0,,27500.0,252000.0,20650.0,7950.0,2562.0,,4710,11800.0,,,,,5860.0,15300.0,10400.0,17660.0,109231.0,20371.0,21550.0,6310.0,12650.0,71900.0,6880.0,5680.0,6027.0,,17922.0,6160.0,20350.0,6250.0,4878.0,68200.0,10596.0,5400.0,3550.0,7690.0,6565.0,,22300.0,7625.0,7420.0,11400.0,10800.0,14800.0,13400.0,4240.0,5230.0,,31500.0,65369.0,826.0,34350.0,82700.0,10750.0,2225,64437.0,4345.0,290757.0,8540.0,47400.0,11786.0,11200.0,461000.0,7790.0,3570.0,15238.0,3220.0,54700.0,1284.0,,16289.0,,20550.0,37350.0,5920.0,14050.0,3108.0,8148.0,2120,83677.0,24800.0,8358.0,5020.0,22761.0,32600.0,9980.0,1440.0,6050.0,48300.0,35600.0,,2505.0,5247.0,5860.0,,,6220.0,28150.0,7700.0,17000.0,9327.0,10250.0,35300.0,18200.0,8580.0,10473.0,125000.0,12700.0,121600.0,18950.0,15775.0,98300.0,,4392.0,1185.0,25150.0,4280.0,8180.0,12850.0,11524.0,110461.0,8730.0,,35200.0,11000.0,14550.0,,11050.0,44400.0,2470.0,,77500.0,4895.0,16650.0,13800,7282.0,620,7900.0,9490.0,48650.0,12980.0,13815,9100.0,4948.0,7325.0,9040.0,8000.0,5560.0,28300.0,7260.0,82582.0,8860.0,18150.0,5210.0,19446.0,11210.0,10700.0,5530.0,30400,129000.0,27450.0,,31300.0,27638.0,739.0,10700.0,13850.0,12650.0,3045.0,,51200.0,11350.0,12900.0,7400.0,,,8100.0,4310.0,11850.0,6010.0,5500.0,127567.0,24200.0,6290.0,4873.0,13500.0,33488.0,4565.0,6330.0,2560.0,17700.0,2230,6980.0,282.0,6460.0,3348.0,5529.0,4615.0,10750.0,5600.0,,8360.0,10225.0,13800.0,58600.0,9490.0,22250,2915.0,11650.0,8050.0,,72900.0,3380.0,17700.0,10178,17600.0,3600.0,24300.0,18500.0,5718.0,44800.0,,11342.0,42500.0,17986,764.0,,5620.0,45630.0,3590.0,11315.0,,14709.0,3735,743.0,53200.0,5663.0,14840.0,26950.0,41950.0,3020.0,99200.0,6230.0,239600.0,1860.0,64900.0,4645.0,31515.0,,,18250.0,8765.0,3990.0,7610.0,,1960,6600.0,8825.0,13150.0,4165.0,8390.0,7220.0,2770,,18772.0,1680.0,,,25890.0,9970.0,21300.0,51700.0,1890.0,58000.0,10000.0,46200.0,5050.0,9280.0,15400.0,77429.0,13100.0,7080.0,27150.0,5550.0,2550.0,4590.0,6500.0,19925.0,23550.0,20657.0,1920.0,15904.0,6380.0,4750.0,55000.0,15950.0,66000.0,12829.0,13171.0,1440.0,12800.0,14307.0,15042.0,7920.0,35240.0,113829.0,17250.0,7160.0,4000.0,10100.0,2035.0,59828.0,21597.0,,6470.0,8690.0,27200.0,30700.0,4680.0,24600.0,31207.0,131000.0,11800.0,10200.0,91600.0,,330.0,41250.0,35340.0,8080.0,6667.0,,95901.0,4910.0,35550.0,23300.0,14346.0,9360.0,6310.0,2764.0,4295.0,70800.0,,,6560.0,22750.0,41300.0,18355.0,1223250.0,4250.0,7340.0,2683.0,23994.0,,17000.0,14018.0,18300.0,7240.0,12800.0,16350.0,19650.0,33700.0,62291.0,13760.0,9833.0,20150.0,90000.0,115102.0,9325.0,135100.0,6160.0,69000.0,24050.0,7757.0,,2460.0,35490.0,5956.0,5414.0,5210.0,4405.0,20800.0,4456.0,10709.0,4970.0,39700.0,14650.0,8240.0,10651.0,6230.0,46350.0,,11500.0,6680.0,11900.0,9790.0,24250.0,10000.0,17507.0,40783.0,,7270.0,7360.0,8850.0,,27650.0,15770.0,675.0,17100.0,4515.0,1890.0,44200.0,5000.0,14650.0,11075.0,6570.0,30200.0,14000.0,18964.0,9720.0,2310.0,896.0,19500.0,6036.0,23547.0,11800.0,5250.0,27500.0,7270.0,112600.0,10800.0,14630.0,11750.0,7550.0,20750.0,49600.0,48000.0,17650.0,17900.0,11500.0,17850.0,33200.0,56625.0,10720.0,5350.0,15400.0,3800.0,59600.0,8800.0,2920.0,14425.0,23650.0,10950.0,95800.0,3305.0,23200.0,2337.0,15700.0,9970.0,19710.0,10400.0,9110.0,14200.0,5250.0,5950.0,8450.0,14200.0,44400.0,75700.0,7220.0,5270.0,14520.0,16100.0,13225.0,3475.0,13250.0,31750.0,13700.0,20600.0,4525.0,10950.0,180500.0,2040.0,38900.0,118500.0,43700.0,17050.0,32750.0,27850.0,11075.0,7284.0,9860.0,183000.0,15375.0,7600.0,4390.0,179500.0,12950.0,20151.0,45250.0,173472.0,38393.0,9589.0,8830.0,6730.0,8510.0,11025.0,32396.0,7790.0,34300.0,13506.0,8980.0,22300.0,29179.0,7978.0,31500.0,12648.0,700000.0,900000.0,73000.0,440500.0,7867.0,56952.0,7271.0,35880.0,17300.0,12034.0,30200.0,112500.0,2035.0,3660.0,11785.0,4920.0,135500.0,15241.0,4160.0,3995.0,11150.0,8740.0,13650.0,19725.0,8260.0,2865.0,7740.0,6270.0,8900.0,10600.0,5160.0,14384.0,21050.0,31800.0,5719.0,5943.0,1884.0,50000.0,24865.0,,,21.0,,16657.0,12046.0,2530.0,,6452.0,1830.0,32520.0,489.0,465500.0,10575.0,6164.0,8250.0,8440.0,16050.0,5580.0,21100.0
2021-07-31,14650.0,13600.0,53973.0,176000.0,15050.0,9790.0,,16350.0,9060.0,15777.0,8314.0,66800.0,118404.0,112500.0,64548.0,53222.0,20150.0,37050.0,15831.0,7730.0,40200.0,10200.0,61000.0,3215.0,26757.0,16685.0,4036.0,8168.0,6586.0,6211.0,7690.0,5250.0,31400.0,22428.0,58032.0,13000.0,32850.0,8220.0,5070.0,6550.0,100500.0,27150.0,26500.0,4760.0,3120.0,16800.0,3570.0,60800.0,,30550.0,129500.0,70385.0,9050.0,78000.0,2795.0,2990.0,5800.0,21216.0,438000,7960.0,,10800.0,355000.0,26650.0,7500.0,12900.0,192000.0,21300.0,2540.0,8490.0,2255.0,2485.0,24250.0,8390.0,16300.0,6420.0,3195.0,7119.0,3665.0,274000.0,12500.0,18966.0,6710.0,78300.0,4965.0,37050.0,9040.0,10000.0,15386.0,1122000.0,12598.0,6580.0,9800.0,5610.0,5530.0,94200.0,82613.0,27550.0,2330.0,14067.0,149274.0,8350.0,3255.0,6020.0,48450.0,141000.0,17950.0,59948.0,26850.0,72500.0,8250.0,16000.0,14800.0,1620.0,,4390.0,266000.0,,5800.0,6560.0,,13250.0,17489.0,19300.0,43850.0,22400.0,7030.0,13800.0,89800.0,55300.0,8167.0,,3400.0,6680.0,94366.0,22900.0,5808.0,8370.0,1240.0,23000.0,12750.0,11650.0,2576.0,606.0,41735.0,51200.0,7120.0,3815.0,,31500.0,145000.0,218000.0,11315.0,46200.0,366500.0,26850.0,82900.0,,9150.0,13200.0,16750.0,5100.0,11350.0,8410.0,11300.0,25900.0,33000.0,5900.0,,26300.0,15200.0,48800.0,12550.0,7200.0,72700.0,292000.0,44050.0,11450.0,36550.0,725463.0,9320.0,254500.0,28650.0,38195.0,5500.0,19550.0,4475.0,5710.0,36550.0,30191.0,3125.0,69300.0,,4250.0,539000.0,7991.0,6194.0,3010.0,55700.0,37590.0,4395.0,1225,78133.0,37300.0,8024.0,18800.0,15200.0,7680.0,2345.0,,15000.0,7120.0,4200.0,6170.0,5170.0,3760.0,54900.0,3150.0,,5605.0,75400.0,,69054.0,3400.0,7800.0,32800.0,192000.0,7010.0,4095.0,3180.0,120000.0,2285.0,16200.0,6390.0,73600.0,12300.0,33850.0,8730.0,5010.0,9636.0,11150.0,35000.0,5680.0,46012.0,46250.0,4870.0,3275.0,12980.0,6173.0,10850.0,8930.0,8700.0,3371.0,2815.0,9820.0,4800.0,2525.0,98300.0,6110.0,10400.0,227000.0,15050.0,,98000.0,3650.0,4975.0,7640.0,16450.0,2170.0,14700.0,7170.0,6000.0,3780.0,,19600.0,203500.0,7318.0,26300.0,1245.0,2854.0,11025.0,40400.0,266500.0,16862.0,2490.0,6810.0,13800.0,9200.0,80600.0,15268.0,2305.0,4940.0,17250.0,6440.0,3307.0,3540.0,3195.0,32700.0,7360.0,6800.0,78885.0,6090.0,6250.0,7020.0,3080.0,25546.0,8350.0,4950.0,4625.0,11050.0,6630.0,9760.0,6250.0,5600.0,136390.0,2415.0,4700.0,8100.0,4285.0,2100.0,61100,7470.0,6410,8170.0,6570.0,24900.0,5950.0,6720.0,2810.0,4790.0,,44876.0,16750.0,11050.0,21400.0,9690.0,38200.0,35900.0,5640.0,5620.0,1780.0,5350.0,137000.0,7950.0,5970.0,14100.0,,54000.0,19400.0,13850.0,2735.0,55900.0,32350.0,182500.0,8740.0,15000.0,1313.0,116500.0,8565.0,14500.0,2275.0,3620.0,5149.0,4795.0,12820.0,9560.0,8800.0,11150.0,39250.0,80400.0,12475.0,6631.0,18100.0,4800.0,4280.0,85800.0,10200.0,5770.0,9310.0,7930.0,3520.0,11150.0,12550.0,5360.0,,63500.0,26700.0,16100.0,13000.0,,32350.0,6270.0,7750.0,4600.0,,14535.0,4490.0,3645.0,2012.0,2710.0,3500.0,8150.0,13371.0,60370.0,,3153.0,4630.0,94500.0,5900.0,6783.0,4255.0,12600.0,3685.0,3115.0,29839.0,11700.0,,,7040.0,4740.0,,6190.0,2740.0,6852.0,,23350.0,27868.0,154900.0,31950.0,24200.0,,11967.0,6120.0,8280,12950.0,4535.0,4220.0,39600.0,3480.0,12900.0,,4545.0,2850.0,19450.0,3224.0,9390.0,1500.0,14550.0,8158.0,2500.0,10600.0,1955.0,6990.0,204.0,3795.0,20500.0,9200.0,10500.0,2731.0,19800.0,8600.0,53200.0,8010.0,370.0,12250.0,9680.0,37685.0,179.0,82300.0,7450.0,8170.0,20993.0,48400.0,20381.0,18650.0,268000.0,16067.0,24725.0,85500.0,6580.0,42150.0,10950.0,8170.0,433500.0,,19600.0,21600.0,6950.0,6131.0,147000.0,163100.0,5150.0,40000.0,3255.0,8190.0,2175.0,33100.0,14750.0,,,48650.0,19250.0,420100,,20700.0,10350.0,824000.0,7220.0,1420.0,6770.0,26050.0,37900.0,12500.0,5680.0,14906.0,3205.0,6560.0,13350.0,17300.0,13350.0,7270.0,37100.0,2150.0,6980.0,862.0,13100.0,7230.0,5610.0,7770.0,17810.0,9590.0,7450.0,10100.0,5480.0,115700.0,32776.0,543.0,3820.0,11700.0,4745.0,17100.0,7910.0,7360,5850.0,,10900.0,48900.0,8700.0,3855.0,17185.0,7150.0,5690.0,15050.0,1980.0,12150,7090.0,58800.0,10100.0,2706.0,4490.0,29100.0,12050.0,31700.0,241121.0,2465.0,10400.0,28900.0,23787.0,16100.0,11150.0,28873.0,18325.0,9450.0,36000.0,2560.0,1815.0,3655.0,4910.0,10900.0,,6240.0,8370.0,5225.0,20730.0,1548.0,1851.0,11800.0,69900.0,11000.0,2190.0,17650.0,8450.0,5070.0,16900.0,6392.0,13600.0,3635.0,22800.0,31900.0,240,10200.0,6700,7210.0,4160.0,8258.0,18400.0,7420.0,1900.0,7450.0,25850.0,8700.0,,2770.0,32400.0,38700.0,14836.0,1095520,14064.0,11800.0,7860.0,3780.0,4475.0,2925.0,5150.0,34150.0,23500.0,13000.0,9720.0,14500.0,5850.0,2646.0,8740.0,4545.0,18000.0,30481.0,1290.0,10384.0,719,2820,5110.0,3430.0,7190.0,23200.0,,14250.0,6025.0,10150.0,33950.0,28480.0,1459000.0,3005,3800.0,10575.0,,10300.0,6820.0,9050.0,53300.0,17929.0,11750.0,4600.0,1950.0,18850.0,1950.0,1610.0,3960,21750.0,10900.0,3765.0,15000.0,19750.0,7760.0,8710.0,1335,27400.0,11000.0,400,11200.0,,67700.0,,6764.0,5050.0,3710.0,111705.0,,18200.0,19500.0,11300.0,14450.0,14000.0,10300.0,26000.0,9975.0,58200.0,2860,4200.0,2048.0,9240.0,3720.0,16500.0,2585.0,19965.0,13563.0,275,,18050.0,2160,6960.0,35801.0,1620,12400.0,104500.0,6460.0,4820.0,3105.0,2860.0,13850.0,7760.0,4902.0,3060.0,12550.0,32221.0,7244.0,9440.0,1830,6319.0,4815.0,7060.0,22000.0,,35268.0,,35350.0,56800.0,21100.0,2755.0,7370.0,7330.0,3205.0,3950.0,7490.0,24850.0,4855.0,2750.0,7000.0,36950.0,194700.0,8725.0,4790.0,33830.0,8500.0,16172.0,,5243.0,,16200.0,14700.0,5150.0,6420.0,4172.0,9470.0,4265.0,8290.0,830.0,77200.0,3635.0,23250.0,10466.0,,4825.0,1130,11700.0,16700.0,,2375.0,2017.0,157500.0,22450.0,5820.0,8200.0,7800.0,7930.0,11700.0,132400.0,3887.0,10752.0,72100.0,9080.0,5130.0,3575.0,8480.0,8820.0,6450.0,,210157.0,41650.0,14900,114699.0,,8800.0,3940.0,29100.0,7469.0,24500.0,2690.0,12900.0,9300.0,171000.0,17464.0,6140.0,80000.0,5950.0,3580.0,8630.0,5740.0,4925.0,16950.0,4026.0,6760.0,17200.0,4785.0,5590.0,9125.0,13850.0,6706.0,,11050.0,47000.0,2585.0,47149.0,1905.0,,2910.0,30850.0,6201.0,5350.0,4230.0,3695.0,,7875.0,5500.0,12150.0,12200.0,20450.0,3110.0,25831.0,8960.0,30296.0,57400.0,36402,16333.0,42800.0,20577.0,11650.0,11984.0,19450.0,42800.0,3055.0,,6067.0,16000.0,8523.0,18250.0,2335.0,11800.0,4540,7305.0,24500.0,498.0,9900.0,7720.0,22750.0,47300.0,4235.0,3525.0,,,6668.0,7602.0,26300.0,8402.0,17050.0,,,,,,12200.0,15109.0,13000.0,7998.0,,,,,,,7670.0,12850.0,14570.0,62099.0,23550.0,11150.0,15850.0,47750.0,2640.0,25601.0,12300.0,16650,23955.0,2930.0,5130.0,10700.0,6550.0,3820.0,,2380.0,1405.0,23400.0,25200.0,13455.0,14250.0,9427.0,,184926.0,5705.0,4350.0,,8260.0,8160.0,5940.0,23500.0,4810.0,51017.0,3275.0,22950.0,13418.0,36414.0,8300.0,9750.0,2331,18871.0,8280.0,7826.0,10450.0,24450.0,54200.0,1655.0,,25550.0,221500.0,19150.0,7900.0,2575.0,,2930,12200.0,,,,,5950.0,16550.0,10200.0,16675.0,101395.0,18308.0,20850.0,6750.0,10835.0,68100.0,5670.0,5100.0,5433.0,,16207.0,6430.0,18450.0,5870.0,4084.0,63300.0,12891.0,5190.0,3565.0,7420.0,6374.0,,23250.0,7025.0,7010.0,10800.0,9460.0,14350.0,14100.0,4590.0,4945.0,,29500.0,60794.0,689.0,34100.0,70000.0,10650.0,2672,78868.0,4110.0,248939.0,7990.0,47350.0,11197.0,12250.0,468000.0,8060.0,3155.0,16239.0,3025.0,52900.0,1284.0,,20043.0,,21000.0,36750.0,6110.0,11750.0,3195.0,7821.0,2235,107603.0,26400.0,7926.0,4435.0,26805.0,31750.0,10200.0,1440.0,5780.0,51100.0,34200.0,,2505.0,6116.0,5760.0,,,6090.0,39650.0,7400.0,16250.0,17600.0,9490.0,34400.0,17875.0,9230.0,11974.0,129500.0,11300.0,119900.0,19000.0,15289.0,99900.0,,4711.0,1185.0,27700.0,4105.0,10700.0,12400.0,11100.0,100473.0,7570.0,,41550.0,11550.0,13550.0,,10750.0,39850.0,2470.0,,82200.0,6700.0,15950.0,13700,7372.0,620,7165.0,9540.0,51800.0,12980.0,13361,9040.0,4351.0,7175.0,8050.0,8000.0,5510.0,25900.0,6390.0,83503.0,8550.0,17200.0,5100.0,21256.0,15010.0,10000.0,5490.0,30100,119500.0,25350.0,,36900.0,26574.0,739.0,10050.0,11300.0,12550.0,2790.0,,52700.0,12050.0,12850.0,6740.0,,,7660.0,3950.0,10850.0,5350.0,5250.0,123243.0,23550.0,5860.0,4868.0,12500.0,41831.0,4605.0,6501.0,2310.0,18700.0,2230,6640.0,282.0,4745.0,2823.0,5077.0,3720.0,10200.0,4735.0,,7960.0,12750.0,11950.0,77300.0,9700.0,23750,3075.0,10050.0,8140.0,,72400.0,3180.0,15700.0,10478,17100.0,3565.0,26550.0,17000.0,5056.0,41650.0,,11316.0,38550.0,20070,686.0,,5840.0,44528.0,3425.0,10244.0,,10830.0,3735,743.0,53800.0,6031.0,16700.0,25400.0,49450.0,2685.0,96500.0,6340.0,238800.0,1441.0,72200.0,4050.0,35880.0,,,22100.0,7924.0,3775.0,7570.0,,1940,7130.0,8775.0,15700.0,3785.0,8280.0,6330.0,2780,,17287.0,1680.0,,,25890.0,9290.0,20150.0,48350.0,1770.0,54900.0,9810.0,51300.0,5050.0,8630.0,15500.0,73557.0,12650.0,7130.0,27500.0,4925.0,2565.0,4004.0,6020.0,25650.0,20750.0,20831.0,1920.0,15664.0,6360.0,4750.0,53500.0,13100.0,65000.0,11909.0,12580.0,1440.0,11850.0,13307.0,13131.0,6885.0,31778.0,108012.0,18150.0,6900.0,5040.0,8630.0,2469.0,57214.0,48484.0,,11350.0,10150.0,27800.0,25500.0,5750.0,25600.0,30693.0,124000.0,13500.0,10075.0,82000.0,,,43850.0,37620.0,6490.0,5915.0,,88170.0,4951.0,33500.0,23750.0,16056.0,7970.0,6330.0,2659.0,3675.0,61080.0,,,6500.0,22350.0,37150.0,17520.0,1294521.0,3875.0,6830.0,2659.0,28906.0,,16800.0,14229.0,15850.0,6446.0,12050.0,16000.0,20600.0,40500.0,62563.0,13480.0,9797.0,19500.0,88800.0,123273.0,7900.0,150400.0,11790.0,79600.0,22550.0,7757.0,,2195.0,32538.0,5883.0,5696.0,4620.0,3900.0,21300.0,4158.0,10317.0,4835.0,36750.0,14100.0,10150.0,11113.0,7180.0,46800.0,,5640.0,5840.0,10100.0,9350.0,24800.0,9450.0,17507.0,33709.0,,8310.0,7190.0,8550.0,,24850.0,13135.0,,17420.0,4330.0,1940.0,45100.0,4860.0,15000.0,10025.0,6530.0,31200.0,13850.0,17438.0,9050.0,2605.0,970.0,18350.0,6534.0,22532.0,10950.0,5090.0,28050.0,6260.0,107400.0,10350.0,15244.0,11050.0,7000.0,21125.0,46350.0,46100.0,16200.0,16200.0,10650.0,15900.0,32450.0,55077.0,12440.0,5175.0,20086.0,4250.0,57100.0,9000.0,2850.0,13150.0,24050.0,9895.0,92200.0,3135.0,21300.0,2360.0,16250.0,9970.0,17280.0,9350.0,11850.0,13700.0,5700.0,5950.0,8790.0,13050.0,46650.0,74000.0,6410.0,4745.0,14520.0,15333.0,15585.0,3690.0,12500.0,29950.0,13100.0,23550.0,4115.0,9750.0,177500.0,2040.0,33100.0,117500.0,41600.0,16950.0,35550.0,28600.0,10800.0,6781.0,9100.0,225700.0,17210.0,7470.0,4230.0,161500.0,12300.0,19889.0,45250.0,158126.0,35245.0,9371.0,8380.0,7630.0,8180.0,12975.0,32832.0,7900.0,35500.0,18381.0,8720.0,21500.0,37687.0,7782.0,31050.0,12996.0,785000.0,889000.0,78300.0,614000.0,6669.0,67930.0,7037.0,37835.0,16550.0,9282.0,26750.0,106000.0,2035.0,3720.0,11134.0,9410.0,128000.0,12602.0,3575.0,3560.0,11550.0,7650.0,18150.0,18050.0,7305.0,2701.0,7830.0,6250.0,8880.0,11000.0,4980.0,14559.0,22000.0,30200.0,5773.0,5913.0,1946.0,49050.0,28913.0,,,,,15157.0,11038.0,2335.0,,5991.0,1730.0,29620.0,472.0,395000.0,9650.0,5683.0,8100.0,8890.0,16050.0,4850.0,21250.0
2021-08-31,14850.0,13650.0,54761.0,171000.0,13625.0,8910.0,,14650.0,8850.0,14103.0,8241.0,64600.0,108498.0,106500.0,67280.0,54000.0,19000.0,38500.0,13455.0,6700.0,39450.0,10200.0,59800.0,2875.0,25137.0,16228.0,3855.0,6394.0,6568.0,5389.0,6840.0,5690.0,29250.0,21565.0,49981.0,12300.0,26900.0,8400.0,5660.0,6400.0,92000.0,25250.0,31500.0,4320.0,2995.0,15950.0,3585.0,62800.0,,32650.0,137500.0,66535.0,8460.0,68000.0,2645.0,3070.0,5320.0,23090.0,420000,8880.0,,9890.0,360000.0,26850.0,12350.0,12850.0,196500.0,19900.0,2500.0,7850.0,1855.0,2350.0,23550.0,7920.0,15900.0,5830.0,2770.0,7322.0,3495.0,269500.0,13100.0,19834.0,6010.0,128500.0,4310.0,36300.0,9710.0,11000.0,20255.0,1105000.0,13066.0,6030.0,10300.0,4940.0,5400.0,95300.0,74959.0,29000.0,2495.0,14067.0,150728.0,7610.0,3275.0,5750.0,49500.0,142500.0,16550.0,56170.0,30550.0,70100.0,7500.0,16100.0,13300.0,1790.0,,4075.0,269000.0,,5590.0,6210.0,,13500.0,15727.0,18100.0,43600.0,18900.0,6720.0,13300.0,87600.0,53800.0,7230.0,,3240.0,6090.0,92440.0,17050.0,5627.0,7520.0,1040.0,22200.0,12600.0,10800.0,3067.0,562.0,42526.0,46950.0,5380.0,3925.0,,34650.0,145000.0,212500.0,16006.0,50200.0,337000.0,26900.0,81500.0,,8750.0,13200.0,16350.0,4975.0,9590.0,7750.0,11950.0,21800.0,27500.0,6600.0,,22500.0,24700.0,47900.0,9350.0,6775.0,66600.0,385000.0,44750.0,11300.0,35300.0,776373.0,9190.0,231500.0,19700.0,36010.0,5740.0,16200.0,3860.0,5620.0,31900.0,29336.0,2715.0,60300.0,,4000.0,517000.0,9704.0,6134.0,3175.0,46800.0,38597.0,3850.0,1225,65400.0,44000.0,6961.0,15800.0,15950.0,8530.0,2515.0,,13650.0,6770.0,3725.0,5440.0,4730.0,3345.0,52700.0,2640.0,,4498.0,75100.0,,70691.0,2861.0,6900.0,29100.0,184500.0,6620.0,4680.0,2955.0,116000.0,2365.0,17350.0,5810.0,67200.0,11250.0,31450.0,8010.0,4760.0,9707.0,12050.0,32350.0,6560.0,47953.0,46050.0,4300.0,3210.0,13720.0,5902.0,9400.0,8380.0,8050.0,3146.0,2845.0,8830.0,5850.0,2440.0,95100.0,5610.0,10850.0,215000.0,14775.0,,91500.0,3636.0,4615.0,8170.0,16250.0,2390.0,13850.0,6760.0,6000.0,3020.0,,18200.0,194500.0,5151.0,23100.0,1055.0,2632.0,10625.0,37100.0,277500.0,16408.0,2490.0,6960.0,16250.0,11150.0,82100.0,14845.0,2115.0,4940.0,16800.0,6030.0,3091.0,4225.0,2930.0,41250.0,7370.0,7140.0,63336.0,5620.0,6250.0,6690.0,2700.0,23325.0,8500.0,4820.0,4260.0,9940.0,6100.0,9030.0,5700.0,5250.0,153727.0,2750.0,4310.0,9620.0,4055.0,1975.0,59200,7640.0,6410,7700.0,6220.0,24000.0,8210.0,6330.0,2585.0,4415.0,,43784.0,15400.0,8930.0,19500.0,9480.0,39600.0,38400.0,5710.0,5540.0,1595.0,4315.0,157000.0,6760.0,5200.0,12100.0,,50200.0,17500.0,13250.0,2740.0,55500.0,31850.0,172500.0,8640.0,15900.0,1857.0,119500.0,7934.0,15291.0,2195.0,3685.0,3332.0,4370.0,11965.0,8680.0,7230.0,9100.0,40650.0,75700.0,12300.0,5855.0,23700.0,4775.0,4345.0,78200.0,11600.0,5210.0,9310.0,7330.0,3350.0,9690.0,12500.0,5280.0,,65600.0,26050.0,14550.0,12400.0,,30400.0,4830.0,7420.0,4155.0,,12258.0,3155.0,3150.0,1902.0,2300.0,3175.0,6800.0,11062.0,57068.0,,2902.0,3955.0,82800.0,8640.0,6148.0,3955.0,10950.0,3280.0,2795.0,29519.0,11150.0,,,5790.0,4595.0,,6330.0,2050.0,4792.0,,22350.0,38275.0,,32150.0,23100.0,,13984.0,5670.0,7000,12600.0,4285.0,5050.0,40400.0,3180.0,12900.0,,5400.0,5790.0,18900.0,3274.0,8815.0,1435.0,14050.0,7259.0,2130.0,9640.0,1665.0,6180.0,204.0,3415.0,24300.0,9300.0,8240.0,2591.0,17200.0,7575.0,52500.0,6990.0,115.0,10750.0,11650.0,39500.0,21.0,81600.0,7925.0,7500.0,20173.0,50700.0,18948.0,18050.0,263500.0,15428.0,22000.0,82500.0,6460.0,47950.0,8970.0,7210.0,439000.0,,24000.0,18900.0,5880.0,5741.0,155000.0,153100.0,4695.0,42650.0,3010.0,9650.0,1780.0,30500.0,14250.0,,,41900.0,17750.0,404500,,18600.0,11000.0,660000.0,6390.0,1570.0,6470.0,27525.0,34200.0,14000.0,4960.0,13328.0,2970.0,6000.0,12150.0,16375.0,12950.0,7790.0,41500.0,2200.0,5970.0,63.0,13075.0,6600.0,5560.0,8180.0,13075.0,9620.0,6560.0,9440.0,5410.0,120600.0,36831.0,543.0,7280.0,10800.0,4365.0,16500.0,6670.0,7360,5930.0,,10500.0,48500.0,8330.0,3620.0,16125.0,7230.0,5450.0,14100.0,1800.0,11450,6870.0,69100.0,9180.0,3349.0,4275.0,29500.0,11250.0,38100.0,222696.0,2100.0,11000.0,27400.0,22111.0,15150.0,14700.0,24920.0,17275.0,6816.0,42250.0,2240.0,1680.0,,4055.0,10800.0,,5760.0,9540.0,6150.0,17500.0,1453.0,2150.0,11100.0,68350.0,11000.0,2420.0,18000.0,8630.0,4640.0,16400.0,5525.0,13900.0,2780.0,19750.0,32300.0,240,9030.0,6160,7000.0,3730.0,7595.0,16500.0,6550.0,1900.0,7350.0,22750.0,9370.0,,3070.0,32850.0,38325.0,24005.0,1359230,14582.0,13450.0,6990.0,5620.0,4335.0,2465.0,4060.0,31950.0,23000.0,13050.0,10750.0,13250.0,3915.0,2254.0,10750.0,4670.0,14650.0,28056.0,1090.0,9600.0,719,2820,4380.0,3085.0,7220.0,23700.0,,14150.0,5900.0,9440.0,34800.0,26525.0,1461000.0,3005,4480.0,10075.0,,10100.0,5790.0,8110.0,46450.0,16203.0,13150.0,4580.0,1880.0,19150.0,1815.0,1415.0,3960,21700.0,10350.0,3640.0,13250.0,14350.0,7330.0,8710.0,1235,29550.0,9540.0,400,11450.0,,67400.0,,7737.0,4520.0,3460.0,113580.0,,16450.0,19650.0,11050.0,13800.0,14100.0,9360.0,24100.0,9025.0,72800.0,2860,3560.0,1918.0,9100.0,3570.0,16500.0,2187.0,17273.0,9496.0,275,,17550.0,2160,6540.0,35681.0,1620,11100.0,108500.0,5730.0,4500.0,2900.0,2695.0,14800.0,9500.0,5052.0,3260.0,12100.0,29591.0,6888.0,8180.0,1830,5722.0,4285.0,8915.0,28050.0,,32466.0,,32850.0,51700.0,18100.0,3050.0,6310.0,7050.0,2730.0,3460.0,6300.0,26600.0,4770.0,2750.0,7000.0,75500.0,169800.0,8325.0,4725.0,30028.0,8090.0,18488.0,,4981.0,,16450.0,13650.0,3100.0,6810.0,4402.0,9290.0,3710.0,8200.0,280.0,79800.0,3295.0,20700.0,10966.0,,4390.0,1130,10800.0,16900.0,,2130.0,1819.0,142000.0,20350.0,8260.0,7410.0,7600.0,6430.0,10900.0,153300.0,3558.0,12225.0,73900.0,8090.0,5590.0,3455.0,7340.0,7780.0,5340.0,,242904.0,41150.0,12700,142673.0,,8510.0,3280.0,27150.0,6683.0,26750.0,2595.0,11850.0,9300.0,166000.0,13152.0,6620.0,80800.0,5510.0,3620.0,8163.0,5110.0,4330.0,15350.0,4338.0,5640.0,16250.0,4730.0,5620.0,7075.0,13250.0,6427.0,,9790.0,44800.0,2405.0,47991.0,1865.0,,3100.0,28450.0,5986.0,4670.0,4020.0,4244.0,,7475.0,5275.0,11100.0,11500.0,19300.0,2915.0,24335.0,8580.0,30296.0,56200.0,13591,15041.0,42500.0,21170.0,10400.0,11984.0,18000.0,52100.0,2960.0,,5761.0,13800.0,7615.0,18850.0,2360.0,10400.0,4165,7062.0,24850.0,498.0,9770.0,6860.0,22600.0,52500.0,3890.0,3190.0,,,5915.0,7602.0,23800.0,7999.0,15400.0,,,,,,11300.0,14733.0,15500.0,7250.0,,,,,,,7700.0,11600.0,14637.0,63816.0,22150.0,11000.0,14950.0,45950.0,3150.0,23873.0,12100.0,18550,22063.0,3055.0,4735.0,10000.0,6110.0,3850.0,,2900.0,95.0,24800.0,24600.0,20837.0,12000.0,9192.0,,167083.0,5304.0,3975.0,,9030.0,8160.0,5850.0,26700.0,3940.0,46925.0,3045.0,26950.0,13139.0,35664.0,7250.0,9150.0,2930,19123.0,10300.0,8485.0,13200.0,20250.0,70900.0,2440.0,,23150.0,227500.0,21400.0,7160.0,2430.0,,2075,11700.0,,,,,5740.0,17300.0,9980.0,16500.0,116783.0,17195.0,20950.0,5580.0,10300.0,66600.0,5150.0,4420.0,5500.0,,16079.0,7600.0,18400.0,6480.0,4206.0,51600.0,13917.0,5060.0,4425.0,6770.0,5936.0,,21400.0,7400.0,6370.0,9190.0,8960.0,14650.0,12400.0,3820.0,5160.0,,27650.0,54184.0,645.0,30500.0,65800.0,10850.0,4531,38904.0,3826.0,245495.0,8830.0,43100.0,11366.0,10050.0,453500.0,9110.0,2945.0,16214.0,2565.0,53100.0,1284.0,,24296.0,,20600.0,44200.0,5990.0,9910.0,2968.0,7458.0,2190,108355.0,23700.0,7651.0,3760.0,24624.0,31800.0,8900.0,1440.0,6450.0,52700.0,32750.0,,2505.0,5710.0,5180.0,,,6470.0,39000.0,6360.0,15450.0,13950.0,9990.0,35700.0,19850.0,7670.0,11307.0,129500.0,10600.0,115500.0,17500.0,14315.0,88100.0,,4199.0,1185.0,26800.0,3785.0,8320.0,11950.0,10946.0,99663.0,6000.0,,40900.0,10800.0,12900.0,,9970.0,41650.0,2470.0,,79900.0,5675.0,15600.0,12250,6997.0,620,7175.0,9870.0,53600.0,12980.0,12151,8760.0,4437.0,6325.0,7450.0,8000.0,4725.0,27400.0,6390.0,87287.0,7990.0,16000.0,4530.0,20546.0,12772.0,12050.0,4835.0,31850,110500.0,31300.0,,36500.0,22309.0,739.0,10150.0,10300.0,11350.0,2630.0,,60600.0,12100.0,12250.0,6420.0,,,6360.0,3840.0,10100.0,4775.0,4905.0,116216.0,24300.0,5300.0,4191.0,10950.0,44330.0,4620.0,6377.0,2045.0,16900.0,2230,7530.0,282.0,4300.0,3528.0,4635.0,3570.0,10100.0,4760.0,,7470.0,10975.0,11400.0,67500.0,8720.0,32950,2950.0,9300.0,8000.0,,71900.0,3010.0,14950.0,6589,15850.0,2995.0,26900.0,13850.0,5025.0,38800.0,,11594.0,35600.0,18625,639.0,,4945.0,61418.0,3410.0,10104.0,,10925.0,3735,743.0,54000.0,5383.0,24500.0,24850.0,48350.0,2515.0,106000.0,6380.0,195000.0,1508.0,87100.0,3530.0,32091.0,,,22000.0,7486.0,3735.0,7100.0,,2220,7870.0,9800.0,12500.0,3185.0,8620.0,6960.0,2790,,15261.0,1680.0,,,25890.0,10500.0,19100.0,46600.0,1600.0,48250.0,8600.0,49900.0,5050.0,7890.0,17900.0,69325.0,11000.0,6080.0,23450.0,4675.0,2660.0,4063.0,6000.0,24100.0,20250.0,21462.0,1920.0,14584.0,5480.0,4750.0,58800.0,13900.0,65900.0,11193.0,17621.0,1440.0,13700.0,16858.0,12484.0,5965.0,43850.0,107181.0,18000.0,6560.0,5390.0,10700.0,2321.0,65443.0,61795.0,,10750.0,9390.0,27150.0,24850.0,5270.0,25100.0,25845.0,130500.0,11025.0,10675.0,78000.0,,,40750.0,36660.0,4690.0,5905.0,,107276.0,5290.0,33550.0,22000.0,17808.0,7330.0,5620.0,2564.0,3395.0,62880.0,,,6010.0,18850.0,40250.0,14215.0,1403611.0,3610.0,5960.0,2553.0,22722.0,,15200.0,14885.0,15800.0,5725.0,11300.0,17500.0,22750.0,56800.0,61747.0,14180.0,8843.0,18000.0,96900.0,95044.0,7850.0,141700.0,11510.0,76100.0,22750.0,7757.0,,2365.0,31659.0,7270.0,5138.0,3990.0,4490.0,21450.0,3417.0,9926.0,4015.0,32850.0,13600.0,9100.0,14521.0,10150.0,44450.0,,2995.0,5720.0,9170.0,9100.0,30700.0,7650.0,17507.0,33599.0,,7230.0,7410.0,9175.0,,22600.0,12520.0,,15538.0,4155.0,1690.0,46900.0,4120.0,13950.0,8775.0,5560.0,34550.0,15550.0,16078.0,8470.0,2260.0,998.0,17750.0,8499.0,21754.0,10800.0,4280.0,25650.0,5990.0,101700.0,10900.0,13965.0,10400.0,5850.0,19225.0,45300.0,43350.0,15700.0,16000.0,10850.0,14600.0,31600.0,52164.0,17320.0,4775.0,25461.0,3625.0,47000.0,8000.0,2550.0,12725.0,25850.0,11100.0,87000.0,3045.0,17400.0,2227.0,14200.0,9970.0,15190.0,9090.0,9890.0,12150.0,4665.0,5950.0,8540.0,11800.0,41900.0,94300.0,5500.0,4170.0,14520.0,15233.0,13618.0,3435.0,11000.0,28900.0,18450.0,24950.0,3580.0,9030.0,186500.0,2040.0,30000.0,126500.0,39750.0,19750.0,44500.0,30600.0,9525.0,6061.0,8990.0,242000.0,16070.0,7420.0,5290.0,178500.0,12850.0,22080.0,42000.0,180144.0,32431.0,9335.0,7820.0,6610.0,8020.0,16050.0,34576.0,6560.0,35250.0,21453.0,8760.0,22550.0,58000.0,7928.0,29900.0,11859.0,772000.0,777000.0,82000.0,619000.0,7074.0,38584.0,6937.0,30475.0,18250.0,13610.0,25500.0,110500.0,,3900.0,10734.0,8020.0,117000.0,13876.0,3345.0,3750.0,12000.0,6700.0,22000.0,25600.0,6875.0,2486.0,6970.0,6020.0,8890.0,11850.0,4535.0,13708.0,20050.0,27250.0,5141.0,5744.0,1981.0,54900.0,29876.0,,,,,13881.0,9658.0,2365.0,,5710.0,1740.0,27820.0,456.0,365500.0,9000.0,5583.0,7450.0,10100.0,16050.0,4665.0,18800.0
2021-09-30,17850.0,13800.0,53885.0,153000.0,13925.0,8090.0,,20000.0,8800.0,13094.0,7683.0,65400.0,109913.0,103000.0,62851.0,51400.0,16950.0,37300.0,13180.0,6390.0,41600.0,10150.0,54600.0,2730.0,23472.0,16057.0,3485.0,7899.0,6071.0,4668.0,6900.0,4950.0,25900.0,20702.0,38073.0,11050.0,26400.0,8540.0,5300.0,5925.0,85300.0,24300.0,28000.0,4560.0,3260.0,16600.0,3350.0,59100.0,,39300.0,138500.0,63870.0,8190.0,66500.0,2680.0,3310.0,4940.0,26073.0,414000,6450.0,,8910.0,416000.0,24800.0,8270.0,14300.0,192500.0,18300.0,2820.0,6910.0,1900.0,2225.0,23100.0,7730.0,15500.0,5380.0,2450.0,7981.0,3500.0,279500.0,13050.0,13710.0,6020.0,140000.0,4150.0,33250.0,7780.0,11900.0,18016.0,1110000.0,13206.0,5800.0,9460.0,4855.0,5030.0,93000.0,72483.0,29250.0,2600.0,14067.0,171568.0,6890.0,3065.0,5740.0,49200.0,141000.0,16150.0,42599.0,28000.0,91200.0,7040.0,17900.0,13600.0,1910.0,,4015.0,263500.0,,6550.0,5720.0,,12850.0,15923.0,20050.0,43400.0,18000.0,7030.0,14050.0,96800.0,57300.0,6866.0,,3370.0,5820.0,89744.0,15900.0,6117.0,8180.0,1120.0,20500.0,12800.0,11150.0,3131.0,683.0,48354.0,52800.0,5000.0,3820.0,,31550.0,147500.0,200000.0,16135.0,55300.0,330000.0,25050.0,76600.0,,7900.0,12350.0,14850.0,5040.0,9140.0,7200.0,11750.0,20400.0,27300.0,8925.0,,20700.0,28950.0,47850.0,9020.0,7800.0,64200.0,331500.0,42750.0,11000.0,33600.0,702945.0,8830.0,215000.0,17350.0,33265.0,5220.0,15350.0,3890.0,6110.0,31000.0,27925.0,2970.0,50800.0,,3855.0,492000.0,9373.0,5698.0,3040.0,46100.0,35353.0,4470.0,1225,73500.0,35200.0,7705.0,18100.0,13050.0,7520.0,2840.0,,13200.0,7730.0,3335.0,7170.0,4415.0,3035.0,51800.0,2430.0,,4355.0,71100.0,,59808.0,2740.0,6020.0,25050.0,177500.0,9120.0,4585.0,2805.0,120000.0,3165.0,24250.0,5410.0,60300.0,10850.0,29600.0,7760.0,4420.0,9130.0,10900.0,31750.0,6520.0,52719.0,47300.0,4275.0,2995.0,13340.0,6200.0,9080.0,8100.0,7960.0,3184.0,2835.0,8620.0,5200.0,2320.0,110000.0,5350.0,11600.0,208500.0,13275.0,,78800.0,3627.0,4235.0,7490.0,15150.0,2125.0,21800.0,6150.0,6000.0,3215.0,,19050.0,189000.0,4711.0,24800.0,1020.0,2619.0,10850.0,39550.0,253000.0,14498.0,2490.0,6870.0,14350.0,10350.0,83600.0,13483.0,2115.0,4900.0,18200.0,5700.0,3138.0,6560.0,2625.0,39100.0,6190.0,6790.0,56054.0,5650.0,6250.0,6280.0,2460.0,18492.0,8070.0,4430.0,4535.0,9600.0,6110.0,8550.0,5260.0,6240.0,151994.0,2430.0,4305.0,8180.0,3785.0,2455.0,84500,7800.0,6410,6760.0,5780.0,23550.0,7180.0,6310.0,3185.0,4000.0,,42329.0,13750.0,8330.0,18650.0,9520.0,41650.0,38150.0,6290.0,5260.0,1415.0,5010.0,175500.0,6440.0,5310.0,11200.0,,49150.0,16750.0,13600.0,2855.0,59300.0,31350.0,160500.0,8110.0,15350.0,2816.0,161000.0,9076.0,14547.0,2055.0,3625.0,2634.0,4000.0,11980.0,8810.0,6850.0,8710.0,39600.0,104000.0,9450.0,6506.0,26650.0,4610.0,4345.0,74200.0,10900.0,4550.0,9310.0,6720.0,3345.0,14350.0,11450.0,4980.0,,65100.0,24500.0,13400.0,17900.0,,30700.0,5140.0,8000.0,4335.0,,11132.0,3355.0,3065.0,1734.0,2140.0,3105.0,5670.0,10256.0,57823.0,,2556.0,3630.0,75700.0,10800.0,6082.0,4160.0,11400.0,3015.0,3575.0,36648.0,13250.0,,,5540.0,4255.0,,5980.0,2885.0,4672.0,,25550.0,38425.0,,32400.0,22800.0,,10076.0,5240.0,4155,11900.0,4070.0,5060.0,38400.0,2910.0,11450.0,,5930.0,7980.0,21000.0,3714.0,9145.0,1350.0,15000.0,7025.0,2065.0,9230.0,1475.0,6640.0,22.0,3000.0,21900.0,7900.0,7640.0,3320.0,18100.0,7000.0,53500.0,6210.0,120.0,12000.0,12250.0,34500.0,,81200.0,11025.0,11200.0,19835.0,57600.0,17515.0,17800.0,268000.0,14888.0,21275.0,81800.0,6720.0,35700.0,8150.0,7000.0,388000.0,,22350.0,17450.0,5600.0,6131.0,118000.0,151400.0,5010.0,42650.0,2975.0,9400.0,1810.0,31750.0,13150.0,,,53600.0,16700.0,414800,,18850.0,10350.0,603000.0,6310.0,1565.0,6960.0,26248.0,39600.0,12600.0,5030.0,13924.0,3075.0,5460.0,17050.0,15100.0,12200.0,7110.0,39000.0,2030.0,5960.0,,12925.0,5780.0,4950.0,8820.0,10470.0,8700.0,5930.0,9250.0,6200.0,107000.0,31666.0,90.0,11150.0,10750.0,4070.0,15500.0,6730.0,7360,5720.0,,10200.0,42050.0,8630.0,3535.0,17795.0,7310.0,5190.0,13300.0,2410.0,10050,6050.0,69200.0,8430.0,2937.0,4160.0,25500.0,10700.0,29750.0,128971.0,1900.0,12450.0,24050.0,25013.0,16050.0,22450.0,23898.0,15550.0,8358.0,40800.0,2260.0,1635.0,,3280.0,11350.0,,5230.0,8600.0,6500.0,16100.0,1366.0,1875.0,11450.0,59075.0,11000.0,2365.0,18200.0,8440.0,4415.0,15300.0,5151.0,12150.0,2335.0,17900.0,30150.0,240,8310.0,5970,6700.0,3520.0,8633.0,15350.0,6040.0,1900.0,6750.0,23900.0,8840.0,,3190.0,33000.0,42600.0,19720.0,1135380,16326.0,11550.0,7350.0,4815.0,3960.0,2210.0,3700.0,42000.0,23100.0,11400.0,9740.0,12100.0,3215.0,2031.0,9950.0,4540.0,13400.0,23634.0,1130.0,9674.0,719,2820,3920.0,2995.0,6910.0,20900.0,,12000.0,6950.0,9950.0,33750.0,26615.0,1337000.0,3005,4405.0,9650.0,,10200.0,5090.0,7420.0,48700.0,17156.0,9800.0,4400.0,1730.0,17000.0,2875.0,1265.0,3960,15750.0,9950.0,3515.0,10650.0,13400.0,7140.0,9000.0,1080,26200.0,9250.0,400,10800.0,,69500.0,,10151.0,4345.0,3800.0,88005.0,,15150.0,16400.0,10900.0,14400.0,13550.0,8540.0,23250.0,7650.0,80200.0,2860,3520.0,1916.0,8200.0,3475.0,16500.0,2257.0,17486.0,7198.0,275,,15950.0,2160,6190.0,35280.0,1620,10750.0,116000.0,5520.0,4055.0,2680.0,2565.0,14950.0,7450.0,4372.0,3070.0,13350.0,31792.0,6627.0,7690.0,1830,5099.0,3970.0,12530.0,23600.0,,29865.0,,37550.0,45300.0,17600.0,3205.0,5650.0,6770.0,2100.0,3100.0,5680.0,24200.0,4715.0,2750.0,7000.0,65200.0,115900.0,7800.0,4575.0,27989.0,7640.0,17090.0,,4915.0,,18600.0,13400.0,2480.0,5620.0,3226.0,9140.0,3220.0,8410.0,,74000.0,2910.0,21000.0,8815.0,,4115.0,1130,10150.0,16800.0,,4600.0,1568.0,127500.0,20450.0,7910.0,7460.0,7633.0,5940.0,10450.0,150600.0,3162.0,11334.0,74100.0,7600.0,5630.0,3265.0,7280.0,7290.0,5480.0,,215131.0,35500.0,11700,120723.0,,8300.0,2530.0,25600.0,7359.0,29000.0,2520.0,10100.0,5020.0,145500.0,9302.0,9350.0,79900.0,5900.0,3430.0,7645.0,5310.0,3810.0,15100.0,4040.0,5200.0,15550.0,4865.0,5850.0,6975.0,13250.0,5715.0,,8970.0,41800.0,2475.0,45947.0,2015.0,,2750.0,23500.0,5716.0,5460.0,4805.0,4490.0,,6725.0,5050.0,10300.0,11250.0,17600.0,2385.0,20947.0,8170.0,30296.0,101200.0,14200,12825.0,44750.0,20751.0,9380.0,11984.0,17200.0,52000.0,2900.0,,5051.0,12850.0,6812.0,22700.0,2260.0,10050.0,3640,7404.0,27650.0,18.0,9030.0,6970.0,25650.0,40850.0,3830.0,2945.0,,,6252.0,7056.0,23650.0,8377.0,13750.0,,,,,,10500.0,12829.0,13200.0,6811.0,,,,,,,7780.0,12800.0,13770.0,58570.0,22250.0,10250.0,17200.0,43500.0,2970.0,21963.0,11700.0,19150,20170.0,2955.0,4500.0,9200.0,5370.0,4035.0,,3050.0,,24850.0,23100.0,18463.0,11350.0,7744.0,,145397.0,4704.0,5900.0,,8180.0,734.0,6060.0,29450.0,3350.0,43785.0,3100.0,25450.0,10658.0,37114.0,6690.0,8470.0,2165,21080.0,9800.0,6712.0,11100.0,17600.0,67600.0,2155.0,,22000.0,178500.0,18400.0,6720.0,2250.0,,2105,10250.0,,,,,5470.0,19600.0,9270.0,18075.0,103283.0,16315.0,20400.0,5600.0,11720.0,66600.0,5690.0,4315.0,5950.0,,14338.0,11050.0,17900.0,6000.0,3442.0,45150.0,20802.0,4585.0,4065.0,6350.0,5343.0,,20000.0,7250.0,5840.0,11450.0,8220.0,15800.0,12350.0,3570.0,4680.0,,27550.0,51860.0,542.0,27750.0,60700.0,10000.0,2055,36690.0,3591.0,260747.0,10000.0,40050.0,10024.0,9430.0,409500.0,8070.0,2470.0,15713.0,2290.0,64100.0,1284.0,,18466.0,,18450.0,40150.0,6040.0,8650.0,2973.0,8547.0,2100,109106.0,22050.0,7269.0,3545.0,30136.0,34300.0,8620.0,1440.0,10650.0,52700.0,30550.0,,2505.0,5455.0,4900.0,,,5700.0,37350.0,7110.0,15500.0,17600.0,9980.0,32600.0,21700.0,8970.0,11241.0,128000.0,9540.0,101200.0,17000.0,13146.0,78600.0,,3701.0,1185.0,21350.0,3800.0,8750.0,10200.0,11408.0,91951.0,5930.0,,42450.0,10150.0,14750.0,,9570.0,44150.0,40.0,,77700.0,6000.0,16300.0,10850,6165.0,620,6365.0,8710.0,52000.0,12980.0,11546,8860.0,6847.0,5975.0,6760.0,8000.0,4485.0,24700.0,11400.0,77464.0,7250.0,16350.0,4440.0,19872.0,11510.0,10900.0,4595.0,31450,106000.0,26100.0,,40350.0,19199.0,739.0,9660.0,9730.0,13650.0,2745.0,,61800.0,11850.0,11000.0,6300.0,,,5790.0,3630.0,9600.0,4620.0,4530.0,98702.0,23800.0,4675.0,3804.0,13050.0,42959.0,4650.0,7869.0,2400.0,16050.0,2230,7220.0,282.0,3690.0,5350.0,5282.0,4020.0,10100.0,4795.0,,6990.0,10650.0,9990.0,67500.0,7490.0,36250,3080.0,8160.0,7930.0,,70000.0,2910.0,14400.0,7665,15500.0,3000.0,33350.0,15450.0,3646.0,35500.0,,10458.0,38950.0,18069,554.0,,4245.0,55910.0,3555.0,11315.0,,10452.0,3735,46.0,48750.0,4654.0,27200.0,24350.0,48000.0,2115.0,100100.0,8520.0,172900.0,1445.0,76500.0,4530.0,22833.0,,,24350.0,7032.0,3590.0,7170.0,,2280,7650.0,8725.0,10600.0,3330.0,8210.0,10850.0,2935,,13235.0,1680.0,,,25890.0,12250.0,17100.0,43250.0,1440.0,44500.0,8390.0,48900.0,7220.0,7530.0,15600.0,67705.0,11500.0,6120.0,22200.0,4855.0,2620.0,3631.0,5940.0,22850.0,17050.0,19951.0,1920.0,13536.0,4880.0,4750.0,55800.0,11950.0,61200.0,12088.0,20619.0,1440.0,13200.0,15593.0,11205.0,6095.0,35240.0,100119.0,17750.0,5930.0,4685.0,10100.0,2365.0,69896.0,51569.0,,15000.0,8540.0,25550.0,23300.0,5000.0,21900.0,23828.0,124500.0,10450.0,10950.0,156900.0,,,41250.0,36960.0,4220.0,6220.0,,103707.0,4558.0,34050.0,19500.0,15639.0,7770.0,5210.0,2434.0,3060.0,69030.0,,,5770.0,18000.0,56100.0,13465.0,1271250.0,3365.0,5160.0,2326.0,21274.0,,13250.0,13188.0,17600.0,5091.0,11750.0,16250.0,20600.0,46100.0,65283.0,14280.0,7742.0,17300.0,84700.0,80940.0,7375.0,140600.0,11345.0,72300.0,23500.0,7757.0,,2175.0,29366.0,6637.0,4496.0,3510.0,3660.0,19500.0,3387.0,9975.0,3770.0,31150.0,14100.0,7720.0,12249.0,16600.0,42450.0,,2995.0,5280.0,8630.0,9030.0,27900.0,8010.0,17507.0,28073.0,,6750.0,11500.0,10100.0,,22300.0,11820.0,,12815.0,3750.0,1505.0,38600.0,3600.0,13400.0,9350.0,5040.0,30550.0,13850.0,15707.0,8580.0,1845.0,980.0,16100.0,6925.0,20976.0,10000.0,3890.0,23900.0,6990.0,94900.0,10000.0,13044.0,8970.0,5200.0,19500.0,40050.0,40050.0,17000.0,15050.0,11750.0,14000.0,40650.0,49706.0,16160.0,4495.0,21571.0,3500.0,47300.0,8790.0,2365.0,11250.0,24450.0,9925.0,88600.0,2890.0,14900.0,2558.0,13950.0,9970.0,14450.0,8160.0,9760.0,10300.0,4515.0,5950.0,8400.0,12150.0,41550.0,80400.0,5830.0,4555.0,14520.0,14033.0,13520.0,3335.0,10050.0,24950.0,21650.0,27800.0,3435.0,8790.0,188000.0,2040.0,28200.0,117500.0,36600.0,17500.0,38450.0,30550.0,9750.0,5856.0,13950.0,263500.0,15515.0,8000.0,4510.0,170500.0,12500.0,22561.0,44150.0,189485.0,31478.0,9080.0,7430.0,5890.0,7320.0,12500.0,35835.0,6370.0,32000.0,20361.0,8190.0,22100.0,39850.0,7909.0,27500.0,11162.0,715000.0,645000.0,77200.0,733000.0,8811.0,27172.0,6854.0,30625.0,16800.0,12509.0,25200.0,115000.0,,4060.0,12811.0,17650.0,98500.0,12056.0,3460.0,4000.0,8900.0,6160.0,23950.0,19275.0,6125.0,2501.0,6010.0,5650.0,8950.0,14000.0,3355.0,13358.0,18500.0,24900.0,4933.0,5524.0,1928.0,51900.0,34454.0,,,,,12605.0,8612.0,2186.0,,5570.0,1540.0,24815.0,399.0,339000.0,8650.0,5483.0,6980.0,10400.0,16050.0,5100.0,20000.0
2021-10-31,16350.0,13300.0,52483.0,142000.0,12725.0,7420.0,,18250.0,8800.0,13002.0,7400.0,64900.0,99535.0,103000.0,64641.0,50300.0,16600.0,36600.0,12505.0,6950.0,41900.0,9820.0,57500.0,2510.0,21620.0,22800.0,3238.0,6557.0,5276.0,4357.0,6790.0,5360.0,21650.0,19494.0,34886.0,10350.0,26600.0,8890.0,5050.0,5075.0,81900.0,23850.0,30000.0,3995.0,3300.0,16000.0,3290.0,56700.0,,35300.0,124500.0,60217.0,7910.0,64000.0,2580.0,3235.0,4760.0,23389.0,381000,4405.0,,9180.0,333000.0,23650.0,7690.0,13400.0,207000.0,17400.0,2670.0,6760.0,1940.0,2080.0,21000.0,7120.0,15550.0,5690.0,2620.0,6865.0,3375.0,279000.0,12050.0,11928.0,6200.0,125500.0,4280.0,31600.0,7910.0,11450.0,15484.0,1000000.0,13066.0,6310.0,9670.0,4540.0,4690.0,91200.0,83288.0,18500.0,2710.0,14067.0,141035.0,6610.0,3140.0,6770.0,47600.0,136500.0,14350.0,45383.0,27800.0,85100.0,6910.0,16000.0,12850.0,1705.0,,3790.0,248000.0,,6360.0,5930.0,,12450.0,15597.0,17900.0,43650.0,16700.0,6490.0,14350.0,94400.0,61500.0,6659.0,,3950.0,5770.0,79344.0,20000.0,5608.0,8390.0,988.0,19050.0,12850.0,11100.0,2731.0,615.0,41538.0,48400.0,4560.0,3885.0,,29300.0,145500.0,208000.0,13337.0,47000.0,296000.0,25750.0,76500.0,,7470.0,12050.0,12450.0,5020.0,8870.0,7000.0,11750.0,20900.0,32750.0,7600.0,,19900.0,26550.0,47700.0,9280.0,8175.0,62600.0,274500.0,41350.0,10600.0,34350.0,718610.0,8100.0,185000.0,16400.0,35300.0,5390.0,13400.0,4440.0,6020.0,30000.0,27540.0,2770.0,47700.0,,3660.0,481000.0,11637.0,5623.0,2930.0,44000.0,33339.0,4750.0,1225,66900.0,39000.0,8157.0,20350.0,15750.0,6970.0,2720.0,,12700.0,7860.0,2930.0,6590.0,4405.0,3050.0,47850.0,2365.0,,3973.0,70500.0,,54897.0,2685.0,6490.0,28850.0,159000.0,7900.0,4740.0,2735.0,101500.0,3430.0,17300.0,5130.0,67000.0,10250.0,28850.0,8040.0,4470.0,9273.0,11100.0,30250.0,6320.0,48071.0,47000.0,4010.0,2900.0,11780.0,6380.0,7920.0,7900.0,7240.0,3363.0,2675.0,9580.0,4995.0,2125.0,102500.0,5090.0,14350.0,209500.0,12225.0,,84100.0,3380.0,4180.0,7300.0,13850.0,2415.0,19650.0,6270.0,6000.0,4345.0,,18400.0,172000.0,4576.0,23600.0,1020.0,2639.0,9900.0,37200.0,252000.0,14479.0,2490.0,7020.0,12850.0,10000.0,83300.0,11463.0,2190.0,2810.0,18900.0,5370.0,3321.0,6120.0,2810.0,35700.0,6100.0,6450.0,59241.0,5300.0,6250.0,6050.0,2485.0,14679.0,7860.0,4260.0,4320.0,9190.0,5680.0,9170.0,5220.0,5640.0,134656.0,2635.0,4390.0,6560.0,3800.0,2095.0,84100,7620.0,6410,6630.0,6010.0,22600.0,6680.0,6440.0,2880.0,4110.0,,42025.0,11300.0,7970.0,17950.0,8750.0,44300.0,39050.0,5140.0,5670.0,1410.0,6810.0,166000.0,6120.0,5360.0,10800.0,,48250.0,17050.0,13900.0,3245.0,52400.0,31400.0,153000.0,7950.0,16150.0,2267.0,137500.0,12667.0,13385.0,2290.0,4260.0,2786.0,3820.0,11770.0,8670.0,7200.0,13950.0,42150.0,100500.0,6500.0,5555.0,22550.0,4440.0,5270.0,79400.0,9980.0,4470.0,9310.0,6690.0,3295.0,11600.0,11700.0,5050.0,,64800.0,23300.0,14400.0,15850.0,,30300.0,3830.0,7640.0,3900.0,,11533.0,2775.0,3525.0,1576.0,2025.0,3740.0,6360.0,10482.0,54427.0,,2530.0,3740.0,75300.0,7670.0,6019.0,3890.0,13400.0,3285.0,6000.0,33804.0,13200.0,,,4755.0,4270.0,,5540.0,2720.0,4380.0,,24800.0,27768.0,,32850.0,23850.0,,10179.0,5200.0,3640,11100.0,4470.0,5240.0,38550.0,2835.0,11050.0,,4005.0,4920.0,20200.0,3988.0,8514.0,1330.0,14350.0,6693.0,2195.0,8550.0,1285.0,6610.0,3.0,3475.0,18850.0,8750.0,7250.0,2699.0,18650.0,6750.0,48750.0,6430.0,,12550.0,10950.0,35875.0,,81100.0,13325.0,9720.0,23551.0,54100.0,18208.0,16900.0,243000.0,14150.0,20400.0,82600.0,6320.0,33500.0,7920.0,6950.0,407000.0,,20700.0,18650.0,5270.0,7518.0,125500.0,176400.0,4475.0,52400.0,2780.0,11300.0,1750.0,32750.0,13250.0,,,70000.0,15500.0,380900,,17750.0,10050.0,627000.0,6080.0,2340.0,6720.0,25067.0,43700.0,11900.0,7480.0,15502.0,3375.0,5500.0,17950.0,14725.0,12200.0,6910.0,38700.0,1980.0,5480.0,,12500.0,5400.0,4960.0,8940.0,15420.0,8910.0,6170.0,8910.0,5760.0,107300.0,28914.0,41.0,8140.0,10700.0,4355.0,16400.0,6470.0,7360,5440.0,,10300.0,37650.0,7960.0,3470.0,15510.0,7590.0,4810.0,12500.0,2175.0,11850,5910.0,78200.0,8200.0,3063.0,4515.0,27150.0,10500.0,28800.0,108945.0,1920.0,9450.0,50000.0,24562.0,14000.0,32200.0,22921.0,16075.0,9143.0,40550.0,2270.0,1655.0,,3395.0,11050.0,,5870.0,8680.0,6625.0,15560.0,1506.0,1560.0,11900.0,75025.0,11000.0,2435.0,17450.0,8260.0,4400.0,15350.0,4961.0,9910.0,2450.0,20100.0,24300.0,240,8700.0,6890,7150.0,4035.0,9772.0,14900.0,5390.0,1900.0,6250.0,21700.0,7900.0,,2950.0,30550.0,40950.0,14605.0,1047190,11072.0,10850.0,6830.0,4750.0,3695.0,2360.0,4080.0,34250.0,20200.0,10975.0,7000.0,12150.0,3230.0,1828.0,9700.0,4435.0,15600.0,23443.0,1015.0,9208.0,719,2820,3850.0,3040.0,6650.0,17900.0,,13000.0,7375.0,9230.0,32900.0,27550.0,1171000.0,3005,4600.0,9975.0,,11000.0,5700.0,7150.0,70900.0,18466.0,11150.0,4090.0,1640.0,16500.0,3025.0,1170.0,3960,13900.0,10100.0,3700.0,9780.0,18250.0,6630.0,8240.0,1020,26900.0,9120.0,400,10650.0,,82000.0,,8804.0,4190.0,4190.0,83880.0,,15600.0,17900.0,11200.0,15100.0,12800.0,8070.0,22000.0,7300.0,72400.0,2860,3310.0,1822.0,7980.0,3495.0,16500.0,2089.0,18339.0,5581.0,275,,15850.0,2160,5710.0,34279.0,1620,9870.0,111000.0,5160.0,3845.0,2670.0,2540.0,13950.0,7150.0,4532.0,3065.0,12100.0,34972.0,5985.0,7300.0,1830,5266.0,4145.0,10015.0,24100.0,,29515.0,,74200.0,42100.0,27900.0,3495.0,5550.0,7180.0,2485.0,3080.0,8220.0,22500.0,4800.0,2750.0,7000.0,50100.0,125000.0,8025.0,4820.0,27714.0,7450.0,16451.0,,5325.0,,16250.0,13700.0,2215.0,5480.0,3271.0,8650.0,3075.0,7940.0,,58400.0,2920.0,20950.0,7274.0,,4235.0,1130,9550.0,16050.0,,5900.0,1633.0,120500.0,24800.0,9120.0,6480.0,7300.0,5300.0,9980.0,193000.0,3028.0,15821.0,65200.0,7120.0,5060.0,3190.0,7520.0,7600.0,7150.0,,166218.0,34350.0,12100,93492.0,,9740.0,2510.0,27000.0,6565.0,26350.0,2520.0,10550.0,3910.0,140000.0,9428.0,6560.0,82800.0,6300.0,3440.0,7239.0,5340.0,3920.0,14050.0,3102.0,5750.0,15600.0,5580.0,8140.0,5175.0,13850.0,6102.0,,11150.0,37750.0,2315.0,38249.0,1980.0,,2535.0,25150.0,5932.0,5850.0,4845.0,4672.0,,6825.0,5150.0,12000.0,11200.0,16550.0,2535.0,19979.0,7680.0,30296.0,104400.0,12014,15133.0,42250.0,22323.0,10050.0,7160.0,15850.0,46600.0,2870.0,,3991.0,12750.0,6753.0,19400.0,2030.0,9760.0,3495,7450.0,25800.0,,8870.0,6920.0,23000.0,37850.0,4945.0,2830.0,,,7240.0,5915.0,20450.0,8226.0,14550.0,,,,,,11400.0,14458.0,13250.0,6549.0,,,,,,,6850.0,10300.0,12369.0,46932.0,21500.0,10000.0,17400.0,46450.0,2790.0,21645.0,11250.0,18850,18047.0,4700.0,4750.0,8140.0,5230.0,3785.0,,2970.0,,29500.0,22450.0,18707.0,11800.0,7761.0,,136887.0,4929.0,6940.0,,8500.0,120.0,6100.0,27550.0,3335.0,39012.0,3060.0,25650.0,10759.0,38265.0,6240.0,8150.0,1630,19942.0,9950.0,6991.0,12350.0,16750.0,63000.0,2115.0,,20300.0,181500.0,18700.0,6220.0,2075.0,,2105,9850.0,,,,,5510.0,17000.0,9340.0,17550.0,76376.0,14971.0,20050.0,5680.0,17210.0,66300.0,5480.0,4315.0,6050.0,,13672.0,8160.0,18300.0,5580.0,3425.0,47800.0,19483.0,4820.0,4840.0,6380.0,5508.0,,19100.0,7825.0,8190.0,17300.0,7790.0,15050.0,11800.0,3590.0,4420.0,,26650.0,47502.0,545.0,34500.0,53200.0,9125.0,1567,33322.0,3623.0,238608.0,9560.0,43350.0,9731.0,9460.0,380000.0,8110.0,2710.0,16764.0,2245.0,50200.0,1284.0,,16690.0,,18750.0,39600.0,5850.0,8450.0,3113.0,8003.0,2065,92696.0,24300.0,7288.0,3480.0,27083.0,36700.0,8310.0,1440.0,23600.0,55500.0,28900.0,,2505.0,5417.0,5190.0,,,9260.0,38650.0,6930.0,14100.0,18100.0,8990.0,32550.0,20925.0,9660.0,10774.0,139000.0,8720.0,109600.0,17300.0,12416.0,69600.0,,3773.0,1185.0,21850.0,3810.0,8310.0,9860.0,14376.0,89309.0,4620.0,,42850.0,10200.0,13800.0,,9150.0,44650.0,,,69400.0,5075.0,16350.0,15150,5490.0,620,6495.0,8640.0,50600.0,12980.0,10588,8500.0,6976.0,5475.0,6750.0,8000.0,4285.0,24400.0,9600.0,71850.0,7200.0,15600.0,4170.0,20937.0,11290.0,10050.0,4850.0,28000,109000.0,21900.0,,44450.0,17371.0,739.0,9700.0,8990.0,14500.0,2920.0,,70300.0,10950.0,10350.0,6030.0,,,5480.0,3645.0,10200.0,4845.0,4825.0,89837.0,25550.0,4780.0,3967.0,17050.0,41750.0,4705.0,8259.0,2260.0,16800.0,2230,7100.0,282.0,3890.0,8821.0,5354.0,3630.0,9950.0,4155.0,,6980.0,10500.0,8890.0,60100.0,7110.0,34450,3570.0,7950.0,8010.0,,66800.0,2875.0,12950.0,14150,15800.0,2950.0,34900.0,16800.0,3497.0,33300.0,,10963.0,30700.0,16596,549.0,,4310.0,52372.0,3255.0,11548.0,,10783.0,3735,,44950.0,4566.0,16120.0,25400.0,45900.0,2130.0,97000.0,6720.0,180800.0,1450.0,69100.0,4015.0,22017.0,,,22100.0,8923.0,3245.0,8450.0,,2470,7660.0,8650.0,10200.0,3440.0,8880.0,6950.0,3160,,11885.0,1680.0,,,25890.0,17150.0,16350.0,41350.0,1500.0,44650.0,8380.0,51100.0,5920.0,7750.0,15800.0,65454.0,10550.0,6270.0,23950.0,4560.0,2700.0,3608.0,10100.0,23050.0,16100.0,20153.0,1920.0,13726.0,4550.0,4750.0,45200.0,11850.0,54800.0,9634.0,23571.0,1440.0,13600.0,16654.0,11155.0,5940.0,20682.0,97626.0,15800.0,6100.0,4530.0,8790.0,2398.0,69024.0,43283.0,,15100.0,8370.0,24400.0,23050.0,4110.0,22500.0,27045.0,124000.0,12900.0,12725.0,119800.0,,,43500.0,49800.0,4570.0,10858.0,,106458.0,4341.0,27700.0,21850.0,14137.0,7710.0,5890.0,2261.0,2870.0,75330.0,,,5950.0,16050.0,47700.0,14750.0,1266886.0,2900.0,5350.0,2330.0,24476.0,,12700.0,12166.0,12950.0,5539.0,11750.0,14400.0,18650.0,50100.0,58075.0,13440.0,7265.0,17050.0,92000.0,86873.0,7700.0,141500.0,11370.0,77000.0,24700.0,7757.0,,2155.0,29020.0,6323.0,3993.0,3750.0,3230.0,17650.0,2719.0,11002.0,5310.0,31300.0,14600.0,7630.0,12497.0,14350.0,48850.0,,2995.0,5390.0,8190.0,8770.0,30650.0,7200.0,17507.0,27299.0,,6800.0,8350.0,11475.0,,21550.0,11525.0,,13495.0,3680.0,1920.0,38500.0,3260.0,12950.0,10400.0,4645.0,28900.0,13150.0,15006.0,8370.0,2150.0,917.0,16200.0,5432.0,22024.0,11250.0,3650.0,24800.0,6190.0,87500.0,9030.0,11254.0,9110.0,5020.0,18500.0,40450.0,38050.0,17200.0,14900.0,12000.0,13750.0,37500.0,45974.0,13140.0,4450.0,21146.0,3350.0,46150.0,6750.0,2285.0,10975.0,22200.0,8875.0,86100.0,2905.0,13700.0,2636.0,12850.0,9970.0,13220.0,7710.0,8010.0,10400.0,4520.0,5950.0,7780.0,11600.0,42000.0,103900.0,5090.0,4615.0,14520.0,14000.0,13470.0,3125.0,10300.0,23700.0,18000.0,22100.0,3230.0,9520.0,215500.0,2040.0,28650.0,118000.0,34000.0,16400.0,42400.0,26350.0,9800.0,6894.0,12800.0,283200.0,13650.0,9600.0,4660.0,161500.0,13050.0,32989.0,43500.0,180000.0,30381.0,8862.0,7090.0,5800.0,7010.0,13600.0,33123.0,6520.0,33800.0,20361.0,7790.0,20550.0,50500.0,7831.0,25550.0,9584.0,575000.0,597000.0,67500.0,709000.0,7023.0,24998.0,7204.0,25595.0,15000.0,9882.0,24350.0,103000.0,,6170.0,11209.0,13850.0,116500.0,11192.0,3680.0,5490.0,13200.0,6650.0,21550.0,18600.0,6135.0,2443.0,5850.0,5570.0,8900.0,11450.0,3445.0,13158.0,18350.0,22950.0,4717.0,5644.0,1919.0,52200.0,39659.0,,,,,13506.0,12492.0,2254.0,,5811.0,1515.0,24865.0,406.0,363000.0,9125.0,5223.0,7190.0,8810.0,16050.0,5120.0,19000.0
2021-11-30,15200.0,13000.0,50643.0,124000.0,10575.0,6300.0,,14250.0,8100.0,10525.0,6512.0,57500.0,104252.0,114000.0,59553.0,44200.0,14900.0,32900.0,10404.0,6200.0,36600.0,8310.0,67000.0,2010.0,19629.0,17714.0,2697.0,6102.0,4264.0,3185.0,5810.0,5290.0,18250.0,15561.0,33376.0,9010.0,18800.0,8450.0,4645.0,3810.0,68300.0,21450.0,26200.0,3130.0,3155.0,14700.0,2690.0,53000.0,,28500.0,120000.0,54886.0,7330.0,57500.0,2415.0,2535.0,4550.0,15635.0,318500,3635.0,,10000.0,275000.0,20950.0,5830.0,11150.0,186000.0,15100.0,2240.0,6120.0,1960.0,1890.0,19450.0,6000.0,14000.0,4470.0,2080.0,5326.0,2910.0,268500.0,10850.0,10877.0,5000.0,98900.0,3670.0,30900.0,7500.0,9910.0,14413.0,918000.0,11567.0,4900.0,9020.0,3860.0,4080.0,78400.0,66630.0,19450.0,2520.0,14067.0,152667.0,5360.0,2640.0,7300.0,40050.0,123000.0,14400.0,40512.0,23100.0,78100.0,6120.0,15700.0,10250.0,1225.0,,3350.0,217500.0,,6290.0,4930.0,,10500.0,14096.0,18200.0,41000.0,14100.0,5880.0,12900.0,83600.0,52400.0,5516.0,,2845.0,4700.0,69715.0,14600.0,4300.0,7920.0,930.0,14950.0,12600.0,10600.0,2421.0,604.0,42526.0,42650.0,3800.0,3200.0,,24600.0,131000.0,195500.0,12089.0,39300.0,261000.0,24450.0,67800.0,,5800.0,10300.0,13100.0,4485.0,7600.0,6800.0,11300.0,18100.0,31050.0,7675.0,,17450.0,28500.0,43950.0,7270.0,9425.0,49150.0,218000.0,36700.0,9800.0,30500.0,673574.0,7180.0,170500.0,16000.0,33960.0,5000.0,11600.0,3285.0,4700.0,25300.0,24161.0,1995.0,40850.0,,3015.0,435500.0,11957.0,4435.0,2670.0,38950.0,30095.0,3200.0,1225,52000.0,34800.0,5845.0,14350.0,22950.0,6220.0,2135.0,,10250.0,7800.0,2325.0,4750.0,3405.0,2620.0,39850.0,2180.0,,3475.0,59500.0,,48251.0,2118.0,5400.0,28300.0,166500.0,6000.0,3690.0,2310.0,86300.0,2390.0,17200.0,4130.0,52400.0,9600.0,29800.0,6900.0,3735.0,7606.0,9620.0,25750.0,5520.0,38833.0,47400.0,3100.0,2390.0,10500.0,5070.0,6300.0,6750.0,5940.0,3683.0,2280.0,7500.0,4430.0,1950.0,79900.0,4545.0,11400.0,304500.0,11750.0,,71600.0,3490.0,4215.0,6170.0,11900.0,2500.0,14850.0,6040.0,6000.0,3405.0,,15000.0,155000.0,3803.0,17950.0,921.0,2138.0,7175.0,33500.0,220500.0,12651.0,2490.0,5940.0,12800.0,8580.0,73500.0,9818.0,1820.0,1700.0,15350.0,4820.0,2701.0,5750.0,2010.0,31850.0,4890.0,5600.0,59923.0,4505.0,6250.0,5130.0,2430.0,12758.0,7820.0,4400.0,3455.0,8030.0,4615.0,7740.0,4920.0,5010.0,114429.0,2225.0,3320.0,5690.0,3630.0,2040.0,84200,7200.0,6410,5890.0,5040.0,20750.0,5110.0,6590.0,2035.0,3280.0,,41116.0,9590.0,6860.0,16800.0,7800.0,44100.0,36000.0,3965.0,4350.0,1325.0,3750.0,157500.0,5270.0,3930.0,11300.0,,39350.0,15750.0,11500.0,2925.0,44650.0,30950.0,143500.0,7280.0,13000.0,2040.0,115000.0,11690.0,12037.0,2040.0,3750.0,3775.0,2895.0,11259.0,7180.0,5140.0,9610.0,35100.0,128500.0,5075.0,4624.0,18100.0,3510.0,4905.0,67700.0,7970.0,3700.0,9310.0,5720.0,3070.0,9280.0,10150.0,4420.0,,61800.0,21650.0,15300.0,10450.0,,26150.0,3055.0,6280.0,3150.0,,9031.0,2175.0,2830.0,1391.0,1725.0,3045.0,4430.0,9429.0,49051.0,,2259.0,3305.0,64900.0,4050.0,5824.0,3130.0,9950.0,2475.0,6600.0,44419.0,9770.0,,,3770.0,3520.0,,4910.0,2125.0,2800.0,,20750.0,19362.0,,32300.0,21700.0,,21229.0,4390.0,2645,8650.0,3800.0,4130.0,38550.0,2125.0,11550.0,,3510.0,2135.0,15950.0,2987.0,7346.0,1455.0,13550.0,6333.0,1590.0,8410.0,1165.0,4700.0,,2700.0,17950.0,7800.0,6210.0,2979.0,17800.0,6025.0,48950.0,6300.0,,9800.0,8550.0,28935.0,,81900.0,4845.0,7750.0,18339.0,44200.0,18393.0,15600.0,259500.0,13000.0,16400.0,79400.0,6450.0,24350.0,7100.0,6430.0,381000.0,,16950.0,16100.0,5100.0,5785.0,122000.0,135800.0,3625.0,45400.0,2055.0,9300.0,1355.0,31450.0,12900.0,,,50000.0,13400.0,402900,,16750.0,8450.0,681000.0,5320.0,2080.0,5450.0,21528.0,35100.0,9300.0,5010.0,13714.0,2700.0,5150.0,12950.0,12675.0,11150.0,5450.0,34300.0,1815.0,6260.0,,9075.0,4800.0,4240.0,7690.0,12240.0,6850.0,5670.0,8740.0,4865.0,102300.0,25825.0,,3420.0,12200.0,3600.0,17900.0,5020.0,7360,4105.0,,9010.0,31500.0,8300.0,2920.0,13330.0,7690.0,4200.0,11250.0,2415.0,15150,5000.0,67300.0,7680.0,3604.0,3530.0,22100.0,8700.0,24100.0,86515.0,1605.0,8120.0,79500.0,18309.0,10800.0,27100.0,20522.0,16300.0,7130.0,32800.0,1994.0,1400.0,,2685.0,9240.0,,5210.0,8510.0,5350.0,12210.0,1381.0,1165.0,11200.0,80375.0,11000.0,2070.0,13200.0,7660.0,3850.0,14350.0,4163.0,7780.0,2290.0,18600.0,19650.0,240,9680.0,6790,5870.0,3660.0,6606.0,13650.0,4565.0,1900.0,5370.0,18700.0,6880.0,,2420.0,27300.0,50775.0,12532.0,949680,14559.0,9990.0,5230.0,3605.0,2970.0,1770.0,4190.0,22000.0,19850.0,9750.0,5550.0,9820.0,3315.0,1723.0,8260.0,4265.0,12950.0,24680.0,790.0,7739.0,719,2820,3400.0,2615.0,6250.0,13600.0,,11900.0,7250.0,8800.0,25800.0,24570.0,1054000.0,3005,4535.0,8050.0,,9440.0,4340.0,6460.0,83300.0,13700.0,13500.0,3300.0,1400.0,15550.0,2340.0,1245.0,3960,11300.0,8630.0,2890.0,8510.0,11650.0,5830.0,7930.0,997,22800.0,8310.0,400,10400.0,,65600.0,,6820.0,4070.0,3050.0,68295.0,,14200.0,13150.0,10050.0,12150.0,12550.0,9180.0,16450.0,6000.0,83000.0,2860,3095.0,1758.0,7180.0,2820.0,16500.0,2318.0,23457.0,5152.0,275,,12100.0,2160,5200.0,39645.0,1620,9480.0,103000.0,4700.0,3285.0,2325.0,2290.0,13200.0,7100.0,4392.0,2525.0,10100.0,29947.0,5415.0,5610.0,1830,4050.0,3435.0,6395.0,22550.0,,26513.0,,189800.0,35300.0,34200.0,2670.0,4775.0,7440.0,1830.0,3240.0,14550.0,18900.0,5040.0,2750.0,7000.0,46650.0,144500.0,8400.0,4285.0,22948.0,7400.0,16371.0,,4047.0,,14550.0,15000.0,2215.0,4775.0,2760.0,8750.0,2960.0,8010.0,,54300.0,2785.0,19450.0,5903.0,,4105.0,1130,8300.0,15700.0,,5880.0,1488.0,115500.0,20100.0,6830.0,6390.0,9333.0,6040.0,8530.0,204100.0,2667.0,15222.0,51100.0,5880.0,4610.0,2875.0,6780.0,6520.0,4685.0,,171607.0,31750.0,9640,99021.0,,9030.0,2585.0,24350.0,5517.0,21600.0,2550.0,10000.0,4500.0,132500.0,7306.0,4300.0,67100.0,4620.0,2510.0,6559.0,4870.0,3535.0,13000.0,2786.0,4055.0,14450.0,4975.0,5790.0,3930.0,12700.0,5188.0,,8300.0,42500.0,2010.0,24777.0,2035.0,,2070.0,26950.0,4309.0,3955.0,3865.0,4788.0,,6975.0,4700.0,8520.0,10950.0,15750.0,2050.0,17074.0,6040.0,30296.0,121600.0,5010,13195.0,37500.0,15651.0,7300.0,5809.0,13450.0,53700.0,2405.0,,3056.0,11900.0,6782.0,16400.0,2150.0,7690.0,3215,6025.0,19300.0,,7980.0,5740.0,22000.0,30200.0,3820.0,3200.0,,,5821.0,4822.0,20450.0,6611.0,13300.0,,,,,,8280.0,16262.0,11350.0,6564.0,,,,,,,6150.0,10700.0,9302.0,37154.0,17150.0,8990.0,17750.0,40450.0,2135.0,22372.0,9430.0,14750,16155.0,4240.0,4680.0,7240.0,4960.0,3785.0,,2355.0,,29950.0,19600.0,23939.0,10650.0,6986.0,,119868.0,5830.0,5280.0,,8870.0,,5990.0,35450.0,2565.0,36011.0,2930.0,24950.0,9747.0,33863.0,5520.0,6280.0,1305,14387.0,8430.0,6585.0,11300.0,15750.0,56500.0,1745.0,,18000.0,157000.0,21100.0,6100.0,1687.0,,2105,10600.0,,,,,5210.0,15000.0,11050.0,12380.0,76471.0,12978.0,19300.0,3975.0,15810.0,62500.0,4230.0,3970.0,4650.0,,11931.0,5930.0,16750.0,6000.0,2770.0,51400.0,23390.0,3880.0,3895.0,6250.0,6064.0,,19400.0,7950.0,13800.0,15400.0,6180.0,11050.0,8720.0,3395.0,4070.0,,25650.0,41546.0,516.0,34500.0,75700.0,8175.0,1865,25100.0,2979.0,191378.0,7490.0,45050.0,7472.0,7620.0,354000.0,10800.0,2140.0,14187.0,1680.0,39100.0,1284.0,,17715.0,,17650.0,35500.0,4570.0,7210.0,3373.0,6387.0,1740,96830.0,26750.0,6670.0,3205.0,21848.0,31600.0,7600.0,1440.0,57800.0,39800.0,27350.0,,2505.0,4367.0,4250.0,,,11050.0,41500.0,4385.0,11950.0,12650.0,7240.0,31000.0,20950.0,7760.0,8105.0,143000.0,7380.0,107000.0,13750.0,11783.0,56200.0,,7141.0,1185.0,19600.0,3705.0,7370.0,10300.0,13200.0,74829.0,5680.0,,45050.0,9410.0,9840.0,,8030.0,38750.0,,,56700.0,4010.0,11700.0,12850,4702.0,620,6490.0,11100.0,42500.0,12980.0,9821,7420.0,6101.0,5050.0,6050.0,8000.0,7610.0,21150.0,7360.0,56206.0,6930.0,14250.0,3640.0,17743.0,8988.0,8620.0,4605.0,25900,94200.0,20100.0,,66800.0,16897.0,739.0,8740.0,7560.0,12050.0,2625.0,,55700.0,10200.0,9430.0,5060.0,,,6200.0,2960.0,8240.0,4015.0,3795.0,70378.0,25450.0,4635.0,3554.0,10700.0,38768.0,4150.0,10170.0,1730.0,18200.0,2230,5720.0,282.0,2950.0,4990.0,4018.0,3015.0,9350.0,3125.0,,6540.0,8725.0,7500.0,53700.0,8680.0,25800,2670.0,7670.0,7820.0,,57800.0,2655.0,9930.0,16100,15300.0,2965.0,47800.0,12150.0,3215.0,30150.0,,14200.0,22550.0,13009,809.0,,3795.0,61385.0,2960.0,9778.0,,8400.0,3735,,48950.0,4381.0,16640.0,21700.0,38500.0,1850.0,93800.0,6000.0,142300.0,1315.0,53600.0,3210.0,14198.0,,,18300.0,8325.0,3035.0,10600.0,,2450,7200.0,7350.0,8890.0,2750.0,6800.0,5010.0,2940,,8877.0,1680.0,,,25890.0,13600.0,15850.0,38400.0,1320.0,37000.0,6630.0,60100.0,4105.0,6400.0,15700.0,61583.0,9470.0,7700.0,23800.0,3845.0,2695.0,3449.0,8240.0,14450.0,13500.0,20455.0,1920.0,13996.0,4000.0,4750.0,46100.0,12250.0,53200.0,11500.0,17394.0,1440.0,11150.0,13552.0,8938.0,4825.0,15889.0,88487.0,12700.0,6190.0,3885.0,8170.0,1723.0,73962.0,34556.0,,6970.0,9210.0,19250.0,21650.0,3645.0,18150.0,21151.0,90700.0,18400.0,9725.0,100600.0,,,45250.0,49560.0,5290.0,6477.0,,76201.0,4076.0,23300.0,19500.0,11510.0,6340.0,8090.0,1939.0,2375.0,49380.0,,,4915.0,16500.0,38000.0,12830.0,1293067.0,2335.0,5520.0,2538.0,20002.0,,11600.0,10913.0,10350.0,4044.0,,13050.0,18600.0,46300.0,57123.0,12460.0,6017.0,16700.0,77200.0,82428.0,7025.0,166200.0,8835.0,74700.0,19850.0,7757.0,,1760.0,29083.0,5443.0,3375.0,3340.0,2710.0,13550.0,2423.0,9193.0,3780.0,32900.0,13600.0,6940.0,11752.0,12850.0,45300.0,,2995.0,4490.0,5760.0,7780.0,40250.0,6400.0,17507.0,22546.0,,7420.0,6130.0,8175.0,,16800.0,8425.0,,10372.0,3245.0,1340.0,36800.0,2590.0,11500.0,8175.0,3650.0,27900.0,11650.0,12904.0,7590.0,1660.0,830.0,13950.0,4522.0,20265.0,9550.0,3140.0,21800.0,4015.0,125400.0,7770.0,9647.0,8670.0,4590.0,20475.0,39000.0,36200.0,15050.0,12150.0,11850.0,13800.0,27600.0,41422.0,11080.0,4575.0,19095.0,2737.0,40900.0,5800.0,2100.0,8900.0,16650.0,7125.0,84600.0,2650.0,18100.0,2001.0,10650.0,9970.0,12635.0,6460.0,9990.0,8260.0,4175.0,5950.0,6430.0,11500.0,38350.0,131700.0,5460.0,3630.0,14520.0,13866.0,12093.0,2655.0,8540.0,21300.0,15150.0,21800.0,2630.0,7750.0,206500.0,2040.0,21000.0,97100.0,30350.0,14100.0,37900.0,22200.0,8750.0,5650.0,9410.0,344800.0,14650.0,9200.0,4240.0,146000.0,12050.0,23306.0,38050.0,139000.0,34005.0,8681.0,6800.0,6430.0,6450.0,12800.0,30266.0,5900.0,29950.0,14801.0,7600.0,18400.0,32800.0,7724.0,20800.0,7542.0,492000.0,502000.0,59700.0,598000.0,5325.0,14194.0,9289.0,25295.0,12350.0,9357.0,19800.0,92000.0,,5230.0,9758.0,13900.0,112000.0,9281.0,5210.0,4360.0,17000.0,6210.0,18550.0,15800.0,5110.0,2108.0,5100.0,4700.0,8900.0,9800.0,2850.0,12658.0,17750.0,18700.0,4316.0,5424.0,1858.0,49250.0,47128.0,,,,,11405.0,10366.0,2297.0,,5029.0,1200.0,20915.0,318.0,321000.0,6775.0,4242.0,6410.0,6680.0,16050.0,3800.0,18350.0
2021-12-31,14600.0,13750.0,56854.0,126000.0,12225.0,7810.0,,17550.0,8100.0,10915.0,7628.0,64100.0,108498.0,131000.0,61721.0,44450.0,15550.0,34250.0,12480.0,7540.0,40200.0,9100.0,72700.0,2255.0,21719.0,17942.0,3020.0,6021.0,4449.0,3666.0,6150.0,5820.0,19900.0,15388.0,38995.0,10700.0,21050.0,8720.0,4905.0,4050.0,76500.0,23300.0,29950.0,3410.0,3020.0,15950.0,3205.0,60200.0,,33050.0,128000.0,58539.0,7650.0,58000.0,2550.0,2675.0,5130.0,16572.0,344500,4290.0,,10520.0,315000.0,22800.0,6510.0,12600.0,188000.0,16000.0,2440.0,6220.0,2115.0,1980.0,21800.0,6450.0,14450.0,5000.0,2215.0,5969.0,3195.0,257500.0,11600.0,11791.0,5710.0,103000.0,3980.0,31050.0,9360.0,10700.0,16214.0,1043000.0,13500.0,5160.0,9450.0,4165.0,5290.0,80900.0,66405.0,21800.0,2635.0,14067.0,139581.0,6430.0,3000.0,8370.0,43050.0,124000.0,14600.0,40462.0,25250.0,75000.0,6840.0,16150.0,11300.0,1335.0,,3550.0,254000.0,,10500.0,5950.0,,11950.0,17098.0,21450.0,43500.0,16450.0,6450.0,13200.0,90800.0,54600.0,7694.0,,4660.0,5140.0,72951.0,15100.0,4666.0,8770.0,1525.0,15700.0,13400.0,16550.0,2649.0,591.0,45588.0,47300.0,4060.0,3545.0,,27150.0,133500.0,209000.0,13854.0,43850.0,274500.0,26300.0,70800.0,,7040.0,11400.0,13050.0,4560.0,8580.0,7360.0,11850.0,19300.0,31200.0,7275.0,,18400.0,27000.0,46400.0,7890.0,10900.0,54100.0,218000.0,39600.0,11650.0,33300.0,641266.0,8220.0,183000.0,16800.0,37745.0,5190.0,12350.0,3405.0,5340.0,28000.0,26000.0,2250.0,47350.0,,3915.0,456000.0,14381.0,5067.0,3110.0,42650.0,31381.0,3590.0,1225,56500.0,33300.0,6616.0,16000.0,31200.0,7110.0,2275.0,,11100.0,8400.0,2485.0,5310.0,3830.0,2820.0,44200.0,2400.0,,3780.0,65000.0,,53209.0,2387.0,6220.0,36800.0,197500.0,6410.0,3930.0,2500.0,92600.0,2920.0,19350.0,4475.0,54900.0,10250.0,30700.0,7820.0,4335.0,7342.0,10600.0,30000.0,5930.0,41775.0,46750.0,3525.0,2680.0,11160.0,5670.0,7750.0,7120.0,6420.0,5789.0,2665.0,8320.0,4460.0,2800.0,85700.0,5100.0,11450.0,364000.0,13125.0,,79900.0,3701.0,4375.0,6270.0,12900.0,3055.0,16300.0,7090.0,6000.0,3640.0,,16800.0,166000.0,4250.0,21450.0,950.0,2323.0,8075.0,35350.0,254500.0,14990.0,2490.0,6940.0,14150.0,8810.0,73900.0,11271.0,1910.0,1725.0,16750.0,5340.0,3006.0,6270.0,2055.0,32600.0,5780.0,5930.0,58481.0,5190.0,6250.0,6320.0,2590.0,12067.0,7820.0,4425.0,3950.0,8930.0,5080.0,7980.0,5550.0,5400.0,116162.0,2415.0,3675.0,6220.0,3950.0,2185.0,84400,7160.0,6410,6740.0,5710.0,22100.0,5480.0,6700.0,2290.0,3470.0,,48231.0,10600.0,7420.0,17800.0,8570.0,47100.0,35800.0,5160.0,4730.0,1355.0,4095.0,167500.0,5670.0,4350.0,11950.0,,41200.0,17300.0,11800.0,3260.0,48200.0,30650.0,156500.0,7150.0,13850.0,1980.0,127500.0,18482.0,12502.0,2180.0,4370.0,2958.0,3345.0,8857.0,7790.0,7420.0,10850.0,35600.0,135000.0,6150.0,4814.0,20000.0,3925.0,5310.0,74400.0,8190.0,4175.0,9310.0,6560.0,3165.0,10200.0,10850.0,4835.0,,63600.0,22800.0,15950.0,13150.0,,28700.0,2995.0,7160.0,3450.0,,9832.0,2325.0,3140.0,1360.0,1955.0,3305.0,4905.0,11545.0,50560.0,,2348.0,3735.0,76300.0,5250.0,6127.0,3635.0,10500.0,3285.0,5320.0,39572.0,10550.0,,,4265.0,3920.0,,5290.0,2270.0,2320.0,,22900.0,20838.0,,33050.0,22850.0,,18780.0,4980.0,3690,9310.0,4420.0,4445.0,,2340.0,17900.0,,3315.0,2865.0,17550.0,3368.0,7958.0,1540.0,13600.0,8105.0,1655.0,9570.0,1285.0,5220.0,,3000.0,18500.0,12600.0,8200.0,2755.0,25050.0,6275.0,47350.0,6940.0,,11500.0,8710.0,30000.0,,79000.0,6975.0,8350.0,20400.0,49350.0,22737.0,16000.0,251000.0,13800.0,18800.0,76800.0,7050.0,27100.0,8230.0,6410.0,378500.0,,19850.0,19000.0,5550.0,8320.0,112500.0,138800.0,4020.0,50700.0,2470.0,12300.0,1465.0,31850.0,14600.0,,,54600.0,14350.0,402900,,17600.0,9060.0,643000.0,6130.0,2210.0,5900.0,24920.0,34600.0,10350.0,5560.0,15643.0,3005.0,5660.0,13500.0,13650.0,12250.0,5560.0,36200.0,2060.0,6510.0,,10400.0,5710.0,4730.0,8300.0,12050.0,7220.0,6560.0,9550.0,5300.0,119500.0,35335.0,,4750.0,23300.0,3835.0,21200.0,5650.0,7360,6730.0,,9680.0,37350.0,8940.0,2950.0,12600.0,7270.0,4770.0,12850.0,2595.0,21250,5200.0,74200.0,9080.0,3394.0,3880.0,23150.0,9600.0,27400.0,87316.0,1810.0,9140.0,96300.0,19960.0,11350.0,27400.0,20478.0,18925.0,7096.0,35350.0,2000.0,1595.0,,3110.0,10100.0,,5640.0,9130.0,5700.0,12590.0,1422.0,1260.0,11850.0,96700.0,11000.0,2120.0,13600.0,7850.0,4280.0,16850.0,5035.0,10600.0,2485.0,19700.0,24350.0,4,10150.0,6900,6120.0,4145.0,7695.0,15400.0,4860.0,1900.0,5770.0,22450.0,8090.0,,2585.0,32450.0,46500.0,12440.0,1210000,11897.0,10700.0,5830.0,4485.0,3755.0,2200.0,4310.0,21250.0,23650.0,12850.0,6700.0,11100.0,3885.0,1841.0,8510.0,4570.0,13750.0,31862.0,855.0,9135.0,719,2820,3810.0,2760.0,6570.0,18400.0,,17000.0,10700.0,9990.0,28750.0,22655.0,1097000.0,3005,4905.0,8600.0,,9980.0,4425.0,6880.0,85000.0,15785.0,16700.0,3970.0,1820.0,15200.0,3055.0,1370.0,3960,19450.0,9140.0,3340.0,8700.0,11400.0,6760.0,9040.0,1040,26850.0,8980.0,400,12150.0,,98900.0,,6877.0,5130.0,3515.0,74625.0,,17400.0,14850.0,10900.0,12850.0,13050.0,9510.0,18000.0,6800.0,81400.0,2860,5550.0,1970.0,7470.0,3055.0,16500.0,2557.0,22524.0,6213.0,275,,13850.0,2160,5500.0,39706.0,1620,11850.0,104500.0,4875.0,3835.0,2585.0,2540.0,14450.0,7410.0,5978.0,2890.0,11100.0,30350.0,5795.0,7410.0,1830,4739.0,3745.0,7290.0,26700.0,,30415.0,,237500.0,41800.0,34200.0,3000.0,5480.0,7570.0,2200.0,4680.0,14750.0,20800.0,5650.0,2750.0,7000.0,48600.0,148500.0,8550.0,4710.0,25923.0,8240.0,15553.0,,4293.0,,16600.0,21200.0,2425.0,5560.0,2745.0,8940.0,3210.0,7650.0,,64300.0,3085.0,20900.0,8575.0,,4565.0,1130,9510.0,26050.0,,5550.0,1675.0,138000.0,21000.0,8900.0,6410.0,10250.0,5790.0,9320.0,202700.0,3326.0,17353.0,56900.0,6500.0,5120.0,2985.0,7100.0,7610.0,5220.0,,167242.0,33150.0,10250,105669.0,,9170.0,4030.0,28900.0,5940.0,23150.0,2660.0,10750.0,4630.0,148000.0,7172.0,4730.0,75100.0,4895.0,2765.0,7280.0,6090.0,3830.0,16450.0,2931.0,4740.0,15000.0,5270.0,6590.0,4115.0,13350.0,6272.0,,9240.0,44500.0,2115.0,31272.0,1955.0,,2195.0,28600.0,4815.0,4365.0,4525.0,5438.0,,10275.0,6050.0,9600.0,10950.0,16350.0,2680.0,18834.0,6520.0,30296.0,106600.0,6870,16461.0,39100.0,17502.0,8300.0,5770.0,15150.0,68600.0,2590.0,,4157.0,13500.0,8002.0,18700.0,1905.0,8590.0,3455,6295.0,21850.0,,8170.0,6560.0,26950.0,30350.0,4440.0,3890.0,,,6542.0,5203.0,22300.0,7242.0,17200.0,,,,,,9270.0,18868.0,12900.0,6947.0,,,,,,,6620.0,12700.0,10369.0,38500.0,17250.0,9700.0,20500.0,42600.0,2255.0,22700.0,10450.0,19350,18416.0,7790.0,5050.0,8020.0,5240.0,,,2495.0,,29650.0,21800.0,22392.0,11600.0,7306.0,,137713.0,6493.0,6060.0,,12150.0,,5960.0,32450.0,2820.0,41194.0,3080.0,28800.0,11443.0,31212.0,6270.0,6450.0,1635,16026.0,10600.0,8814.0,15300.0,22150.0,52300.0,1730.0,,26550.0,167000.0,23200.0,6490.0,2500.0,,2105,10700.0,,,,,5780.0,15600.0,13300.0,14000.0,77199.0,14716.0,19700.0,5570.0,17255.0,63500.0,5350.0,4240.0,5070.0,,12699.0,6300.0,17250.0,6650.0,3277.0,49950.0,22560.0,4420.0,4550.0,6820.0,8015.0,,20000.0,11850.0,13550.0,17750.0,7240.0,13200.0,9720.0,4235.0,4045.0,,29750.0,42345.0,452.0,33000.0,61000.0,9525.0,1865,34043.0,3271.0,234672.0,8040.0,57500.0,8284.0,8550.0,387500.0,14100.0,2505.0,15138.0,1915.0,45950.0,1284.0,,19767.0,,19900.0,41900.0,5350.0,7800.0,3532.0,6732.0,1930,89189.0,28650.0,6759.0,4155.0,24267.0,36800.0,7970.0,1440.0,46400.0,35550.0,34250.0,,2505.0,4831.0,4615.0,,,19100.0,40000.0,5680.0,12100.0,14450.0,7740.0,35400.0,20575.0,8240.0,9139.0,151500.0,9270.0,167300.0,15000.0,24053.0,61500.0,,11354.0,1185.0,20200.0,3635.0,7390.0,9780.0,14400.0,80575.0,5400.0,,44000.0,9360.0,10150.0,,8300.0,43650.0,,,65700.0,4545.0,13150.0,13400,7575.0,620,6460.0,10550.0,48050.0,12980.0,11697,8320.0,6037.0,5725.0,6900.0,8000.0,6410.0,21750.0,9150.0,62136.0,9550.0,15050.0,4650.0,19807.0,9728.0,9280.0,4825.0,26250,109500.0,21700.0,,68700.0,56382.0,739.0,9900.0,8110.0,13850.0,2905.0,,55700.0,10700.0,10900.0,5570.0,,,6180.0,3310.0,8710.0,4900.0,4205.0,96972.0,27000.0,5010.0,4476.0,11900.0,40629.0,4215.0,10265.0,2045.0,23800.0,2230,5940.0,282.0,3320.0,7345.0,4686.0,3485.0,9610.0,4550.0,,6770.0,10450.0,9850.0,73700.0,7970.0,28000,3045.0,8330.0,8120.0,,61300.0,2800.0,11500.0,25300,16600.0,3200.0,43800.0,12900.0,3179.0,35000.0,,14800.0,29150.0,15067,850.0,,4380.0,72466.0,3100.0,13224.0,,8840.0,3735,,55800.0,5223.0,16700.0,23500.0,41500.0,2265.0,101700.0,6410.0,153500.0,1410.0,69800.0,3685.0,12280.0,,,20050.0,10855.0,3095.0,13350.0,,2660,7640.0,8400.0,9410.0,3000.0,7090.0,5730.0,2965,,9679.0,1680.0,,,25890.0,14350.0,20000.0,39700.0,1540.0,40250.0,7530.0,62800.0,4530.0,8020.0,17650.0,64463.0,11600.0,8600.0,22800.0,4155.0,2785.0,3604.0,8150.0,14150.0,17700.0,18166.0,1920.0,10648.0,4685.0,4750.0,55100.0,16000.0,61400.0,8050.0,20392.0,1440.0,12200.0,13695.0,9155.0,5350.0,16954.0,96619.0,15750.0,6990.0,4700.0,8170.0,1860.0,89064.0,28341.0,,7830.0,13300.0,21650.0,24550.0,3865.0,19150.0,22009.0,87400.0,19375.0,10700.0,105200.0,,,48850.0,43200.0,4740.0,4505.0,,89206.0,4449.0,23950.0,24100.0,13220.0,7050.0,7700.0,2141.0,2645.0,45390.0,,,4610.0,16800.0,35050.0,15235.0,1313430.0,2945.0,5930.0,2901.0,20002.0,,12950.0,12243.0,14500.0,4404.0,,13500.0,20100.0,44550.0,57531.0,13300.0,7889.0,19450.0,82000.0,67564.0,8750.0,174800.0,10790.0,82400.0,20600.0,7757.0,,1855.0,33229.0,5816.0,3831.0,4670.0,3700.0,11800.0,2548.0,9701.0,3975.0,35650.0,20900.0,8640.0,12995.0,12700.0,53000.0,,207.0,4570.0,5780.0,9350.0,45650.0,6650.0,17507.0,23320.0,,6890.0,6660.0,8675.0,,17700.0,9445.0,,10652.0,3565.0,1895.0,41000.0,2930.0,11900.0,8325.0,4230.0,28350.0,12250.0,14759.0,7930.0,2005.0,860.0,13850.0,5290.0,21551.0,10150.0,3920.0,24950.0,7000.0,139200.0,9550.0,11151.0,9850.0,5040.0,29200.0,42300.0,40750.0,16850.0,12950.0,14000.0,16600.0,30050.0,47700.0,12600.0,4475.0,17752.0,3025.0,44750.0,6400.0,2320.0,10375.0,16900.0,7650.0,91000.0,3620.0,14000.0,2056.0,10800.0,9970.0,14870.0,7680.0,11800.0,8900.0,4550.0,5950.0,9370.0,12000.0,41350.0,138300.0,6420.0,4190.0,14520.0,15166.0,13672.0,3480.0,9180.0,25200.0,18250.0,19900.0,4240.0,8000.0,218500.0,2040.0,21950.0,103500.0,33850.0,16000.0,46150.0,25000.0,8700.0,6729.0,10400.0,348600.0,15930.0,9000.0,5460.0,145500.0,12300.0,28080.0,39200.0,149000.0,42200.0,10315.0,7140.0,6450.0,6670.0,15950.0,35447.0,6270.0,41350.0,16147.0,8820.0,20150.0,37200.0,7734.0,22900.0,8470.0,607000.0,521000.0,58300.0,596000.0,5814.0,9586.0,16343.0,27850.0,15450.0,10357.0,21550.0,95600.0,,6600.0,10158.0,10950.0,138000.0,9690.0,5200.0,4275.0,16500.0,6430.0,22900.0,17350.0,4780.0,2422.0,10200.0,5310.0,8100.0,13700.0,3145.0,13483.0,19300.0,21400.0,5881.0,5534.0,1871.0,48000.0,43032.0,,,,,10955.0,9395.0,2456.0,,5370.0,1735.0,21265.0,350.0,294500.0,7050.0,4503.0,6880.0,8600.0,16050.0,4080.0,36050.0
